Question,Option A,Option B,Option C,Option D,Correct Answer,Solution/Explanation,Category,Subcategory
"Using linear search, what is the index (0-based) of 176 in the array [169, 71, 176, 117, 138, 126, 197, 93, 184, 77]?",4,2,3,1,B) 2,"Linear search checks each element in order; 176 is found at index 2 (0-based) in [169, 71, 176, 117, 138, 126, 197, 93, 184, 77].",Algorithms & Data Structures,Searching
"Using binary search on the sorted array [51, 81, 100, 121, 165, 229, 234, 251, 347, 353, 354, 380, 425, 441, 456], how many comparisons are needed to find 100?",2,6,3,4,D) 4,Binary search halves the search space each comparison; finding 100 in this array takes 4 comparison(s).,Algorithms & Data Structures,Searching
A stack starts empty. After performing: push(6); push(37); pop(); push(8); push(89); push(4) — what is on top of the stack?,79,43,95,4,D) 4,Following LIFO order through these operations leaves 4 on top of the stack.,Algorithms & Data Structures,Stacks
What is algorithm complexity?,An operation that adds an element to the top of a stack,A measure of how an algorithm's running time grows with input size,A measure of the resources (time or space) an algorithm requires,A divide-and-conquer sorting algorithm that uses a pivot element,C) A measure of the resources (time or space) an algorithm requires,Algorithm complexity measures how the time or space required by an algorithm grows with the size of its input.,Algorithms & Data Structures,Algorithm Complexity
A stack starts empty. After performing: push(47); push(15); push(69); push(94) — what is on top of the stack?,77,9,36,94,D) 94,Following LIFO order through these operations leaves 94 on top of the stack.,Algorithms & Data Structures,Stacks
"Using linear search, what is the index (0-based) of 115 in the array [96, 78, 34, 115, 109]?",0,3,1,5,B) 3,"Linear search checks each element in order; 115 is found at index 3 (0-based) in [96, 78, 34, 115, 109].",Algorithms & Data Structures,Searching
A stack starts empty. After performing: push(59); push(8); push(64); push(28); push(11) — what is on top of the stack?,11,41,60,34,A) 11,Following LIFO order through these operations leaves 11 on top of the stack.,Algorithms & Data Structures,Stacks
"Using binary search on the sorted array [22, 60, 88, 102, 123, 142, 145, 151, 162, 173, 186, 208, 258, 265, 270, 283, 298, 309, 329, 343, 348, 356, 365, 380, 394, 395, 408, 424, 440, 442, 465], how many comparisons are needed to find 145?",6,5,4,3,B) 5,Binary search halves the search space each comparison; finding 145 in this array takes 5 comparison(s).,Algorithms & Data Structures,Searching
A queue starts empty. After performing: enqueue(5); enqueue(43); dequeue(); dequeue(); enqueue(27); dequeue() — what is at the front of the queue?,32,18,Queue is empty,40,C) Queue is empty,Following FIFO order through these operations leaves Queue is empty at the front of the queue.,Algorithms & Data Structures,Queues
A stack starts empty. After performing: push(20); pop(); push(79); push(20); push(20) — what is on top of the stack?,45,92,20,69,C) 20,Following LIFO order through these operations leaves 20 on top of the stack.,Algorithms & Data Structures,Stacks
A stack starts empty. After performing: push(74); push(50); pop(); pop() — what is on top of the stack?,20,Stack is empty,52,28,B) Stack is empty,Following LIFO order through these operations leaves Stack is empty on top of the stack.,Algorithms & Data Structures,Stacks
"After one full pass of bubble sort on the array [39, 64, 20, 89, 92], what does the array look like?","[39, 64, 20, 89, 92]","[39, 20, 64, 89, 92]","[20, 39, 64, 89, 92]","[92, 89, 20, 64, 39]","B) [39, 20, 64, 89, 92]","In one pass of bubble sort, each pair of adjacent elements is compared and swapped if out of order, resulting in [39, 20, 64, 89, 92].",Algorithms & Data Structures,Sorting
A queue starts empty. After performing: enqueue(75); enqueue(11); enqueue(62); dequeue(); enqueue(25) — what is at the front of the queue?,11,62,56,26,A) 11,Following FIFO order through these operations leaves 11 at the front of the queue.,Algorithms & Data Structures,Queues
"After one full pass of bubble sort on the array [73, 41, 88, 50, 10, 33, 80], what does the array look like?","[41, 73, 50, 10, 33, 80, 88]","[73, 41, 88, 50, 10, 33, 80]","[10, 33, 41, 50, 73, 80, 88]","[80, 33, 10, 50, 88, 41, 73]","A) [41, 73, 50, 10, 33, 80, 88]","In one pass of bubble sort, each pair of adjacent elements is compared and swapped if out of order, resulting in [41, 73, 50, 10, 33, 80, 88].",Algorithms & Data Structures,Sorting
"Using binary search on the sorted array [3, 23, 52, 56, 61, 73, 109, 116, 124, 126, 128, 137, 140, 154, 171, 205, 219, 239, 245, 249, 267, 274, 283, 291, 308, 330, 428, 441, 446, 473, 485], how many comparisons are needed to find 23?",5,3,6,4,D) 4,Binary search halves the search space each comparison; finding 23 in this array takes 4 comparison(s).,Algorithms & Data Structures,Searching
"Using linear search, what is the index (0-based) of 47 in the array [81, 25, 138, 88, 47]?",3,4,2,1,B) 4,"Linear search checks each element in order; 47 is found at index 4 (0-based) in [81, 25, 138, 88, 47].",Algorithms & Data Structures,Searching
A queue starts empty. After performing: enqueue(26); enqueue(77); enqueue(91); enqueue(48) — what is at the front of the queue?,89,8,70,26,D) 26,Following FIFO order through these operations leaves 26 at the front of the queue.,Algorithms & Data Structures,Queues
A queue starts empty. After performing: enqueue(99); dequeue(); enqueue(44); dequeue(); enqueue(4) — what is at the front of the queue?,41,12,54,4,D) 4,Following FIFO order through these operations leaves 4 at the front of the queue.,Algorithms & Data Structures,Queues
"Using linear search, what is the index (0-based) of 81 in the array [112, 118, 81, 91, 96, 72, 82, 139, 195]?",4,1,2,3,C) 2,"Linear search checks each element in order; 81 is found at index 2 (0-based) in [112, 118, 81, 91, 96, 72, 82, 139, 195].",Algorithms & Data Structures,Searching
"After one full pass of bubble sort on the array [2, 42, 79, 73, 96, 86], what does the array look like?","[86, 96, 73, 79, 42, 2]","[2, 42, 79, 73, 96, 86]","[2, 42, 73, 79, 86, 96]","[2, 42, 73, 79, 86, 96]","C) [2, 42, 73, 79, 86, 96]","In one pass of bubble sort, each pair of adjacent elements is compared and swapped if out of order, resulting in [2, 42, 73, 79, 86, 96].",Algorithms & Data Structures,Sorting
"After one full pass of bubble sort on the array [1, 66, 62, 85], what does the array look like?","[1, 62, 66, 85]","[85, 62, 66, 1]","[1, 66, 62, 85]","[1, 62, 66, 85]","A) [1, 62, 66, 85]","In one pass of bubble sort, each pair of adjacent elements is compared and swapped if out of order, resulting in [1, 62, 66, 85].",Algorithms & Data Structures,Sorting
A stack starts empty. After performing: push(31); pop(); push(27); push(29); push(46) — what is on top of the stack?,24,40,5,46,D) 46,Following LIFO order through these operations leaves 46 on top of the stack.,Algorithms & Data Structures,Stacks
A queue starts empty. After performing: enqueue(48); dequeue(); enqueue(4); enqueue(39); enqueue(86) — what is at the front of the queue?,4,83,80,65,A) 4,Following FIFO order through these operations leaves 4 at the front of the queue.,Algorithms & Data Structures,Queues
A queue starts empty. After performing: enqueue(45); enqueue(3); enqueue(37); enqueue(25) — what is at the front of the queue?,56,60,45,41,C) 45,Following FIFO order through these operations leaves 45 at the front of the queue.,Algorithms & Data Structures,Queues
"After one full pass of bubble sort on the array [80, 27, 55, 88, 68, 2], what does the array look like?","[80, 27, 55, 88, 68, 2]","[2, 68, 88, 55, 27, 80]","[27, 55, 80, 68, 2, 88]","[2, 27, 55, 68, 80, 88]","C) [27, 55, 80, 68, 2, 88]","In one pass of bubble sort, each pair of adjacent elements is compared and swapped if out of order, resulting in [27, 55, 80, 68, 2, 88].",Algorithms & Data Structures,Sorting
"Using binary search on the sorted array [64, 127, 251, 258, 383, 391, 455], how many comparisons are needed to find 64?",3,1,4,2,A) 3,Binary search halves the search space each comparison; finding 64 in this array takes 3 comparison(s).,Algorithms & Data Structures,Searching
"After one full pass of bubble sort on the array [35, 19, 4, 39, 58, 88], what does the array look like?","[35, 19, 4, 39, 58, 88]","[19, 4, 35, 39, 58, 88]","[4, 19, 35, 39, 58, 88]","[88, 58, 39, 4, 19, 35]","B) [19, 4, 35, 39, 58, 88]","In one pass of bubble sort, each pair of adjacent elements is compared and swapped if out of order, resulting in [19, 4, 35, 39, 58, 88].",Algorithms & Data Structures,Sorting
"Using binary search on the sorted array [3, 10, 44, 56, 125, 134, 144, 145, 154, 200, 224, 250, 251, 314, 324, 325, 341, 347, 354, 367, 374, 376, 383, 424, 428, 434, 436, 461, 465, 470, 496], how many comparisons are needed to find 470?",2,5,3,4,D) 4,Binary search halves the search space each comparison; finding 470 in this array takes 4 comparison(s).,Algorithms & Data Structures,Searching
"Using linear search, what is the index (0-based) of 71 in the array [87, 125, 104, 71, 160, 108]?",3,4,1,5,A) 3,"Linear search checks each element in order; 71 is found at index 3 (0-based) in [87, 125, 104, 71, 160, 108].",Algorithms & Data Structures,Searching
A stack starts empty. After performing: push(6); push(84); push(7); push(21); push(53) — what is on top of the stack?,75,74,20,53,D) 53,Following LIFO order through these operations leaves 53 on top of the stack.,Algorithms & Data Structures,Stacks
"After one full pass of bubble sort on the array [60, 89, 29, 12, 45], what does the array look like?","[45, 12, 29, 89, 60]","[12, 29, 45, 60, 89]","[60, 89, 29, 12, 45]","[60, 29, 12, 45, 89]","D) [60, 29, 12, 45, 89]","In one pass of bubble sort, each pair of adjacent elements is compared and swapped if out of order, resulting in [60, 29, 12, 45, 89].",Algorithms & Data Structures,Sorting
"After one full pass of bubble sort on the array [77, 31, 78, 7, 25, 40], what does the array look like?","[31, 77, 7, 25, 40, 78]","[40, 25, 7, 78, 31, 77]","[77, 31, 78, 7, 25, 40]","[7, 25, 31, 40, 77, 78]","A) [31, 77, 7, 25, 40, 78]","In one pass of bubble sort, each pair of adjacent elements is compared and swapped if out of order, resulting in [31, 77, 7, 25, 40, 78].",Algorithms & Data Structures,Sorting
"Using linear search, what is the index (0-based) of 121 in the array [121, 81, 25, 17, 160, 23, 102]?",2,3,0,1,C) 0,"Linear search checks each element in order; 121 is found at index 0 (0-based) in [121, 81, 25, 17, 160, 23, 102].",Algorithms & Data Structures,Searching
"After one full pass of bubble sort on the array [21, 23, 35, 18], what does the array look like?","[21, 23, 35, 18]","[18, 21, 23, 35]","[21, 23, 18, 35]","[18, 35, 23, 21]","C) [21, 23, 18, 35]","In one pass of bubble sort, each pair of adjacent elements is compared and swapped if out of order, resulting in [21, 23, 18, 35].",Algorithms & Data Structures,Sorting
"Using binary search on the sorted array [13, 15, 91, 97, 118, 121, 131, 139, 176, 242, 244, 299, 301, 303, 318, 320, 329, 334, 338, 344, 367, 384, 400, 427, 429, 435, 443, 486, 495, 498, 499], how many comparisons are needed to find 303?",2,5,6,4,D) 4,Binary search halves the search space each comparison; finding 303 in this array takes 4 comparison(s).,Algorithms & Data Structures,Searching
"Using binary search on the sorted array [246, 318, 323, 399, 448, 476, 486], how many comparisons are needed to find 246?",4,5,2,3,D) 3,Binary search halves the search space each comparison; finding 246 in this array takes 3 comparison(s).,Algorithms & Data Structures,Searching
"After one full pass of bubble sort on the array [1, 43, 64, 70, 74, 97], what does the array look like?","[1, 43, 64, 70, 74, 97]","[97, 74, 70, 64, 43, 1]","[1, 43, 64, 70, 74, 97]","[1, 43, 64, 70, 74, 97]","A) [1, 43, 64, 70, 74, 97]","In one pass of bubble sort, each pair of adjacent elements is compared and swapped if out of order, resulting in [1, 43, 64, 70, 74, 97].",Algorithms & Data Structures,Sorting
"After one full pass of bubble sort on the array [64, 39, 46, 79, 65, 7], what does the array look like?","[7, 39, 46, 64, 65, 79]","[7, 65, 79, 46, 39, 64]","[64, 39, 46, 79, 65, 7]","[39, 46, 64, 65, 7, 79]","D) [39, 46, 64, 65, 7, 79]","In one pass of bubble sort, each pair of adjacent elements is compared and swapped if out of order, resulting in [39, 46, 64, 65, 7, 79].",Algorithms & Data Structures,Sorting
"Using linear search, what is the index (0-based) of 151 in the array [156, 17, 82, 151, 119]?",5,0,3,6,C) 3,"Linear search checks each element in order; 151 is found at index 3 (0-based) in [156, 17, 82, 151, 119].",Algorithms & Data Structures,Searching
A stack starts empty. After performing: push(71); push(8); pop(); push(67); push(72); push(42) — what is on top of the stack?,68,42,64,25,B) 42,Following LIFO order through these operations leaves 42 on top of the stack.,Algorithms & Data Structures,Stacks
A stack starts empty. After performing: push(52); push(62); push(72); push(4); push(61) — what is on top of the stack?,37,58,45,61,D) 61,Following LIFO order through these operations leaves 61 on top of the stack.,Algorithms & Data Structures,Stacks
A queue starts empty. After performing: enqueue(76); enqueue(96); enqueue(97); enqueue(9); dequeue() — what is at the front of the queue?,63,17,96,93,C) 96,Following FIFO order through these operations leaves 96 at the front of the queue.,Algorithms & Data Structures,Queues
A queue starts empty. After performing: enqueue(62); enqueue(70); enqueue(11); enqueue(73); enqueue(3); dequeue() — what is at the front of the queue?,70,4,34,23,A) 70,Following FIFO order through these operations leaves 70 at the front of the queue.,Algorithms & Data Structures,Queues
"After one full pass of bubble sort on the array [34, 47, 65, 33, 77, 60, 81], what does the array look like?","[81, 60, 77, 33, 65, 47, 34]","[34, 47, 33, 65, 60, 77, 81]","[34, 47, 65, 33, 77, 60, 81]","[33, 34, 47, 60, 65, 77, 81]","B) [34, 47, 33, 65, 60, 77, 81]","In one pass of bubble sort, each pair of adjacent elements is compared and swapped if out of order, resulting in [34, 47, 33, 65, 60, 77, 81].",Algorithms & Data Structures,Sorting
A queue starts empty. After performing: enqueue(16); enqueue(94); dequeue(); enqueue(24) — what is at the front of the queue?,43,6,81,94,D) 94,Following FIFO order through these operations leaves 94 at the front of the queue.,Algorithms & Data Structures,Queues
"After one full pass of bubble sort on the array [13, 26, 19, 51, 59], what does the array look like?","[13, 26, 19, 51, 59]","[13, 19, 26, 51, 59]","[59, 51, 19, 26, 13]","[13, 19, 26, 51, 59]","B) [13, 19, 26, 51, 59]","In one pass of bubble sort, each pair of adjacent elements is compared and swapped if out of order, resulting in [13, 19, 26, 51, 59].",Algorithms & Data Structures,Sorting
A queue starts empty. After performing: enqueue(73); dequeue(); enqueue(70); dequeue(); enqueue(58) — what is at the front of the queue?,58,21,71,25,A) 58,Following FIFO order through these operations leaves 58 at the front of the queue.,Algorithms & Data Structures,Queues
"Using linear search, what is the index (0-based) of 103 in the array [199, 174, 138, 76, 103]?",4,6,7,5,A) 4,"Linear search checks each element in order; 103 is found at index 4 (0-based) in [199, 174, 138, 76, 103].",Algorithms & Data Structures,Searching
"After one full pass of bubble sort on the array [44, 74, 35, 15], what does the array look like?","[44, 35, 15, 74]","[15, 35, 44, 74]","[44, 74, 35, 15]","[15, 35, 74, 44]","A) [44, 35, 15, 74]","In one pass of bubble sort, each pair of adjacent elements is compared and swapped if out of order, resulting in [44, 35, 15, 74].",Algorithms & Data Structures,Sorting
A stack starts empty. After performing: push(74); push(47); push(29); push(73) — what is on top of the stack?,37,73,65,3,B) 73,Following LIFO order through these operations leaves 73 on top of the stack.,Algorithms & Data Structures,Stacks
A queue starts empty. After performing: enqueue(63); enqueue(37); dequeue(); enqueue(32); enqueue(34); dequeue() — what is at the front of the queue?,32,62,3,75,A) 32,Following FIFO order through these operations leaves 32 at the front of the queue.,Algorithms & Data Structures,Queues
"Using binary search on the sorted array [44, 66, 79, 91, 173, 176, 179, 242, 243, 313, 329, 364, 416, 426, 427], how many comparisons are needed to find 176?",3,2,5,1,A) 3,Binary search halves the search space each comparison; finding 176 in this array takes 3 comparison(s).,Algorithms & Data Structures,Searching
"Using linear search, what is the index (0-based) of 69 in the array [189, 138, 19, 69, 58, 149, 155, 113, 3, 144, 117]?",4,5,6,3,D) 3,"Linear search checks each element in order; 69 is found at index 3 (0-based) in [189, 138, 19, 69, 58, 149, 155, 113, 3, 144, 117].",Algorithms & Data Structures,Searching
A stack starts empty. After performing: push(11); push(68); push(21); pop(); push(41) — what is on top of the stack?,63,95,41,57,C) 41,Following LIFO order through these operations leaves 41 on top of the stack.,Algorithms & Data Structures,Stacks
A stack starts empty. After performing: push(70); pop(); push(90); push(82) — what is on top of the stack?,47,16,82,25,C) 82,Following LIFO order through these operations leaves 82 on top of the stack.,Algorithms & Data Structures,Stacks
"Using binary search on the sorted array [23, 38, 159, 173, 271, 372, 463], how many comparisons are needed to find 372?",4,1,2,3,C) 2,Binary search halves the search space each comparison; finding 372 in this array takes 2 comparison(s).,Algorithms & Data Structures,Searching
"Using binary search on the sorted array [84, 108, 149, 165, 198, 233, 254, 263, 399, 439, 443, 445, 448, 484, 499], how many comparisons are needed to find 484?",4,3,1,2,B) 3,Binary search halves the search space each comparison; finding 484 in this array takes 3 comparison(s).,Algorithms & Data Structures,Searching
"Using linear search, what is the index (0-based) of 36 in the array [30, 19, 131, 136, 51, 36, 186, 61]?",4,2,8,5,D) 5,"Linear search checks each element in order; 36 is found at index 5 (0-based) in [30, 19, 131, 136, 51, 36, 186, 61].",Algorithms & Data Structures,Searching
"Using binary search on the sorted array [24, 26, 30, 31, 46, 61, 72, 93, 238, 244, 246, 320, 343, 443, 453], how many comparisons are needed to find 443?",3,1,5,2,A) 3,Binary search halves the search space each comparison; finding 443 in this array takes 3 comparison(s).,Algorithms & Data Structures,Searching
"After one full pass of bubble sort on the array [95, 40, 75, 8, 91, 10], what does the array look like?","[10, 91, 8, 75, 40, 95]","[40, 75, 8, 91, 10, 95]","[95, 40, 75, 8, 91, 10]","[8, 10, 40, 75, 91, 95]","B) [40, 75, 8, 91, 10, 95]","In one pass of bubble sort, each pair of adjacent elements is compared and swapped if out of order, resulting in [40, 75, 8, 91, 10, 95].",Algorithms & Data Structures,Sorting
"Using binary search on the sorted array [239, 255, 375, 417, 440, 444, 481], how many comparisons are needed to find 239?",3,2,4,5,A) 3,Binary search halves the search space each comparison; finding 239 in this array takes 3 comparison(s).,Algorithms & Data Structures,Searching
"Using binary search on the sorted array [3, 12, 41, 44, 79, 96, 139, 231, 281, 285, 294, 299, 331, 375, 491], how many comparisons are needed to find 491?",3,6,5,4,D) 4,Binary search halves the search space each comparison; finding 491 in this array takes 4 comparison(s).,Algorithms & Data Structures,Searching
"Using binary search on the sorted array [8, 19, 83, 101, 106, 107, 137, 148, 159, 185, 186, 215, 217, 222, 255, 262, 278, 291, 293, 297, 317, 337, 340, 357, 431, 448, 453, 459, 464, 487, 491], how many comparisons are needed to find 106?",4,5,7,3,B) 5,Binary search halves the search space each comparison; finding 106 in this array takes 5 comparison(s).,Algorithms & Data Structures,Searching
"Using linear search, what is the index (0-based) of 111 in the array [141, 6, 116, 68, 111, 66, 172, 175]?",6,3,2,4,D) 4,"Linear search checks each element in order; 111 is found at index 4 (0-based) in [141, 6, 116, 68, 111, 66, 172, 175].",Algorithms & Data Structures,Searching
"Using binary search on the sorted array [4, 7, 21, 30, 38, 67, 77, 89, 93, 111, 120, 132, 163, 174, 178, 187, 198, 212, 213, 246, 254, 273, 275, 280, 303, 313, 332, 381, 446, 470, 479], how many comparisons are needed to find 275?",5,6,3,7,A) 5,Binary search halves the search space each comparison; finding 275 in this array takes 5 comparison(s).,Algorithms & Data Structures,Searching
A stack starts empty. After performing: push(50); pop(); push(93); pop() — what is on top of the stack?,Stack is empty,60,8,51,A) Stack is empty,Following LIFO order through these operations leaves Stack is empty on top of the stack.,Algorithms & Data Structures,Stacks
A stack starts empty. After performing: push(15); pop(); push(83); push(43); push(30) — what is on top of the stack?,15,39,30,95,C) 30,Following LIFO order through these operations leaves 30 on top of the stack.,Algorithms & Data Structures,Stacks
"Using binary search on the sorted array [21, 25, 29, 31, 43, 56, 71, 73, 111, 113, 121, 151, 160, 182, 234, 266, 267, 295, 297, 310, 323, 333, 344, 385, 413, 420, 436, 445, 464, 489, 493], how many comparisons are needed to find 151?",5,2,4,3,D) 3,Binary search halves the search space each comparison; finding 151 in this array takes 3 comparison(s).,Algorithms & Data Structures,Searching
"Using binary search on the sorted array [4, 16, 132, 170, 406, 444, 480], how many comparisons are needed to find 444?",1,4,2,3,C) 2,Binary search halves the search space each comparison; finding 444 in this array takes 2 comparison(s).,Algorithms & Data Structures,Searching
"After one full pass of bubble sort on the array [91, 51, 33, 97], what does the array look like?","[51, 33, 91, 97]","[91, 51, 33, 97]","[97, 33, 51, 91]","[33, 51, 91, 97]","A) [51, 33, 91, 97]","In one pass of bubble sort, each pair of adjacent elements is compared and swapped if out of order, resulting in [51, 33, 91, 97].",Algorithms & Data Structures,Sorting
A queue starts empty. After performing: enqueue(25); dequeue(); enqueue(83); enqueue(46); dequeue(); dequeue() — what is at the front of the queue?,13,Queue is empty,5,78,B) Queue is empty,Following FIFO order through these operations leaves Queue is empty at the front of the queue.,Algorithms & Data Structures,Queues
A stack starts empty. After performing: push(55); push(3); pop(); pop(); push(61); push(72) — what is on top of the stack?,72,16,85,24,A) 72,Following LIFO order through these operations leaves 72 on top of the stack.,Algorithms & Data Structures,Stacks
"Using linear search, what is the index (0-based) of 36 in the array [197, 121, 162, 155, 125, 128, 37, 36, 58, 43]?",4,7,8,6,B) 7,"Linear search checks each element in order; 36 is found at index 7 (0-based) in [197, 121, 162, 155, 125, 128, 37, 36, 58, 43].",Algorithms & Data Structures,Searching
A queue starts empty. After performing: enqueue(67); enqueue(68); dequeue(); enqueue(35); enqueue(31) — what is at the front of the queue?,27,93,67,68,D) 68,Following FIFO order through these operations leaves 68 at the front of the queue.,Algorithms & Data Structures,Queues
"After one full pass of bubble sort on the array [89, 56, 53, 75, 91], what does the array look like?","[91, 75, 53, 56, 89]","[56, 53, 75, 89, 91]","[89, 56, 53, 75, 91]","[53, 56, 75, 89, 91]","B) [56, 53, 75, 89, 91]","In one pass of bubble sort, each pair of adjacent elements is compared and swapped if out of order, resulting in [56, 53, 75, 89, 91].",Algorithms & Data Structures,Sorting
"Using binary search on the sorted array [16, 29, 65, 88, 120, 156, 172, 195, 235, 260, 280, 315, 366, 454, 491], how many comparisons are needed to find 16?",4,3,5,2,A) 4,Binary search halves the search space each comparison; finding 16 in this array takes 4 comparison(s).,Algorithms & Data Structures,Searching
A stack starts empty. After performing: push(80); push(3); pop(); pop(); push(39) — what is on top of the stack?,39,51,63,32,A) 39,Following LIFO order through these operations leaves 39 on top of the stack.,Algorithms & Data Structures,Stacks
"Using linear search, what is the index (0-based) of 147 in the array [170, 147, 92, 45, 115, 181]?",3,0,1,4,C) 1,"Linear search checks each element in order; 147 is found at index 1 (0-based) in [170, 147, 92, 45, 115, 181].",Algorithms & Data Structures,Searching
"Using binary search on the sorted array [3, 16, 139, 241, 340, 381, 497], how many comparisons are needed to find 497?",1,5,4,3,D) 3,Binary search halves the search space each comparison; finding 497 in this array takes 3 comparison(s).,Algorithms & Data Structures,Searching
"Using binary search on the sorted array [6, 7, 35, 39, 51, 53, 98, 104, 127, 138, 154, 196, 203, 234, 253, 258, 261, 284, 320, 323, 329, 337, 399, 401, 409, 415, 420, 435, 443, 467, 495], how many comparisons are needed to find 337?",2,4,5,3,B) 4,Binary search halves the search space each comparison; finding 337 in this array takes 4 comparison(s).,Algorithms & Data Structures,Searching
"Using binary search on the sorted array [2, 44, 45, 60, 146, 157, 177, 181, 237, 257, 265, 290, 383, 450, 477], how many comparisons are needed to find 45?",5,3,2,4,D) 4,Binary search halves the search space each comparison; finding 45 in this array takes 4 comparison(s).,Algorithms & Data Structures,Searching
A stack starts empty. After performing: push(75); pop(); push(88); push(81) — what is on top of the stack?,81,42,69,13,A) 81,Following LIFO order through these operations leaves 81 on top of the stack.,Algorithms & Data Structures,Stacks
"Using linear search, what is the index (0-based) of 54 in the array [78, 54, 33, 2, 189, 100, 107, 130, 72]?",0,1,2,4,B) 1,"Linear search checks each element in order; 54 is found at index 1 (0-based) in [78, 54, 33, 2, 189, 100, 107, 130, 72].",Algorithms & Data Structures,Searching
A queue starts empty. After performing: enqueue(45); enqueue(4); dequeue(); dequeue(); enqueue(23); enqueue(55) — what is at the front of the queue?,47,25,23,67,C) 23,Following FIFO order through these operations leaves 23 at the front of the queue.,Algorithms & Data Structures,Queues
"Using binary search on the sorted array [5, 6, 11, 13, 14, 72, 76, 80, 112, 130, 177, 179, 180, 189, 232, 235, 241, 273, 284, 295, 305, 323, 329, 338, 376, 393, 451, 473, 480, 481, 482], how many comparisons are needed to find 376?",6,3,4,5,D) 5,Binary search halves the search space each comparison; finding 376 in this array takes 5 comparison(s).,Algorithms & Data Structures,Searching
A stack starts empty. After performing: push(51); pop(); push(62); push(67); pop() — what is on top of the stack?,20,16,62,10,C) 62,Following LIFO order through these operations leaves 62 on top of the stack.,Algorithms & Data Structures,Stacks
"Using binary search on the sorted array [15, 51, 68, 85, 106, 267, 424], how many comparisons are needed to find 424?",3,1,4,2,A) 3,Binary search halves the search space each comparison; finding 424 in this array takes 3 comparison(s).,Algorithms & Data Structures,Searching
"Using linear search, what is the index (0-based) of 167 in the array [47, 167, 90, 87, 36]?",0,1,4,2,B) 1,"Linear search checks each element in order; 167 is found at index 1 (0-based) in [47, 167, 90, 87, 36].",Algorithms & Data Structures,Searching
"After one full pass of bubble sort on the array [21, 12, 94, 23, 9, 28, 60], what does the array look like?","[21, 12, 94, 23, 9, 28, 60]","[9, 12, 21, 23, 28, 60, 94]","[12, 21, 23, 9, 28, 60, 94]","[60, 28, 9, 23, 94, 12, 21]","C) [12, 21, 23, 9, 28, 60, 94]","In one pass of bubble sort, each pair of adjacent elements is compared and swapped if out of order, resulting in [12, 21, 23, 9, 28, 60, 94].",Algorithms & Data Structures,Sorting
"Using linear search, what is the index (0-based) of 154 in the array [154, 167, 84, 193, 35, 27, 7]?",3,2,0,1,C) 0,"Linear search checks each element in order; 154 is found at index 0 (0-based) in [154, 167, 84, 193, 35, 27, 7].",Algorithms & Data Structures,Searching
"Using linear search, what is the index (0-based) of 128 in the array [119, 128, 97, 65, 62, 168]?",1,2,0,4,A) 1,"Linear search checks each element in order; 128 is found at index 1 (0-based) in [119, 128, 97, 65, 62, 168].",Algorithms & Data Structures,Searching
"Using linear search, what is the index (0-based) of 170 in the array [167, 111, 138, 5, 169, 170]?",7,8,5,3,C) 5,"Linear search checks each element in order; 170 is found at index 5 (0-based) in [167, 111, 138, 5, 169, 170].",Algorithms & Data Structures,Searching
A stack starts empty. After performing: push(73); push(43); push(95); pop(); pop() — what is on top of the stack?,15,27,35,73,D) 73,Following LIFO order through these operations leaves 73 on top of the stack.,Algorithms & Data Structures,Stacks
"Using binary search on the sorted array [12, 20, 51, 58, 72, 75, 77, 88, 98, 101, 173, 220, 242, 249, 252, 280, 289, 299, 306, 314, 326, 329, 335, 384, 386, 412, 427, 452, 473, 486, 492], how many comparisons are needed to find 252?",6,7,4,5,D) 5,Binary search halves the search space each comparison; finding 252 in this array takes 5 comparison(s).,Algorithms & Data Structures,Searching
A stack starts empty. After performing: push(93); push(16); push(49); pop(); pop() — what is on top of the stack?,93,33,77,4,A) 93,Following LIFO order through these operations leaves 93 on top of the stack.,Algorithms & Data Structures,Stacks
"Using linear search, what is the index (0-based) of 134 in the array [130, 33, 36, 174, 94, 134, 191, 90, 6, 44, 87, 10]?",3,5,6,8,B) 5,"Linear search checks each element in order; 134 is found at index 5 (0-based) in [130, 33, 36, 174, 94, 134, 191, 90, 6, 44, 87, 10].",Algorithms & Data Structures,Searching
"Using binary search on the sorted array [95, 202, 223, 293, 299, 375, 451], how many comparisons are needed to find 223?",2,3,4,1,B) 3,Binary search halves the search space each comparison; finding 223 in this array takes 3 comparison(s).,Algorithms & Data Structures,Searching
A stack starts empty. After performing: push(88); push(74); pop(); push(80); pop(); push(21) — what is on top of the stack?,14,4,3,21,D) 21,Following LIFO order through these operations leaves 21 on top of the stack.,Algorithms & Data Structures,Stacks
A queue starts empty. After performing: enqueue(39); enqueue(93); enqueue(7); enqueue(27) — what is at the front of the queue?,30,10,39,52,C) 39,Following FIFO order through these operations leaves 39 at the front of the queue.,Algorithms & Data Structures,Queues
"Using linear search, what is the index (0-based) of 35 in the array [93, 151, 178, 35, 79, 48]?",3,5,1,6,A) 3,"Linear search checks each element in order; 35 is found at index 3 (0-based) in [93, 151, 178, 35, 79, 48].",Algorithms & Data Structures,Searching
"After one full pass of bubble sort on the array [11, 57, 30, 48, 76, 24], what does the array look like?","[11, 30, 48, 57, 24, 76]","[11, 57, 30, 48, 76, 24]","[24, 76, 48, 30, 57, 11]","[11, 24, 30, 48, 57, 76]","A) [11, 30, 48, 57, 24, 76]","In one pass of bubble sort, each pair of adjacent elements is compared and swapped if out of order, resulting in [11, 30, 48, 57, 24, 76].",Algorithms & Data Structures,Sorting
A stack starts empty. After performing: push(52); pop(); push(88); pop(); push(50) — what is on top of the stack?,2,71,2,50,D) 50,Following LIFO order through these operations leaves 50 on top of the stack.,Algorithms & Data Structures,Stacks
"After one full pass of bubble sort on the array [68, 88, 91, 33], what does the array look like?","[68, 88, 33, 91]","[33, 91, 88, 68]","[68, 88, 91, 33]","[33, 68, 88, 91]","A) [68, 88, 33, 91]","In one pass of bubble sort, each pair of adjacent elements is compared and swapped if out of order, resulting in [68, 88, 33, 91].",Algorithms & Data Structures,Sorting
"Using linear search, what is the index (0-based) of 20 in the array [147, 20, 163, 167, 40, 120, 177, 11]?",4,0,3,1,D) 1,"Linear search checks each element in order; 20 is found at index 1 (0-based) in [147, 20, 163, 167, 40, 120, 177, 11].",Algorithms & Data Structures,Searching
"After one full pass of bubble sort on the array [61, 77, 38, 53, 8, 37, 98], what does the array look like?","[98, 37, 8, 53, 38, 77, 61]","[61, 38, 53, 8, 37, 77, 98]","[8, 37, 38, 53, 61, 77, 98]","[61, 77, 38, 53, 8, 37, 98]","B) [61, 38, 53, 8, 37, 77, 98]","In one pass of bubble sort, each pair of adjacent elements is compared and swapped if out of order, resulting in [61, 38, 53, 8, 37, 77, 98].",Algorithms & Data Structures,Sorting
"Using binary search on the sorted array [54, 112, 215, 297, 300, 434, 437], how many comparisons are needed to find 300?",3,4,1,2,A) 3,Binary search halves the search space each comparison; finding 300 in this array takes 3 comparison(s).,Algorithms & Data Structures,Searching
A queue starts empty. After performing: enqueue(77); enqueue(72); dequeue(); dequeue() — what is at the front of the queue?,75,40,23,Queue is empty,D) Queue is empty,Following FIFO order through these operations leaves Queue is empty at the front of the queue.,Algorithms & Data Structures,Queues
"Using binary search on the sorted array [33, 42, 60, 170, 203, 204, 263, 280, 322, 344, 381, 400, 432, 441, 486], how many comparisons are needed to find 204?",4,5,3,2,C) 3,Binary search halves the search space each comparison; finding 204 in this array takes 3 comparison(s).,Algorithms & Data Structures,Searching
A queue starts empty. After performing: enqueue(5); dequeue(); enqueue(40); enqueue(57); enqueue(79) — what is at the front of the queue?,77,40,45,46,B) 40,Following FIFO order through these operations leaves 40 at the front of the queue.,Algorithms & Data Structures,Queues
A queue starts empty. After performing: enqueue(95); dequeue(); enqueue(37); enqueue(66); enqueue(33) — what is at the front of the queue?,89,83,70,37,D) 37,Following FIFO order through these operations leaves 37 at the front of the queue.,Algorithms & Data Structures,Queues
A stack starts empty. After performing: push(60); push(88); pop(); push(51); pop(); pop() — what is on top of the stack?,33,Stack is empty,96,39,B) Stack is empty,Following LIFO order through these operations leaves Stack is empty on top of the stack.,Algorithms & Data Structures,Stacks
"Using linear search, what is the index (0-based) of 89 in the array [2, 34, 89, 77, 134]?",5,1,2,4,C) 2,"Linear search checks each element in order; 89 is found at index 2 (0-based) in [2, 34, 89, 77, 134].",Algorithms & Data Structures,Searching
A queue starts empty. After performing: enqueue(83); enqueue(61); dequeue(); dequeue(); enqueue(59); dequeue() — what is at the front of the queue?,99,52,19,Queue is empty,D) Queue is empty,Following FIFO order through these operations leaves Queue is empty at the front of the queue.,Algorithms & Data Structures,Queues
"After one full pass of bubble sort on the array [11, 47, 93, 27, 68], what does the array look like?","[11, 27, 47, 68, 93]","[11, 47, 93, 27, 68]","[11, 47, 27, 68, 93]","[68, 27, 93, 47, 11]","C) [11, 47, 27, 68, 93]","In one pass of bubble sort, each pair of adjacent elements is compared and swapped if out of order, resulting in [11, 47, 27, 68, 93].",Algorithms & Data Structures,Sorting
"After one full pass of bubble sort on the array [54, 85, 46, 43, 36, 83], what does the array look like?","[36, 43, 46, 54, 83, 85]","[83, 36, 43, 46, 85, 54]","[54, 85, 46, 43, 36, 83]","[54, 46, 43, 36, 83, 85]","D) [54, 46, 43, 36, 83, 85]","In one pass of bubble sort, each pair of adjacent elements is compared and swapped if out of order, resulting in [54, 46, 43, 36, 83, 85].",Algorithms & Data Structures,Sorting
"After one full pass of bubble sort on the array [71, 67, 40, 20, 31, 91, 83], what does the array look like?","[71, 67, 40, 20, 31, 91, 83]","[67, 40, 20, 31, 71, 83, 91]","[20, 31, 40, 67, 71, 83, 91]","[83, 91, 31, 20, 40, 67, 71]","B) [67, 40, 20, 31, 71, 83, 91]","In one pass of bubble sort, each pair of adjacent elements is compared and swapped if out of order, resulting in [67, 40, 20, 31, 71, 83, 91].",Algorithms & Data Structures,Sorting
"After one full pass of bubble sort on the array [2, 10, 47, 36, 67], what does the array look like?","[2, 10, 36, 47, 67]","[2, 10, 36, 47, 67]","[2, 10, 47, 36, 67]","[67, 36, 47, 10, 2]","A) [2, 10, 36, 47, 67]","In one pass of bubble sort, each pair of adjacent elements is compared and swapped if out of order, resulting in [2, 10, 36, 47, 67].",Algorithms & Data Structures,Sorting
A queue starts empty. After performing: enqueue(15); enqueue(21); dequeue(); enqueue(20); enqueue(40) — what is at the front of the queue?,28,68,92,21,D) 21,Following FIFO order through these operations leaves 21 at the front of the queue.,Algorithms & Data Structures,Queues
A queue starts empty. After performing: enqueue(41); enqueue(19); dequeue(); dequeue(); enqueue(5); enqueue(93) — what is at the front of the queue?,26,55,5,95,C) 5,Following FIFO order through these operations leaves 5 at the front of the queue.,Algorithms & Data Structures,Queues
A queue starts empty. After performing: enqueue(62); enqueue(98); enqueue(97); enqueue(25); dequeue(); dequeue() — what is at the front of the queue?,43,30,97,41,C) 97,Following FIFO order through these operations leaves 97 at the front of the queue.,Algorithms & Data Structures,Queues
A stack starts empty. After performing: push(10); push(93); pop(); pop(); push(6); pop() — what is on top of the stack?,Stack is empty,84,94,6,A) Stack is empty,Following LIFO order through these operations leaves Stack is empty on top of the stack.,Algorithms & Data Structures,Stacks
"After one full pass of bubble sort on the array [88, 25, 94, 40, 90], what does the array look like?","[88, 25, 94, 40, 90]","[90, 40, 94, 25, 88]","[25, 40, 88, 90, 94]","[25, 88, 40, 90, 94]","D) [25, 88, 40, 90, 94]","In one pass of bubble sort, each pair of adjacent elements is compared and swapped if out of order, resulting in [25, 88, 40, 90, 94].",Algorithms & Data Structures,Sorting
"After one full pass of bubble sort on the array [73, 95, 44, 77, 68], what does the array look like?","[73, 95, 44, 77, 68]","[73, 44, 77, 68, 95]","[44, 68, 73, 77, 95]","[68, 77, 44, 95, 73]","B) [73, 44, 77, 68, 95]","In one pass of bubble sort, each pair of adjacent elements is compared and swapped if out of order, resulting in [73, 44, 77, 68, 95].",Algorithms & Data Structures,Sorting
"After one full pass of bubble sort on the array [62, 79, 42, 84, 47, 37, 40], what does the array look like?","[62, 79, 42, 84, 47, 37, 40]","[40, 37, 47, 84, 42, 79, 62]","[37, 40, 42, 47, 62, 79, 84]","[62, 42, 79, 47, 37, 40, 84]","D) [62, 42, 79, 47, 37, 40, 84]","In one pass of bubble sort, each pair of adjacent elements is compared and swapped if out of order, resulting in [62, 42, 79, 47, 37, 40, 84].",Algorithms & Data Structures,Sorting
"Using linear search, what is the index (0-based) of 176 in the array [115, 39, 48, 195, 181, 138, 176]?",9,5,3,6,D) 6,"Linear search checks each element in order; 176 is found at index 6 (0-based) in [115, 39, 48, 195, 181, 138, 176].",Algorithms & Data Structures,Searching
"Using linear search, what is the index (0-based) of 121 in the array [97, 143, 21, 56, 121, 96, 61, 48, 103, 137]?",5,4,2,7,B) 4,"Linear search checks each element in order; 121 is found at index 4 (0-based) in [97, 143, 21, 56, 121, 96, 61, 48, 103, 137].",Algorithms & Data Structures,Searching
"Using linear search, what is the index (0-based) of 25 in the array [168, 122, 115, 1, 25, 106, 150, 20, 14, 53, 43]?",6,1,5,4,D) 4,"Linear search checks each element in order; 25 is found at index 4 (0-based) in [168, 122, 115, 1, 25, 106, 150, 20, 14, 53, 43].",Algorithms & Data Structures,Searching
A queue starts empty. After performing: enqueue(23); enqueue(27); enqueue(24); dequeue(); enqueue(44) — what is at the front of the queue?,45,22,26,27,D) 27,Following FIFO order through these operations leaves 27 at the front of the queue.,Algorithms & Data Structures,Queues
"Using binary search on the sorted array [26, 30, 90, 93, 103, 108, 147, 165, 169, 176, 177, 196, 206, 208, 217, 261, 277, 284, 302, 314, 344, 350, 389, 404, 410, 416, 419, 436, 455, 460, 485], how many comparisons are needed to find 103?",5,4,7,6,A) 5,Binary search halves the search space each comparison; finding 103 in this array takes 5 comparison(s).,Algorithms & Data Structures,Searching
A queue starts empty. After performing: enqueue(18); enqueue(67); enqueue(91); dequeue(); enqueue(14) — what is at the front of the queue?,89,13,35,67,D) 67,Following FIFO order through these operations leaves 67 at the front of the queue.,Algorithms & Data Structures,Queues
What is insertion sort?,A divide-and-conquer sorting algorithm that uses a pivot element,The process of arranging data in a particular order,A sorting algorithm that builds a sorted list one item at a time,"A basic unit of a data structure, such as a linked list or tree, containing data",C) A sorting algorithm that builds a sorted list one item at a time,"Insertion sort builds a sorted array one element at a time, inserting each new element into its correct position.",Algorithms & Data Structures,Sorting
A stack starts empty. After performing: push(34); push(54); pop(); pop(); push(59); pop() — what is on top of the stack?,4,86,Stack is empty,2,C) Stack is empty,Following LIFO order through these operations leaves Stack is empty on top of the stack.,Algorithms & Data Structures,Stacks
A queue starts empty. After performing: enqueue(63); enqueue(67); enqueue(45); dequeue(); enqueue(78) — what is at the front of the queue?,15,25,67,14,C) 67,Following FIFO order through these operations leaves 67 at the front of the queue.,Algorithms & Data Structures,Queues
A stack starts empty. After performing: push(83); push(91); push(72); push(68) — what is on top of the stack?,30,5,54,68,D) 68,Following LIFO order through these operations leaves 68 on top of the stack.,Algorithms & Data Structures,Stacks
A stack starts empty. After performing: push(29); pop(); push(93); pop() — what is on top of the stack?,Stack is empty,11,88,39,A) Stack is empty,Following LIFO order through these operations leaves Stack is empty on top of the stack.,Algorithms & Data Structures,Stacks
"After one full pass of bubble sort on the array [51, 18, 96, 93, 67], what does the array look like?","[18, 51, 67, 93, 96]","[67, 93, 96, 18, 51]","[18, 51, 93, 67, 96]","[51, 18, 96, 93, 67]","C) [18, 51, 93, 67, 96]","In one pass of bubble sort, each pair of adjacent elements is compared and swapped if out of order, resulting in [18, 51, 93, 67, 96].",Algorithms & Data Structures,Sorting
A stack starts empty. After performing: push(17); push(39); push(33); push(5) — what is on top of the stack?,29,32,5,51,C) 5,Following LIFO order through these operations leaves 5 on top of the stack.,Algorithms & Data Structures,Stacks
"Using linear search, what is the index (0-based) of 130 in the array [168, 149, 130, 33, 6, 92]?",5,3,2,1,C) 2,"Linear search checks each element in order; 130 is found at index 2 (0-based) in [168, 149, 130, 33, 6, 92].",Algorithms & Data Structures,Searching
"Using binary search on the sorted array [24, 60, 184, 230, 251, 287, 482], how many comparisons are needed to find 60?",3,4,2,1,C) 2,Binary search halves the search space each comparison; finding 60 in this array takes 2 comparison(s).,Algorithms & Data Structures,Searching
"Using binary search on the sorted array [70, 92, 93, 115, 137, 152, 164, 185, 280, 304, 368, 381, 414, 422, 490], how many comparisons are needed to find 152?",2,4,3,1,C) 3,Binary search halves the search space each comparison; finding 152 in this array takes 3 comparison(s).,Algorithms & Data Structures,Searching
"Using binary search on the sorted array [22, 82, 83, 84, 90, 177, 217, 242, 305, 318, 324, 345, 471, 489, 490], how many comparisons are needed to find 324?",3,5,4,2,C) 4,Binary search halves the search space each comparison; finding 324 in this array takes 4 comparison(s).,Algorithms & Data Structures,Searching
A queue starts empty. After performing: enqueue(39); enqueue(1); enqueue(68); enqueue(55); enqueue(27) — what is at the front of the queue?,34,15,84,39,D) 39,Following FIFO order through these operations leaves 39 at the front of the queue.,Algorithms & Data Structures,Queues
"After one full pass of bubble sort on the array [8, 33, 79, 98, 36, 42], what does the array look like?","[8, 33, 79, 36, 42, 98]","[8, 33, 79, 98, 36, 42]","[42, 36, 98, 79, 33, 8]","[8, 33, 36, 42, 79, 98]","A) [8, 33, 79, 36, 42, 98]","In one pass of bubble sort, each pair of adjacent elements is compared and swapped if out of order, resulting in [8, 33, 79, 36, 42, 98].",Algorithms & Data Structures,Sorting
"Using linear search, what is the index (0-based) of 89 in the array [89, 180, 173, 20, 182, 179, 115, 166, 15, 145]?",3,0,2,1,B) 0,"Linear search checks each element in order; 89 is found at index 0 (0-based) in [89, 180, 173, 20, 182, 179, 115, 166, 15, 145].",Algorithms & Data Structures,Searching
A queue starts empty. After performing: enqueue(80); dequeue(); enqueue(29); dequeue() — what is at the front of the queue?,53,Queue is empty,82,70,B) Queue is empty,Following FIFO order through these operations leaves Queue is empty at the front of the queue.,Algorithms & Data Structures,Queues
A stack starts empty. After performing: push(54); push(24); pop(); push(67); pop(); pop() — what is on top of the stack?,26,Stack is empty,82,61,B) Stack is empty,Following LIFO order through these operations leaves Stack is empty on top of the stack.,Algorithms & Data Structures,Stacks
A queue starts empty. After performing: enqueue(67); dequeue(); enqueue(36); enqueue(38); enqueue(77) — what is at the front of the queue?,32,95,54,36,D) 36,Following FIFO order through these operations leaves 36 at the front of the queue.,Algorithms & Data Structures,Queues
"After one full pass of bubble sort on the array [77, 95, 43, 11, 47, 78, 51], what does the array look like?","[77, 43, 11, 47, 78, 51, 95]","[11, 43, 47, 51, 77, 78, 95]","[77, 95, 43, 11, 47, 78, 51]","[51, 78, 47, 11, 43, 95, 77]","A) [77, 43, 11, 47, 78, 51, 95]","In one pass of bubble sort, each pair of adjacent elements is compared and swapped if out of order, resulting in [77, 43, 11, 47, 78, 51, 95].",Algorithms & Data Structures,Sorting
A stack starts empty. After performing: push(50); push(60); pop(); pop(); push(82) — what is on top of the stack?,56,18,50,82,D) 82,Following LIFO order through these operations leaves 82 on top of the stack.,Algorithms & Data Structures,Stacks
A queue starts empty. After performing: enqueue(6); enqueue(11); dequeue(); dequeue() — what is at the front of the queue?,71,35,2,Queue is empty,D) Queue is empty,Following FIFO order through these operations leaves Queue is empty at the front of the queue.,Algorithms & Data Structures,Queues
A queue starts empty. After performing: enqueue(49); dequeue(); enqueue(29); enqueue(50) — what is at the front of the queue?,20,84,29,12,C) 29,Following FIFO order through these operations leaves 29 at the front of the queue.,Algorithms & Data Structures,Queues
"After one full pass of bubble sort on the array [89, 90, 60, 66], what does the array look like?","[89, 60, 66, 90]","[60, 66, 89, 90]","[89, 90, 60, 66]","[66, 60, 90, 89]","A) [89, 60, 66, 90]","In one pass of bubble sort, each pair of adjacent elements is compared and swapped if out of order, resulting in [89, 60, 66, 90].",Algorithms & Data Structures,Sorting
What is a queue?,The process of finding a specific element within a data structure,An operation that removes the top element from a stack,A node in a tree with no children,A data structure that follows First-In-First-Out (FIFO) order,D) A data structure that follows First-In-First-Out (FIFO) order,A queue is a data structure where the first element added is the first one removed (FIFO).,Algorithms & Data Structures,Queues
Which of the following best describes bubble sort?,A data structure that follows First-In-First-Out (FIFO) order,A node in a tree with no children,A simple sorting algorithm that repeatedly swaps adjacent elements if out of order,The process of finding a specific element within a data structure,C) A simple sorting algorithm that repeatedly swaps adjacent elements if out of order,"Bubble sort repeatedly steps through a list, swapping adjacent elements if they are in the wrong order.",Algorithms & Data Structures,Sorting
A queue starts empty. After performing: enqueue(34); enqueue(66); enqueue(77); enqueue(15); enqueue(40) — what is at the front of the queue?,34,15,33,14,A) 34,Following FIFO order through these operations leaves 34 at the front of the queue.,Algorithms & Data Structures,Queues
What is linear search?,An operation that adds an element to the back of a queue,A search algorithm that checks each element one by one,A collection of nodes (vertices) connected by edges,A data structure that follows First-In-First-Out (FIFO) order,B) A search algorithm that checks each element one by one,Linear search checks each element of a list sequentially until the target value is found or the list ends.,Algorithms & Data Structures,Searching
"Using linear search, what is the index (0-based) of 45 in the array [143, 24, 19, 69, 41, 173, 45, 68, 140, 65, 105]?",6,9,4,5,A) 6,"Linear search checks each element in order; 45 is found at index 6 (0-based) in [143, 24, 19, 69, 41, 173, 45, 68, 140, 65, 105].",Algorithms & Data Structures,Searching
A stack starts empty. After performing: push(61); push(77); push(28); push(14); pop() — what is on top of the stack?,28,17,89,77,A) 28,Following LIFO order through these operations leaves 28 on top of the stack.,Algorithms & Data Structures,Stacks
A stack starts empty. After performing: push(38); pop(); push(47); pop(); push(69); push(87) — what is on top of the stack?,87,1,58,28,A) 87,Following LIFO order through these operations leaves 87 on top of the stack.,Algorithms & Data Structures,Stacks
A queue starts empty. After performing: enqueue(72); enqueue(82); enqueue(54); dequeue(); dequeue(); dequeue() — what is at the front of the queue?,Queue is empty,94,16,92,A) Queue is empty,Following FIFO order through these operations leaves Queue is empty at the front of the queue.,Algorithms & Data Structures,Queues
"After one full pass of bubble sort on the array [19, 69, 67, 51, 65], what does the array look like?","[65, 51, 67, 69, 19]","[19, 69, 67, 51, 65]","[19, 51, 65, 67, 69]","[19, 67, 51, 65, 69]","D) [19, 67, 51, 65, 69]","In one pass of bubble sort, each pair of adjacent elements is compared and swapped if out of order, resulting in [19, 67, 51, 65, 69].",Algorithms & Data Structures,Sorting
"Using binary search on the sorted array [27, 28, 34, 56, 67, 71, 80, 82, 93, 116, 120, 123, 130, 139, 163, 170, 185, 236, 240, 318, 324, 325, 379, 409, 417, 429, 441, 453, 462, 473, 490], how many comparisons are needed to find 453?",1,5,2,3,D) 3,Binary search halves the search space each comparison; finding 453 in this array takes 3 comparison(s).,Algorithms & Data Structures,Searching
A stack starts empty. After performing: push(18); push(85); push(21); push(43); push(62) — what is on top of the stack?,23,33,62,24,C) 62,Following LIFO order through these operations leaves 62 on top of the stack.,Algorithms & Data Structures,Stacks
"After one full pass of bubble sort on the array [43, 30, 80, 4, 90, 36, 57], what does the array look like?","[4, 30, 36, 43, 57, 80, 90]","[43, 30, 80, 4, 90, 36, 57]","[57, 36, 90, 4, 80, 30, 43]","[30, 43, 4, 80, 36, 57, 90]","D) [30, 43, 4, 80, 36, 57, 90]","In one pass of bubble sort, each pair of adjacent elements is compared and swapped if out of order, resulting in [30, 43, 4, 80, 36, 57, 90].",Algorithms & Data Structures,Sorting
"Using binary search on the sorted array [20, 26, 57, 64, 77, 92, 95, 109, 120, 160, 164, 167, 169, 205, 213, 243, 252, 277, 313, 314, 322, 323, 327, 333, 345, 350, 379, 412, 414, 444, 484], how many comparisons are needed to find 64?",3,5,1,2,A) 3,Binary search halves the search space each comparison; finding 64 in this array takes 3 comparison(s).,Algorithms & Data Structures,Searching
A queue starts empty. After performing: enqueue(50); dequeue(); enqueue(28); enqueue(52); dequeue() — what is at the front of the queue?,52,32,18,22,A) 52,Following FIFO order through these operations leaves 52 at the front of the queue.,Algorithms & Data Structures,Queues
A stack starts empty. After performing: push(54); push(21); push(86); push(8); pop(); push(63) — what is on top of the stack?,46,63,70,73,B) 63,Following LIFO order through these operations leaves 63 on top of the stack.,Algorithms & Data Structures,Stacks
"Using binary search on the sorted array [10, 23, 25, 37, 59, 62, 97, 98, 102, 116, 137, 177, 180, 182, 189, 194, 204, 226, 264, 273, 334, 344, 374, 377, 382, 419, 449, 452, 461, 477, 478], how many comparisons are needed to find 264?",5,7,6,4,A) 5,Binary search halves the search space each comparison; finding 264 in this array takes 5 comparison(s).,Algorithms & Data Structures,Searching
"Using linear search, what is the index (0-based) of 6 in the array [79, 127, 122, 2, 176, 6, 152, 144, 3, 178, 83]?",4,8,6,5,D) 5,"Linear search checks each element in order; 6 is found at index 5 (0-based) in [79, 127, 122, 2, 176, 6, 152, 144, 3, 178, 83].",Algorithms & Data Structures,Searching
A queue starts empty. After performing: enqueue(18); dequeue(); enqueue(18); enqueue(96); enqueue(34); enqueue(64) — what is at the front of the queue?,22,11,18,25,C) 18,Following FIFO order through these operations leaves 18 at the front of the queue.,Algorithms & Data Structures,Queues
"Using linear search, what is the index (0-based) of 196 in the array [180, 23, 196, 49, 40]?",3,4,5,2,D) 2,"Linear search checks each element in order; 196 is found at index 2 (0-based) in [180, 23, 196, 49, 40].",Algorithms & Data Structures,Searching
"After one full pass of bubble sort on the array [8, 98, 63, 29], what does the array look like?","[8, 98, 63, 29]","[29, 63, 98, 8]","[8, 63, 29, 98]","[8, 29, 63, 98]","C) [8, 63, 29, 98]","In one pass of bubble sort, each pair of adjacent elements is compared and swapped if out of order, resulting in [8, 63, 29, 98].",Algorithms & Data Structures,Sorting
"After one full pass of bubble sort on the array [79, 53, 41, 13], what does the array look like?","[13, 41, 53, 79]","[53, 41, 13, 79]","[79, 53, 41, 13]","[13, 41, 53, 79]","B) [53, 41, 13, 79]","In one pass of bubble sort, each pair of adjacent elements is compared and swapped if out of order, resulting in [53, 41, 13, 79].",Algorithms & Data Structures,Sorting
"After one full pass of bubble sort on the array [85, 18, 70, 73, 34, 7, 89], what does the array look like?","[7, 18, 34, 70, 73, 85, 89]","[85, 18, 70, 73, 34, 7, 89]","[18, 70, 73, 34, 7, 85, 89]","[89, 7, 34, 73, 70, 18, 85]","C) [18, 70, 73, 34, 7, 85, 89]","In one pass of bubble sort, each pair of adjacent elements is compared and swapped if out of order, resulting in [18, 70, 73, 34, 7, 85, 89].",Algorithms & Data Structures,Sorting
"Using linear search, what is the index (0-based) of 190 in the array [33, 138, 51, 43, 187, 30, 184, 190, 178]?",6,7,4,9,B) 7,"Linear search checks each element in order; 190 is found at index 7 (0-based) in [33, 138, 51, 43, 187, 30, 184, 190, 178].",Algorithms & Data Structures,Searching
"After one full pass of bubble sort on the array [6, 39, 3, 7, 90, 27], what does the array look like?","[6, 39, 3, 7, 90, 27]","[3, 6, 7, 27, 39, 90]","[6, 3, 7, 39, 27, 90]","[27, 90, 7, 3, 39, 6]","C) [6, 3, 7, 39, 27, 90]","In one pass of bubble sort, each pair of adjacent elements is compared and swapped if out of order, resulting in [6, 3, 7, 39, 27, 90].",Algorithms & Data Structures,Sorting
"Using binary search on the sorted array [22, 31, 32, 43, 47, 65, 71, 82, 96, 98, 105, 110, 135, 153, 160, 163, 173, 206, 208, 216, 247, 248, 278, 292, 335, 348, 359, 366, 430, 446, 472], how many comparisons are needed to find 153?",2,4,5,6,B) 4,Binary search halves the search space each comparison; finding 153 in this array takes 4 comparison(s).,Algorithms & Data Structures,Searching
"Using binary search on the sorted array [93, 218, 269, 438, 463, 478, 490], how many comparisons are needed to find 463?",5,2,1,3,D) 3,Binary search halves the search space each comparison; finding 463 in this array takes 3 comparison(s).,Algorithms & Data Structures,Searching
"Using binary search on the sorted array [123, 141, 151, 220, 233, 290, 339, 347, 356, 368, 376, 379, 392, 461, 495], how many comparisons are needed to find 495?",3,5,6,4,D) 4,Binary search halves the search space each comparison; finding 495 in this array takes 4 comparison(s).,Algorithms & Data Structures,Searching
"Using binary search on the sorted array [24, 78, 102, 120, 136, 140, 146, 161, 190, 209, 280, 373, 396, 437, 477], how many comparisons are needed to find 396?",3,4,6,5,B) 4,Binary search halves the search space each comparison; finding 396 in this array takes 4 comparison(s).,Algorithms & Data Structures,Searching
A stack starts empty. After performing: push(54); pop(); push(17); push(73); pop(); push(70) — what is on top of the stack?,22,50,70,6,C) 70,Following LIFO order through these operations leaves 70 on top of the stack.,Algorithms & Data Structures,Stacks
"After one full pass of bubble sort on the array [75, 30, 88, 34, 81], what does the array look like?","[81, 34, 88, 30, 75]","[75, 30, 88, 34, 81]","[30, 75, 34, 81, 88]","[30, 34, 75, 81, 88]","C) [30, 75, 34, 81, 88]","In one pass of bubble sort, each pair of adjacent elements is compared and swapped if out of order, resulting in [30, 75, 34, 81, 88].",Algorithms & Data Structures,Sorting
Which of the following best describes a leaf node?,A data structure that follows First-In-First-Out (FIFO) order,An operation that adds an element to the back of a queue,A sorting algorithm that builds a sorted list one item at a time,A node in a tree with no children,D) A node in a tree with no children,A leaf node is a node in a tree data structure that has no children.,Algorithms & Data Structures,Trees
A queue starts empty. After performing: enqueue(85); enqueue(30); enqueue(69); dequeue() — what is at the front of the queue?,19,48,30,30,C) 30,Following FIFO order through these operations leaves 30 at the front of the queue.,Algorithms & Data Structures,Queues
A queue starts empty. After performing: enqueue(45); dequeue(); enqueue(41); enqueue(10); enqueue(84) — what is at the front of the queue?,41,27,51,27,A) 41,Following FIFO order through these operations leaves 41 at the front of the queue.,Algorithms & Data Structures,Queues
"After one full pass of bubble sort on the array [89, 18, 3, 72, 19, 66], what does the array look like?","[18, 3, 72, 19, 66, 89]","[3, 18, 19, 66, 72, 89]","[66, 19, 72, 3, 18, 89]","[89, 18, 3, 72, 19, 66]","A) [18, 3, 72, 19, 66, 89]","In one pass of bubble sort, each pair of adjacent elements is compared and swapped if out of order, resulting in [18, 3, 72, 19, 66, 89].",Algorithms & Data Structures,Sorting
"Using linear search, what is the index (0-based) of 147 in the array [55, 192, 157, 147, 96, 28, 143, 64, 104, 21]?",4,6,5,3,D) 3,"Linear search checks each element in order; 147 is found at index 3 (0-based) in [55, 192, 157, 147, 96, 28, 143, 64, 104, 21].",Algorithms & Data Structures,Searching
A queue starts empty. After performing: enqueue(68); enqueue(33); enqueue(87); dequeue(); enqueue(17); enqueue(82) — what is at the front of the queue?,38,33,71,26,B) 33,Following FIFO order through these operations leaves 33 at the front of the queue.,Algorithms & Data Structures,Queues
A stack starts empty. After performing: push(18); pop(); push(38); push(17); pop() — what is on top of the stack?,38,5,24,40,A) 38,Following LIFO order through these operations leaves 38 on top of the stack.,Algorithms & Data Structures,Stacks
"Using binary search on the sorted array [12, 13, 96, 378, 398, 415, 450], how many comparisons are needed to find 96?",3,4,5,2,A) 3,Binary search halves the search space each comparison; finding 96 in this array takes 3 comparison(s).,Algorithms & Data Structures,Searching
A stack starts empty. After performing: push(58); push(90); push(90); push(94) — what is on top of the stack?,58,17,19,94,D) 94,Following LIFO order through these operations leaves 94 on top of the stack.,Algorithms & Data Structures,Stacks
"Using binary search on the sorted array [4, 20, 24, 32, 55, 57, 108, 143, 157, 210, 218, 225, 262, 271, 280, 296, 298, 316, 331, 360, 384, 386, 390, 409, 431, 440, 456, 458, 461, 468, 491], how many comparisons are needed to find 431?",7,5,3,6,B) 5,Binary search halves the search space each comparison; finding 431 in this array takes 5 comparison(s).,Algorithms & Data Structures,Searching
"Using binary search on the sorted array [9, 15, 89, 166, 205, 222, 271, 310, 361, 365, 433, 461, 467, 483, 488], how many comparisons are needed to find 433?",3,2,4,5,C) 4,Binary search halves the search space each comparison; finding 433 in this array takes 4 comparison(s).,Algorithms & Data Structures,Searching
A stack starts empty. After performing: push(74); push(5); push(81); push(23) — what is on top of the stack?,34,23,42,74,B) 23,Following LIFO order through these operations leaves 23 on top of the stack.,Algorithms & Data Structures,Stacks
"Using linear search, what is the index (0-based) of 111 in the array [126, 38, 153, 65, 111, 58, 59]?",4,5,7,6,A) 4,"Linear search checks each element in order; 111 is found at index 4 (0-based) in [126, 38, 153, 65, 111, 58, 59].",Algorithms & Data Structures,Searching
"Using linear search, what is the index (0-based) of 86 in the array [48, 159, 72, 12, 86, 132, 139, 68]?",4,3,1,5,A) 4,"Linear search checks each element in order; 86 is found at index 4 (0-based) in [48, 159, 72, 12, 86, 132, 139, 68].",Algorithms & Data Structures,Searching
"Using binary search on the sorted array [36, 113, 142, 143, 147, 323, 436], how many comparisons are needed to find 143?",3,4,1,2,C) 1,Binary search halves the search space each comparison; finding 143 in this array takes 1 comparison(s).,Algorithms & Data Structures,Searching
A stack starts empty. After performing: push(95); push(87); push(49); push(17); pop() — what is on top of the stack?,49,18,36,68,A) 49,Following LIFO order through these operations leaves 49 on top of the stack.,Algorithms & Data Structures,Stacks
A stack starts empty. After performing: push(93); push(63); pop(); pop(); push(66) — what is on top of the stack?,67,66,27,68,B) 66,Following LIFO order through these operations leaves 66 on top of the stack.,Algorithms & Data Structures,Stacks
A queue starts empty. After performing: enqueue(97); enqueue(41); dequeue(); enqueue(22) — what is at the front of the queue?,21,23,90,41,D) 41,Following FIFO order through these operations leaves 41 at the front of the queue.,Algorithms & Data Structures,Queues
A stack starts empty. After performing: push(84); push(78); push(37); push(81) — what is on top of the stack?,46,81,81,8,B) 81,Following LIFO order through these operations leaves 81 on top of the stack.,Algorithms & Data Structures,Stacks
"Using linear search, what is the index (0-based) of 14 in the array [142, 160, 178, 165, 126, 175, 50, 14, 40, 77, 87, 49]?",10,4,7,9,C) 7,"Linear search checks each element in order; 14 is found at index 7 (0-based) in [142, 160, 178, 165, 126, 175, 50, 14, 40, 77, 87, 49].",Algorithms & Data Structures,Searching
"Using binary search on the sorted array [83, 173, 212, 352, 355, 356, 422], how many comparisons are needed to find 352?",2,1,3,4,B) 1,Binary search halves the search space each comparison; finding 352 in this array takes 1 comparison(s).,Algorithms & Data Structures,Searching
A stack starts empty. After performing: push(93); push(6); pop(); push(89); push(31); pop() — what is on top of the stack?,89,45,22,10,A) 89,Following LIFO order through these operations leaves 89 on top of the stack.,Algorithms & Data Structures,Stacks
"Using binary search on the sorted array [47, 71, 109, 139, 143, 259, 262, 290, 296, 327, 400, 419, 426, 434, 442], how many comparisons are needed to find 109?",5,4,2,6,B) 4,Binary search halves the search space each comparison; finding 109 in this array takes 4 comparison(s).,Algorithms & Data Structures,Searching
"After one full pass of bubble sort on the array [20, 33, 88, 26, 7], what does the array look like?","[20, 33, 26, 7, 88]","[7, 20, 26, 33, 88]","[20, 33, 88, 26, 7]","[7, 26, 88, 33, 20]","A) [20, 33, 26, 7, 88]","In one pass of bubble sort, each pair of adjacent elements is compared and swapped if out of order, resulting in [20, 33, 26, 7, 88].",Algorithms & Data Structures,Sorting
"After one full pass of bubble sort on the array [96, 12, 3, 89], what does the array look like?","[12, 3, 89, 96]","[96, 12, 3, 89]","[3, 12, 89, 96]","[89, 3, 12, 96]","A) [12, 3, 89, 96]","In one pass of bubble sort, each pair of adjacent elements is compared and swapped if out of order, resulting in [12, 3, 89, 96].",Algorithms & Data Structures,Sorting
A queue starts empty. After performing: enqueue(47); enqueue(63); enqueue(11); enqueue(39) — what is at the front of the queue?,47,5,34,93,A) 47,Following FIFO order through these operations leaves 47 at the front of the queue.,Algorithms & Data Structures,Queues
"Using linear search, what is the index (0-based) of 53 in the array [16, 53, 4, 87, 160]?",0,3,4,1,D) 1,"Linear search checks each element in order; 53 is found at index 1 (0-based) in [16, 53, 4, 87, 160].",Algorithms & Data Structures,Searching
"Using binary search on the sorted array [48, 53, 64, 65, 70, 127, 147, 153, 167, 181, 189, 203, 217, 221, 246, 247, 253, 255, 257, 273, 298, 334, 335, 435, 436, 439, 465, 476, 486, 490, 496], how many comparisons are needed to find 221?",4,6,3,5,A) 4,Binary search halves the search space each comparison; finding 221 in this array takes 4 comparison(s).,Algorithms & Data Structures,Searching
A queue starts empty. After performing: enqueue(93); dequeue(); enqueue(79); enqueue(8); dequeue() — what is at the front of the queue?,65,47,14,8,D) 8,Following FIFO order through these operations leaves 8 at the front of the queue.,Algorithms & Data Structures,Queues
A stack starts empty. After performing: push(76); pop(); push(32); pop() — what is on top of the stack?,19,Stack is empty,18,4,B) Stack is empty,Following LIFO order through these operations leaves Stack is empty on top of the stack.,Algorithms & Data Structures,Stacks
"After one full pass of bubble sort on the array [42, 2, 64, 46, 36, 72, 87], what does the array look like?","[2, 42, 46, 36, 64, 72, 87]","[2, 36, 42, 46, 64, 72, 87]","[87, 72, 36, 46, 64, 2, 42]","[42, 2, 64, 46, 36, 72, 87]","A) [2, 42, 46, 36, 64, 72, 87]","In one pass of bubble sort, each pair of adjacent elements is compared and swapped if out of order, resulting in [2, 42, 46, 36, 64, 72, 87].",Algorithms & Data Structures,Sorting
"Using linear search, what is the index (0-based) of 178 in the array [75, 90, 145, 86, 178, 141, 63, 39, 2, 167]?",4,5,7,3,A) 4,"Linear search checks each element in order; 178 is found at index 4 (0-based) in [75, 90, 145, 86, 178, 141, 63, 39, 2, 167].",Algorithms & Data Structures,Searching
A queue starts empty. After performing: enqueue(75); enqueue(10); enqueue(75); enqueue(66) — what is at the front of the queue?,13,75,57,13,B) 75,Following FIFO order through these operations leaves 75 at the front of the queue.,Algorithms & Data Structures,Queues
"After one full pass of bubble sort on the array [78, 88, 3, 96], what does the array look like?","[3, 78, 88, 96]","[78, 3, 88, 96]","[78, 88, 3, 96]","[96, 3, 88, 78]","B) [78, 3, 88, 96]","In one pass of bubble sort, each pair of adjacent elements is compared and swapped if out of order, resulting in [78, 3, 88, 96].",Algorithms & Data Structures,Sorting
A stack starts empty. After performing: push(58); push(29); pop(); push(7) — what is on top of the stack?,4,51,32,7,D) 7,Following LIFO order through these operations leaves 7 on top of the stack.,Algorithms & Data Structures,Stacks
A queue starts empty. After performing: enqueue(79); dequeue(); enqueue(32); dequeue(); enqueue(81); dequeue() — what is at the front of the queue?,Queue is empty,40,97,93,A) Queue is empty,Following FIFO order through these operations leaves Queue is empty at the front of the queue.,Algorithms & Data Structures,Queues
"Using binary search on the sorted array [11, 24, 49, 77, 84, 90, 102, 118, 128, 162, 184, 201, 212, 220, 226, 229, 260, 266, 279, 281, 286, 329, 332, 344, 349, 366, 376, 399, 478, 479, 497], how many comparisons are needed to find 128?",4,5,3,7,B) 5,Binary search halves the search space each comparison; finding 128 in this array takes 5 comparison(s).,Algorithms & Data Structures,Searching
"Using linear search, what is the index (0-based) of 174 in the array [174, 100, 114, 104, 91]?",1,2,3,0,D) 0,"Linear search checks each element in order; 174 is found at index 0 (0-based) in [174, 100, 114, 104, 91].",Algorithms & Data Structures,Searching
What is a stack?,An operation that removes an element from the front of a queue,A data structure that follows Last-In-First-Out (LIFO) order,A linear data structure where elements are linked using pointers,The topmost node in a tree data structure,B) A data structure that follows Last-In-First-Out (LIFO) order,A stack is a data structure where the last element added is the first one removed (LIFO).,Algorithms & Data Structures,Stacks
"Using linear search, what is the index (0-based) of 60 in the array [106, 47, 154, 18, 116, 60, 125]?",7,5,6,4,B) 5,"Linear search checks each element in order; 60 is found at index 5 (0-based) in [106, 47, 154, 18, 116, 60, 125].",Algorithms & Data Structures,Searching
"After one full pass of bubble sort on the array [12, 41, 5, 62, 35], what does the array look like?","[12, 41, 5, 62, 35]","[5, 12, 35, 41, 62]","[35, 62, 5, 41, 12]","[12, 5, 41, 35, 62]","D) [12, 5, 41, 35, 62]","In one pass of bubble sort, each pair of adjacent elements is compared and swapped if out of order, resulting in [12, 5, 41, 35, 62].",Algorithms & Data Structures,Sorting
"Using linear search, what is the index (0-based) of 32 in the array [54, 32, 127, 184, 1, 157, 177, 2, 98, 138, 195, 40]?",4,1,2,0,B) 1,"Linear search checks each element in order; 32 is found at index 1 (0-based) in [54, 32, 127, 184, 1, 157, 177, 2, 98, 138, 195, 40].",Algorithms & Data Structures,Searching
"Using linear search, what is the index (0-based) of 194 in the array [194, 61, 132, 197, 56, 6, 95, 76, 170]?",0,2,1,3,A) 0,"Linear search checks each element in order; 194 is found at index 0 (0-based) in [194, 61, 132, 197, 56, 6, 95, 76, 170].",Algorithms & Data Structures,Searching
"Using binary search on the sorted array [18, 34, 72, 77, 163, 177, 182, 202, 205, 206, 207, 249, 262, 264, 296, 297, 338, 357, 361, 364, 390, 396, 401, 410, 439, 442, 450, 464, 473, 474, 479], how many comparisons are needed to find 364?",5,3,4,2,B) 3,Binary search halves the search space each comparison; finding 364 in this array takes 3 comparison(s).,Algorithms & Data Structures,Searching
"After one full pass of bubble sort on the array [31, 11, 93, 80, 77, 82, 44], what does the array look like?","[31, 11, 93, 80, 77, 82, 44]","[11, 31, 44, 77, 80, 82, 93]","[11, 31, 80, 77, 82, 44, 93]","[44, 82, 77, 80, 93, 11, 31]","C) [11, 31, 80, 77, 82, 44, 93]","In one pass of bubble sort, each pair of adjacent elements is compared and swapped if out of order, resulting in [11, 31, 80, 77, 82, 44, 93].",Algorithms & Data Structures,Sorting
"Using binary search on the sorted array [13, 72, 179, 264, 273, 293, 304, 310, 313, 316, 407, 418, 458, 487, 493], how many comparisons are needed to find 418?",1,4,3,2,D) 2,Binary search halves the search space each comparison; finding 418 in this array takes 2 comparison(s).,Algorithms & Data Structures,Searching
A queue starts empty. After performing: enqueue(37); enqueue(85); dequeue(); dequeue(); enqueue(62); enqueue(55) — what is at the front of the queue?,62,42,31,3,A) 62,Following FIFO order through these operations leaves 62 at the front of the queue.,Algorithms & Data Structures,Queues
A stack starts empty. After performing: push(70); push(7); push(10); push(10) — what is on top of the stack?,27,10,50,37,B) 10,Following LIFO order through these operations leaves 10 on top of the stack.,Algorithms & Data Structures,Stacks
A queue starts empty. After performing: enqueue(64); enqueue(62); dequeue(); dequeue(); enqueue(53) — what is at the front of the queue?,12,73,53,59,C) 53,Following FIFO order through these operations leaves 53 at the front of the queue.,Algorithms & Data Structures,Queues
A queue starts empty. After performing: enqueue(24); dequeue(); enqueue(20); dequeue() — what is at the front of the queue?,31,Queue is empty,9,76,B) Queue is empty,Following FIFO order through these operations leaves Queue is empty at the front of the queue.,Algorithms & Data Structures,Queues
"Using linear search, what is the index (0-based) of 150 in the array [86, 150, 187, 119, 103, 192, 72, 141]?",3,1,4,2,B) 1,"Linear search checks each element in order; 150 is found at index 1 (0-based) in [86, 150, 187, 119, 103, 192, 72, 141].",Algorithms & Data Structures,Searching
"Using linear search, what is the index (0-based) of 178 in the array [127, 147, 49, 148, 139, 79, 13, 110, 89, 123, 134, 178]?",10,11,9,8,B) 11,"Linear search checks each element in order; 178 is found at index 11 (0-based) in [127, 147, 49, 148, 139, 79, 13, 110, 89, 123, 134, 178].",Algorithms & Data Structures,Searching
"Using linear search, what is the index (0-based) of 27 in the array [126, 52, 59, 104, 8, 40, 180, 27]?",5,6,8,7,D) 7,"Linear search checks each element in order; 27 is found at index 7 (0-based) in [126, 52, 59, 104, 8, 40, 180, 27].",Algorithms & Data Structures,Searching
"After one full pass of bubble sort on the array [1, 2, 51, 89, 72, 94, 66], what does the array look like?","[1, 2, 51, 72, 89, 66, 94]","[1, 2, 51, 89, 72, 94, 66]","[66, 94, 72, 89, 51, 2, 1]","[1, 2, 51, 66, 72, 89, 94]","A) [1, 2, 51, 72, 89, 66, 94]","In one pass of bubble sort, each pair of adjacent elements is compared and swapped if out of order, resulting in [1, 2, 51, 72, 89, 66, 94].",Algorithms & Data Structures,Sorting
"Using linear search, what is the index (0-based) of 52 in the array [94, 7, 52, 101, 63, 59, 117, 145, 179, 60, 11]?",3,5,4,2,D) 2,"Linear search checks each element in order; 52 is found at index 2 (0-based) in [94, 7, 52, 101, 63, 59, 117, 145, 179, 60, 11].",Algorithms & Data Structures,Searching
"After one full pass of bubble sort on the array [18, 46, 25, 20], what does the array look like?","[18, 46, 25, 20]","[18, 25, 20, 46]","[18, 20, 25, 46]","[20, 25, 46, 18]","B) [18, 25, 20, 46]","In one pass of bubble sort, each pair of adjacent elements is compared and swapped if out of order, resulting in [18, 25, 20, 46].",Algorithms & Data Structures,Sorting
A stack starts empty. After performing: push(63); pop(); push(57); push(77); pop(); pop() — what is on top of the stack?,87,40,46,Stack is empty,D) Stack is empty,Following LIFO order through these operations leaves Stack is empty on top of the stack.,Algorithms & Data Structures,Stacks
"Using linear search, what is the index (0-based) of 10 in the array [40, 10, 89, 88, 34, 80, 139, 109, 163]?",3,1,2,0,B) 1,"Linear search checks each element in order; 10 is found at index 1 (0-based) in [40, 10, 89, 88, 34, 80, 139, 109, 163].",Algorithms & Data Structures,Searching
"Using binary search on the sorted array [51, 105, 123, 218, 263, 269, 299, 323, 359, 388, 390, 411, 440, 445, 495], how many comparisons are needed to find 323?",2,4,1,3,C) 1,Binary search halves the search space each comparison; finding 323 in this array takes 1 comparison(s).,Algorithms & Data Structures,Searching
"Using binary search on the sorted array [30, 45, 77, 83, 121, 131, 190, 193, 225, 350, 365, 378, 442, 445, 492], how many comparisons are needed to find 350?",5,1,4,3,D) 3,Binary search halves the search space each comparison; finding 350 in this array takes 3 comparison(s).,Algorithms & Data Structures,Searching
"After one full pass of bubble sort on the array [78, 74, 47, 4], what does the array look like?","[4, 47, 74, 78]","[4, 47, 74, 78]","[74, 47, 4, 78]","[78, 74, 47, 4]","C) [74, 47, 4, 78]","In one pass of bubble sort, each pair of adjacent elements is compared and swapped if out of order, resulting in [74, 47, 4, 78].",Algorithms & Data Structures,Sorting
A queue starts empty. After performing: enqueue(2); dequeue(); enqueue(16); dequeue(); enqueue(6) — what is at the front of the queue?,45,22,6,27,C) 6,Following FIFO order through these operations leaves 6 at the front of the queue.,Algorithms & Data Structures,Queues
"After one full pass of bubble sort on the array [90, 95, 3, 2, 16], what does the array look like?","[90, 95, 3, 2, 16]","[90, 3, 2, 16, 95]","[2, 3, 16, 90, 95]","[16, 2, 3, 95, 90]","B) [90, 3, 2, 16, 95]","In one pass of bubble sort, each pair of adjacent elements is compared and swapped if out of order, resulting in [90, 3, 2, 16, 95].",Algorithms & Data Structures,Sorting
A queue starts empty. After performing: enqueue(26); dequeue(); enqueue(47); dequeue() — what is at the front of the queue?,Queue is empty,12,36,20,A) Queue is empty,Following FIFO order through these operations leaves Queue is empty at the front of the queue.,Algorithms & Data Structures,Queues
A queue starts empty. After performing: enqueue(44); dequeue(); enqueue(9); enqueue(92); dequeue() — what is at the front of the queue?,92,40,73,35,A) 92,Following FIFO order through these operations leaves 92 at the front of the queue.,Algorithms & Data Structures,Queues
"After one full pass of bubble sort on the array [22, 52, 12, 78, 48], what does the array look like?","[22, 52, 12, 78, 48]","[12, 22, 48, 52, 78]","[22, 12, 52, 48, 78]","[48, 78, 12, 52, 22]","C) [22, 12, 52, 48, 78]","In one pass of bubble sort, each pair of adjacent elements is compared and swapped if out of order, resulting in [22, 12, 52, 48, 78].",Algorithms & Data Structures,Sorting
"After one full pass of bubble sort on the array [50, 47, 71, 96], what does the array look like?","[50, 47, 71, 96]","[47, 50, 71, 96]","[47, 50, 71, 96]","[96, 71, 47, 50]","B) [47, 50, 71, 96]","In one pass of bubble sort, each pair of adjacent elements is compared and swapped if out of order, resulting in [47, 50, 71, 96].",Algorithms & Data Structures,Sorting
"Using binary search on the sorted array [7, 9, 25, 40, 54, 128, 144, 311, 322, 339, 361, 372, 384, 466, 474], how many comparisons are needed to find 144?",5,4,2,3,B) 4,Binary search halves the search space each comparison; finding 144 in this array takes 4 comparison(s).,Algorithms & Data Structures,Searching
A queue starts empty. After performing: enqueue(60); enqueue(74); enqueue(54); dequeue() — what is at the front of the queue?,12,18,74,72,C) 74,Following FIFO order through these operations leaves 74 at the front of the queue.,Algorithms & Data Structures,Queues
A queue starts empty. After performing: enqueue(36); enqueue(13); dequeue(); enqueue(13); dequeue(); dequeue() — what is at the front of the queue?,28,Queue is empty,18,73,B) Queue is empty,Following FIFO order through these operations leaves Queue is empty at the front of the queue.,Algorithms & Data Structures,Queues
"After one full pass of bubble sort on the array [75, 46, 3, 82], what does the array look like?","[46, 3, 75, 82]","[82, 3, 46, 75]","[75, 46, 3, 82]","[3, 46, 75, 82]","A) [46, 3, 75, 82]","In one pass of bubble sort, each pair of adjacent elements is compared and swapped if out of order, resulting in [46, 3, 75, 82].",Algorithms & Data Structures,Sorting
A queue starts empty. After performing: enqueue(9); dequeue(); enqueue(54); enqueue(2); dequeue() — what is at the front of the queue?,77,2,71,41,B) 2,Following FIFO order through these operations leaves 2 at the front of the queue.,Algorithms & Data Structures,Queues
"Using linear search, what is the index (0-based) of 138 in the array [95, 29, 136, 81, 88, 138, 77, 113]?",6,8,5,4,C) 5,"Linear search checks each element in order; 138 is found at index 5 (0-based) in [95, 29, 136, 81, 88, 138, 77, 113].",Algorithms & Data Structures,Searching
"After one full pass of bubble sort on the array [99, 2, 41, 26], what does the array look like?","[2, 26, 41, 99]","[26, 41, 2, 99]","[2, 41, 26, 99]","[99, 2, 41, 26]","C) [2, 41, 26, 99]","In one pass of bubble sort, each pair of adjacent elements is compared and swapped if out of order, resulting in [2, 41, 26, 99].",Algorithms & Data Structures,Sorting
A stack starts empty. After performing: push(50); push(79); pop(); push(3) — what is on top of the stack?,36,64,62,3,D) 3,Following LIFO order through these operations leaves 3 on top of the stack.,Algorithms & Data Structures,Stacks
A stack starts empty. After performing: push(85); pop(); push(64); push(11) — what is on top of the stack?,14,40,4,11,D) 11,Following LIFO order through these operations leaves 11 on top of the stack.,Algorithms & Data Structures,Stacks
A stack starts empty. After performing: push(41); push(63); push(61); push(23) — what is on top of the stack?,39,2,23,29,C) 23,Following LIFO order through these operations leaves 23 on top of the stack.,Algorithms & Data Structures,Stacks
"After one full pass of bubble sort on the array [86, 44, 78, 1, 94, 79], what does the array look like?","[79, 94, 1, 78, 44, 86]","[44, 78, 1, 86, 79, 94]","[1, 44, 78, 79, 86, 94]","[86, 44, 78, 1, 94, 79]","B) [44, 78, 1, 86, 79, 94]","In one pass of bubble sort, each pair of adjacent elements is compared and swapped if out of order, resulting in [44, 78, 1, 86, 79, 94].",Algorithms & Data Structures,Sorting
"After one full pass of bubble sort on the array [35, 40, 90, 20], what does the array look like?","[35, 40, 20, 90]","[20, 90, 40, 35]","[20, 35, 40, 90]","[35, 40, 90, 20]","A) [35, 40, 20, 90]","In one pass of bubble sort, each pair of adjacent elements is compared and swapped if out of order, resulting in [35, 40, 20, 90].",Algorithms & Data Structures,Sorting
A queue starts empty. After performing: enqueue(34); dequeue(); enqueue(97); enqueue(41); enqueue(45) — what is at the front of the queue?,55,97,67,87,B) 97,Following FIFO order through these operations leaves 97 at the front of the queue.,Algorithms & Data Structures,Queues
A queue starts empty. After performing: enqueue(16); enqueue(43); enqueue(1); dequeue(); enqueue(65) — what is at the front of the queue?,55,91,43,84,C) 43,Following FIFO order through these operations leaves 43 at the front of the queue.,Algorithms & Data Structures,Queues
"Using binary search on the sorted array [10, 56, 82, 109, 126, 136, 141, 150, 179, 182, 227, 228, 234, 240, 243, 257, 262, 289, 299, 303, 306, 317, 325, 335, 366, 380, 425, 434, 442, 487, 492], how many comparisons are needed to find 240?",3,5,4,2,C) 4,Binary search halves the search space each comparison; finding 240 in this array takes 4 comparison(s).,Algorithms & Data Structures,Searching
"Using binary search on the sorted array [10, 27, 31, 39, 54, 129, 145, 147, 183, 243, 281, 291, 296, 305, 307, 312, 322, 325, 329, 335, 343, 361, 374, 384, 386, 449, 451, 462, 463, 486, 493], how many comparisons are needed to find 486?",2,4,5,3,B) 4,Binary search halves the search space each comparison; finding 486 in this array takes 4 comparison(s).,Algorithms & Data Structures,Searching
A stack starts empty. After performing: push(9); push(21); pop(); pop(); push(83) — what is on top of the stack?,35,99,3,83,D) 83,Following LIFO order through these operations leaves 83 on top of the stack.,Algorithms & Data Structures,Stacks
A stack starts empty. After performing: push(62); push(75); push(13); push(85); pop() — what is on top of the stack?,76,13,17,45,B) 13,Following LIFO order through these operations leaves 13 on top of the stack.,Algorithms & Data Structures,Stacks
"Using linear search, what is the index (0-based) of 24 in the array [45, 87, 137, 39, 24, 3, 31, 178, 197, 47, 19, 157]?",7,3,6,4,D) 4,"Linear search checks each element in order; 24 is found at index 4 (0-based) in [45, 87, 137, 39, 24, 3, 31, 178, 197, 47, 19, 157].",Algorithms & Data Structures,Searching
A stack starts empty. After performing: push(59); pop(); push(26); pop() — what is on top of the stack?,Stack is empty,23,44,95,A) Stack is empty,Following LIFO order through these operations leaves Stack is empty on top of the stack.,Algorithms & Data Structures,Stacks
"Using binary search on the sorted array [4, 107, 108, 109, 132, 139, 142, 163, 171, 174, 198, 202, 217, 231, 312, 317, 320, 326, 340, 346, 350, 354, 360, 363, 377, 395, 425, 433, 452, 464, 495], how many comparisons are needed to find 312?",6,5,7,4,B) 5,Binary search halves the search space each comparison; finding 312 in this array takes 5 comparison(s).,Algorithms & Data Structures,Searching
A queue starts empty. After performing: enqueue(17); dequeue(); enqueue(98); dequeue(); enqueue(52); enqueue(24) — what is at the front of the queue?,44,55,40,52,D) 52,Following FIFO order through these operations leaves 52 at the front of the queue.,Algorithms & Data Structures,Queues
A queue starts empty. After performing: enqueue(11); enqueue(77); enqueue(7); dequeue() — what is at the front of the queue?,18,67,77,23,C) 77,Following FIFO order through these operations leaves 77 at the front of the queue.,Algorithms & Data Structures,Queues
A stack starts empty. After performing: push(48); pop(); push(3); push(82); pop(); push(95) — what is on top of the stack?,81,92,95,39,C) 95,Following LIFO order through these operations leaves 95 on top of the stack.,Algorithms & Data Structures,Stacks
"Using linear search, what is the index (0-based) of 191 in the array [36, 122, 186, 108, 178, 115, 191, 17, 13]?",5,8,9,6,D) 6,"Linear search checks each element in order; 191 is found at index 6 (0-based) in [36, 122, 186, 108, 178, 115, 191, 17, 13].",Algorithms & Data Structures,Searching
"After one full pass of bubble sort on the array [44, 64, 35, 26, 80, 60], what does the array look like?","[26, 35, 44, 60, 64, 80]","[44, 64, 35, 26, 80, 60]","[60, 80, 26, 35, 64, 44]","[44, 35, 26, 64, 60, 80]","D) [44, 35, 26, 64, 60, 80]","In one pass of bubble sort, each pair of adjacent elements is compared and swapped if out of order, resulting in [44, 35, 26, 64, 60, 80].",Algorithms & Data Structures,Sorting
A queue starts empty. After performing: enqueue(75); dequeue(); enqueue(44); dequeue(); enqueue(60) — what is at the front of the queue?,25,7,21,60,D) 60,Following FIFO order through these operations leaves 60 at the front of the queue.,Algorithms & Data Structures,Queues
"Using binary search on the sorted array [5, 79, 114, 134, 135, 186, 196, 253, 290, 399, 407, 412, 472, 474, 483], how many comparisons are needed to find 472?",6,5,4,2,C) 4,Binary search halves the search space each comparison; finding 472 in this array takes 4 comparison(s).,Algorithms & Data Structures,Searching
A queue starts empty. After performing: enqueue(21); enqueue(94); dequeue(); dequeue() — what is at the front of the queue?,66,Queue is empty,34,29,B) Queue is empty,Following FIFO order through these operations leaves Queue is empty at the front of the queue.,Algorithms & Data Structures,Queues
A stack starts empty. After performing: push(80); push(51); pop(); pop() — what is on top of the stack?,3,Stack is empty,90,53,B) Stack is empty,Following LIFO order through these operations leaves Stack is empty on top of the stack.,Algorithms & Data Structures,Stacks
"After one full pass of bubble sort on the array [69, 79, 27, 83, 43], what does the array look like?","[69, 79, 27, 83, 43]","[69, 27, 79, 43, 83]","[27, 43, 69, 79, 83]","[43, 83, 27, 79, 69]","B) [69, 27, 79, 43, 83]","In one pass of bubble sort, each pair of adjacent elements is compared and swapped if out of order, resulting in [69, 27, 79, 43, 83].",Algorithms & Data Structures,Sorting
Which of the following best describes merge sort?,A data structure that follows Last-In-First-Out (LIFO) order,A divide-and-conquer sorting algorithm that merges sorted subarrays,A notation used to describe the upper bound of an algorithm's complexity,A data structure that follows First-In-First-Out (FIFO) order,B) A divide-and-conquer sorting algorithm that merges sorted subarrays,"Merge sort divides an array into halves, recursively sorts them, and then merges the sorted halves back together.",Algorithms & Data Structures,Sorting
A queue starts empty. After performing: enqueue(43); dequeue(); enqueue(4); dequeue() — what is at the front of the queue?,63,26,Queue is empty,22,C) Queue is empty,Following FIFO order through these operations leaves Queue is empty at the front of the queue.,Algorithms & Data Structures,Queues
"Using linear search, what is the index (0-based) of 174 in the array [178, 152, 126, 145, 26, 121, 174, 149]?",6,5,3,8,A) 6,"Linear search checks each element in order; 174 is found at index 6 (0-based) in [178, 152, 126, 145, 26, 121, 174, 149].",Algorithms & Data Structures,Searching
"Using binary search on the sorted array [1, 16, 61, 67, 77, 90, 101, 106, 138, 159, 163, 165, 170, 171, 177, 195, 229, 243, 266, 359, 365, 369, 374, 376, 417, 424, 465, 466, 475, 486, 494], how many comparisons are needed to find 138?",4,3,5,6,C) 5,Binary search halves the search space each comparison; finding 138 in this array takes 5 comparison(s).,Algorithms & Data Structures,Searching
A stack starts empty. After performing: push(24); push(6); push(46); pop(); pop() — what is on top of the stack?,24,68,59,48,A) 24,Following LIFO order through these operations leaves 24 on top of the stack.,Algorithms & Data Structures,Stacks
"Using binary search on the sorted array [7, 120, 125, 228, 234, 403, 487], how many comparisons are needed to find 7?",5,2,1,3,D) 3,Binary search halves the search space each comparison; finding 7 in this array takes 3 comparison(s).,Algorithms & Data Structures,Searching
"Using linear search, what is the index (0-based) of 80 in the array [132, 80, 40, 22, 75, 25, 146, 24, 11]?",2,4,1,3,C) 1,"Linear search checks each element in order; 80 is found at index 1 (0-based) in [132, 80, 40, 22, 75, 25, 146, 24, 11].",Algorithms & Data Structures,Searching
"Using linear search, what is the index (0-based) of 89 in the array [67, 89, 54, 196, 21, 84, 178, 100, 166, 105, 76, 146]?",0,3,1,2,C) 1,"Linear search checks each element in order; 89 is found at index 1 (0-based) in [67, 89, 54, 196, 21, 84, 178, 100, 166, 105, 76, 146].",Algorithms & Data Structures,Searching
"Using binary search on the sorted array [22, 38, 49, 52, 70, 88, 90, 130, 140, 149, 166, 188, 192, 202, 208, 210, 235, 271, 280, 288, 301, 308, 332, 377, 384, 391, 412, 414, 427, 440, 450], how many comparisons are needed to find 271?",6,4,3,5,B) 4,Binary search halves the search space each comparison; finding 271 in this array takes 4 comparison(s).,Algorithms & Data Structures,Searching
A stack starts empty. After performing: push(23); pop(); push(21); push(3); pop() — what is on top of the stack?,26,43,21,79,C) 21,Following LIFO order through these operations leaves 21 on top of the stack.,Algorithms & Data Structures,Stacks
"Using linear search, what is the index (0-based) of 176 in the array [131, 4, 119, 59, 50, 176, 108, 88]?",2,3,7,5,D) 5,"Linear search checks each element in order; 176 is found at index 5 (0-based) in [131, 4, 119, 59, 50, 176, 108, 88].",Algorithms & Data Structures,Searching
A stack starts empty. After performing: push(12); push(73); push(77); push(9); push(18); pop() — what is on top of the stack?,9,55,61,21,A) 9,Following LIFO order through these operations leaves 9 on top of the stack.,Algorithms & Data Structures,Stacks
"After one full pass of bubble sort on the array [97, 43, 56, 98, 25], what does the array look like?","[25, 98, 56, 43, 97]","[25, 43, 56, 97, 98]","[97, 43, 56, 98, 25]","[43, 56, 97, 25, 98]","D) [43, 56, 97, 25, 98]","In one pass of bubble sort, each pair of adjacent elements is compared and swapped if out of order, resulting in [43, 56, 97, 25, 98].",Algorithms & Data Structures,Sorting
A stack starts empty. After performing: push(78); push(16); pop(); push(76) — what is on top of the stack?,34,46,34,76,D) 76,Following LIFO order through these operations leaves 76 on top of the stack.,Algorithms & Data Structures,Stacks
"Using binary search on the sorted array [9, 35, 40, 94, 114, 117, 143, 146, 149, 154, 156, 167, 218, 219, 283, 285, 297, 315, 320, 325, 365, 373, 378, 380, 396, 428, 453, 455, 479, 482, 496], how many comparisons are needed to find 146?",3,2,1,4,B) 2,Binary search halves the search space each comparison; finding 146 in this array takes 2 comparison(s).,Algorithms & Data Structures,Searching
"Using linear search, what is the index (0-based) of 78 in the array [78, 53, 82, 133, 144]?",1,0,2,3,B) 0,"Linear search checks each element in order; 78 is found at index 0 (0-based) in [78, 53, 82, 133, 144].",Algorithms & Data Structures,Searching
"Using linear search, what is the index (0-based) of 78 in the array [83, 45, 149, 152, 78, 14]?",6,4,1,3,B) 4,"Linear search checks each element in order; 78 is found at index 4 (0-based) in [83, 45, 149, 152, 78, 14].",Algorithms & Data Structures,Searching
"After one full pass of bubble sort on the array [2, 68, 62, 58], what does the array look like?","[2, 68, 62, 58]","[2, 62, 58, 68]","[2, 58, 62, 68]","[58, 62, 68, 2]","B) [2, 62, 58, 68]","In one pass of bubble sort, each pair of adjacent elements is compared and swapped if out of order, resulting in [2, 62, 58, 68].",Algorithms & Data Structures,Sorting
A stack starts empty. After performing: push(66); push(35); push(4); push(32); pop() — what is on top of the stack?,66,24,9,4,D) 4,Following LIFO order through these operations leaves 4 on top of the stack.,Algorithms & Data Structures,Stacks
"Using binary search on the sorted array [2, 6, 18, 66, 70, 72, 76, 88, 118, 163, 173, 177, 179, 180, 199, 207, 278, 284, 302, 327, 348, 361, 363, 368, 370, 400, 414, 420, 452, 480, 486], how many comparisons are needed to find 18?",4,7,6,5,D) 5,Binary search halves the search space each comparison; finding 18 in this array takes 5 comparison(s).,Algorithms & Data Structures,Searching
A stack starts empty. After performing: push(85); push(75); push(72); pop(); pop(); pop() — what is on top of the stack?,19,Stack is empty,24,83,B) Stack is empty,Following LIFO order through these operations leaves Stack is empty on top of the stack.,Algorithms & Data Structures,Stacks
A stack starts empty. After performing: push(85); push(13); pop(); push(68); push(76) — what is on top of the stack?,20,76,5,91,B) 76,Following LIFO order through these operations leaves 76 on top of the stack.,Algorithms & Data Structures,Stacks
"Using linear search, what is the index (0-based) of 53 in the array [92, 53, 175, 107, 29, 130, 67, 148, 114, 125, 32, 197]?",4,0,3,1,D) 1,"Linear search checks each element in order; 53 is found at index 1 (0-based) in [92, 53, 175, 107, 29, 130, 67, 148, 114, 125, 32, 197].",Algorithms & Data Structures,Searching
A stack starts empty. After performing: push(4); pop(); push(54); push(31); push(30) — what is on top of the stack?,30,52,44,89,A) 30,Following LIFO order through these operations leaves 30 on top of the stack.,Algorithms & Data Structures,Stacks
"After one full pass of bubble sort on the array [56, 2, 32, 45], what does the array look like?","[2, 32, 45, 56]","[56, 2, 32, 45]","[45, 32, 2, 56]","[2, 32, 45, 56]","A) [2, 32, 45, 56]","In one pass of bubble sort, each pair of adjacent elements is compared and swapped if out of order, resulting in [2, 32, 45, 56].",Algorithms & Data Structures,Sorting
What is quicksort?,A data structure that follows First-In-First-Out (FIFO) order,A divide-and-conquer sorting algorithm that uses a pivot element,A collection of nodes (vertices) connected by edges,The topmost node in a tree data structure,B) A divide-and-conquer sorting algorithm that uses a pivot element,"Quicksort selects a pivot element and partitions the array around it, recursively sorting the partitions.",Algorithms & Data Structures,Sorting
"Using binary search on the sorted array [60, 73, 76, 81, 88, 283, 418], how many comparisons are needed to find 88?",2,4,5,3,D) 3,Binary search halves the search space each comparison; finding 88 in this array takes 3 comparison(s).,Algorithms & Data Structures,Searching
A stack starts empty. After performing: push(40); push(4); pop(); pop(); push(12) — what is on top of the stack?,12,72,89,30,A) 12,Following LIFO order through these operations leaves 12 on top of the stack.,Algorithms & Data Structures,Stacks
"Using binary search on the sorted array [89, 152, 316, 424, 431, 436, 493], how many comparisons are needed to find 436?",1,3,2,4,C) 2,Binary search halves the search space each comparison; finding 436 in this array takes 2 comparison(s).,Algorithms & Data Structures,Searching
A stack starts empty. After performing: push(7); pop(); push(46); pop(); push(99); pop() — what is on top of the stack?,96,Stack is empty,79,92,B) Stack is empty,Following LIFO order through these operations leaves Stack is empty on top of the stack.,Algorithms & Data Structures,Stacks
A stack starts empty. After performing: push(68); push(28); pop(); push(90); push(85); push(66) — what is on top of the stack?,42,74,82,66,D) 66,Following LIFO order through these operations leaves 66 on top of the stack.,Algorithms & Data Structures,Stacks
A stack starts empty. After performing: push(62); push(41); pop(); pop(); push(17); push(75) — what is on top of the stack?,81,75,31,74,B) 75,Following LIFO order through these operations leaves 75 on top of the stack.,Algorithms & Data Structures,Stacks
"After one full pass of bubble sort on the array [38, 47, 40, 26, 19, 4], what does the array look like?","[38, 40, 26, 19, 4, 47]","[4, 19, 26, 38, 40, 47]","[4, 19, 26, 40, 47, 38]","[38, 47, 40, 26, 19, 4]","A) [38, 40, 26, 19, 4, 47]","In one pass of bubble sort, each pair of adjacent elements is compared and swapped if out of order, resulting in [38, 40, 26, 19, 4, 47].",Algorithms & Data Structures,Sorting
"Using binary search on the sorted array [6, 45, 78, 111, 113, 114, 139, 164, 168, 233, 243, 248, 249, 254, 267, 307, 339, 351, 353, 372, 379, 403, 413, 417, 422, 439, 441, 449, 460, 464, 490], how many comparisons are needed to find 441?",3,6,4,5,D) 5,Binary search halves the search space each comparison; finding 441 in this array takes 5 comparison(s).,Algorithms & Data Structures,Searching
A stack starts empty. After performing: push(75); push(71); pop(); push(21); pop(); pop() — what is on top of the stack?,7,Stack is empty,4,75,B) Stack is empty,Following LIFO order through these operations leaves Stack is empty on top of the stack.,Algorithms & Data Structures,Stacks
"Using binary search on the sorted array [35, 40, 172, 176, 187, 199, 212, 307, 323, 325, 380, 395, 436, 452, 455], how many comparisons are needed to find 35?",3,4,5,6,B) 4,Binary search halves the search space each comparison; finding 35 in this array takes 4 comparison(s).,Algorithms & Data Structures,Searching
A queue starts empty. After performing: enqueue(10); dequeue(); enqueue(87); dequeue(); enqueue(84); enqueue(17) — what is at the front of the queue?,52,23,72,84,D) 84,Following FIFO order through these operations leaves 84 at the front of the queue.,Algorithms & Data Structures,Queues
"Using binary search on the sorted array [37, 80, 89, 99, 110, 174, 327], how many comparisons are needed to find 110?",5,3,2,1,B) 3,Binary search halves the search space each comparison; finding 110 in this array takes 3 comparison(s).,Algorithms & Data Structures,Searching
"Using linear search, what is the index (0-based) of 140 in the array [156, 129, 51, 64, 153, 37, 178, 102, 87, 140]?",9,8,6,12,A) 9,"Linear search checks each element in order; 140 is found at index 9 (0-based) in [156, 129, 51, 64, 153, 37, 178, 102, 87, 140].",Algorithms & Data Structures,Searching
"Using binary search on the sorted array [9, 24, 45, 49, 86, 111, 129, 146, 164, 173, 188, 193, 203, 222, 229, 243, 249, 255, 268, 297, 332, 368, 383, 409, 413, 417, 450, 452, 467, 476, 489], how many comparisons are needed to find 467?",3,4,6,5,D) 5,Binary search halves the search space each comparison; finding 467 in this array takes 5 comparison(s).,Algorithms & Data Structures,Searching
A stack starts empty. After performing: push(91); push(70); pop(); push(44) — what is on top of the stack?,20,50,44,35,C) 44,Following LIFO order through these operations leaves 44 on top of the stack.,Algorithms & Data Structures,Stacks
"After one full pass of bubble sort on the array [43, 9, 89, 49], what does the array look like?","[43, 9, 89, 49]","[9, 43, 49, 89]","[9, 43, 49, 89]","[49, 89, 9, 43]","B) [9, 43, 49, 89]","In one pass of bubble sort, each pair of adjacent elements is compared and swapped if out of order, resulting in [9, 43, 49, 89].",Algorithms & Data Structures,Sorting
"After one full pass of bubble sort on the array [1, 8, 66, 59, 45, 30, 97], what does the array look like?","[97, 30, 45, 59, 66, 8, 1]","[1, 8, 30, 45, 59, 66, 97]","[1, 8, 59, 45, 30, 66, 97]","[1, 8, 66, 59, 45, 30, 97]","C) [1, 8, 59, 45, 30, 66, 97]","In one pass of bubble sort, each pair of adjacent elements is compared and swapped if out of order, resulting in [1, 8, 59, 45, 30, 66, 97].",Algorithms & Data Structures,Sorting
A stack starts empty. After performing: push(49); pop(); push(95); push(51); pop(); push(5) — what is on top of the stack?,60,10,5,84,C) 5,Following LIFO order through these operations leaves 5 on top of the stack.,Algorithms & Data Structures,Stacks
A queue starts empty. After performing: enqueue(77); dequeue(); enqueue(56); dequeue() — what is at the front of the queue?,55,86,Queue is empty,68,C) Queue is empty,Following FIFO order through these operations leaves Queue is empty at the front of the queue.,Algorithms & Data Structures,Queues
A stack starts empty. After performing: push(13); pop(); push(21); pop() — what is on top of the stack?,Stack is empty,52,26,63,A) Stack is empty,Following LIFO order through these operations leaves Stack is empty on top of the stack.,Algorithms & Data Structures,Stacks
"Using binary search on the sorted array [10, 22, 84, 97, 111, 118, 119, 122, 124, 126, 136, 149, 183, 191, 200, 225, 263, 271, 302, 316, 317, 328, 338, 345, 358, 361, 384, 393, 411, 422, 481], how many comparisons are needed to find 358?",3,5,6,4,B) 5,Binary search halves the search space each comparison; finding 358 in this array takes 5 comparison(s).,Algorithms & Data Structures,Searching
"After one full pass of bubble sort on the array [39, 8, 11, 53, 40, 46, 26], what does the array look like?","[8, 11, 26, 39, 40, 46, 53]","[26, 46, 40, 53, 11, 8, 39]","[8, 11, 39, 40, 46, 26, 53]","[39, 8, 11, 53, 40, 46, 26]","C) [8, 11, 39, 40, 46, 26, 53]","In one pass of bubble sort, each pair of adjacent elements is compared and swapped if out of order, resulting in [8, 11, 39, 40, 46, 26, 53].",Algorithms & Data Structures,Sorting
"After one full pass of bubble sort on the array [69, 60, 49, 75, 32, 95, 35], what does the array look like?","[60, 49, 69, 32, 75, 35, 95]","[35, 95, 32, 75, 49, 60, 69]","[69, 60, 49, 75, 32, 95, 35]","[32, 35, 49, 60, 69, 75, 95]","A) [60, 49, 69, 32, 75, 35, 95]","In one pass of bubble sort, each pair of adjacent elements is compared and swapped if out of order, resulting in [60, 49, 69, 32, 75, 35, 95].",Algorithms & Data Structures,Sorting
"After one full pass of bubble sort on the array [48, 15, 37, 35], what does the array look like?","[15, 35, 37, 48]","[48, 15, 37, 35]","[15, 37, 35, 48]","[35, 37, 15, 48]","C) [15, 37, 35, 48]","In one pass of bubble sort, each pair of adjacent elements is compared and swapped if out of order, resulting in [15, 37, 35, 48].",Algorithms & Data Structures,Sorting
"After one full pass of bubble sort on the array [85, 88, 77, 44, 86, 93, 62], what does the array look like?","[62, 93, 86, 44, 77, 88, 85]","[85, 77, 44, 86, 88, 62, 93]","[85, 88, 77, 44, 86, 93, 62]","[44, 62, 77, 85, 86, 88, 93]","B) [85, 77, 44, 86, 88, 62, 93]","In one pass of bubble sort, each pair of adjacent elements is compared and swapped if out of order, resulting in [85, 77, 44, 86, 88, 62, 93].",Algorithms & Data Structures,Sorting
"After one full pass of bubble sort on the array [86, 89, 64, 24], what does the array look like?","[24, 64, 89, 86]","[86, 64, 24, 89]","[86, 89, 64, 24]","[24, 64, 86, 89]","B) [86, 64, 24, 89]","In one pass of bubble sort, each pair of adjacent elements is compared and swapped if out of order, resulting in [86, 64, 24, 89].",Algorithms & Data Structures,Sorting
"After one full pass of bubble sort on the array [58, 83, 51, 5], what does the array look like?","[5, 51, 83, 58]","[58, 83, 51, 5]","[58, 51, 5, 83]","[5, 51, 58, 83]","C) [58, 51, 5, 83]","In one pass of bubble sort, each pair of adjacent elements is compared and swapped if out of order, resulting in [58, 51, 5, 83].",Algorithms & Data Structures,Sorting
"Using linear search, what is the index (0-based) of 1 in the array [156, 65, 121, 99, 144, 153, 1, 54, 66]?",5,7,6,9,C) 6,"Linear search checks each element in order; 1 is found at index 6 (0-based) in [156, 65, 121, 99, 144, 153, 1, 54, 66].",Algorithms & Data Structures,Searching
"After one full pass of bubble sort on the array [75, 86, 29, 8, 88, 38, 62], what does the array look like?","[75, 86, 29, 8, 88, 38, 62]","[8, 29, 38, 62, 75, 86, 88]","[75, 29, 8, 86, 38, 62, 88]","[62, 38, 88, 8, 29, 86, 75]","C) [75, 29, 8, 86, 38, 62, 88]","In one pass of bubble sort, each pair of adjacent elements is compared and swapped if out of order, resulting in [75, 29, 8, 86, 38, 62, 88].",Algorithms & Data Structures,Sorting
"After one full pass of bubble sort on the array [92, 46, 38, 29, 26], what does the array look like?","[92, 46, 38, 29, 26]","[46, 38, 29, 26, 92]","[26, 29, 38, 46, 92]","[26, 29, 38, 46, 92]","B) [46, 38, 29, 26, 92]","In one pass of bubble sort, each pair of adjacent elements is compared and swapped if out of order, resulting in [46, 38, 29, 26, 92].",Algorithms & Data Structures,Sorting
"Using binary search on the sorted array [90, 124, 138, 142, 166, 205, 214, 239, 245, 273, 359, 361, 364, 385, 475], how many comparisons are needed to find 273?",3,1,5,2,A) 3,Binary search halves the search space each comparison; finding 273 in this array takes 3 comparison(s).,Algorithms & Data Structures,Searching
"Using linear search, what is the index (0-based) of 14 in the array [13, 109, 199, 144, 14]?",5,4,1,7,B) 4,"Linear search checks each element in order; 14 is found at index 4 (0-based) in [13, 109, 199, 144, 14].",Algorithms & Data Structures,Searching
A queue starts empty. After performing: enqueue(51); enqueue(5); enqueue(75); enqueue(99); enqueue(80); enqueue(81) — what is at the front of the queue?,24,97,60,51,D) 51,Following FIFO order through these operations leaves 51 at the front of the queue.,Algorithms & Data Structures,Queues
A stack starts empty. After performing: push(58); pop(); push(40); push(7); push(86) — what is on top of the stack?,46,6,86,96,C) 86,Following LIFO order through these operations leaves 86 on top of the stack.,Algorithms & Data Structures,Stacks
"Using linear search, what is the index (0-based) of 168 in the array [98, 168, 13, 108, 81, 171, 77, 103, 147, 175, 110, 79]?",1,4,2,3,A) 1,"Linear search checks each element in order; 168 is found at index 1 (0-based) in [98, 168, 13, 108, 81, 171, 77, 103, 147, 175, 110, 79].",Algorithms & Data Structures,Searching
"After one full pass of bubble sort on the array [94, 19, 59, 69, 68], what does the array look like?","[68, 69, 59, 19, 94]","[19, 59, 69, 68, 94]","[94, 19, 59, 69, 68]","[19, 59, 68, 69, 94]","B) [19, 59, 69, 68, 94]","In one pass of bubble sort, each pair of adjacent elements is compared and swapped if out of order, resulting in [19, 59, 69, 68, 94].",Algorithms & Data Structures,Sorting
A stack starts empty. After performing: push(50); push(2); push(64); pop(); pop() — what is on top of the stack?,97,50,28,22,B) 50,Following LIFO order through these operations leaves 50 on top of the stack.,Algorithms & Data Structures,Stacks
"Using binary search on the sorted array [31, 38, 56, 58, 67, 75, 92, 109, 153, 157, 164, 176, 177, 203, 250, 259, 267, 272, 280, 302, 323, 334, 359, 374, 390, 392, 445, 484, 485, 488, 499], how many comparisons are needed to find 259?",2,3,1,4,C) 1,Binary search halves the search space each comparison; finding 259 in this array takes 1 comparison(s).,Algorithms & Data Structures,Searching
A stack starts empty. After performing: push(36); push(76); pop(); push(83); pop(); push(54) — what is on top of the stack?,3,54,11,25,B) 54,Following LIFO order through these operations leaves 54 on top of the stack.,Algorithms & Data Structures,Stacks
Which of the following best describes algorithm complexity?,A tree data structure in which each node has at most two children,A measure of how an algorithm's running time grows with input size,A connection between two nodes (vertices) in a graph,A measure of the resources (time or space) an algorithm requires,D) A measure of the resources (time or space) an algorithm requires,Algorithm complexity measures how the time or space required by an algorithm grows with the size of its input.,Algorithms & Data Structures,Algorithm Complexity
"Using binary search on the sorted array [10, 61, 64, 90, 176, 231, 247, 290, 350, 353, 391, 406, 436, 437, 461], how many comparisons are needed to find 231?",4,1,3,2,C) 3,Binary search halves the search space each comparison; finding 231 in this array takes 3 comparison(s).,Algorithms & Data Structures,Searching
"After one full pass of bubble sort on the array [21, 75, 77, 6], what does the array look like?","[6, 21, 75, 77]","[21, 75, 77, 6]","[6, 77, 75, 21]","[21, 75, 6, 77]","D) [21, 75, 6, 77]","In one pass of bubble sort, each pair of adjacent elements is compared and swapped if out of order, resulting in [21, 75, 6, 77].",Algorithms & Data Structures,Sorting
"After one full pass of bubble sort on the array [28, 52, 25, 47, 27, 41], what does the array look like?","[28, 52, 25, 47, 27, 41]","[41, 27, 47, 25, 52, 28]","[28, 25, 47, 27, 41, 52]","[25, 27, 28, 41, 47, 52]","C) [28, 25, 47, 27, 41, 52]","In one pass of bubble sort, each pair of adjacent elements is compared and swapped if out of order, resulting in [28, 25, 47, 27, 41, 52].",Algorithms & Data Structures,Sorting
"Using binary search on the sorted array [4, 57, 143, 327, 351, 432, 442], how many comparisons are needed to find 442?",1,4,5,3,D) 3,Binary search halves the search space each comparison; finding 442 in this array takes 3 comparison(s).,Algorithms & Data Structures,Searching
A queue starts empty. After performing: enqueue(92); enqueue(53); dequeue(); enqueue(19) — what is at the front of the queue?,91,72,53,7,C) 53,Following FIFO order through these operations leaves 53 at the front of the queue.,Algorithms & Data Structures,Queues
A queue starts empty. After performing: enqueue(78); enqueue(47); enqueue(89); enqueue(49); enqueue(57); enqueue(50) — what is at the front of the queue?,78,76,75,26,A) 78,Following FIFO order through these operations leaves 78 at the front of the queue.,Algorithms & Data Structures,Queues
"Using binary search on the sorted array [28, 30, 38, 184, 262, 299, 312, 313, 333, 343, 344, 373, 430, 432, 488], how many comparisons are needed to find 333?",6,4,3,5,B) 4,Binary search halves the search space each comparison; finding 333 in this array takes 4 comparison(s).,Algorithms & Data Structures,Searching
A stack starts empty. After performing: push(56); push(61); push(95); push(49) — what is on top of the stack?,40,13,49,11,C) 49,Following LIFO order through these operations leaves 49 on top of the stack.,Algorithms & Data Structures,Stacks
"After one full pass of bubble sort on the array [68, 34, 19, 18, 42], what does the array look like?","[18, 19, 34, 42, 68]","[42, 18, 19, 34, 68]","[34, 19, 18, 42, 68]","[68, 34, 19, 18, 42]","C) [34, 19, 18, 42, 68]","In one pass of bubble sort, each pair of adjacent elements is compared and swapped if out of order, resulting in [34, 19, 18, 42, 68].",Algorithms & Data Structures,Sorting
"After one full pass of bubble sort on the array [61, 52, 73, 78], what does the array look like?","[52, 61, 73, 78]","[52, 61, 73, 78]","[78, 73, 52, 61]","[61, 52, 73, 78]","A) [52, 61, 73, 78]","In one pass of bubble sort, each pair of adjacent elements is compared and swapped if out of order, resulting in [52, 61, 73, 78].",Algorithms & Data Structures,Sorting
A stack starts empty. After performing: push(19); push(77); push(33); pop(); pop() — what is on top of the stack?,7,33,63,19,D) 19,Following LIFO order through these operations leaves 19 on top of the stack.,Algorithms & Data Structures,Stacks
A stack starts empty. After performing: push(79); push(97); pop(); push(24) — what is on top of the stack?,22,60,91,24,D) 24,Following LIFO order through these operations leaves 24 on top of the stack.,Algorithms & Data Structures,Stacks
Which of the following best describes insertion sort?,A divide-and-conquer sorting algorithm that merges sorted subarrays,A divide-and-conquer sorting algorithm that uses a pivot element,A search algorithm that repeatedly divides a sorted list in half,A sorting algorithm that builds a sorted list one item at a time,D) A sorting algorithm that builds a sorted list one item at a time,"Insertion sort builds a sorted array one element at a time, inserting each new element into its correct position.",Algorithms & Data Structures,Sorting
A queue starts empty. After performing: enqueue(43); dequeue(); enqueue(23); dequeue() — what is at the front of the queue?,Queue is empty,71,95,71,A) Queue is empty,Following FIFO order through these operations leaves Queue is empty at the front of the queue.,Algorithms & Data Structures,Queues
A queue starts empty. After performing: enqueue(35); enqueue(24); dequeue(); dequeue(); enqueue(61) — what is at the front of the queue?,8,22,18,61,D) 61,Following FIFO order through these operations leaves 61 at the front of the queue.,Algorithms & Data Structures,Queues
"Using linear search, what is the index (0-based) of 27 in the array [89, 27, 80, 52, 134, 149, 161, 47, 19]?",1,0,4,2,A) 1,"Linear search checks each element in order; 27 is found at index 1 (0-based) in [89, 27, 80, 52, 134, 149, 161, 47, 19].",Algorithms & Data Structures,Searching
A stack starts empty. After performing: push(4); push(14); pop(); push(43); push(75) — what is on top of the stack?,69,27,75,89,C) 75,Following LIFO order through these operations leaves 75 on top of the stack.,Algorithms & Data Structures,Stacks
"Using binary search on the sorted array [17, 31, 36, 42, 44, 46, 56, 62, 64, 98, 102, 103, 134, 152, 164, 169, 199, 239, 268, 294, 314, 323, 334, 358, 384, 400, 423, 438, 456, 482, 487], how many comparisons are needed to find 487?",6,7,3,5,D) 5,Binary search halves the search space each comparison; finding 487 in this array takes 5 comparison(s).,Algorithms & Data Structures,Searching
"Using binary search on the sorted array [20, 23, 72, 82, 135, 138, 148, 159, 222, 240, 268, 342, 391, 457, 473], how many comparisons are needed to find 148?",4,6,3,2,A) 4,Binary search halves the search space each comparison; finding 148 in this array takes 4 comparison(s).,Algorithms & Data Structures,Searching
"Using binary search on the sorted array [77, 161, 273, 299, 343, 387, 451], how many comparisons are needed to find 343?",1,3,5,2,B) 3,Binary search halves the search space each comparison; finding 343 in this array takes 3 comparison(s).,Algorithms & Data Structures,Searching
A stack starts empty. After performing: push(56); pop(); push(85); pop() — what is on top of the stack?,90,46,76,Stack is empty,D) Stack is empty,Following LIFO order through these operations leaves Stack is empty on top of the stack.,Algorithms & Data Structures,Stacks
"Using linear search, what is the index (0-based) of 136 in the array [136, 60, 117, 107, 162]?",2,0,3,1,B) 0,"Linear search checks each element in order; 136 is found at index 0 (0-based) in [136, 60, 117, 107, 162].",Algorithms & Data Structures,Searching
"After one full pass of bubble sort on the array [8, 2, 80, 81, 53, 37, 62], what does the array look like?","[2, 8, 80, 53, 37, 62, 81]","[8, 2, 80, 81, 53, 37, 62]","[2, 8, 37, 53, 62, 80, 81]","[62, 37, 53, 81, 80, 2, 8]","A) [2, 8, 80, 53, 37, 62, 81]","In one pass of bubble sort, each pair of adjacent elements is compared and swapped if out of order, resulting in [2, 8, 80, 53, 37, 62, 81].",Algorithms & Data Structures,Sorting
"Using linear search, what is the index (0-based) of 108 in the array [94, 112, 193, 120, 108]?",7,4,1,5,B) 4,"Linear search checks each element in order; 108 is found at index 4 (0-based) in [94, 112, 193, 120, 108].",Algorithms & Data Structures,Searching
"After one full pass of bubble sort on the array [1, 24, 74, 62, 37, 8], what does the array look like?","[1, 24, 62, 37, 8, 74]","[1, 8, 24, 37, 62, 74]","[8, 37, 62, 74, 24, 1]","[1, 24, 74, 62, 37, 8]","A) [1, 24, 62, 37, 8, 74]","In one pass of bubble sort, each pair of adjacent elements is compared and swapped if out of order, resulting in [1, 24, 62, 37, 8, 74].",Algorithms & Data Structures,Sorting
"After one full pass of bubble sort on the array [51, 88, 45, 62], what does the array look like?","[51, 88, 45, 62]","[62, 45, 88, 51]","[51, 45, 62, 88]","[45, 51, 62, 88]","C) [51, 45, 62, 88]","In one pass of bubble sort, each pair of adjacent elements is compared and swapped if out of order, resulting in [51, 45, 62, 88].",Algorithms & Data Structures,Sorting
A queue starts empty. After performing: enqueue(9); enqueue(76); dequeue(); enqueue(86); dequeue() — what is at the front of the queue?,86,1,40,23,A) 86,Following FIFO order through these operations leaves 86 at the front of the queue.,Algorithms & Data Structures,Queues
"Using binary search on the sorted array [23, 97, 142, 147, 171, 218, 294, 330, 345, 348, 385, 386, 433, 448, 463], how many comparisons are needed to find 386?",2,3,4,1,A) 2,Binary search halves the search space each comparison; finding 386 in this array takes 2 comparison(s).,Algorithms & Data Structures,Searching
A queue starts empty. After performing: enqueue(43); enqueue(81); enqueue(53); enqueue(87) — what is at the front of the queue?,72,67,43,52,C) 43,Following FIFO order through these operations leaves 43 at the front of the queue.,Algorithms & Data Structures,Queues
A queue starts empty. After performing: enqueue(26); enqueue(13); dequeue(); enqueue(68) — what is at the front of the queue?,13,52,71,45,A) 13,Following FIFO order through these operations leaves 13 at the front of the queue.,Algorithms & Data Structures,Queues
"Using binary search on the sorted array [25, 41, 58, 74, 114, 125, 126, 130, 145, 152, 196, 229, 241, 263, 274, 280, 281, 301, 317, 380, 390, 394, 396, 412, 417, 419, 421, 446, 455, 469, 495], how many comparisons are needed to find 390?",6,5,3,7,B) 5,Binary search halves the search space each comparison; finding 390 in this array takes 5 comparison(s).,Algorithms & Data Structures,Searching
A stack starts empty. After performing: push(29); pop(); push(86); push(58); push(1) — what is on top of the stack?,46,79,42,1,D) 1,Following LIFO order through these operations leaves 1 on top of the stack.,Algorithms & Data Structures,Stacks
"Using binary search on the sorted array [11, 27, 87, 93, 101, 113, 131, 143, 154, 160, 173, 190, 217, 230, 273, 276, 289, 300, 306, 317, 370, 386, 389, 413, 415, 428, 433, 436, 437, 446, 483], how many comparisons are needed to find 415?",3,7,4,5,D) 5,Binary search halves the search space each comparison; finding 415 in this array takes 5 comparison(s).,Algorithms & Data Structures,Searching
"After one full pass of bubble sort on the array [11, 28, 82, 49, 32], what does the array look like?","[11, 28, 32, 49, 82]","[32, 49, 82, 28, 11]","[11, 28, 82, 49, 32]","[11, 28, 49, 32, 82]","D) [11, 28, 49, 32, 82]","In one pass of bubble sort, each pair of adjacent elements is compared and swapped if out of order, resulting in [11, 28, 49, 32, 82].",Algorithms & Data Structures,Sorting
"Using linear search, what is the index (0-based) of 199 in the array [9, 177, 115, 64, 199, 139]?",5,4,6,7,B) 4,"Linear search checks each element in order; 199 is found at index 4 (0-based) in [9, 177, 115, 64, 199, 139].",Algorithms & Data Structures,Searching
"Using linear search, what is the index (0-based) of 126 in the array [71, 73, 154, 184, 198, 153, 101, 126]?",6,8,10,7,D) 7,"Linear search checks each element in order; 126 is found at index 7 (0-based) in [71, 73, 154, 184, 198, 153, 101, 126].",Algorithms & Data Structures,Searching
"Using binary search on the sorted array [120, 196, 200, 325, 373, 474, 481], how many comparisons are needed to find 196?",1,3,2,4,C) 2,Binary search halves the search space each comparison; finding 196 in this array takes 2 comparison(s).,Algorithms & Data Structures,Searching
A queue starts empty. After performing: enqueue(21); dequeue(); enqueue(97); enqueue(70); dequeue() — what is at the front of the queue?,35,70,39,11,B) 70,Following FIFO order through these operations leaves 70 at the front of the queue.,Algorithms & Data Structures,Queues
"Using linear search, what is the index (0-based) of 152 in the array [68, 76, 2, 152, 120, 155, 73, 180, 125, 163, 161]?",3,1,5,6,A) 3,"Linear search checks each element in order; 152 is found at index 3 (0-based) in [68, 76, 2, 152, 120, 155, 73, 180, 125, 163, 161].",Algorithms & Data Structures,Searching
"After one full pass of bubble sort on the array [98, 84, 93, 13], what does the array look like?","[84, 93, 13, 98]","[98, 84, 93, 13]","[13, 84, 93, 98]","[13, 93, 84, 98]","A) [84, 93, 13, 98]","In one pass of bubble sort, each pair of adjacent elements is compared and swapped if out of order, resulting in [84, 93, 13, 98].",Algorithms & Data Structures,Sorting
"Using linear search, what is the index (0-based) of 42 in the array [199, 170, 196, 180, 123, 169, 80, 187, 49, 42, 15, 103]?",12,7,8,9,D) 9,"Linear search checks each element in order; 42 is found at index 9 (0-based) in [199, 170, 196, 180, 123, 169, 80, 187, 49, 42, 15, 103].",Algorithms & Data Structures,Searching
A stack starts empty. After performing: push(45); pop(); push(88); push(88) — what is on top of the stack?,64,88,88,99,B) 88,Following LIFO order through these operations leaves 88 on top of the stack.,Algorithms & Data Structures,Stacks
"Using binary search on the sorted array [68, 92, 131, 160, 454, 458, 484], how many comparisons are needed to find 68?",5,4,3,1,C) 3,Binary search halves the search space each comparison; finding 68 in this array takes 3 comparison(s).,Algorithms & Data Structures,Searching
A stack starts empty. After performing: push(57); pop(); push(48); pop(); push(34); push(69) — what is on top of the stack?,83,18,69,51,C) 69,Following LIFO order through these operations leaves 69 on top of the stack.,Algorithms & Data Structures,Stacks
"Using linear search, what is the index (0-based) of 48 in the array [128, 106, 103, 107, 48, 104, 170, 195, 12]?",2,7,3,4,D) 4,"Linear search checks each element in order; 48 is found at index 4 (0-based) in [128, 106, 103, 107, 48, 104, 170, 195, 12].",Algorithms & Data Structures,Searching
"Using linear search, what is the index (0-based) of 53 in the array [189, 156, 22, 146, 53, 125, 131]?",2,7,4,3,C) 4,"Linear search checks each element in order; 53 is found at index 4 (0-based) in [189, 156, 22, 146, 53, 125, 131].",Algorithms & Data Structures,Searching
A stack starts empty. After performing: push(75); push(37); push(7); push(27); push(17); push(39) — what is on top of the stack?,66,5,39,44,C) 39,Following LIFO order through these operations leaves 39 on top of the stack.,Algorithms & Data Structures,Stacks
"Using binary search on the sorted array [4, 8, 31, 41, 42, 54, 63, 73, 82, 97, 119, 133, 208, 209, 233, 242, 244, 249, 280, 295, 312, 331, 332, 369, 370, 410, 411, 424, 427, 450, 492], how many comparisons are needed to find 42?",3,7,5,4,C) 5,Binary search halves the search space each comparison; finding 42 in this array takes 5 comparison(s).,Algorithms & Data Structures,Searching
"Using linear search, what is the index (0-based) of 76 in the array [133, 193, 76, 17, 173]?",5,1,3,2,D) 2,"Linear search checks each element in order; 76 is found at index 2 (0-based) in [133, 193, 76, 17, 173].",Algorithms & Data Structures,Searching
A stack starts empty. After performing: push(20); pop(); push(85); pop(); push(62) — what is on top of the stack?,78,32,62,31,C) 62,Following LIFO order through these operations leaves 62 on top of the stack.,Algorithms & Data Structures,Stacks
"Using binary search on the sorted array [35, 42, 45, 60, 69, 78, 86, 102, 175, 178, 181, 182, 183, 188, 207, 208, 283, 290, 301, 306, 356, 371, 384, 420, 422, 428, 441, 469, 475, 490, 491], how many comparisons are needed to find 60?",5,3,2,1,B) 3,Binary search halves the search space each comparison; finding 60 in this array takes 3 comparison(s).,Algorithms & Data Structures,Searching
"Using linear search, what is the index (0-based) of 40 in the array [40, 131, 122, 176, 24, 64]?",1,3,2,0,D) 0,"Linear search checks each element in order; 40 is found at index 0 (0-based) in [40, 131, 122, 176, 24, 64].",Algorithms & Data Structures,Searching
"After one full pass of bubble sort on the array [43, 9, 74, 96, 89, 65, 53], what does the array look like?","[9, 43, 74, 89, 65, 53, 96]","[9, 43, 53, 65, 74, 89, 96]","[43, 9, 74, 96, 89, 65, 53]","[53, 65, 89, 96, 74, 9, 43]","A) [9, 43, 74, 89, 65, 53, 96]","In one pass of bubble sort, each pair of adjacent elements is compared and swapped if out of order, resulting in [9, 43, 74, 89, 65, 53, 96].",Algorithms & Data Structures,Sorting
"After one full pass of bubble sort on the array [16, 30, 50, 46, 78, 2, 87], what does the array look like?","[16, 30, 50, 46, 78, 2, 87]","[87, 2, 78, 46, 50, 30, 16]","[16, 30, 46, 50, 2, 78, 87]","[2, 16, 30, 46, 50, 78, 87]","C) [16, 30, 46, 50, 2, 78, 87]","In one pass of bubble sort, each pair of adjacent elements is compared and swapped if out of order, resulting in [16, 30, 46, 50, 2, 78, 87].",Algorithms & Data Structures,Sorting
"Using binary search on the sorted array [2, 20, 30, 57, 91, 181, 190, 280, 312, 375, 382, 411, 461, 473, 478], how many comparisons are needed to find 57?",3,2,1,4,B) 2,Binary search halves the search space each comparison; finding 57 in this array takes 2 comparison(s).,Algorithms & Data Structures,Searching
A queue starts empty. After performing: enqueue(98); dequeue(); enqueue(83); enqueue(31); enqueue(69); dequeue() — what is at the front of the queue?,31,9,72,33,A) 31,Following FIFO order through these operations leaves 31 at the front of the queue.,Algorithms & Data Structures,Queues
"Using linear search, what is the index (0-based) of 122 in the array [40, 68, 185, 76, 5, 129, 195, 122, 120]?",7,9,4,8,A) 7,"Linear search checks each element in order; 122 is found at index 7 (0-based) in [40, 68, 185, 76, 5, 129, 195, 122, 120].",Algorithms & Data Structures,Searching
"After one full pass of bubble sort on the array [2, 97, 42, 44, 49, 12, 7], what does the array look like?","[2, 7, 12, 42, 44, 49, 97]","[7, 12, 49, 44, 42, 97, 2]","[2, 42, 44, 49, 12, 7, 97]","[2, 97, 42, 44, 49, 12, 7]","C) [2, 42, 44, 49, 12, 7, 97]","In one pass of bubble sort, each pair of adjacent elements is compared and swapped if out of order, resulting in [2, 42, 44, 49, 12, 7, 97].",Algorithms & Data Structures,Sorting
A queue starts empty. After performing: enqueue(83); dequeue(); enqueue(3); enqueue(99); enqueue(41) — what is at the front of the queue?,40,3,55,75,B) 3,Following FIFO order through these operations leaves 3 at the front of the queue.,Algorithms & Data Structures,Queues
"After one full pass of bubble sort on the array [4, 51, 80, 37, 84, 38, 64], what does the array look like?","[4, 51, 80, 37, 84, 38, 64]","[4, 51, 37, 80, 38, 64, 84]","[64, 38, 84, 37, 80, 51, 4]","[4, 37, 38, 51, 64, 80, 84]","B) [4, 51, 37, 80, 38, 64, 84]","In one pass of bubble sort, each pair of adjacent elements is compared and swapped if out of order, resulting in [4, 51, 37, 80, 38, 64, 84].",Algorithms & Data Structures,Sorting
"After one full pass of bubble sort on the array [63, 50, 57, 23, 86], what does the array look like?","[50, 57, 23, 63, 86]","[86, 23, 57, 50, 63]","[63, 50, 57, 23, 86]","[23, 50, 57, 63, 86]","A) [50, 57, 23, 63, 86]","In one pass of bubble sort, each pair of adjacent elements is compared and swapped if out of order, resulting in [50, 57, 23, 63, 86].",Algorithms & Data Structures,Sorting
"Using linear search, what is the index (0-based) of 176 in the array [172, 24, 74, 139, 18, 176]?",4,5,2,7,B) 5,"Linear search checks each element in order; 176 is found at index 5 (0-based) in [172, 24, 74, 139, 18, 176].",Algorithms & Data Structures,Searching
"Using linear search, what is the index (0-based) of 88 in the array [88, 100, 90, 91, 153, 67, 191, 177, 192, 75, 172]?",3,2,1,0,D) 0,"Linear search checks each element in order; 88 is found at index 0 (0-based) in [88, 100, 90, 91, 153, 67, 191, 177, 192, 75, 172].",Algorithms & Data Structures,Searching
"After one full pass of bubble sort on the array [5, 4, 54, 23, 77, 93, 96], what does the array look like?","[4, 5, 23, 54, 77, 93, 96]","[96, 93, 77, 23, 54, 4, 5]","[4, 5, 23, 54, 77, 93, 96]","[5, 4, 54, 23, 77, 93, 96]","A) [4, 5, 23, 54, 77, 93, 96]","In one pass of bubble sort, each pair of adjacent elements is compared and swapped if out of order, resulting in [4, 5, 23, 54, 77, 93, 96].",Algorithms & Data Structures,Sorting
A stack starts empty. After performing: push(64); push(55); push(67); pop(); push(11); push(74) — what is on top of the stack?,24,74,52,85,B) 74,Following LIFO order through these operations leaves 74 on top of the stack.,Algorithms & Data Structures,Stacks
"Using linear search, what is the index (0-based) of 95 in the array [55, 70, 165, 44, 95]?",2,6,4,5,C) 4,"Linear search checks each element in order; 95 is found at index 4 (0-based) in [55, 70, 165, 44, 95].",Algorithms & Data Structures,Searching
A queue starts empty. After performing: enqueue(21); dequeue(); enqueue(23); enqueue(86); dequeue(); dequeue() — what is at the front of the queue?,85,Queue is empty,59,28,B) Queue is empty,Following FIFO order through these operations leaves Queue is empty at the front of the queue.,Algorithms & Data Structures,Queues
A queue starts empty. After performing: enqueue(15); dequeue(); enqueue(29); enqueue(71) — what is at the front of the queue?,83,29,88,37,B) 29,Following FIFO order through these operations leaves 29 at the front of the queue.,Algorithms & Data Structures,Queues
"Using linear search, what is the index (0-based) of 15 in the array [39, 186, 196, 8, 167, 15, 55, 80]?",2,5,7,4,B) 5,"Linear search checks each element in order; 15 is found at index 5 (0-based) in [39, 186, 196, 8, 167, 15, 55, 80].",Algorithms & Data Structures,Searching
"Using binary search on the sorted array [8, 18, 38, 41, 48, 49, 136, 173, 179, 203, 229, 230, 236, 243, 252, 305, 309, 310, 313, 370, 371, 390, 401, 404, 412, 418, 422, 423, 434, 438, 457], how many comparisons are needed to find 38?",5,3,6,4,A) 5,Binary search halves the search space each comparison; finding 38 in this array takes 5 comparison(s).,Algorithms & Data Structures,Searching
A queue starts empty. After performing: enqueue(14); enqueue(1); dequeue(); enqueue(60) — what is at the front of the queue?,94,1,65,24,B) 1,Following FIFO order through these operations leaves 1 at the front of the queue.,Algorithms & Data Structures,Queues
"Using linear search, what is the index (0-based) of 120 in the array [33, 30, 9, 93, 14, 120, 67]?",7,3,6,5,D) 5,"Linear search checks each element in order; 120 is found at index 5 (0-based) in [33, 30, 9, 93, 14, 120, 67].",Algorithms & Data Structures,Searching
"Using binary search on the sorted array [4, 9, 21, 57, 74, 75, 85, 100, 123, 128, 136, 153, 167, 209, 224, 226, 259, 272, 302, 314, 344, 350, 358, 369, 370, 415, 439, 453, 467, 481, 485], how many comparisons are needed to find 100?",4,3,2,1,C) 2,Binary search halves the search space each comparison; finding 100 in this array takes 2 comparison(s).,Algorithms & Data Structures,Searching
A queue starts empty. After performing: enqueue(18); dequeue(); enqueue(42); enqueue(77) — what is at the front of the queue?,94,22,79,42,D) 42,Following FIFO order through these operations leaves 42 at the front of the queue.,Algorithms & Data Structures,Queues
A queue starts empty. After performing: enqueue(9); enqueue(76); dequeue(); enqueue(84) — what is at the front of the queue?,76,17,43,83,A) 76,Following FIFO order through these operations leaves 76 at the front of the queue.,Algorithms & Data Structures,Queues
A queue starts empty. After performing: enqueue(85); enqueue(50); enqueue(22); enqueue(85) — what is at the front of the queue?,90,85,68,30,B) 85,Following FIFO order through these operations leaves 85 at the front of the queue.,Algorithms & Data Structures,Queues
"After one full pass of bubble sort on the array [70, 95, 90, 82, 33], what does the array look like?","[70, 95, 90, 82, 33]","[70, 90, 82, 33, 95]","[33, 70, 82, 90, 95]","[33, 82, 90, 95, 70]","B) [70, 90, 82, 33, 95]","In one pass of bubble sort, each pair of adjacent elements is compared and swapped if out of order, resulting in [70, 90, 82, 33, 95].",Algorithms & Data Structures,Sorting
"Using binary search on the sorted array [26, 44, 49, 55, 63, 78, 99, 110, 130, 133, 139, 147, 148, 149, 205, 216, 217, 242, 256, 271, 304, 306, 318, 334, 346, 374, 386, 393, 410, 411, 491], how many comparisons are needed to find 334?",1,2,4,3,B) 2,Binary search halves the search space each comparison; finding 334 in this array takes 2 comparison(s).,Algorithms & Data Structures,Searching
"Using binary search on the sorted array [23, 43, 99, 145, 166, 175, 263, 314, 337, 341, 347, 360, 428, 476, 497], how many comparisons are needed to find 43?",1,5,3,4,C) 3,Binary search halves the search space each comparison; finding 43 in this array takes 3 comparison(s).,Algorithms & Data Structures,Searching
"Using linear search, what is the index (0-based) of 40 in the array [18, 170, 115, 138, 168, 20, 191, 40, 119]?",6,9,5,7,D) 7,"Linear search checks each element in order; 40 is found at index 7 (0-based) in [18, 170, 115, 138, 168, 20, 191, 40, 119].",Algorithms & Data Structures,Searching
"Using binary search on the sorted array [3, 40, 45, 85, 95, 97, 115, 157, 164, 190, 221, 242, 263, 271, 279, 282, 286, 311, 349, 377, 379, 381, 382, 391, 405, 420, 427, 439, 469, 488, 496], how many comparisons are needed to find 379?",6,3,7,5,D) 5,Binary search halves the search space each comparison; finding 379 in this array takes 5 comparison(s).,Algorithms & Data Structures,Searching
A stack starts empty. After performing: push(80); push(79); push(77); push(24); push(59) — what is on top of the stack?,59,12,11,95,A) 59,Following LIFO order through these operations leaves 59 on top of the stack.,Algorithms & Data Structures,Stacks
"Using linear search, what is the index (0-based) of 31 in the array [76, 56, 85, 17, 105, 10, 31, 156, 66, 103, 165]?",9,6,8,4,B) 6,"Linear search checks each element in order; 31 is found at index 6 (0-based) in [76, 56, 85, 17, 105, 10, 31, 156, 66, 103, 165].",Algorithms & Data Structures,Searching
"Using linear search, what is the index (0-based) of 61 in the array [61, 168, 99, 69, 20, 4, 109, 174, 163, 171, 155]?",3,0,1,2,B) 0,"Linear search checks each element in order; 61 is found at index 0 (0-based) in [61, 168, 99, 69, 20, 4, 109, 174, 163, 171, 155].",Algorithms & Data Structures,Searching
A stack starts empty. After performing: push(65); push(61); push(44); pop(); pop() — what is on top of the stack?,54,65,33,43,B) 65,Following LIFO order through these operations leaves 65 on top of the stack.,Algorithms & Data Structures,Stacks
"After one full pass of bubble sort on the array [86, 51, 19, 32, 57, 25], what does the array look like?","[51, 19, 32, 57, 25, 86]","[25, 57, 32, 19, 51, 86]","[86, 51, 19, 32, 57, 25]","[19, 25, 32, 51, 57, 86]","A) [51, 19, 32, 57, 25, 86]","In one pass of bubble sort, each pair of adjacent elements is compared and swapped if out of order, resulting in [51, 19, 32, 57, 25, 86].",Algorithms & Data Structures,Sorting
What is binary search?,A sequence of characters treated as a single data item,A search algorithm that repeatedly divides a sorted list in half,The process of arranging data in a particular order,An operation that adds an element to the back of a queue,B) A search algorithm that repeatedly divides a sorted list in half,"Binary search repeatedly divides a sorted list in half, comparing the target to the middle element to narrow the search.",Algorithms & Data Structures,Searching
"Using linear search, what is the index (0-based) of 24 in the array [39, 48, 158, 76, 24, 148]?",7,5,6,4,D) 4,"Linear search checks each element in order; 24 is found at index 4 (0-based) in [39, 48, 158, 76, 24, 148].",Algorithms & Data Structures,Searching
A queue starts empty. After performing: enqueue(66); enqueue(37); dequeue(); enqueue(57) — what is at the front of the queue?,25,74,16,37,D) 37,Following FIFO order through these operations leaves 37 at the front of the queue.,Algorithms & Data Structures,Queues
A queue starts empty. After performing: enqueue(14); dequeue(); enqueue(47); dequeue(); enqueue(47) — what is at the front of the queue?,47,33,55,28,A) 47,Following FIFO order through these operations leaves 47 at the front of the queue.,Algorithms & Data Structures,Queues
"After one full pass of bubble sort on the array [73, 51, 43, 12], what does the array look like?","[12, 43, 51, 73]","[73, 51, 43, 12]","[12, 43, 51, 73]","[51, 43, 12, 73]","D) [51, 43, 12, 73]","In one pass of bubble sort, each pair of adjacent elements is compared and swapped if out of order, resulting in [51, 43, 12, 73].",Algorithms & Data Structures,Sorting
"Using linear search, what is the index (0-based) of 128 in the array [192, 69, 7, 128, 182, 178, 54, 144, 109, 60, 123, 26]?",4,0,3,2,C) 3,"Linear search checks each element in order; 128 is found at index 3 (0-based) in [192, 69, 7, 128, 182, 178, 54, 144, 109, 60, 123, 26].",Algorithms & Data Structures,Searching
"Using binary search on the sorted array [124, 140, 153, 208, 241, 261, 299, 300, 304, 357, 379, 415, 484, 492, 494], how many comparisons are needed to find 153?",6,4,2,5,B) 4,Binary search halves the search space each comparison; finding 153 in this array takes 4 comparison(s).,Algorithms & Data Structures,Searching
A queue starts empty. After performing: enqueue(50); dequeue(); enqueue(13); dequeue(); enqueue(53); enqueue(20) — what is at the front of the queue?,29,75,54,53,D) 53,Following FIFO order through these operations leaves 53 at the front of the queue.,Algorithms & Data Structures,Queues
"Using binary search on the sorted array [18, 140, 151, 257, 284, 301, 314, 328, 330, 410, 416, 432, 481, 487, 498], how many comparisons are needed to find 432?",1,4,2,3,C) 2,Binary search halves the search space each comparison; finding 432 in this array takes 2 comparison(s).,Algorithms & Data Structures,Searching
A queue starts empty. After performing: enqueue(79); dequeue(); enqueue(66); dequeue(); enqueue(15) — what is at the front of the queue?,77,41,35,15,D) 15,Following FIFO order through these operations leaves 15 at the front of the queue.,Algorithms & Data Structures,Queues
A queue starts empty. After performing: enqueue(12); dequeue(); enqueue(45); dequeue(); enqueue(9); dequeue() — what is at the front of the queue?,12,50,24,Queue is empty,D) Queue is empty,Following FIFO order through these operations leaves Queue is empty at the front of the queue.,Algorithms & Data Structures,Queues
"After one full pass of bubble sort on the array [71, 85, 49, 75, 89], what does the array look like?","[89, 75, 49, 85, 71]","[49, 71, 75, 85, 89]","[71, 49, 75, 85, 89]","[71, 85, 49, 75, 89]","C) [71, 49, 75, 85, 89]","In one pass of bubble sort, each pair of adjacent elements is compared and swapped if out of order, resulting in [71, 49, 75, 85, 89].",Algorithms & Data Structures,Sorting
A stack starts empty. After performing: push(33); push(83); push(80); push(5) — what is on top of the stack?,2,5,81,67,B) 5,Following LIFO order through these operations leaves 5 on top of the stack.,Algorithms & Data Structures,Stacks
A queue starts empty. After performing: enqueue(73); dequeue(); enqueue(31); dequeue(); enqueue(99) — what is at the front of the queue?,92,50,59,99,D) 99,Following FIFO order through these operations leaves 99 at the front of the queue.,Algorithms & Data Structures,Queues
"Using linear search, what is the index (0-based) of 49 in the array [50, 155, 75, 49, 40, 120, 74, 8]?",2,3,5,4,B) 3,"Linear search checks each element in order; 49 is found at index 3 (0-based) in [50, 155, 75, 49, 40, 120, 74, 8].",Algorithms & Data Structures,Searching
"After one full pass of bubble sort on the array [90, 3, 50, 30, 78], what does the array look like?","[90, 3, 50, 30, 78]","[3, 50, 30, 78, 90]","[3, 30, 50, 78, 90]","[78, 30, 50, 3, 90]","B) [3, 50, 30, 78, 90]","In one pass of bubble sort, each pair of adjacent elements is compared and swapped if out of order, resulting in [3, 50, 30, 78, 90].",Algorithms & Data Structures,Sorting
A queue starts empty. After performing: enqueue(87); enqueue(97); enqueue(14); dequeue(); enqueue(56) — what is at the front of the queue?,27,52,6,97,D) 97,Following FIFO order through these operations leaves 97 at the front of the queue.,Algorithms & Data Structures,Queues
"Using binary search on the sorted array [21, 104, 337, 375, 463, 478, 498], how many comparisons are needed to find 337?",3,4,2,5,A) 3,Binary search halves the search space each comparison; finding 337 in this array takes 3 comparison(s).,Algorithms & Data Structures,Searching
"Using binary search on the sorted array [35, 55, 87, 103, 166, 187, 229, 260, 338, 407, 432, 438, 469, 481, 487], how many comparisons are needed to find 35?",5,2,4,3,C) 4,Binary search halves the search space each comparison; finding 35 in this array takes 4 comparison(s).,Algorithms & Data Structures,Searching
"Using linear search, what is the index (0-based) of 148 in the array [199, 131, 87, 148, 173, 103, 102, 67]?",3,2,1,5,A) 3,"Linear search checks each element in order; 148 is found at index 3 (0-based) in [199, 131, 87, 148, 173, 103, 102, 67].",Algorithms & Data Structures,Searching
"Using linear search, what is the index (0-based) of 48 in the array [23, 69, 164, 22, 48]?",4,2,3,6,A) 4,"Linear search checks each element in order; 48 is found at index 4 (0-based) in [23, 69, 164, 22, 48].",Algorithms & Data Structures,Searching
"Using linear search, what is the index (0-based) of 36 in the array [103, 100, 161, 14, 81, 140, 120, 36]?",8,6,7,5,C) 7,"Linear search checks each element in order; 36 is found at index 7 (0-based) in [103, 100, 161, 14, 81, 140, 120, 36].",Algorithms & Data Structures,Searching
"Using linear search, what is the index (0-based) of 149 in the array [68, 124, 149, 168, 59, 128, 125, 54, 74, 127, 58]?",3,4,0,2,D) 2,"Linear search checks each element in order; 149 is found at index 2 (0-based) in [68, 124, 149, 168, 59, 128, 125, 54, 74, 127, 58].",Algorithms & Data Structures,Searching
"After one full pass of bubble sort on the array [89, 73, 98, 27, 43, 39], what does the array look like?","[27, 39, 43, 73, 89, 98]","[73, 89, 27, 43, 39, 98]","[39, 43, 27, 98, 73, 89]","[89, 73, 98, 27, 43, 39]","B) [73, 89, 27, 43, 39, 98]","In one pass of bubble sort, each pair of adjacent elements is compared and swapped if out of order, resulting in [73, 89, 27, 43, 39, 98].",Algorithms & Data Structures,Sorting
A queue starts empty. After performing: enqueue(49); dequeue(); enqueue(87); enqueue(10) — what is at the front of the queue?,87,57,97,65,A) 87,Following FIFO order through these operations leaves 87 at the front of the queue.,Algorithms & Data Structures,Queues
"Using binary search on the sorted array [24, 39, 99, 102, 206, 240, 241, 276, 405, 417, 422, 441, 450, 457, 499], how many comparisons are needed to find 99?",2,5,4,6,C) 4,Binary search halves the search space each comparison; finding 99 in this array takes 4 comparison(s).,Algorithms & Data Structures,Searching
A stack starts empty. After performing: push(15); pop(); push(95); push(86) — what is on top of the stack?,67,23,67,86,D) 86,Following LIFO order through these operations leaves 86 on top of the stack.,Algorithms & Data Structures,Stacks
A queue starts empty. After performing: enqueue(64); enqueue(24); enqueue(97); enqueue(58) — what is at the front of the queue?,62,81,64,81,C) 64,Following FIFO order through these operations leaves 64 at the front of the queue.,Algorithms & Data Structures,Queues
"Using binary search on the sorted array [42, 53, 71, 74, 79, 81, 90, 106, 112, 117, 129, 136, 154, 161, 182, 191, 202, 208, 214, 217, 223, 233, 250, 288, 309, 322, 393, 402, 479, 482, 496], how many comparisons are needed to find 208?",3,6,5,4,D) 4,Binary search halves the search space each comparison; finding 208 in this array takes 4 comparison(s).,Algorithms & Data Structures,Searching
What is dequeue?,An operation that removes an element from the front of a queue,A technique where a function calls itself to solve a problem,A divide-and-conquer sorting algorithm that merges sorted subarrays,A measure of how an algorithm's running time grows with input size,A) An operation that removes an element from the front of a queue,Dequeue is a queue operation that removes and returns the element at the front of the queue.,Algorithms & Data Structures,Queues
A stack starts empty. After performing: push(9); push(79); push(76); pop(); pop() — what is on top of the stack?,9,76,93,96,A) 9,Following LIFO order through these operations leaves 9 on top of the stack.,Algorithms & Data Structures,Stacks
"Using linear search, what is the index (0-based) of 183 in the array [92, 197, 140, 183, 38, 114, 55, 41, 63]?",3,6,4,5,A) 3,"Linear search checks each element in order; 183 is found at index 3 (0-based) in [92, 197, 140, 183, 38, 114, 55, 41, 63].",Algorithms & Data Structures,Searching
"After one full pass of bubble sort on the array [85, 97, 12, 7, 45], what does the array look like?","[85, 12, 7, 45, 97]","[7, 12, 45, 85, 97]","[85, 97, 12, 7, 45]","[45, 7, 12, 97, 85]","A) [85, 12, 7, 45, 97]","In one pass of bubble sort, each pair of adjacent elements is compared and swapped if out of order, resulting in [85, 12, 7, 45, 97].",Algorithms & Data Structures,Sorting
A stack starts empty. After performing: push(22); push(64); pop(); push(34) — what is on top of the stack?,71,78,34,15,C) 34,Following LIFO order through these operations leaves 34 on top of the stack.,Algorithms & Data Structures,Stacks
"Using binary search on the sorted array [38, 46, 67, 155, 178, 308, 385], how many comparisons are needed to find 155?",2,1,3,4,B) 1,Binary search halves the search space each comparison; finding 155 in this array takes 1 comparison(s).,Algorithms & Data Structures,Searching
"After one full pass of bubble sort on the array [73, 67, 65, 95, 70, 59, 58], what does the array look like?","[67, 65, 73, 70, 59, 58, 95]","[58, 59, 70, 95, 65, 67, 73]","[73, 67, 65, 95, 70, 59, 58]","[58, 59, 65, 67, 70, 73, 95]","A) [67, 65, 73, 70, 59, 58, 95]","In one pass of bubble sort, each pair of adjacent elements is compared and swapped if out of order, resulting in [67, 65, 73, 70, 59, 58, 95].",Algorithms & Data Structures,Sorting
"Using binary search on the sorted array [146, 254, 341, 346, 359, 456, 489], how many comparisons are needed to find 341?",3,4,2,5,A) 3,Binary search halves the search space each comparison; finding 341 in this array takes 3 comparison(s).,Algorithms & Data Structures,Searching
"Using linear search, what is the index (0-based) of 178 in the array [70, 162, 47, 41, 57, 178, 30, 175, 33, 88, 184, 9]?",2,5,3,7,B) 5,"Linear search checks each element in order; 178 is found at index 5 (0-based) in [70, 162, 47, 41, 57, 178, 30, 175, 33, 88, 184, 9].",Algorithms & Data Structures,Searching
A stack starts empty. After performing: push(32); push(16); pop(); push(46); pop() — what is on top of the stack?,55,12,32,29,C) 32,Following LIFO order through these operations leaves 32 on top of the stack.,Algorithms & Data Structures,Stacks
"Using linear search, what is the index (0-based) of 44 in the array [13, 16, 155, 132, 19, 20, 44, 179]?",5,3,7,6,D) 6,"Linear search checks each element in order; 44 is found at index 6 (0-based) in [13, 16, 155, 132, 19, 20, 44, 179].",Algorithms & Data Structures,Searching
"After one full pass of bubble sort on the array [20, 61, 64, 18, 73, 98, 43], what does the array look like?","[20, 61, 18, 64, 73, 43, 98]","[20, 61, 64, 18, 73, 98, 43]","[18, 20, 43, 61, 64, 73, 98]","[43, 98, 73, 18, 64, 61, 20]","A) [20, 61, 18, 64, 73, 43, 98]","In one pass of bubble sort, each pair of adjacent elements is compared and swapped if out of order, resulting in [20, 61, 18, 64, 73, 43, 98].",Algorithms & Data Structures,Sorting
A stack starts empty. After performing: push(85); push(24); push(93); push(66); push(37); push(50) — what is on top of the stack?,50,8,13,9,A) 50,Following LIFO order through these operations leaves 50 on top of the stack.,Algorithms & Data Structures,Stacks
"After one full pass of bubble sort on the array [82, 18, 64, 55], what does the array look like?","[18, 55, 64, 82]","[82, 18, 64, 55]","[18, 64, 55, 82]","[55, 64, 18, 82]","C) [18, 64, 55, 82]","In one pass of bubble sort, each pair of adjacent elements is compared and swapped if out of order, resulting in [18, 64, 55, 82].",Algorithms & Data Structures,Sorting
"Using binary search on the sorted array [23, 34, 36, 71, 120, 135, 137, 228, 245, 268, 276, 330, 428, 456, 485], how many comparisons are needed to find 330?",3,1,4,2,D) 2,Binary search halves the search space each comparison; finding 330 in this array takes 2 comparison(s).,Algorithms & Data Structures,Searching
"Using linear search, what is the index (0-based) of 131 in the array [46, 42, 140, 95, 131, 63, 135, 187]?",4,6,1,5,A) 4,"Linear search checks each element in order; 131 is found at index 4 (0-based) in [46, 42, 140, 95, 131, 63, 135, 187].",Algorithms & Data Structures,Searching
A queue starts empty. After performing: enqueue(86); dequeue(); enqueue(52); dequeue(); enqueue(33) — what is at the front of the queue?,18,65,76,33,D) 33,Following FIFO order through these operations leaves 33 at the front of the queue.,Algorithms & Data Structures,Queues
"After one full pass of bubble sort on the array [46, 93, 12, 3, 19, 50, 54], what does the array look like?","[46, 93, 12, 3, 19, 50, 54]","[54, 50, 19, 3, 12, 93, 46]","[3, 12, 19, 46, 50, 54, 93]","[46, 12, 3, 19, 50, 54, 93]","D) [46, 12, 3, 19, 50, 54, 93]","In one pass of bubble sort, each pair of adjacent elements is compared and swapped if out of order, resulting in [46, 12, 3, 19, 50, 54, 93].",Algorithms & Data Structures,Sorting
"Using binary search on the sorted array [16, 22, 41, 43, 79, 96, 116, 132, 147, 155, 169, 174, 196, 201, 215, 251, 253, 258, 271, 280, 285, 295, 303, 353, 364, 407, 409, 438, 456, 474, 480], how many comparisons are needed to find 258?",3,2,4,6,C) 4,Binary search halves the search space each comparison; finding 258 in this array takes 4 comparison(s).,Algorithms & Data Structures,Searching
"Using linear search, what is the index (0-based) of 65 in the array [29, 50, 46, 36, 192, 132, 109, 135, 77, 65]?",7,9,10,8,B) 9,"Linear search checks each element in order; 65 is found at index 9 (0-based) in [29, 50, 46, 36, 192, 132, 109, 135, 77, 65].",Algorithms & Data Structures,Searching
"Using binary search on the sorted array [123, 326, 372, 374, 379, 423, 489], how many comparisons are needed to find 326?",4,3,2,1,C) 2,Binary search halves the search space each comparison; finding 326 in this array takes 2 comparison(s).,Algorithms & Data Structures,Searching
A queue starts empty. After performing: enqueue(23); enqueue(53); dequeue(); enqueue(40); enqueue(36); enqueue(28) — what is at the front of the queue?,19,53,9,71,B) 53,Following FIFO order through these operations leaves 53 at the front of the queue.,Algorithms & Data Structures,Queues
A queue starts empty. After performing: enqueue(26); dequeue(); enqueue(11); enqueue(81) — what is at the front of the queue?,1,53,11,56,C) 11,Following FIFO order through these operations leaves 11 at the front of the queue.,Algorithms & Data Structures,Queues
"Using binary search on the sorted array [71, 98, 108, 186, 193, 245, 471], how many comparisons are needed to find 98?",1,2,3,4,B) 2,Binary search halves the search space each comparison; finding 98 in this array takes 2 comparison(s).,Algorithms & Data Structures,Searching
"After one full pass of bubble sort on the array [71, 4, 3, 75, 82, 90, 5], what does the array look like?","[5, 90, 82, 75, 3, 4, 71]","[4, 3, 71, 75, 82, 5, 90]","[3, 4, 5, 71, 75, 82, 90]","[71, 4, 3, 75, 82, 90, 5]","B) [4, 3, 71, 75, 82, 5, 90]","In one pass of bubble sort, each pair of adjacent elements is compared and swapped if out of order, resulting in [4, 3, 71, 75, 82, 5, 90].",Algorithms & Data Structures,Sorting
"Using binary search on the sorted array [60, 82, 130, 131, 142, 216, 225, 234, 283, 304, 378, 387, 403, 425, 440], how many comparisons are needed to find 131?",3,2,1,4,B) 2,Binary search halves the search space each comparison; finding 131 in this array takes 2 comparison(s).,Algorithms & Data Structures,Searching
"Using binary search on the sorted array [6, 9, 178, 213, 338, 441, 474], how many comparisons are needed to find 9?",4,2,1,3,B) 2,Binary search halves the search space each comparison; finding 9 in this array takes 2 comparison(s).,Algorithms & Data Structures,Searching
"Using binary search on the sorted array [54, 60, 80, 348, 357, 382, 487], how many comparisons are needed to find 382?",4,1,2,3,C) 2,Binary search halves the search space each comparison; finding 382 in this array takes 2 comparison(s).,Algorithms & Data Structures,Searching
"Using binary search on the sorted array [39, 100, 116, 153, 202, 274, 286], how many comparisons are needed to find 153?",1,3,2,4,A) 1,Binary search halves the search space each comparison; finding 153 in this array takes 1 comparison(s).,Algorithms & Data Structures,Searching
"After one full pass of bubble sort on the array [76, 60, 83, 97, 94], what does the array look like?","[94, 97, 83, 60, 76]","[60, 76, 83, 94, 97]","[60, 76, 83, 94, 97]","[76, 60, 83, 97, 94]","B) [60, 76, 83, 94, 97]","In one pass of bubble sort, each pair of adjacent elements is compared and swapped if out of order, resulting in [60, 76, 83, 94, 97].",Algorithms & Data Structures,Sorting
"Using linear search, what is the index (0-based) of 71 in the array [174, 169, 135, 18, 91, 71, 148, 114, 166, 144]?",3,6,5,8,C) 5,"Linear search checks each element in order; 71 is found at index 5 (0-based) in [174, 169, 135, 18, 91, 71, 148, 114, 166, 144].",Algorithms & Data Structures,Searching
A stack starts empty. After performing: push(59); push(39); pop(); pop() — what is on top of the stack?,5,98,Stack is empty,54,C) Stack is empty,Following LIFO order through these operations leaves Stack is empty on top of the stack.,Algorithms & Data Structures,Stacks
"Using linear search, what is the index (0-based) of 138 in the array [64, 196, 146, 14, 3, 13, 177, 138]?",5,6,7,4,C) 7,"Linear search checks each element in order; 138 is found at index 7 (0-based) in [64, 196, 146, 14, 3, 13, 177, 138].",Algorithms & Data Structures,Searching
A queue starts empty. After performing: enqueue(79); dequeue(); enqueue(35); enqueue(28); enqueue(8) — what is at the front of the queue?,86,94,4,35,D) 35,Following FIFO order through these operations leaves 35 at the front of the queue.,Algorithms & Data Structures,Queues
A queue starts empty. After performing: enqueue(18); dequeue(); enqueue(35); enqueue(68); enqueue(62) — what is at the front of the queue?,8,81,35,72,C) 35,Following FIFO order through these operations leaves 35 at the front of the queue.,Algorithms & Data Structures,Queues
"Using linear search, what is the index (0-based) of 41 in the array [189, 57, 108, 41, 153]?",5,3,6,4,B) 3,"Linear search checks each element in order; 41 is found at index 3 (0-based) in [189, 57, 108, 41, 153].",Algorithms & Data Structures,Searching
A stack starts empty. After performing: push(26); push(6); pop(); pop(); push(31); pop() — what is on top of the stack?,76,4,57,Stack is empty,D) Stack is empty,Following LIFO order through these operations leaves Stack is empty on top of the stack.,Algorithms & Data Structures,Stacks
A stack starts empty. After performing: push(16); push(81); pop(); push(85); pop() — what is on top of the stack?,20,8,74,16,D) 16,Following LIFO order through these operations leaves 16 on top of the stack.,Algorithms & Data Structures,Stacks
A queue starts empty. After performing: enqueue(46); dequeue(); enqueue(10); enqueue(47); enqueue(84); dequeue() — what is at the front of the queue?,47,51,48,64,A) 47,Following FIFO order through these operations leaves 47 at the front of the queue.,Algorithms & Data Structures,Queues
A stack starts empty. After performing: push(79); push(39); push(79); push(4) — what is on top of the stack?,18,55,65,4,D) 4,Following LIFO order through these operations leaves 4 on top of the stack.,Algorithms & Data Structures,Stacks
"Using linear search, what is the index (0-based) of 121 in the array [121, 3, 21, 90, 98, 140, 192, 168, 17]?",1,3,2,0,D) 0,"Linear search checks each element in order; 121 is found at index 0 (0-based) in [121, 3, 21, 90, 98, 140, 192, 168, 17].",Algorithms & Data Structures,Searching
A stack starts empty. After performing: push(75); push(68); pop(); push(69); pop(); push(30) — what is on top of the stack?,41,68,30,1,C) 30,Following LIFO order through these operations leaves 30 on top of the stack.,Algorithms & Data Structures,Stacks
A queue starts empty. After performing: enqueue(59); enqueue(86); dequeue(); dequeue() — what is at the front of the queue?,77,13,Queue is empty,85,C) Queue is empty,Following FIFO order through these operations leaves Queue is empty at the front of the queue.,Algorithms & Data Structures,Queues
"Using linear search, what is the index (0-based) of 170 in the array [163, 14, 177, 170, 83, 1, 19, 32, 99, 78, 8]?",3,0,2,6,A) 3,"Linear search checks each element in order; 170 is found at index 3 (0-based) in [163, 14, 177, 170, 83, 1, 19, 32, 99, 78, 8].",Algorithms & Data Structures,Searching
"Using linear search, what is the index (0-based) of 197 in the array [50, 197, 47, 10, 155, 23]?",3,2,1,4,C) 1,"Linear search checks each element in order; 197 is found at index 1 (0-based) in [50, 197, 47, 10, 155, 23].",Algorithms & Data Structures,Searching
"Using binary search on the sorted array [19, 42, 49, 163, 179, 193, 243, 279, 283, 314, 394, 403, 447, 469, 499], how many comparisons are needed to find 394?",5,6,4,2,C) 4,Binary search halves the search space each comparison; finding 394 in this array takes 4 comparison(s).,Algorithms & Data Structures,Searching
"Using binary search on the sorted array [1, 56, 73, 93, 165, 173, 202, 203, 208, 335, 369, 417, 436, 465, 485], how many comparisons are needed to find 335?",3,5,4,2,A) 3,Binary search halves the search space each comparison; finding 335 in this array takes 3 comparison(s).,Algorithms & Data Structures,Searching
A queue starts empty. After performing: enqueue(56); dequeue(); enqueue(29); enqueue(13); dequeue() — what is at the front of the queue?,62,13,60,77,B) 13,Following FIFO order through these operations leaves 13 at the front of the queue.,Algorithms & Data Structures,Queues
"Using linear search, what is the index (0-based) of 122 in the array [146, 68, 34, 47, 134, 194, 93, 41, 122, 65, 33, 138]?",9,10,7,8,D) 8,"Linear search checks each element in order; 122 is found at index 8 (0-based) in [146, 68, 34, 47, 134, 194, 93, 41, 122, 65, 33, 138].",Algorithms & Data Structures,Searching
"Using linear search, what is the index (0-based) of 186 in the array [186, 194, 106, 79, 180, 84, 159]?",3,2,0,1,C) 0,"Linear search checks each element in order; 186 is found at index 0 (0-based) in [186, 194, 106, 79, 180, 84, 159].",Algorithms & Data Structures,Searching
A queue starts empty. After performing: enqueue(24); enqueue(3); enqueue(81); enqueue(98); dequeue() — what is at the front of the queue?,36,3,92,90,B) 3,Following FIFO order through these operations leaves 3 at the front of the queue.,Algorithms & Data Structures,Queues
"After one full pass of bubble sort on the array [19, 85, 57, 10, 17], what does the array look like?","[19, 57, 10, 17, 85]","[10, 17, 19, 57, 85]","[19, 85, 57, 10, 17]","[17, 10, 57, 85, 19]","A) [19, 57, 10, 17, 85]","In one pass of bubble sort, each pair of adjacent elements is compared and swapped if out of order, resulting in [19, 57, 10, 17, 85].",Algorithms & Data Structures,Sorting
"After one full pass of bubble sort on the array [3, 81, 8, 71, 20, 5, 89], what does the array look like?","[89, 5, 20, 71, 8, 81, 3]","[3, 8, 71, 20, 5, 81, 89]","[3, 5, 8, 20, 71, 81, 89]","[3, 81, 8, 71, 20, 5, 89]","B) [3, 8, 71, 20, 5, 81, 89]","In one pass of bubble sort, each pair of adjacent elements is compared and swapped if out of order, resulting in [3, 8, 71, 20, 5, 81, 89].",Algorithms & Data Structures,Sorting
"Using linear search, what is the index (0-based) of 25 in the array [132, 130, 108, 25, 143]?",4,3,5,1,B) 3,"Linear search checks each element in order; 25 is found at index 3 (0-based) in [132, 130, 108, 25, 143].",Algorithms & Data Structures,Searching
A queue starts empty. After performing: enqueue(42); enqueue(28); enqueue(11); enqueue(56); enqueue(25) — what is at the front of the queue?,42,35,12,37,A) 42,Following FIFO order through these operations leaves 42 at the front of the queue.,Algorithms & Data Structures,Queues
"After one full pass of bubble sort on the array [77, 4, 16, 19, 34, 98, 49], what does the array look like?","[4, 16, 19, 34, 77, 49, 98]","[49, 98, 34, 19, 16, 4, 77]","[4, 16, 19, 34, 49, 77, 98]","[77, 4, 16, 19, 34, 98, 49]","A) [4, 16, 19, 34, 77, 49, 98]","In one pass of bubble sort, each pair of adjacent elements is compared and swapped if out of order, resulting in [4, 16, 19, 34, 77, 49, 98].",Algorithms & Data Structures,Sorting
A queue starts empty. After performing: enqueue(4); dequeue(); enqueue(26); enqueue(56); enqueue(5); enqueue(21) — what is at the front of the queue?,75,48,26,68,C) 26,Following FIFO order through these operations leaves 26 at the front of the queue.,Algorithms & Data Structures,Queues
"After one full pass of bubble sort on the array [13, 87, 90, 62, 83], what does the array look like?","[83, 62, 90, 87, 13]","[13, 87, 62, 83, 90]","[13, 62, 83, 87, 90]","[13, 87, 90, 62, 83]","B) [13, 87, 62, 83, 90]","In one pass of bubble sort, each pair of adjacent elements is compared and swapped if out of order, resulting in [13, 87, 62, 83, 90].",Algorithms & Data Structures,Sorting
A queue starts empty. After performing: enqueue(86); dequeue(); enqueue(56); enqueue(99); enqueue(99); enqueue(60) — what is at the front of the queue?,1,56,78,36,B) 56,Following FIFO order through these operations leaves 56 at the front of the queue.,Algorithms & Data Structures,Queues
A stack starts empty. After performing: push(5); push(50); push(59); push(5); push(1) — what is on top of the stack?,49,1,92,77,B) 1,Following LIFO order through these operations leaves 1 on top of the stack.,Algorithms & Data Structures,Stacks
"Using linear search, what is the index (0-based) of 126 in the array [126, 9, 106, 35, 110, 20, 11, 120, 7, 92, 114, 101]?",1,2,3,0,D) 0,"Linear search checks each element in order; 126 is found at index 0 (0-based) in [126, 9, 106, 35, 110, 20, 11, 120, 7, 92, 114, 101].",Algorithms & Data Structures,Searching
A stack starts empty. After performing: push(41); push(42); push(19); pop(); pop() — what is on top of the stack?,27,33,41,83,C) 41,Following LIFO order through these operations leaves 41 on top of the stack.,Algorithms & Data Structures,Stacks
What is merge sort?,A collection of elements stored at contiguous memory locations,A data structure that follows Last-In-First-Out (LIFO) order,A sequence of characters treated as a single data item,A divide-and-conquer sorting algorithm that merges sorted subarrays,D) A divide-and-conquer sorting algorithm that merges sorted subarrays,"Merge sort divides an array into halves, recursively sorts them, and then merges the sorted halves back together.",Algorithms & Data Structures,Sorting
"Using binary search on the sorted array [12, 18, 30, 186, 232, 235, 251, 254, 259, 286, 322, 402, 428, 440, 484], how many comparisons are needed to find 30?",2,6,3,4,D) 4,Binary search halves the search space each comparison; finding 30 in this array takes 4 comparison(s).,Algorithms & Data Structures,Searching
A stack starts empty. After performing: push(52); pop(); push(83); pop(); push(46) — what is on top of the stack?,68,57,46,47,C) 46,Following LIFO order through these operations leaves 46 on top of the stack.,Algorithms & Data Structures,Stacks
"Using binary search on the sorted array [169, 183, 288, 298, 399, 413, 447], how many comparisons are needed to find 288?",3,1,4,2,A) 3,Binary search halves the search space each comparison; finding 288 in this array takes 3 comparison(s).,Algorithms & Data Structures,Searching
Which of the following best describes an array?,An operation that removes an element from the front of a queue,An operation that adds an element to the back of a queue,The topmost node in a tree data structure,A collection of elements stored at contiguous memory locations,D) A collection of elements stored at contiguous memory locations,An array is a data structure that stores a fixed-size collection of elements in contiguous memory locations.,Algorithms & Data Structures,Arrays
"Using linear search, what is the index (0-based) of 140 in the array [150, 197, 16, 199, 181, 196, 122, 140]?",8,6,4,7,D) 7,"Linear search checks each element in order; 140 is found at index 7 (0-based) in [150, 197, 16, 199, 181, 196, 122, 140].",Algorithms & Data Structures,Searching
"Using linear search, what is the index (0-based) of 126 in the array [126, 158, 79, 24, 144, 75, 36, 99, 1, 18, 176, 87]?",1,3,0,2,C) 0,"Linear search checks each element in order; 126 is found at index 0 (0-based) in [126, 158, 79, 24, 144, 75, 36, 99, 1, 18, 176, 87].",Algorithms & Data Structures,Searching
"After one full pass of bubble sort on the array [9, 75, 97, 34, 66, 81], what does the array look like?","[9, 75, 97, 34, 66, 81]","[81, 66, 34, 97, 75, 9]","[9, 75, 34, 66, 81, 97]","[9, 34, 66, 75, 81, 97]","C) [9, 75, 34, 66, 81, 97]","In one pass of bubble sort, each pair of adjacent elements is compared and swapped if out of order, resulting in [9, 75, 34, 66, 81, 97].",Algorithms & Data Structures,Sorting
A queue starts empty. After performing: enqueue(33); enqueue(72); dequeue(); enqueue(54); dequeue(); dequeue() — what is at the front of the queue?,86,Queue is empty,42,21,B) Queue is empty,Following FIFO order through these operations leaves Queue is empty at the front of the queue.,Algorithms & Data Structures,Queues
A queue starts empty. After performing: enqueue(26); enqueue(62); dequeue(); dequeue(); enqueue(16) — what is at the front of the queue?,91,17,16,27,C) 16,Following FIFO order through these operations leaves 16 at the front of the queue.,Algorithms & Data Structures,Queues
A stack starts empty. After performing: push(26); push(60); pop(); pop(); push(48) — what is on top of the stack?,48,2,34,33,A) 48,Following LIFO order through these operations leaves 48 on top of the stack.,Algorithms & Data Structures,Stacks
"Using binary search on the sorted array [1, 47, 79, 80, 111, 118, 131, 192, 201, 232, 284, 335, 368, 388, 396], how many comparisons are needed to find 388?",1,3,2,4,B) 3,Binary search halves the search space each comparison; finding 388 in this array takes 3 comparison(s).,Algorithms & Data Structures,Searching
"After one full pass of bubble sort on the array [75, 68, 16, 37, 12, 53], what does the array look like?","[53, 12, 37, 16, 68, 75]","[68, 16, 37, 12, 53, 75]","[12, 16, 37, 53, 68, 75]","[75, 68, 16, 37, 12, 53]","B) [68, 16, 37, 12, 53, 75]","In one pass of bubble sort, each pair of adjacent elements is compared and swapped if out of order, resulting in [68, 16, 37, 12, 53, 75].",Algorithms & Data Structures,Sorting
A queue starts empty. After performing: enqueue(54); enqueue(19); enqueue(48); enqueue(69); enqueue(14) — what is at the front of the queue?,43,49,54,20,C) 54,Following FIFO order through these operations leaves 54 at the front of the queue.,Algorithms & Data Structures,Queues
"Using linear search, what is the index (0-based) of 101 in the array [117, 66, 101, 191, 40]?",0,3,2,1,C) 2,"Linear search checks each element in order; 101 is found at index 2 (0-based) in [117, 66, 101, 191, 40].",Algorithms & Data Structures,Searching
"Using binary search on the sorted array [1, 15, 20, 37, 58, 74, 114, 138, 140, 141, 162, 181, 184, 189, 239, 261, 266, 289, 304, 313, 331, 346, 359, 369, 371, 384, 433, 460, 472, 486, 490], how many comparisons are needed to find 359?",5,7,4,3,A) 5,Binary search halves the search space each comparison; finding 359 in this array takes 5 comparison(s).,Algorithms & Data Structures,Searching
"Using binary search on the sorted array [4, 14, 31, 38, 57, 63, 72, 132, 144, 147, 188, 190, 196, 207, 211, 231, 242, 250, 261, 264, 280, 283, 285, 301, 332, 366, 405, 409, 415, 435, 494], how many comparisons are needed to find 31?",6,5,3,7,B) 5,Binary search halves the search space each comparison; finding 31 in this array takes 5 comparison(s).,Algorithms & Data Structures,Searching
"After one full pass of bubble sort on the array [48, 39, 93, 75, 21], what does the array look like?","[48, 39, 93, 75, 21]","[39, 48, 75, 21, 93]","[21, 75, 93, 39, 48]","[21, 39, 48, 75, 93]","B) [39, 48, 75, 21, 93]","In one pass of bubble sort, each pair of adjacent elements is compared and swapped if out of order, resulting in [39, 48, 75, 21, 93].",Algorithms & Data Structures,Sorting
A queue starts empty. After performing: enqueue(14); enqueue(76); enqueue(29); dequeue(); enqueue(64) — what is at the front of the queue?,50,76,46,31,B) 76,Following FIFO order through these operations leaves 76 at the front of the queue.,Algorithms & Data Structures,Queues
A queue starts empty. After performing: enqueue(70); enqueue(1); enqueue(61); dequeue() — what is at the front of the queue?,53,85,1,14,C) 1,Following FIFO order through these operations leaves 1 at the front of the queue.,Algorithms & Data Structures,Queues
A queue starts empty. After performing: enqueue(45); dequeue(); enqueue(80); dequeue(); enqueue(64); enqueue(43) — what is at the front of the queue?,33,42,55,64,D) 64,Following FIFO order through these operations leaves 64 at the front of the queue.,Algorithms & Data Structures,Queues
A queue starts empty. After performing: enqueue(15); enqueue(24); enqueue(88); dequeue(); enqueue(9); enqueue(4) — what is at the front of the queue?,80,85,24,38,C) 24,Following FIFO order through these operations leaves 24 at the front of the queue.,Algorithms & Data Structures,Queues
A queue starts empty. After performing: enqueue(14); dequeue(); enqueue(15); enqueue(34); enqueue(45) — what is at the front of the queue?,79,15,41,65,B) 15,Following FIFO order through these operations leaves 15 at the front of the queue.,Algorithms & Data Structures,Queues
A stack starts empty. After performing: push(37); push(34); push(20); push(61) — what is on top of the stack?,34,61,61,42,B) 61,Following LIFO order through these operations leaves 61 on top of the stack.,Algorithms & Data Structures,Stacks
"Using binary search on the sorted array [84, 151, 166, 197, 288, 360, 466], how many comparisons are needed to find 466?",5,4,2,3,D) 3,Binary search halves the search space each comparison; finding 466 in this array takes 3 comparison(s).,Algorithms & Data Structures,Searching
"After one full pass of bubble sort on the array [1, 29, 3, 37], what does the array look like?","[1, 3, 29, 37]","[1, 29, 3, 37]","[37, 3, 29, 1]","[1, 3, 29, 37]","A) [1, 3, 29, 37]","In one pass of bubble sort, each pair of adjacent elements is compared and swapped if out of order, resulting in [1, 3, 29, 37].",Algorithms & Data Structures,Sorting
A stack starts empty. After performing: push(33); pop(); push(51); push(19) — what is on top of the stack?,92,19,17,37,B) 19,Following LIFO order through these operations leaves 19 on top of the stack.,Algorithms & Data Structures,Stacks
What is time complexity?,A simple sorting algorithm that repeatedly swaps adjacent elements if out of order,A divide-and-conquer sorting algorithm that merges sorted subarrays,A measure of how an algorithm's running time grows with input size,An operation that adds an element to the top of a stack,C) A measure of how an algorithm's running time grows with input size,Time complexity describes how the running time of an algorithm increases as the size of its input increases.,Algorithms & Data Structures,Algorithm Complexity
A stack starts empty. After performing: push(86); pop(); push(92); pop(); push(14); pop() — what is on top of the stack?,99,18,99,Stack is empty,D) Stack is empty,Following LIFO order through these operations leaves Stack is empty on top of the stack.,Algorithms & Data Structures,Stacks
"Using binary search on the sorted array [7, 42, 50, 76, 90, 91, 98, 106, 112, 137, 149, 156, 161, 183, 205, 206, 229, 241, 255, 264, 268, 317, 321, 336, 338, 380, 393, 427, 428, 432, 470], how many comparisons are needed to find 264?",1,4,3,5,C) 3,Binary search halves the search space each comparison; finding 264 in this array takes 3 comparison(s).,Algorithms & Data Structures,Searching
"After one full pass of bubble sort on the array [45, 37, 68, 60, 23], what does the array look like?","[23, 37, 45, 60, 68]","[37, 45, 60, 23, 68]","[23, 60, 68, 37, 45]","[45, 37, 68, 60, 23]","B) [37, 45, 60, 23, 68]","In one pass of bubble sort, each pair of adjacent elements is compared and swapped if out of order, resulting in [37, 45, 60, 23, 68].",Algorithms & Data Structures,Sorting
A stack starts empty. After performing: push(76); push(26); pop(); pop(); push(6); push(61) — what is on top of the stack?,78,35,61,97,C) 61,Following LIFO order through these operations leaves 61 on top of the stack.,Algorithms & Data Structures,Stacks
"Using binary search on the sorted array [141, 148, 195, 223, 234, 240, 249, 255, 298, 338, 351, 366, 377, 431, 492], how many comparisons are needed to find 249?",3,4,6,2,B) 4,Binary search halves the search space each comparison; finding 249 in this array takes 4 comparison(s).,Algorithms & Data Structures,Searching
A stack starts empty. After performing: push(12); push(37); push(24); push(80); push(77) — what is on top of the stack?,44,47,77,22,C) 77,Following LIFO order through these operations leaves 77 on top of the stack.,Algorithms & Data Structures,Stacks
A stack starts empty. After performing: push(67); push(55); push(73); push(61); push(30); pop() — what is on top of the stack?,47,77,61,7,C) 61,Following LIFO order through these operations leaves 61 on top of the stack.,Algorithms & Data Structures,Stacks
A queue starts empty. After performing: enqueue(51); enqueue(52); enqueue(33); dequeue() — what is at the front of the queue?,58,15,84,52,D) 52,Following FIFO order through these operations leaves 52 at the front of the queue.,Algorithms & Data Structures,Queues
"Using linear search, what is the index (0-based) of 193 in the array [195, 90, 135, 134, 9, 193, 71]?",5,8,6,2,A) 5,"Linear search checks each element in order; 193 is found at index 5 (0-based) in [195, 90, 135, 134, 9, 193, 71].",Algorithms & Data Structures,Searching
A stack starts empty. After performing: push(20); push(94); push(8); push(91); pop(); pop() — what is on top of the stack?,40,1,94,8,C) 94,Following LIFO order through these operations leaves 94 on top of the stack.,Algorithms & Data Structures,Stacks
A stack starts empty. After performing: push(19); pop(); push(70); pop(); push(33) — what is on top of the stack?,33,59,48,87,A) 33,Following LIFO order through these operations leaves 33 on top of the stack.,Algorithms & Data Structures,Stacks
"Using binary search on the sorted array [79, 146, 249, 273, 307, 393, 469], how many comparisons are needed to find 307?",2,4,3,1,C) 3,Binary search halves the search space each comparison; finding 307 in this array takes 3 comparison(s).,Algorithms & Data Structures,Searching
"After one full pass of bubble sort on the array [36, 96, 80, 6, 32], what does the array look like?","[36, 80, 6, 32, 96]","[6, 32, 36, 80, 96]","[32, 6, 80, 96, 36]","[36, 96, 80, 6, 32]","A) [36, 80, 6, 32, 96]","In one pass of bubble sort, each pair of adjacent elements is compared and swapped if out of order, resulting in [36, 80, 6, 32, 96].",Algorithms & Data Structures,Sorting
A queue starts empty. After performing: enqueue(38); dequeue(); enqueue(34); enqueue(52); dequeue() — what is at the front of the queue?,52,47,69,56,A) 52,Following FIFO order through these operations leaves 52 at the front of the queue.,Algorithms & Data Structures,Queues
"After one full pass of bubble sort on the array [11, 40, 48, 19, 3, 55, 89], what does the array look like?","[11, 40, 48, 19, 3, 55, 89]","[89, 55, 3, 19, 48, 40, 11]","[3, 11, 19, 40, 48, 55, 89]","[11, 40, 19, 3, 48, 55, 89]","D) [11, 40, 19, 3, 48, 55, 89]","In one pass of bubble sort, each pair of adjacent elements is compared and swapped if out of order, resulting in [11, 40, 19, 3, 48, 55, 89].",Algorithms & Data Structures,Sorting
"Using linear search, what is the index (0-based) of 106 in the array [155, 106, 159, 131, 158, 3, 174, 170, 186, 139]?",2,1,0,3,B) 1,"Linear search checks each element in order; 106 is found at index 1 (0-based) in [155, 106, 159, 131, 158, 3, 174, 170, 186, 139].",Algorithms & Data Structures,Searching
A queue starts empty. After performing: enqueue(72); enqueue(10); dequeue(); dequeue(); enqueue(92) — what is at the front of the queue?,52,76,34,92,D) 92,Following FIFO order through these operations leaves 92 at the front of the queue.,Algorithms & Data Structures,Queues
"Using linear search, what is the index (0-based) of 3 in the array [150, 65, 49, 40, 3]?",4,1,2,3,A) 4,"Linear search checks each element in order; 3 is found at index 4 (0-based) in [150, 65, 49, 40, 3].",Algorithms & Data Structures,Searching
"After one full pass of bubble sort on the array [70, 88, 86, 14, 50], what does the array look like?","[50, 14, 86, 88, 70]","[70, 88, 86, 14, 50]","[14, 50, 70, 86, 88]","[70, 86, 14, 50, 88]","D) [70, 86, 14, 50, 88]","In one pass of bubble sort, each pair of adjacent elements is compared and swapped if out of order, resulting in [70, 86, 14, 50, 88].",Algorithms & Data Structures,Sorting
A stack starts empty. After performing: push(35); push(22); push(67); push(46); pop() — what is on top of the stack?,9,5,30,67,D) 67,Following LIFO order through these operations leaves 67 on top of the stack.,Algorithms & Data Structures,Stacks
"Using binary search on the sorted array [15, 200, 243, 250, 257, 337, 457], how many comparisons are needed to find 243?",3,5,4,2,A) 3,Binary search halves the search space each comparison; finding 243 in this array takes 3 comparison(s).,Algorithms & Data Structures,Searching
A queue starts empty. After performing: enqueue(50); enqueue(75); enqueue(38); dequeue() — what is at the front of the queue?,71,75,11,94,B) 75,Following FIFO order through these operations leaves 75 at the front of the queue.,Algorithms & Data Structures,Queues
"Using linear search, what is the index (0-based) of 73 in the array [144, 13, 123, 91, 73, 177, 81, 164, 162, 117, 46, 63]?",4,2,5,6,A) 4,"Linear search checks each element in order; 73 is found at index 4 (0-based) in [144, 13, 123, 91, 73, 177, 81, 164, 162, 117, 46, 63].",Algorithms & Data Structures,Searching
"Using linear search, what is the index (0-based) of 119 in the array [92, 76, 175, 119, 66, 99, 6, 32, 69]?",0,3,4,5,B) 3,"Linear search checks each element in order; 119 is found at index 3 (0-based) in [92, 76, 175, 119, 66, 99, 6, 32, 69].",Algorithms & Data Structures,Searching
A stack starts empty. After performing: push(20); push(78); pop(); push(14) — what is on top of the stack?,56,18,77,14,D) 14,Following LIFO order through these operations leaves 14 on top of the stack.,Algorithms & Data Structures,Stacks
"Using linear search, what is the index (0-based) of 156 in the array [191, 71, 165, 34, 27, 156, 123, 53, 102, 57]?",6,4,5,3,C) 5,"Linear search checks each element in order; 156 is found at index 5 (0-based) in [191, 71, 165, 34, 27, 156, 123, 53, 102, 57].",Algorithms & Data Structures,Searching
"After one full pass of bubble sort on the array [11, 85, 96, 95, 7, 30], what does the array look like?","[11, 85, 95, 7, 30, 96]","[30, 7, 95, 96, 85, 11]","[7, 11, 30, 85, 95, 96]","[11, 85, 96, 95, 7, 30]","A) [11, 85, 95, 7, 30, 96]","In one pass of bubble sort, each pair of adjacent elements is compared and swapped if out of order, resulting in [11, 85, 95, 7, 30, 96].",Algorithms & Data Structures,Sorting
"After one full pass of bubble sort on the array [51, 80, 28, 42, 78], what does the array look like?","[51, 28, 42, 78, 80]","[78, 42, 28, 80, 51]","[28, 42, 51, 78, 80]","[51, 80, 28, 42, 78]","A) [51, 28, 42, 78, 80]","In one pass of bubble sort, each pair of adjacent elements is compared and swapped if out of order, resulting in [51, 28, 42, 78, 80].",Algorithms & Data Structures,Sorting
"Using linear search, what is the index (0-based) of 196 in the array [19, 26, 147, 25, 73, 196]?",2,4,5,6,C) 5,"Linear search checks each element in order; 196 is found at index 5 (0-based) in [19, 26, 147, 25, 73, 196].",Algorithms & Data Structures,Searching
A stack starts empty. After performing: push(45); push(17); pop(); pop() — what is on top of the stack?,71,Stack is empty,91,57,B) Stack is empty,Following LIFO order through these operations leaves Stack is empty on top of the stack.,Algorithms & Data Structures,Stacks
"Using binary search on the sorted array [33, 37, 61, 170, 191, 212, 239], how many comparisons are needed to find 33?",4,1,3,5,C) 3,Binary search halves the search space each comparison; finding 33 in this array takes 3 comparison(s).,Algorithms & Data Structures,Searching
"After one full pass of bubble sort on the array [97, 29, 31, 72, 6, 82], what does the array look like?","[29, 31, 72, 6, 82, 97]","[97, 29, 31, 72, 6, 82]","[82, 6, 72, 31, 29, 97]","[6, 29, 31, 72, 82, 97]","A) [29, 31, 72, 6, 82, 97]","In one pass of bubble sort, each pair of adjacent elements is compared and swapped if out of order, resulting in [29, 31, 72, 6, 82, 97].",Algorithms & Data Structures,Sorting
A stack starts empty. After performing: push(60); pop(); push(84); push(25) — what is on top of the stack?,75,25,69,44,B) 25,Following LIFO order through these operations leaves 25 on top of the stack.,Algorithms & Data Structures,Stacks
"After one full pass of bubble sort on the array [26, 91, 12, 76], what does the array look like?","[12, 26, 76, 91]","[26, 91, 12, 76]","[76, 12, 91, 26]","[26, 12, 76, 91]","D) [26, 12, 76, 91]","In one pass of bubble sort, each pair of adjacent elements is compared and swapped if out of order, resulting in [26, 12, 76, 91].",Algorithms & Data Structures,Sorting
A queue starts empty. After performing: enqueue(7); dequeue(); enqueue(20); dequeue(); enqueue(86); dequeue() — what is at the front of the queue?,28,9,34,Queue is empty,D) Queue is empty,Following FIFO order through these operations leaves Queue is empty at the front of the queue.,Algorithms & Data Structures,Queues
A queue starts empty. After performing: enqueue(6); enqueue(51); dequeue(); dequeue(); enqueue(6); dequeue() — what is at the front of the queue?,24,Queue is empty,89,85,B) Queue is empty,Following FIFO order through these operations leaves Queue is empty at the front of the queue.,Algorithms & Data Structures,Queues
"Using binary search on the sorted array [6, 63, 67, 87, 285, 324, 417], how many comparisons are needed to find 67?",5,1,4,3,D) 3,Binary search halves the search space each comparison; finding 67 in this array takes 3 comparison(s).,Algorithms & Data Structures,Searching
"Using linear search, what is the index (0-based) of 8 in the array [47, 8, 147, 4, 89, 15, 61, 192, 13, 41]?",0,4,1,3,C) 1,"Linear search checks each element in order; 8 is found at index 1 (0-based) in [47, 8, 147, 4, 89, 15, 61, 192, 13, 41].",Algorithms & Data Structures,Searching
A stack starts empty. After performing: push(58); push(68); pop(); push(16) — what is on top of the stack?,44,17,19,16,D) 16,Following LIFO order through these operations leaves 16 on top of the stack.,Algorithms & Data Structures,Stacks
"Using binary search on the sorted array [13, 16, 28, 255, 283, 310, 386], how many comparisons are needed to find 16?",3,2,4,1,B) 2,Binary search halves the search space each comparison; finding 16 in this array takes 2 comparison(s).,Algorithms & Data Structures,Searching
"After one full pass of bubble sort on the array [73, 74, 13, 35, 44, 97, 46], what does the array look like?","[13, 35, 44, 46, 73, 74, 97]","[73, 13, 35, 44, 74, 46, 97]","[46, 97, 44, 35, 13, 74, 73]","[73, 74, 13, 35, 44, 97, 46]","B) [73, 13, 35, 44, 74, 46, 97]","In one pass of bubble sort, each pair of adjacent elements is compared and swapped if out of order, resulting in [73, 13, 35, 44, 74, 46, 97].",Algorithms & Data Structures,Sorting
"Using binary search on the sorted array [7, 14, 17, 24, 38, 43, 75, 83, 146, 186, 187, 215, 228, 250, 257, 269, 270, 290, 300, 303, 320, 324, 326, 335, 352, 355, 358, 401, 410, 463, 498], how many comparisons are needed to find 355?",6,2,3,4,D) 4,Binary search halves the search space each comparison; finding 355 in this array takes 4 comparison(s).,Algorithms & Data Structures,Searching
"Using binary search on the sorted array [36, 42, 62, 83, 116, 134, 163, 165, 182, 186, 200, 226, 248, 265, 276, 294, 303, 311, 312, 319, 332, 352, 362, 371, 387, 399, 409, 419, 445, 451, 479], how many comparisons are needed to find 36?",4,5,6,3,B) 5,Binary search halves the search space each comparison; finding 36 in this array takes 5 comparison(s).,Algorithms & Data Structures,Searching
"Using linear search, what is the index (0-based) of 159 in the array [94, 142, 159, 176, 14, 64, 111, 158, 21, 43]?",4,5,0,2,D) 2,"Linear search checks each element in order; 159 is found at index 2 (0-based) in [94, 142, 159, 176, 14, 64, 111, 158, 21, 43].",Algorithms & Data Structures,Searching
"After one full pass of bubble sort on the array [64, 34, 9, 88, 13, 71, 7], what does the array look like?","[64, 34, 9, 88, 13, 71, 7]","[7, 71, 13, 88, 9, 34, 64]","[34, 9, 64, 13, 71, 7, 88]","[7, 9, 13, 34, 64, 71, 88]","C) [34, 9, 64, 13, 71, 7, 88]","In one pass of bubble sort, each pair of adjacent elements is compared and swapped if out of order, resulting in [34, 9, 64, 13, 71, 7, 88].",Algorithms & Data Structures,Sorting
"After one full pass of bubble sort on the array [5, 99, 73, 48, 28], what does the array look like?","[5, 73, 48, 28, 99]","[28, 48, 73, 99, 5]","[5, 99, 73, 48, 28]","[5, 28, 48, 73, 99]","A) [5, 73, 48, 28, 99]","In one pass of bubble sort, each pair of adjacent elements is compared and swapped if out of order, resulting in [5, 73, 48, 28, 99].",Algorithms & Data Structures,Sorting
"Using linear search, what is the index (0-based) of 164 in the array [169, 100, 95, 164, 174, 165, 94]?",6,3,4,2,B) 3,"Linear search checks each element in order; 164 is found at index 3 (0-based) in [169, 100, 95, 164, 174, 165, 94].",Algorithms & Data Structures,Searching
A stack starts empty. After performing: push(87); push(4); push(45); pop(); pop(); push(39) — what is on top of the stack?,7,15,94,39,D) 39,Following LIFO order through these operations leaves 39 on top of the stack.,Algorithms & Data Structures,Stacks
"Using binary search on the sorted array [47, 189, 232, 303, 328, 364, 438], how many comparisons are needed to find 328?",3,4,5,2,A) 3,Binary search halves the search space each comparison; finding 328 in this array takes 3 comparison(s).,Algorithms & Data Structures,Searching
"Using linear search, what is the index (0-based) of 154 in the array [154, 28, 43, 47, 125, 165, 161, 119, 175, 117, 197]?",3,1,2,0,D) 0,"Linear search checks each element in order; 154 is found at index 0 (0-based) in [154, 28, 43, 47, 125, 165, 161, 119, 175, 117, 197].",Algorithms & Data Structures,Searching
A stack starts empty. After performing: push(97); push(48); push(57); push(12) — what is on top of the stack?,42,12,54,78,B) 12,Following LIFO order through these operations leaves 12 on top of the stack.,Algorithms & Data Structures,Stacks
"Using binary search on the sorted array [14, 106, 162, 170, 184, 193, 254, 275, 288, 329, 371, 409, 416, 418, 431], how many comparisons are needed to find 14?",6,3,4,5,C) 4,Binary search halves the search space each comparison; finding 14 in this array takes 4 comparison(s).,Algorithms & Data Structures,Searching
"After one full pass of bubble sort on the array [25, 77, 1, 85, 63], what does the array look like?","[63, 85, 1, 77, 25]","[1, 25, 63, 77, 85]","[25, 77, 1, 85, 63]","[25, 1, 77, 63, 85]","D) [25, 1, 77, 63, 85]","In one pass of bubble sort, each pair of adjacent elements is compared and swapped if out of order, resulting in [25, 1, 77, 63, 85].",Algorithms & Data Structures,Sorting
A queue starts empty. After performing: enqueue(64); dequeue(); enqueue(76); dequeue(); enqueue(53); dequeue() — what is at the front of the queue?,59,45,83,Queue is empty,D) Queue is empty,Following FIFO order through these operations leaves Queue is empty at the front of the queue.,Algorithms & Data Structures,Queues
A queue starts empty. After performing: enqueue(75); enqueue(62); enqueue(71); enqueue(39) — what is at the front of the queue?,97,75,5,88,B) 75,Following FIFO order through these operations leaves 75 at the front of the queue.,Algorithms & Data Structures,Queues
"Using linear search, what is the index (0-based) of 104 in the array [97, 68, 131, 104, 73, 156]?",2,1,3,6,C) 3,"Linear search checks each element in order; 104 is found at index 3 (0-based) in [97, 68, 131, 104, 73, 156].",Algorithms & Data Structures,Searching
A stack starts empty. After performing: push(65); pop(); push(65); push(96); push(55); push(97) — what is on top of the stack?,3,7,48,97,D) 97,Following LIFO order through these operations leaves 97 on top of the stack.,Algorithms & Data Structures,Stacks
"Using binary search on the sorted array [21, 32, 35, 36, 63, 98, 129, 133, 161, 183, 189, 190, 192, 201, 206, 224, 253, 258, 278, 281, 298, 330, 349, 370, 372, 392, 413, 435, 444, 461, 490], how many comparisons are needed to find 224?",4,2,1,3,C) 1,Binary search halves the search space each comparison; finding 224 in this array takes 1 comparison(s).,Algorithms & Data Structures,Searching
A queue starts empty. After performing: enqueue(6); enqueue(72); dequeue(); enqueue(84); dequeue() — what is at the front of the queue?,84,34,63,74,A) 84,Following FIFO order through these operations leaves 84 at the front of the queue.,Algorithms & Data Structures,Queues
What is a linked list?,The process of finding a specific element within a data structure,A divide-and-conquer sorting algorithm that uses a pivot element,A linear data structure where elements are linked using pointers,A sorting algorithm that repeatedly selects the minimum element and places it in order,C) A linear data structure where elements are linked using pointers,"A linked list is a linear data structure where each element (node) points to the next, rather than being stored contiguously.",Algorithms & Data Structures,Linked Lists
"After one full pass of bubble sort on the array [23, 29, 85, 79, 44, 34], what does the array look like?","[23, 29, 85, 79, 44, 34]","[34, 44, 79, 85, 29, 23]","[23, 29, 79, 44, 34, 85]","[23, 29, 34, 44, 79, 85]","C) [23, 29, 79, 44, 34, 85]","In one pass of bubble sort, each pair of adjacent elements is compared and swapped if out of order, resulting in [23, 29, 79, 44, 34, 85].",Algorithms & Data Structures,Sorting
A stack starts empty. After performing: push(95); pop(); push(88); push(54) — what is on top of the stack?,17,54,19,18,B) 54,Following LIFO order through these operations leaves 54 on top of the stack.,Algorithms & Data Structures,Stacks
"After one full pass of bubble sort on the array [16, 51, 69, 64, 4], what does the array look like?","[4, 64, 69, 51, 16]","[16, 51, 64, 4, 69]","[16, 51, 69, 64, 4]","[4, 16, 51, 64, 69]","B) [16, 51, 64, 4, 69]","In one pass of bubble sort, each pair of adjacent elements is compared and swapped if out of order, resulting in [16, 51, 64, 4, 69].",Algorithms & Data Structures,Sorting
A queue starts empty. After performing: enqueue(48); dequeue(); enqueue(38); enqueue(85) — what is at the front of the queue?,32,38,40,35,B) 38,Following FIFO order through these operations leaves 38 at the front of the queue.,Algorithms & Data Structures,Queues
"Using binary search on the sorted array [226, 247, 341, 343, 380, 456, 468], how many comparisons are needed to find 343?",2,1,4,3,B) 1,Binary search halves the search space each comparison; finding 343 in this array takes 1 comparison(s).,Algorithms & Data Structures,Searching
A stack starts empty. After performing: push(55); pop(); push(59); pop() — what is on top of the stack?,95,Stack is empty,64,2,B) Stack is empty,Following LIFO order through these operations leaves Stack is empty on top of the stack.,Algorithms & Data Structures,Stacks
A queue starts empty. After performing: enqueue(73); dequeue(); enqueue(57); dequeue() — what is at the front of the queue?,Queue is empty,23,55,32,A) Queue is empty,Following FIFO order through these operations leaves Queue is empty at the front of the queue.,Algorithms & Data Structures,Queues
A queue starts empty. After performing: enqueue(78); dequeue(); enqueue(19); enqueue(71) — what is at the front of the queue?,74,61,19,24,C) 19,Following FIFO order through these operations leaves 19 at the front of the queue.,Algorithms & Data Structures,Queues
"Using linear search, what is the index (0-based) of 174 in the array [184, 181, 174, 139, 177]?",5,1,4,2,D) 2,"Linear search checks each element in order; 174 is found at index 2 (0-based) in [184, 181, 174, 139, 177].",Algorithms & Data Structures,Searching
"Using binary search on the sorted array [72, 84, 95, 108, 133, 390, 437], how many comparisons are needed to find 437?",3,4,2,5,A) 3,Binary search halves the search space each comparison; finding 437 in this array takes 3 comparison(s).,Algorithms & Data Structures,Searching
"Using linear search, what is the index (0-based) of 195 in the array [155, 23, 166, 195, 126, 152, 25, 185, 35, 88, 142]?",0,3,5,1,B) 3,"Linear search checks each element in order; 195 is found at index 3 (0-based) in [155, 23, 166, 195, 126, 152, 25, 185, 35, 88, 142].",Algorithms & Data Structures,Searching
"Using linear search, what is the index (0-based) of 72 in the array [1, 159, 23, 197, 2, 11, 53, 101, 72]?",8,6,11,5,A) 8,"Linear search checks each element in order; 72 is found at index 8 (0-based) in [1, 159, 23, 197, 2, 11, 53, 101, 72].",Algorithms & Data Structures,Searching
A stack starts empty. After performing: push(83); push(62); pop(); push(1); push(23) — what is on top of the stack?,23,4,61,29,A) 23,Following LIFO order through these operations leaves 23 on top of the stack.,Algorithms & Data Structures,Stacks
A queue starts empty. After performing: enqueue(50); dequeue(); enqueue(88); dequeue() — what is at the front of the queue?,95,Queue is empty,33,31,B) Queue is empty,Following FIFO order through these operations leaves Queue is empty at the front of the queue.,Algorithms & Data Structures,Queues
A queue starts empty. After performing: enqueue(70); enqueue(55); enqueue(83); dequeue(); enqueue(7) — what is at the front of the queue?,29,55,72,15,B) 55,Following FIFO order through these operations leaves 55 at the front of the queue.,Algorithms & Data Structures,Queues
A stack starts empty. After performing: push(76); push(78); push(53); push(91) — what is on top of the stack?,92,91,88,34,B) 91,Following LIFO order through these operations leaves 91 on top of the stack.,Algorithms & Data Structures,Stacks
A stack starts empty. After performing: push(53); pop(); push(92); push(4) — what is on top of the stack?,84,4,6,89,B) 4,Following LIFO order through these operations leaves 4 on top of the stack.,Algorithms & Data Structures,Stacks
A queue starts empty. After performing: enqueue(89); enqueue(39); enqueue(35); dequeue(); enqueue(32); dequeue() — what is at the front of the queue?,71,59,45,35,D) 35,Following FIFO order through these operations leaves 35 at the front of the queue.,Algorithms & Data Structures,Queues
"Using linear search, what is the index (0-based) of 17 in the array [61, 62, 153, 34, 50, 40, 136, 195, 17, 35, 160]?",10,8,7,11,B) 8,"Linear search checks each element in order; 17 is found at index 8 (0-based) in [61, 62, 153, 34, 50, 40, 136, 195, 17, 35, 160].",Algorithms & Data Structures,Searching
A queue starts empty. After performing: enqueue(21); dequeue(); enqueue(96); dequeue(); enqueue(98) — what is at the front of the queue?,80,10,44,98,D) 98,Following FIFO order through these operations leaves 98 at the front of the queue.,Algorithms & Data Structures,Queues
A queue starts empty. After performing: enqueue(94); dequeue(); enqueue(42); dequeue() — what is at the front of the queue?,1,38,Queue is empty,84,C) Queue is empty,Following FIFO order through these operations leaves Queue is empty at the front of the queue.,Algorithms & Data Structures,Queues
A stack starts empty. After performing: push(15); push(72); pop(); push(40) — what is on top of the stack?,51,53,42,40,D) 40,Following LIFO order through these operations leaves 40 on top of the stack.,Algorithms & Data Structures,Stacks
A queue starts empty. After performing: enqueue(77); enqueue(70); enqueue(87); enqueue(98); enqueue(9); enqueue(66) — what is at the front of the queue?,77,62,47,2,A) 77,Following FIFO order through these operations leaves 77 at the front of the queue.,Algorithms & Data Structures,Queues
"After one full pass of bubble sort on the array [19, 12, 87, 20, 98, 17], what does the array look like?","[17, 98, 20, 87, 12, 19]","[12, 19, 20, 87, 17, 98]","[12, 17, 19, 20, 87, 98]","[19, 12, 87, 20, 98, 17]","B) [12, 19, 20, 87, 17, 98]","In one pass of bubble sort, each pair of adjacent elements is compared and swapped if out of order, resulting in [12, 19, 20, 87, 17, 98].",Algorithms & Data Structures,Sorting
"Using binary search on the sorted array [15, 43, 70, 75, 89, 100, 121, 129, 150, 170, 196, 215, 232, 238, 247, 270, 279, 293, 297, 312, 343, 351, 362, 370, 396, 418, 433, 468, 483, 496, 498], how many comparisons are needed to find 343?",3,4,7,5,D) 5,Binary search halves the search space each comparison; finding 343 in this array takes 5 comparison(s).,Algorithms & Data Structures,Searching
"Using linear search, what is the index (0-based) of 149 in the array [181, 167, 186, 112, 39, 149, 135, 87, 86]?",5,4,7,6,A) 5,"Linear search checks each element in order; 149 is found at index 5 (0-based) in [181, 167, 186, 112, 39, 149, 135, 87, 86].",Algorithms & Data Structures,Searching
A stack starts empty. After performing: push(57); push(48); pop(); push(38); push(75); push(17) — what is on top of the stack?,17,17,79,94,A) 17,Following LIFO order through these operations leaves 17 on top of the stack.,Algorithms & Data Structures,Stacks
"After one full pass of bubble sort on the array [33, 41, 14, 70, 89], what does the array look like?","[33, 14, 41, 70, 89]","[89, 70, 14, 41, 33]","[14, 33, 41, 70, 89]","[33, 41, 14, 70, 89]","A) [33, 14, 41, 70, 89]","In one pass of bubble sort, each pair of adjacent elements is compared and swapped if out of order, resulting in [33, 14, 41, 70, 89].",Algorithms & Data Structures,Sorting
"Using binary search on the sorted array [17, 108, 121, 149, 322, 327, 403], how many comparisons are needed to find 322?",3,1,4,5,A) 3,Binary search halves the search space each comparison; finding 322 in this array takes 3 comparison(s).,Algorithms & Data Structures,Searching
A queue starts empty. After performing: enqueue(50); enqueue(58); dequeue(); enqueue(11); enqueue(79) — what is at the front of the queue?,56,58,39,60,B) 58,Following FIFO order through these operations leaves 58 at the front of the queue.,Algorithms & Data Structures,Queues
"Using binary search on the sorted array [46, 68, 78, 148, 157, 210, 215, 219, 237, 273, 282, 334, 363, 394, 471], how many comparisons are needed to find 334?",2,1,3,4,A) 2,Binary search halves the search space each comparison; finding 334 in this array takes 2 comparison(s).,Algorithms & Data Structures,Searching
A stack starts empty. After performing: push(35); pop(); push(10); pop() — what is on top of the stack?,22,Stack is empty,81,62,B) Stack is empty,Following LIFO order through these operations leaves Stack is empty on top of the stack.,Algorithms & Data Structures,Stacks
A queue starts empty. After performing: enqueue(92); enqueue(80); enqueue(31); enqueue(36) — what is at the front of the queue?,30,92,7,49,B) 92,Following FIFO order through these operations leaves 92 at the front of the queue.,Algorithms & Data Structures,Queues
A queue starts empty. After performing: enqueue(73); dequeue(); enqueue(90); dequeue() — what is at the front of the queue?,8,39,60,Queue is empty,D) Queue is empty,Following FIFO order through these operations leaves Queue is empty at the front of the queue.,Algorithms & Data Structures,Queues
A queue starts empty. After performing: enqueue(83); enqueue(35); dequeue(); enqueue(63); dequeue(); enqueue(77) — what is at the front of the queue?,95,73,63,63,C) 63,Following FIFO order through these operations leaves 63 at the front of the queue.,Algorithms & Data Structures,Queues
A stack starts empty. After performing: push(68); push(40); push(58); pop() — what is on top of the stack?,99,16,40,40,C) 40,Following LIFO order through these operations leaves 40 on top of the stack.,Algorithms & Data Structures,Stacks
"Using binary search on the sorted array [52, 138, 143, 153, 156, 181, 189, 205, 280, 313, 315, 391, 422, 479, 498], how many comparisons are needed to find 422?",3,6,5,4,D) 4,Binary search halves the search space each comparison; finding 422 in this array takes 4 comparison(s).,Algorithms & Data Structures,Searching
"Using linear search, what is the index (0-based) of 118 in the array [118, 68, 56, 190, 83, 8, 3, 170, 24]?",1,3,2,0,D) 0,"Linear search checks each element in order; 118 is found at index 0 (0-based) in [118, 68, 56, 190, 83, 8, 3, 170, 24].",Algorithms & Data Structures,Searching
"Using binary search on the sorted array [1, 22, 23, 30, 34, 37, 54, 59, 104, 122, 136, 158, 175, 209, 218, 231, 234, 255, 259, 265, 306, 311, 313, 329, 340, 365, 390, 401, 402, 451, 467], how many comparisons are needed to find 37?",6,2,4,3,C) 4,Binary search halves the search space each comparison; finding 37 in this array takes 4 comparison(s).,Algorithms & Data Structures,Searching
"Using linear search, what is the index (0-based) of 192 in the array [33, 22, 106, 110, 158, 192, 44]?",5,3,8,6,A) 5,"Linear search checks each element in order; 192 is found at index 5 (0-based) in [33, 22, 106, 110, 158, 192, 44].",Algorithms & Data Structures,Searching
A stack starts empty. After performing: push(12); push(86); push(35); pop(); pop() — what is on top of the stack?,12,55,26,4,A) 12,Following LIFO order through these operations leaves 12 on top of the stack.,Algorithms & Data Structures,Stacks
A stack starts empty. After performing: push(80); push(90); push(77); push(74); pop(); pop() — what is on top of the stack?,29,12,57,90,D) 90,Following LIFO order through these operations leaves 90 on top of the stack.,Algorithms & Data Structures,Stacks
"Using linear search, what is the index (0-based) of 136 in the array [112, 136, 160, 46, 68, 113, 15, 94]?",2,1,4,0,B) 1,"Linear search checks each element in order; 136 is found at index 1 (0-based) in [112, 136, 160, 46, 68, 113, 15, 94].",Algorithms & Data Structures,Searching
"Using linear search, what is the index (0-based) of 54 in the array [122, 173, 21, 186, 8, 183, 25, 54, 27]?",6,7,9,4,B) 7,"Linear search checks each element in order; 54 is found at index 7 (0-based) in [122, 173, 21, 186, 8, 183, 25, 54, 27].",Algorithms & Data Structures,Searching
A stack starts empty. After performing: push(90); pop(); push(62); push(21) — what is on top of the stack?,55,21,17,91,B) 21,Following LIFO order through these operations leaves 21 on top of the stack.,Algorithms & Data Structures,Stacks
"Using linear search, what is the index (0-based) of 87 in the array [128, 87, 13, 32, 78]?",4,0,3,1,D) 1,"Linear search checks each element in order; 87 is found at index 1 (0-based) in [128, 87, 13, 32, 78].",Algorithms & Data Structures,Searching
A stack starts empty. After performing: push(29); push(32); pop(); push(94); push(38); push(86) — what is on top of the stack?,94,86,98,16,B) 86,Following LIFO order through these operations leaves 86 on top of the stack.,Algorithms & Data Structures,Stacks
A queue starts empty. After performing: enqueue(92); enqueue(27); enqueue(58); dequeue(); enqueue(26); enqueue(24) — what is at the front of the queue?,27,56,62,13,A) 27,Following FIFO order through these operations leaves 27 at the front of the queue.,Algorithms & Data Structures,Queues
"Using linear search, what is the index (0-based) of 142 in the array [97, 185, 181, 4, 69, 173, 149, 123, 60, 142]?",9,7,10,6,A) 9,"Linear search checks each element in order; 142 is found at index 9 (0-based) in [97, 185, 181, 4, 69, 173, 149, 123, 60, 142].",Algorithms & Data Structures,Searching
A queue starts empty. After performing: enqueue(46); dequeue(); enqueue(7); enqueue(80) — what is at the front of the queue?,82,60,81,7,D) 7,Following FIFO order through these operations leaves 7 at the front of the queue.,Algorithms & Data Structures,Queues
A queue starts empty. After performing: enqueue(99); enqueue(35); enqueue(67); enqueue(94); enqueue(90) — what is at the front of the queue?,49,33,77,99,D) 99,Following FIFO order through these operations leaves 99 at the front of the queue.,Algorithms & Data Structures,Queues
"Using binary search on the sorted array [1, 16, 17, 89, 110, 167, 195, 261, 352, 375, 377, 437, 451, 460, 494], how many comparisons are needed to find 451?",4,5,3,2,A) 4,Binary search halves the search space each comparison; finding 451 in this array takes 4 comparison(s).,Algorithms & Data Structures,Searching
A queue starts empty. After performing: enqueue(18); dequeue(); enqueue(78); enqueue(98) — what is at the front of the queue?,78,7,4,58,A) 78,Following FIFO order through these operations leaves 78 at the front of the queue.,Algorithms & Data Structures,Queues
"After one full pass of bubble sort on the array [26, 25, 10, 61, 93], what does the array look like?","[93, 61, 10, 25, 26]","[25, 10, 26, 61, 93]","[26, 25, 10, 61, 93]","[10, 25, 26, 61, 93]","B) [25, 10, 26, 61, 93]","In one pass of bubble sort, each pair of adjacent elements is compared and swapped if out of order, resulting in [25, 10, 26, 61, 93].",Algorithms & Data Structures,Sorting
"After one full pass of bubble sort on the array [96, 63, 28, 65, 30], what does the array look like?","[28, 30, 63, 65, 96]","[63, 28, 65, 30, 96]","[96, 63, 28, 65, 30]","[30, 65, 28, 63, 96]","B) [63, 28, 65, 30, 96]","In one pass of bubble sort, each pair of adjacent elements is compared and swapped if out of order, resulting in [63, 28, 65, 30, 96].",Algorithms & Data Structures,Sorting
A queue starts empty. After performing: enqueue(78); enqueue(62); enqueue(17); enqueue(36) — what is at the front of the queue?,51,41,6,78,D) 78,Following FIFO order through these operations leaves 78 at the front of the queue.,Algorithms & Data Structures,Queues
"Using binary search on the sorted array [1, 4, 13, 50, 62, 120, 129, 151, 171, 220, 225, 239, 243, 252, 278, 287, 296, 299, 300, 303, 319, 345, 358, 364, 367, 391, 429, 459, 485, 489, 492], how many comparisons are needed to find 171?",6,4,5,3,C) 5,Binary search halves the search space each comparison; finding 171 in this array takes 5 comparison(s).,Algorithms & Data Structures,Searching
"Using linear search, what is the index (0-based) of 133 in the array [2, 145, 133, 94, 23]?",4,2,5,1,B) 2,"Linear search checks each element in order; 133 is found at index 2 (0-based) in [2, 145, 133, 94, 23].",Algorithms & Data Structures,Searching
"Using linear search, what is the index (0-based) of 53 in the array [64, 147, 124, 161, 177, 98, 61, 53, 110, 194, 107, 135]?",8,10,9,7,D) 7,"Linear search checks each element in order; 53 is found at index 7 (0-based) in [64, 147, 124, 161, 177, 98, 61, 53, 110, 194, 107, 135].",Algorithms & Data Structures,Searching
"After one full pass of bubble sort on the array [31, 56, 28, 12, 93, 37], what does the array look like?","[37, 93, 12, 28, 56, 31]","[31, 28, 12, 56, 37, 93]","[31, 56, 28, 12, 93, 37]","[12, 28, 31, 37, 56, 93]","B) [31, 28, 12, 56, 37, 93]","In one pass of bubble sort, each pair of adjacent elements is compared and swapped if out of order, resulting in [31, 28, 12, 56, 37, 93].",Algorithms & Data Structures,Sorting
A stack starts empty. After performing: push(78); pop(); push(93); push(34); pop() — what is on top of the stack?,73,94,93,6,C) 93,Following LIFO order through these operations leaves 93 on top of the stack.,Algorithms & Data Structures,Stacks
A queue starts empty. After performing: enqueue(67); dequeue(); enqueue(81); enqueue(98); dequeue(); enqueue(20) — what is at the front of the queue?,42,39,22,98,D) 98,Following FIFO order through these operations leaves 98 at the front of the queue.,Algorithms & Data Structures,Queues
A queue starts empty. After performing: enqueue(72); dequeue(); enqueue(61); enqueue(36); dequeue() — what is at the front of the queue?,18,9,15,36,D) 36,Following FIFO order through these operations leaves 36 at the front of the queue.,Algorithms & Data Structures,Queues
"After one full pass of bubble sort on the array [53, 36, 72, 86], what does the array look like?","[36, 53, 72, 86]","[53, 36, 72, 86]","[86, 72, 36, 53]","[36, 53, 72, 86]","A) [36, 53, 72, 86]","In one pass of bubble sort, each pair of adjacent elements is compared and swapped if out of order, resulting in [36, 53, 72, 86].",Algorithms & Data Structures,Sorting
"After one full pass of bubble sort on the array [14, 92, 1, 43, 75, 89], what does the array look like?","[1, 14, 43, 75, 89, 92]","[14, 92, 1, 43, 75, 89]","[89, 75, 43, 1, 92, 14]","[14, 1, 43, 75, 89, 92]","D) [14, 1, 43, 75, 89, 92]","In one pass of bubble sort, each pair of adjacent elements is compared and swapped if out of order, resulting in [14, 1, 43, 75, 89, 92].",Algorithms & Data Structures,Sorting
"Using linear search, what is the index (0-based) of 116 in the array [58, 116, 76, 120, 93, 150, 145]?",4,3,2,1,D) 1,"Linear search checks each element in order; 116 is found at index 1 (0-based) in [58, 116, 76, 120, 93, 150, 145].",Algorithms & Data Structures,Searching
"Using linear search, what is the index (0-based) of 83 in the array [28, 160, 83, 158, 67, 185, 101, 157, 182]?",3,5,1,2,D) 2,"Linear search checks each element in order; 83 is found at index 2 (0-based) in [28, 160, 83, 158, 67, 185, 101, 157, 182].",Algorithms & Data Structures,Searching
"After one full pass of bubble sort on the array [59, 21, 54, 2, 44], what does the array look like?","[2, 21, 44, 54, 59]","[59, 21, 54, 2, 44]","[44, 2, 54, 21, 59]","[21, 54, 2, 44, 59]","D) [21, 54, 2, 44, 59]","In one pass of bubble sort, each pair of adjacent elements is compared and swapped if out of order, resulting in [21, 54, 2, 44, 59].",Algorithms & Data Structures,Sorting
"After one full pass of bubble sort on the array [79, 7, 48, 61, 27, 58, 29], what does the array look like?","[7, 48, 61, 27, 58, 29, 79]","[7, 27, 29, 48, 58, 61, 79]","[29, 58, 27, 61, 48, 7, 79]","[79, 7, 48, 61, 27, 58, 29]","A) [7, 48, 61, 27, 58, 29, 79]","In one pass of bubble sort, each pair of adjacent elements is compared and swapped if out of order, resulting in [7, 48, 61, 27, 58, 29, 79].",Algorithms & Data Structures,Sorting
A queue starts empty. After performing: enqueue(96); dequeue(); enqueue(72); dequeue(); enqueue(40); enqueue(43) — what is at the front of the queue?,62,40,8,43,B) 40,Following FIFO order through these operations leaves 40 at the front of the queue.,Algorithms & Data Structures,Queues
"Using linear search, what is the index (0-based) of 94 in the array [18, 17, 94, 135, 28, 127, 103, 107]?",2,4,1,5,A) 2,"Linear search checks each element in order; 94 is found at index 2 (0-based) in [18, 17, 94, 135, 28, 127, 103, 107].",Algorithms & Data Structures,Searching
"Using binary search on the sorted array [21, 23, 44, 108, 237, 238, 249, 316, 346, 353, 359, 370, 421, 453, 468], how many comparisons are needed to find 468?",6,2,4,3,C) 4,Binary search halves the search space each comparison; finding 468 in this array takes 4 comparison(s).,Algorithms & Data Structures,Searching
A queue starts empty. After performing: enqueue(99); enqueue(97); dequeue(); enqueue(21); enqueue(13) — what is at the front of the queue?,97,77,58,75,A) 97,Following FIFO order through these operations leaves 97 at the front of the queue.,Algorithms & Data Structures,Queues
A queue starts empty. After performing: enqueue(26); dequeue(); enqueue(44); dequeue(); enqueue(13) — what is at the front of the queue?,83,72,28,13,D) 13,Following FIFO order through these operations leaves 13 at the front of the queue.,Algorithms & Data Structures,Queues
A stack starts empty. After performing: push(99); push(4); push(42); push(19); push(32); push(74) — what is on top of the stack?,96,89,74,36,C) 74,Following LIFO order through these operations leaves 74 on top of the stack.,Algorithms & Data Structures,Stacks
A stack starts empty. After performing: push(87); pop(); push(52); push(93); push(98) — what is on top of the stack?,23,46,98,92,C) 98,Following LIFO order through these operations leaves 98 on top of the stack.,Algorithms & Data Structures,Stacks
A stack starts empty. After performing: push(59); push(62); pop(); pop() — what is on top of the stack?,38,73,46,Stack is empty,D) Stack is empty,Following LIFO order through these operations leaves Stack is empty on top of the stack.,Algorithms & Data Structures,Stacks
A queue starts empty. After performing: enqueue(86); dequeue(); enqueue(66); dequeue(); enqueue(72); enqueue(96) — what is at the front of the queue?,6,47,12,72,D) 72,Following FIFO order through these operations leaves 72 at the front of the queue.,Algorithms & Data Structures,Queues
"Using linear search, what is the index (0-based) of 2 in the array [44, 2, 166, 131, 155, 152, 196, 118, 142, 162, 125]?",2,1,4,3,B) 1,"Linear search checks each element in order; 2 is found at index 1 (0-based) in [44, 2, 166, 131, 155, 152, 196, 118, 142, 162, 125].",Algorithms & Data Structures,Searching
"After one full pass of bubble sort on the array [41, 19, 55, 30, 12, 76, 44], what does the array look like?","[44, 76, 12, 30, 55, 19, 41]","[12, 19, 30, 41, 44, 55, 76]","[41, 19, 55, 30, 12, 76, 44]","[19, 41, 30, 12, 55, 44, 76]","D) [19, 41, 30, 12, 55, 44, 76]","In one pass of bubble sort, each pair of adjacent elements is compared and swapped if out of order, resulting in [19, 41, 30, 12, 55, 44, 76].",Algorithms & Data Structures,Sorting
A queue starts empty. After performing: enqueue(11); enqueue(60); dequeue(); dequeue() — what is at the front of the queue?,35,80,Queue is empty,46,C) Queue is empty,Following FIFO order through these operations leaves Queue is empty at the front of the queue.,Algorithms & Data Structures,Queues
"Using binary search on the sorted array [3, 28, 32, 46, 63, 87, 106, 114, 123, 125, 129, 144, 158, 197, 214, 215, 228, 266, 268, 276, 282, 299, 302, 309, 342, 379, 410, 426, 442, 444, 453], how many comparisons are needed to find 410?",6,7,3,5,D) 5,Binary search halves the search space each comparison; finding 410 in this array takes 5 comparison(s).,Algorithms & Data Structures,Searching
"After one full pass of bubble sort on the array [6, 90, 15, 13], what does the array look like?","[6, 13, 15, 90]","[6, 15, 13, 90]","[13, 15, 90, 6]","[6, 90, 15, 13]","B) [6, 15, 13, 90]","In one pass of bubble sort, each pair of adjacent elements is compared and swapped if out of order, resulting in [6, 15, 13, 90].",Algorithms & Data Structures,Sorting
"After one full pass of bubble sort on the array [1, 95, 64, 41, 24, 34], what does the array look like?","[1, 64, 41, 24, 34, 95]","[1, 24, 34, 41, 64, 95]","[34, 24, 41, 64, 95, 1]","[1, 95, 64, 41, 24, 34]","A) [1, 64, 41, 24, 34, 95]","In one pass of bubble sort, each pair of adjacent elements is compared and swapped if out of order, resulting in [1, 64, 41, 24, 34, 95].",Algorithms & Data Structures,Sorting
"Using binary search on the sorted array [32, 74, 75, 189, 221, 229, 231, 245, 280, 312, 351, 439, 450, 455, 499], how many comparisons are needed to find 221?",4,5,3,6,A) 4,Binary search halves the search space each comparison; finding 221 in this array takes 4 comparison(s).,Algorithms & Data Structures,Searching
"Using binary search on the sorted array [15, 26, 32, 37, 40, 63, 103, 152, 155, 166, 167, 188, 221, 230, 253, 254, 304, 312, 315, 330, 333, 339, 340, 347, 359, 381, 390, 415, 437, 469, 489], how many comparisons are needed to find 340?",4,3,5,6,C) 5,Binary search halves the search space each comparison; finding 340 in this array takes 5 comparison(s).,Algorithms & Data Structures,Searching
A queue starts empty. After performing: enqueue(99); enqueue(22); enqueue(31); dequeue(); enqueue(54) — what is at the front of the queue?,95,39,22,22,C) 22,Following FIFO order through these operations leaves 22 at the front of the queue.,Algorithms & Data Structures,Queues
A stack starts empty. After performing: push(3); push(29); push(84); pop() — what is on top of the stack?,87,29,62,60,B) 29,Following LIFO order through these operations leaves 29 on top of the stack.,Algorithms & Data Structures,Stacks
"Using binary search on the sorted array [5, 54, 77, 109, 128, 134, 170, 278, 376, 391, 429, 450, 463, 480, 495], how many comparisons are needed to find 128?",4,5,6,2,A) 4,Binary search halves the search space each comparison; finding 128 in this array takes 4 comparison(s).,Algorithms & Data Structures,Searching
"After one full pass of bubble sort on the array [60, 44, 56, 18], what does the array look like?","[18, 44, 56, 60]","[18, 56, 44, 60]","[44, 56, 18, 60]","[60, 44, 56, 18]","C) [44, 56, 18, 60]","In one pass of bubble sort, each pair of adjacent elements is compared and swapped if out of order, resulting in [44, 56, 18, 60].",Algorithms & Data Structures,Sorting
"Using binary search on the sorted array [8, 27, 29, 146, 155, 164, 184, 190, 194, 199, 207, 211, 214, 253, 256, 265, 283, 287, 295, 319, 322, 325, 333, 356, 365, 377, 386, 388, 390, 409, 455], how many comparisons are needed to find 283?",5,4,6,7,A) 5,Binary search halves the search space each comparison; finding 283 in this array takes 5 comparison(s).,Algorithms & Data Structures,Searching
A stack starts empty. After performing: push(63); push(27); push(26); pop(); push(37) — what is on top of the stack?,88,11,37,96,C) 37,Following LIFO order through these operations leaves 37 on top of the stack.,Algorithms & Data Structures,Stacks
"After one full pass of bubble sort on the array [87, 14, 53, 41], what does the array look like?","[14, 53, 41, 87]","[14, 41, 53, 87]","[87, 14, 53, 41]","[41, 53, 14, 87]","A) [14, 53, 41, 87]","In one pass of bubble sort, each pair of adjacent elements is compared and swapped if out of order, resulting in [14, 53, 41, 87].",Algorithms & Data Structures,Sorting
A stack starts empty. After performing: push(71); pop(); push(95); pop() — what is on top of the stack?,47,25,58,Stack is empty,D) Stack is empty,Following LIFO order through these operations leaves Stack is empty on top of the stack.,Algorithms & Data Structures,Stacks
"Using linear search, what is the index (0-based) of 99 in the array [154, 115, 59, 94, 99]?",1,6,4,2,C) 4,"Linear search checks each element in order; 99 is found at index 4 (0-based) in [154, 115, 59, 94, 99].",Algorithms & Data Structures,Searching
"Using linear search, what is the index (0-based) of 88 in the array [57, 159, 21, 79, 118, 88, 123]?",3,5,7,2,B) 5,"Linear search checks each element in order; 88 is found at index 5 (0-based) in [57, 159, 21, 79, 118, 88, 123].",Algorithms & Data Structures,Searching
A stack starts empty. After performing: push(61); push(31); push(41); push(60); push(31) — what is on top of the stack?,31,38,38,23,A) 31,Following LIFO order through these operations leaves 31 on top of the stack.,Algorithms & Data Structures,Stacks
"After one full pass of bubble sort on the array [98, 26, 21, 83, 20, 24, 65], what does the array look like?","[65, 24, 20, 83, 21, 26, 98]","[20, 21, 24, 26, 65, 83, 98]","[26, 21, 83, 20, 24, 65, 98]","[98, 26, 21, 83, 20, 24, 65]","C) [26, 21, 83, 20, 24, 65, 98]","In one pass of bubble sort, each pair of adjacent elements is compared and swapped if out of order, resulting in [26, 21, 83, 20, 24, 65, 98].",Algorithms & Data Structures,Sorting
"After one full pass of bubble sort on the array [35, 57, 66, 83, 25, 11, 4], what does the array look like?","[4, 11, 25, 35, 57, 66, 83]","[35, 57, 66, 83, 25, 11, 4]","[35, 57, 66, 25, 11, 4, 83]","[4, 11, 25, 83, 66, 57, 35]","C) [35, 57, 66, 25, 11, 4, 83]","In one pass of bubble sort, each pair of adjacent elements is compared and swapped if out of order, resulting in [35, 57, 66, 25, 11, 4, 83].",Algorithms & Data Structures,Sorting
A stack starts empty. After performing: push(15); pop(); push(22); push(59); pop(); push(46) — what is on top of the stack?,50,33,46,45,C) 46,Following LIFO order through these operations leaves 46 on top of the stack.,Algorithms & Data Structures,Stacks
A stack starts empty. After performing: push(39); push(94); pop(); pop(); push(70) — what is on top of the stack?,61,70,86,69,B) 70,Following LIFO order through these operations leaves 70 on top of the stack.,Algorithms & Data Structures,Stacks
A queue starts empty. After performing: enqueue(68); enqueue(5); enqueue(48); enqueue(26); enqueue(25) — what is at the front of the queue?,88,85,68,68,C) 68,Following FIFO order through these operations leaves 68 at the front of the queue.,Algorithms & Data Structures,Queues
"Using binary search on the sorted array [29, 54, 75, 84, 95, 108, 118, 121, 130, 172, 175, 203, 220, 229, 232, 247, 254, 263, 281, 299, 342, 347, 365, 372, 394, 401, 408, 421, 436, 448, 470], how many comparisons are needed to find 95?",7,6,5,4,C) 5,Binary search halves the search space each comparison; finding 95 in this array takes 5 comparison(s).,Algorithms & Data Structures,Searching
"After one full pass of bubble sort on the array [49, 41, 80, 63, 84], what does the array look like?","[84, 63, 80, 41, 49]","[41, 49, 63, 80, 84]","[41, 49, 63, 80, 84]","[49, 41, 80, 63, 84]","B) [41, 49, 63, 80, 84]","In one pass of bubble sort, each pair of adjacent elements is compared and swapped if out of order, resulting in [41, 49, 63, 80, 84].",Algorithms & Data Structures,Sorting
"Using linear search, what is the index (0-based) of 2 in the array [37, 21, 23, 2, 122, 143, 107, 100, 190, 189]?",5,3,4,0,B) 3,"Linear search checks each element in order; 2 is found at index 3 (0-based) in [37, 21, 23, 2, 122, 143, 107, 100, 190, 189].",Algorithms & Data Structures,Searching
"Using linear search, what is the index (0-based) of 46 in the array [98, 56, 46, 30, 12, 44]?",3,2,0,5,B) 2,"Linear search checks each element in order; 46 is found at index 2 (0-based) in [98, 56, 46, 30, 12, 44].",Algorithms & Data Structures,Searching
A queue starts empty. After performing: enqueue(89); dequeue(); enqueue(80); dequeue(); enqueue(28); dequeue() — what is at the front of the queue?,Queue is empty,89,85,7,A) Queue is empty,Following FIFO order through these operations leaves Queue is empty at the front of the queue.,Algorithms & Data Structures,Queues
A stack starts empty. After performing: push(18); pop(); push(88); pop() — what is on top of the stack?,13,Stack is empty,63,80,B) Stack is empty,Following LIFO order through these operations leaves Stack is empty on top of the stack.,Algorithms & Data Structures,Stacks
"Using linear search, what is the index (0-based) of 90 in the array [90, 189, 70, 47, 4]?",1,0,3,2,B) 0,"Linear search checks each element in order; 90 is found at index 0 (0-based) in [90, 189, 70, 47, 4].",Algorithms & Data Structures,Searching
"Using binary search on the sorted array [2, 9, 94, 99, 109, 114, 125, 126, 151, 256, 263, 316, 326, 346, 442], how many comparisons are needed to find 256?",1,3,2,5,B) 3,Binary search halves the search space each comparison; finding 256 in this array takes 3 comparison(s).,Algorithms & Data Structures,Searching
A queue starts empty. After performing: enqueue(32); enqueue(37); enqueue(85); dequeue(); enqueue(37); enqueue(19) — what is at the front of the queue?,1,37,93,37,B) 37,Following FIFO order through these operations leaves 37 at the front of the queue.,Algorithms & Data Structures,Queues
"After one full pass of bubble sort on the array [82, 47, 86, 42], what does the array look like?","[42, 86, 47, 82]","[82, 47, 86, 42]","[47, 82, 42, 86]","[42, 47, 82, 86]","C) [47, 82, 42, 86]","In one pass of bubble sort, each pair of adjacent elements is compared and swapped if out of order, resulting in [47, 82, 42, 86].",Algorithms & Data Structures,Sorting
"Using binary search on the sorted array [3, 6, 73, 167, 183, 271, 294, 316, 322, 328, 340, 347, 408, 425, 476], how many comparisons are needed to find 340?",4,5,3,6,A) 4,Binary search halves the search space each comparison; finding 340 in this array takes 4 comparison(s).,Algorithms & Data Structures,Searching
"Using linear search, what is the index (0-based) of 135 in the array [44, 62, 15, 96, 74, 176, 135, 70]?",8,6,9,5,B) 6,"Linear search checks each element in order; 135 is found at index 6 (0-based) in [44, 62, 15, 96, 74, 176, 135, 70].",Algorithms & Data Structures,Searching
"Using binary search on the sorted array [9, 13, 47, 54, 56, 61, 68, 75, 85, 87, 122, 127, 136, 173, 178, 198, 219, 220, 232, 298, 304, 324, 368, 379, 395, 412, 442, 449, 450, 493, 498], how many comparisons are needed to find 493?",4,5,2,6,A) 4,Binary search halves the search space each comparison; finding 493 in this array takes 4 comparison(s).,Algorithms & Data Structures,Searching
A queue starts empty. After performing: enqueue(79); dequeue(); enqueue(40); enqueue(2); enqueue(88) — what is at the front of the queue?,64,68,60,40,D) 40,Following FIFO order through these operations leaves 40 at the front of the queue.,Algorithms & Data Structures,Queues
"Using binary search on the sorted array [4, 12, 13, 32, 36, 54, 74, 81, 91, 93, 104, 133, 153, 230, 234, 235, 239, 244, 267, 273, 288, 330, 354, 412, 423, 428, 446, 477, 479, 491, 492], how many comparisons are needed to find 36?",3,4,5,7,C) 5,Binary search halves the search space each comparison; finding 36 in this array takes 5 comparison(s).,Algorithms & Data Structures,Searching
A queue starts empty. After performing: enqueue(11); dequeue(); enqueue(99); dequeue(); enqueue(37); enqueue(57) — what is at the front of the queue?,83,37,80,28,B) 37,Following FIFO order through these operations leaves 37 at the front of the queue.,Algorithms & Data Structures,Queues
A stack starts empty. After performing: push(12); pop(); push(74); push(52); pop(); push(73) — what is on top of the stack?,78,86,94,73,D) 73,Following LIFO order through these operations leaves 73 on top of the stack.,Algorithms & Data Structures,Stacks
"Using binary search on the sorted array [187, 218, 263, 323, 336, 474, 481], how many comparisons are needed to find 323?",1,3,2,4,A) 1,Binary search halves the search space each comparison; finding 323 in this array takes 1 comparison(s).,Algorithms & Data Structures,Searching
A stack starts empty. After performing: push(3); push(86); push(51); pop(); pop(); push(50) — what is on top of the stack?,43,50,29,62,B) 50,Following LIFO order through these operations leaves 50 on top of the stack.,Algorithms & Data Structures,Stacks
A stack starts empty. After performing: push(73); pop(); push(58); push(72) — what is on top of the stack?,62,79,60,72,D) 72,Following LIFO order through these operations leaves 72 on top of the stack.,Algorithms & Data Structures,Stacks
"After one full pass of bubble sort on the array [40, 71, 58, 4, 12], what does the array look like?","[12, 4, 58, 71, 40]","[40, 71, 58, 4, 12]","[40, 58, 4, 12, 71]","[4, 12, 40, 58, 71]","C) [40, 58, 4, 12, 71]","In one pass of bubble sort, each pair of adjacent elements is compared and swapped if out of order, resulting in [40, 58, 4, 12, 71].",Algorithms & Data Structures,Sorting
"Using linear search, what is the index (0-based) of 51 in the array [102, 80, 11, 170, 4, 44, 94, 139, 51]?",8,11,7,6,A) 8,"Linear search checks each element in order; 51 is found at index 8 (0-based) in [102, 80, 11, 170, 4, 44, 94, 139, 51].",Algorithms & Data Structures,Searching
Which of the following best describes sorting?,A data structure that follows First-In-First-Out (FIFO) order,A linear data structure where elements are linked using pointers,A notation used to describe the upper bound of an algorithm's complexity,The process of arranging data in a particular order,D) The process of arranging data in a particular order,"Sorting is the process of arranging elements of a list or array into a specific order, such as ascending or descending.",Algorithms & Data Structures,Sorting
"After one full pass of bubble sort on the array [91, 35, 86, 67], what does the array look like?","[67, 86, 35, 91]","[35, 86, 67, 91]","[91, 35, 86, 67]","[35, 67, 86, 91]","B) [35, 86, 67, 91]","In one pass of bubble sort, each pair of adjacent elements is compared and swapped if out of order, resulting in [35, 86, 67, 91].",Algorithms & Data Structures,Sorting
"Using binary search on the sorted array [87, 119, 289, 324, 428, 480, 487], how many comparisons are needed to find 119?",1,3,2,4,C) 2,Binary search halves the search space each comparison; finding 119 in this array takes 2 comparison(s).,Algorithms & Data Structures,Searching
"Using binary search on the sorted array [12, 23, 43, 51, 72, 102, 137, 152, 156, 163, 171, 172, 175, 188, 210, 223, 237, 306, 307, 316, 322, 335, 355, 361, 372, 389, 438, 444, 468, 483, 496], how many comparisons are needed to find 389?",6,4,3,5,B) 4,Binary search halves the search space each comparison; finding 389 in this array takes 4 comparison(s).,Algorithms & Data Structures,Searching
A stack starts empty. After performing: push(80); push(7); pop(); pop(); push(48); push(94) — what is on top of the stack?,35,6,47,94,D) 94,Following LIFO order through these operations leaves 94 on top of the stack.,Algorithms & Data Structures,Stacks
A stack starts empty. After performing: push(33); push(51); push(69); push(90); push(48) — what is on top of the stack?,9,48,29,15,B) 48,Following LIFO order through these operations leaves 48 on top of the stack.,Algorithms & Data Structures,Stacks
"Using binary search on the sorted array [4, 43, 71, 81, 85, 86, 91, 95, 100, 129, 134, 161, 241, 249, 260, 262, 306, 324, 329, 350, 366, 376, 377, 417, 421, 426, 448, 451, 484, 485, 499], how many comparisons are needed to find 350?",5,2,3,4,C) 3,Binary search halves the search space each comparison; finding 350 in this array takes 3 comparison(s).,Algorithms & Data Structures,Searching
"Using linear search, what is the index (0-based) of 147 in the array [150, 72, 75, 118, 114, 147]?",3,5,4,2,B) 5,"Linear search checks each element in order; 147 is found at index 5 (0-based) in [150, 72, 75, 118, 114, 147].",Algorithms & Data Structures,Searching
A queue starts empty. After performing: enqueue(46); enqueue(45); enqueue(64); enqueue(15); enqueue(13) — what is at the front of the queue?,9,60,80,46,D) 46,Following FIFO order through these operations leaves 46 at the front of the queue.,Algorithms & Data Structures,Queues
"Using binary search on the sorted array [2, 14, 42, 46, 71, 75, 77, 84, 100, 101, 137, 187, 217, 228, 233, 262, 283, 354, 358, 364, 368, 399, 403, 412, 424, 437, 440, 461, 485, 488, 489], how many comparisons are needed to find 440?",3,5,7,6,B) 5,Binary search halves the search space each comparison; finding 440 in this array takes 5 comparison(s).,Algorithms & Data Structures,Searching
"Using linear search, what is the index (0-based) of 109 in the array [77, 18, 195, 17, 65, 41, 14, 1, 109]?",7,8,5,6,B) 8,"Linear search checks each element in order; 109 is found at index 8 (0-based) in [77, 18, 195, 17, 65, 41, 14, 1, 109].",Algorithms & Data Structures,Searching
A stack starts empty. After performing: push(84); push(34); pop(); push(96); pop(); pop() — what is on top of the stack?,82,30,Stack is empty,29,C) Stack is empty,Following LIFO order through these operations leaves Stack is empty on top of the stack.,Algorithms & Data Structures,Stacks
"After one full pass of bubble sort on the array [96, 98, 68, 73, 32, 46, 84], what does the array look like?","[96, 98, 68, 73, 32, 46, 84]","[32, 46, 68, 73, 84, 96, 98]","[84, 46, 32, 73, 68, 98, 96]","[96, 68, 73, 32, 46, 84, 98]","D) [96, 68, 73, 32, 46, 84, 98]","In one pass of bubble sort, each pair of adjacent elements is compared and swapped if out of order, resulting in [96, 68, 73, 32, 46, 84, 98].",Algorithms & Data Structures,Sorting
"After one full pass of bubble sort on the array [50, 97, 25, 2, 84], what does the array look like?","[50, 97, 25, 2, 84]","[50, 25, 2, 84, 97]","[2, 25, 50, 84, 97]","[84, 2, 25, 97, 50]","B) [50, 25, 2, 84, 97]","In one pass of bubble sort, each pair of adjacent elements is compared and swapped if out of order, resulting in [50, 25, 2, 84, 97].",Algorithms & Data Structures,Sorting
"Using linear search, what is the index (0-based) of 152 in the array [142, 152, 195, 74, 70, 47, 112, 88, 26, 73, 166]?",2,4,1,0,C) 1,"Linear search checks each element in order; 152 is found at index 1 (0-based) in [142, 152, 195, 74, 70, 47, 112, 88, 26, 73, 166].",Algorithms & Data Structures,Searching
A stack starts empty. After performing: push(91); pop(); push(31); pop() — what is on top of the stack?,4,Stack is empty,54,56,B) Stack is empty,Following LIFO order through these operations leaves Stack is empty on top of the stack.,Algorithms & Data Structures,Stacks
"Using binary search on the sorted array [15, 27, 33, 36, 45, 58, 74, 76, 100, 109, 154, 166, 178, 191, 202, 209, 249, 260, 271, 279, 297, 323, 327, 334, 349, 357, 378, 394, 395, 421, 453], how many comparisons are needed to find 279?",5,2,1,3,D) 3,Binary search halves the search space each comparison; finding 279 in this array takes 3 comparison(s).,Algorithms & Data Structures,Searching
"Using binary search on the sorted array [37, 82, 182, 379, 382, 403, 425], how many comparisons are needed to find 82?",3,1,2,4,C) 2,Binary search halves the search space each comparison; finding 82 in this array takes 2 comparison(s).,Algorithms & Data Structures,Searching
"Using binary search on the sorted array [62, 67, 71, 95, 276, 422, 427], how many comparisons are needed to find 95?",3,2,1,4,C) 1,Binary search halves the search space each comparison; finding 95 in this array takes 1 comparison(s).,Algorithms & Data Structures,Searching
"After one full pass of bubble sort on the array [44, 73, 97, 65, 80], what does the array look like?","[44, 73, 65, 80, 97]","[44, 65, 73, 80, 97]","[80, 65, 97, 73, 44]","[44, 73, 97, 65, 80]","A) [44, 73, 65, 80, 97]","In one pass of bubble sort, each pair of adjacent elements is compared and swapped if out of order, resulting in [44, 73, 65, 80, 97].",Algorithms & Data Structures,Sorting
"Using binary search on the sorted array [3, 33, 68, 147, 153, 165, 202, 204, 217, 225, 315, 369, 448, 458, 471], how many comparisons are needed to find 448?",4,3,2,5,A) 4,Binary search halves the search space each comparison; finding 448 in this array takes 4 comparison(s).,Algorithms & Data Structures,Searching
A stack starts empty. After performing: push(92); push(63); pop(); push(98); pop() — what is on top of the stack?,46,92,86,77,B) 92,Following LIFO order through these operations leaves 92 on top of the stack.,Algorithms & Data Structures,Stacks
"Using linear search, what is the index (0-based) of 59 in the array [158, 67, 161, 60, 59, 30, 113, 58, 178, 18, 110]?",6,5,1,4,D) 4,"Linear search checks each element in order; 59 is found at index 4 (0-based) in [158, 67, 161, 60, 59, 30, 113, 58, 178, 18, 110].",Algorithms & Data Structures,Searching
"After one full pass of bubble sort on the array [9, 64, 36, 41, 20], what does the array look like?","[20, 41, 36, 64, 9]","[9, 64, 36, 41, 20]","[9, 20, 36, 41, 64]","[9, 36, 41, 20, 64]","D) [9, 36, 41, 20, 64]","In one pass of bubble sort, each pair of adjacent elements is compared and swapped if out of order, resulting in [9, 36, 41, 20, 64].",Algorithms & Data Structures,Sorting
A stack starts empty. After performing: push(7); push(43); pop(); push(65); pop(); push(18) — what is on top of the stack?,18,55,11,3,A) 18,Following LIFO order through these operations leaves 18 on top of the stack.,Algorithms & Data Structures,Stacks
"Using linear search, what is the index (0-based) of 187 in the array [173, 187, 88, 54, 133, 115]?",1,3,2,0,A) 1,"Linear search checks each element in order; 187 is found at index 1 (0-based) in [173, 187, 88, 54, 133, 115].",Algorithms & Data Structures,Searching
"After one full pass of bubble sort on the array [16, 65, 90, 5, 15, 99], what does the array look like?","[99, 15, 5, 90, 65, 16]","[16, 65, 5, 15, 90, 99]","[16, 65, 90, 5, 15, 99]","[5, 15, 16, 65, 90, 99]","B) [16, 65, 5, 15, 90, 99]","In one pass of bubble sort, each pair of adjacent elements is compared and swapped if out of order, resulting in [16, 65, 5, 15, 90, 99].",Algorithms & Data Structures,Sorting
"After one full pass of bubble sort on the array [52, 32, 13, 27, 59], what does the array look like?","[52, 32, 13, 27, 59]","[13, 27, 32, 52, 59]","[59, 27, 13, 32, 52]","[32, 13, 27, 52, 59]","D) [32, 13, 27, 52, 59]","In one pass of bubble sort, each pair of adjacent elements is compared and swapped if out of order, resulting in [32, 13, 27, 52, 59].",Algorithms & Data Structures,Sorting
A queue starts empty. After performing: enqueue(13); dequeue(); enqueue(6); enqueue(35); enqueue(37); dequeue() — what is at the front of the queue?,35,30,88,20,A) 35,Following FIFO order through these operations leaves 35 at the front of the queue.,Algorithms & Data Structures,Queues
A queue starts empty. After performing: enqueue(65); dequeue(); enqueue(65); enqueue(3); enqueue(66); enqueue(41) — what is at the front of the queue?,32,68,65,69,C) 65,Following FIFO order through these operations leaves 65 at the front of the queue.,Algorithms & Data Structures,Queues
A stack starts empty. After performing: push(53); push(88); pop(); push(24) — what is on top of the stack?,53,24,10,37,B) 24,Following LIFO order through these operations leaves 24 on top of the stack.,Algorithms & Data Structures,Stacks
"Using binary search on the sorted array [128, 164, 237, 267, 270, 357, 468], how many comparisons are needed to find 267?",2,4,1,3,C) 1,Binary search halves the search space each comparison; finding 267 in this array takes 1 comparison(s).,Algorithms & Data Structures,Searching
"Using binary search on the sorted array [60, 121, 150, 154, 159, 162, 174, 236, 240, 333, 391, 445, 455, 460, 462], how many comparisons are needed to find 333?",2,4,5,3,D) 3,Binary search halves the search space each comparison; finding 333 in this array takes 3 comparison(s).,Algorithms & Data Structures,Searching
"After one full pass of bubble sort on the array [71, 94, 3, 33, 86, 23], what does the array look like?","[71, 3, 33, 86, 23, 94]","[3, 23, 33, 71, 86, 94]","[23, 86, 33, 3, 94, 71]","[71, 94, 3, 33, 86, 23]","A) [71, 3, 33, 86, 23, 94]","In one pass of bubble sort, each pair of adjacent elements is compared and swapped if out of order, resulting in [71, 3, 33, 86, 23, 94].",Algorithms & Data Structures,Sorting
"After one full pass of bubble sort on the array [15, 61, 94, 80, 40], what does the array look like?","[15, 61, 80, 40, 94]","[40, 80, 94, 61, 15]","[15, 40, 61, 80, 94]","[15, 61, 94, 80, 40]","A) [15, 61, 80, 40, 94]","In one pass of bubble sort, each pair of adjacent elements is compared and swapped if out of order, resulting in [15, 61, 80, 40, 94].",Algorithms & Data Structures,Sorting
"Using linear search, what is the index (0-based) of 183 in the array [174, 177, 158, 55, 48, 54, 166, 79, 36, 198, 183]?",10,12,13,8,A) 10,"Linear search checks each element in order; 183 is found at index 10 (0-based) in [174, 177, 158, 55, 48, 54, 166, 79, 36, 198, 183].",Algorithms & Data Structures,Searching
"Using binary search on the sorted array [28, 65, 71, 74, 77, 121, 174, 175, 188, 198, 219, 245, 248, 264, 285, 286, 295, 297, 340, 345, 352, 359, 401, 411, 434, 437, 452, 465, 483, 488, 496], how many comparisons are needed to find 264?",6,2,5,4,D) 4,Binary search halves the search space each comparison; finding 264 in this array takes 4 comparison(s).,Algorithms & Data Structures,Searching
"Using linear search, what is the index (0-based) of 189 in the array [41, 180, 104, 190, 189, 191, 44, 75, 125, 14]?",4,2,7,6,A) 4,"Linear search checks each element in order; 189 is found at index 4 (0-based) in [41, 180, 104, 190, 189, 191, 44, 75, 125, 14].",Algorithms & Data Structures,Searching
"After one full pass of bubble sort on the array [38, 57, 33, 24, 25, 34, 42], what does the array look like?","[24, 25, 33, 34, 38, 42, 57]","[42, 34, 25, 24, 33, 57, 38]","[38, 33, 24, 25, 34, 42, 57]","[38, 57, 33, 24, 25, 34, 42]","C) [38, 33, 24, 25, 34, 42, 57]","In one pass of bubble sort, each pair of adjacent elements is compared and swapped if out of order, resulting in [38, 33, 24, 25, 34, 42, 57].",Algorithms & Data Structures,Sorting
"After one full pass of bubble sort on the array [36, 93, 73, 87, 80, 86], what does the array look like?","[86, 80, 87, 73, 93, 36]","[36, 73, 87, 80, 86, 93]","[36, 73, 80, 86, 87, 93]","[36, 93, 73, 87, 80, 86]","B) [36, 73, 87, 80, 86, 93]","In one pass of bubble sort, each pair of adjacent elements is compared and swapped if out of order, resulting in [36, 73, 87, 80, 86, 93].",Algorithms & Data Structures,Sorting
A stack starts empty. After performing: push(77); push(65); push(93); push(81); pop() — what is on top of the stack?,93,99,76,83,A) 93,Following LIFO order through these operations leaves 93 on top of the stack.,Algorithms & Data Structures,Stacks
A queue starts empty. After performing: enqueue(7); dequeue(); enqueue(58); enqueue(67); enqueue(73) — what is at the front of the queue?,58,50,6,69,A) 58,Following FIFO order through these operations leaves 58 at the front of the queue.,Algorithms & Data Structures,Queues
"Using binary search on the sorted array [8, 13, 15, 26, 47, 76, 105, 116, 122, 162, 175, 181, 182, 210, 242, 267, 280, 287, 302, 306, 341, 368, 407, 422, 432, 445, 450, 456, 479, 484, 492], how many comparisons are needed to find 484?",5,3,2,4,D) 4,Binary search halves the search space each comparison; finding 484 in this array takes 4 comparison(s).,Algorithms & Data Structures,Searching
A queue starts empty. After performing: enqueue(97); dequeue(); enqueue(37); enqueue(85); dequeue() — what is at the front of the queue?,15,85,83,28,B) 85,Following FIFO order through these operations leaves 85 at the front of the queue.,Algorithms & Data Structures,Queues
A stack starts empty. After performing: push(55); push(27); push(42); pop(); pop() — what is on top of the stack?,18,30,59,55,D) 55,Following LIFO order through these operations leaves 55 on top of the stack.,Algorithms & Data Structures,Stacks
"Using binary search on the sorted array [78, 137, 160, 208, 283, 370, 402], how many comparisons are needed to find 402?",4,5,3,2,C) 3,Binary search halves the search space each comparison; finding 402 in this array takes 3 comparison(s).,Algorithms & Data Structures,Searching
A queue starts empty. After performing: enqueue(67); enqueue(72); enqueue(84); enqueue(77); enqueue(71) — what is at the front of the queue?,67,35,20,64,A) 67,Following FIFO order through these operations leaves 67 at the front of the queue.,Algorithms & Data Structures,Queues
"Using linear search, what is the index (0-based) of 105 in the array [100, 80, 81, 68, 112, 105]?",5,7,3,8,A) 5,"Linear search checks each element in order; 105 is found at index 5 (0-based) in [100, 80, 81, 68, 112, 105].",Algorithms & Data Structures,Searching
A queue starts empty. After performing: enqueue(23); enqueue(42); enqueue(84); dequeue(); dequeue() — what is at the front of the queue?,28,84,21,67,B) 84,Following FIFO order through these operations leaves 84 at the front of the queue.,Algorithms & Data Structures,Queues
A queue starts empty. After performing: enqueue(39); enqueue(94); enqueue(83); dequeue() — what is at the front of the queue?,80,50,79,94,D) 94,Following FIFO order through these operations leaves 94 at the front of the queue.,Algorithms & Data Structures,Queues
A stack starts empty. After performing: push(10); push(46); pop(); push(58) — what is on top of the stack?,58,56,81,76,A) 58,Following LIFO order through these operations leaves 58 on top of the stack.,Algorithms & Data Structures,Stacks
A stack starts empty. After performing: push(57); push(95); push(16); pop(); pop() — what is on top of the stack?,57,16,81,14,A) 57,Following LIFO order through these operations leaves 57 on top of the stack.,Algorithms & Data Structures,Stacks
"Using linear search, what is the index (0-based) of 199 in the array [140, 162, 199, 102, 48, 189, 165, 156, 128, 9]?",5,0,2,3,C) 2,"Linear search checks each element in order; 199 is found at index 2 (0-based) in [140, 162, 199, 102, 48, 189, 165, 156, 128, 9].",Algorithms & Data Structures,Searching
A stack starts empty. After performing: push(95); pop(); push(33); pop(); push(7) — what is on top of the stack?,85,59,7,65,C) 7,Following LIFO order through these operations leaves 7 on top of the stack.,Algorithms & Data Structures,Stacks
"After one full pass of bubble sort on the array [86, 84, 93, 99, 29, 33], what does the array look like?","[86, 84, 93, 99, 29, 33]","[33, 29, 99, 93, 84, 86]","[29, 33, 84, 86, 93, 99]","[84, 86, 93, 29, 33, 99]","D) [84, 86, 93, 29, 33, 99]","In one pass of bubble sort, each pair of adjacent elements is compared and swapped if out of order, resulting in [84, 86, 93, 29, 33, 99].",Algorithms & Data Structures,Sorting
"Using binary search on the sorted array [6, 76, 84, 92, 128, 150, 151, 181, 192, 268, 276, 378, 382, 391, 487], how many comparisons are needed to find 6?",5,6,4,2,C) 4,Binary search halves the search space each comparison; finding 6 in this array takes 4 comparison(s).,Algorithms & Data Structures,Searching
A queue starts empty. After performing: enqueue(21); enqueue(28); dequeue(); dequeue() — what is at the front of the queue?,Queue is empty,26,90,99,A) Queue is empty,Following FIFO order through these operations leaves Queue is empty at the front of the queue.,Algorithms & Data Structures,Queues
"Using binary search on the sorted array [46, 50, 53, 56, 125, 126, 191, 196, 201, 300, 340, 368, 377, 431, 487], how many comparisons are needed to find 46?",2,4,5,6,B) 4,Binary search halves the search space each comparison; finding 46 in this array takes 4 comparison(s).,Algorithms & Data Structures,Searching
A queue starts empty. After performing: enqueue(13); enqueue(36); enqueue(84); dequeue(); dequeue(); enqueue(43) — what is at the front of the queue?,84,92,6,92,A) 84,Following FIFO order through these operations leaves 84 at the front of the queue.,Algorithms & Data Structures,Queues
"Using linear search, what is the index (0-based) of 85 in the array [88, 93, 21, 181, 132, 6, 122, 14, 85]?",8,6,11,7,A) 8,"Linear search checks each element in order; 85 is found at index 8 (0-based) in [88, 93, 21, 181, 132, 6, 122, 14, 85].",Algorithms & Data Structures,Searching
"After one full pass of bubble sort on the array [39, 66, 41, 24, 34, 47], what does the array look like?","[39, 41, 24, 34, 47, 66]","[47, 34, 24, 41, 66, 39]","[24, 34, 39, 41, 47, 66]","[39, 66, 41, 24, 34, 47]","A) [39, 41, 24, 34, 47, 66]","In one pass of bubble sort, each pair of adjacent elements is compared and swapped if out of order, resulting in [39, 41, 24, 34, 47, 66].",Algorithms & Data Structures,Sorting
"Using linear search, what is the index (0-based) of 121 in the array [157, 48, 102, 47, 140, 121, 82]?",7,2,5,6,C) 5,"Linear search checks each element in order; 121 is found at index 5 (0-based) in [157, 48, 102, 47, 140, 121, 82].",Algorithms & Data Structures,Searching
A queue starts empty. After performing: enqueue(37); dequeue(); enqueue(75); dequeue(); enqueue(72); dequeue() — what is at the front of the queue?,38,40,Queue is empty,53,C) Queue is empty,Following FIFO order through these operations leaves Queue is empty at the front of the queue.,Algorithms & Data Structures,Queues
"After one full pass of bubble sort on the array [84, 33, 60, 76], what does the array look like?","[33, 60, 76, 84]","[76, 60, 33, 84]","[84, 33, 60, 76]","[33, 60, 76, 84]","A) [33, 60, 76, 84]","In one pass of bubble sort, each pair of adjacent elements is compared and swapped if out of order, resulting in [33, 60, 76, 84].",Algorithms & Data Structures,Sorting
"After one full pass of bubble sort on the array [13, 76, 51, 33], what does the array look like?","[13, 33, 51, 76]","[33, 51, 76, 13]","[13, 51, 33, 76]","[13, 76, 51, 33]","C) [13, 51, 33, 76]","In one pass of bubble sort, each pair of adjacent elements is compared and swapped if out of order, resulting in [13, 51, 33, 76].",Algorithms & Data Structures,Sorting
"After one full pass of bubble sort on the array [85, 27, 39, 63, 18, 23, 17], what does the array look like?","[17, 23, 18, 63, 39, 27, 85]","[85, 27, 39, 63, 18, 23, 17]","[17, 18, 23, 27, 39, 63, 85]","[27, 39, 63, 18, 23, 17, 85]","D) [27, 39, 63, 18, 23, 17, 85]","In one pass of bubble sort, each pair of adjacent elements is compared and swapped if out of order, resulting in [27, 39, 63, 18, 23, 17, 85].",Algorithms & Data Structures,Sorting
A queue starts empty. After performing: enqueue(57); dequeue(); enqueue(8); enqueue(30); enqueue(24); enqueue(28) — what is at the front of the queue?,28,52,17,8,D) 8,Following FIFO order through these operations leaves 8 at the front of the queue.,Algorithms & Data Structures,Queues
A queue starts empty. After performing: enqueue(61); enqueue(7); dequeue(); enqueue(79); dequeue() — what is at the front of the queue?,73,91,57,79,D) 79,Following FIFO order through these operations leaves 79 at the front of the queue.,Algorithms & Data Structures,Queues
A stack starts empty. After performing: push(24); push(11); pop(); pop(); push(96); push(40) — what is on top of the stack?,59,68,40,51,C) 40,Following LIFO order through these operations leaves 40 on top of the stack.,Algorithms & Data Structures,Stacks
"After one full pass of bubble sort on the array [97, 21, 35, 59, 32, 41, 17], what does the array look like?","[21, 35, 59, 32, 41, 17, 97]","[17, 21, 32, 35, 41, 59, 97]","[97, 21, 35, 59, 32, 41, 17]","[17, 41, 32, 59, 35, 21, 97]","A) [21, 35, 59, 32, 41, 17, 97]","In one pass of bubble sort, each pair of adjacent elements is compared and swapped if out of order, resulting in [21, 35, 59, 32, 41, 17, 97].",Algorithms & Data Structures,Sorting
A queue starts empty. After performing: enqueue(64); dequeue(); enqueue(2); dequeue(); enqueue(18); enqueue(73) — what is at the front of the queue?,7,83,18,72,C) 18,Following FIFO order through these operations leaves 18 at the front of the queue.,Algorithms & Data Structures,Queues
A queue starts empty. After performing: enqueue(2); dequeue(); enqueue(72); enqueue(89); enqueue(30) — what is at the front of the queue?,34,72,75,92,B) 72,Following FIFO order through these operations leaves 72 at the front of the queue.,Algorithms & Data Structures,Queues
A stack starts empty. After performing: push(16); push(53); pop(); pop(); push(97) — what is on top of the stack?,28,97,29,90,B) 97,Following LIFO order through these operations leaves 97 on top of the stack.,Algorithms & Data Structures,Stacks
"Using binary search on the sorted array [26, 85, 109, 126, 208, 237, 297, 321, 328, 331, 389, 426, 436, 472, 492], how many comparisons are needed to find 126?",3,1,4,2,D) 2,Binary search halves the search space each comparison; finding 126 in this array takes 2 comparison(s).,Algorithms & Data Structures,Searching
A stack starts empty. After performing: push(1); push(58); pop(); pop(); push(53) — what is on top of the stack?,80,53,19,48,B) 53,Following LIFO order through these operations leaves 53 on top of the stack.,Algorithms & Data Structures,Stacks
A queue starts empty. After performing: enqueue(56); enqueue(86); enqueue(21); enqueue(22); enqueue(80); enqueue(90) — what is at the front of the queue?,56,6,67,61,A) 56,Following FIFO order through these operations leaves 56 at the front of the queue.,Algorithms & Data Structures,Queues
"After one full pass of bubble sort on the array [52, 96, 78, 13, 43, 21], what does the array look like?","[21, 43, 13, 78, 96, 52]","[13, 21, 43, 52, 78, 96]","[52, 96, 78, 13, 43, 21]","[52, 78, 13, 43, 21, 96]","D) [52, 78, 13, 43, 21, 96]","In one pass of bubble sort, each pair of adjacent elements is compared and swapped if out of order, resulting in [52, 78, 13, 43, 21, 96].",Algorithms & Data Structures,Sorting
"After one full pass of bubble sort on the array [39, 91, 34, 45], what does the array look like?","[39, 91, 34, 45]","[45, 34, 91, 39]","[34, 39, 45, 91]","[39, 34, 45, 91]","D) [39, 34, 45, 91]","In one pass of bubble sort, each pair of adjacent elements is compared and swapped if out of order, resulting in [39, 34, 45, 91].",Algorithms & Data Structures,Sorting
"Using linear search, what is the index (0-based) of 70 in the array [99, 70, 178, 164, 54]?",2,1,4,3,B) 1,"Linear search checks each element in order; 70 is found at index 1 (0-based) in [99, 70, 178, 164, 54].",Algorithms & Data Structures,Searching
"Using binary search on the sorted array [27, 93, 160, 340, 388, 433, 451], how many comparisons are needed to find 93?",1,2,4,3,B) 2,Binary search halves the search space each comparison; finding 93 in this array takes 2 comparison(s).,Algorithms & Data Structures,Searching
"After one full pass of bubble sort on the array [34, 72, 88, 50], what does the array look like?","[34, 72, 50, 88]","[50, 88, 72, 34]","[34, 50, 72, 88]","[34, 72, 88, 50]","A) [34, 72, 50, 88]","In one pass of bubble sort, each pair of adjacent elements is compared and swapped if out of order, resulting in [34, 72, 50, 88].",Algorithms & Data Structures,Sorting
"Using binary search on the sorted array [40, 61, 151, 307, 369, 424, 455], how many comparisons are needed to find 424?",1,3,4,2,D) 2,Binary search halves the search space each comparison; finding 424 in this array takes 2 comparison(s).,Algorithms & Data Structures,Searching
A queue starts empty. After performing: enqueue(49); dequeue(); enqueue(92); enqueue(29); dequeue() — what is at the front of the queue?,39,29,75,88,B) 29,Following FIFO order through these operations leaves 29 at the front of the queue.,Algorithms & Data Structures,Queues
"Using binary search on the sorted array [30, 92, 120, 128, 136, 160, 167, 263, 304, 323, 344, 357, 378, 401, 456], how many comparisons are needed to find 128?",3,4,2,1,C) 2,Binary search halves the search space each comparison; finding 128 in this array takes 2 comparison(s).,Algorithms & Data Structures,Searching
"After one full pass of bubble sort on the array [14, 1, 5, 81, 45, 99, 41], what does the array look like?","[1, 5, 14, 41, 45, 81, 99]","[41, 99, 45, 81, 5, 1, 14]","[14, 1, 5, 81, 45, 99, 41]","[1, 5, 14, 45, 81, 41, 99]","D) [1, 5, 14, 45, 81, 41, 99]","In one pass of bubble sort, each pair of adjacent elements is compared and swapped if out of order, resulting in [1, 5, 14, 45, 81, 41, 99].",Algorithms & Data Structures,Sorting
A stack starts empty. After performing: push(18); push(26); push(54); push(3); push(38) — what is on top of the stack?,14,45,41,38,D) 38,Following LIFO order through these operations leaves 38 on top of the stack.,Algorithms & Data Structures,Stacks
"Using binary search on the sorted array [5, 7, 28, 29, 35, 55, 56, 64, 88, 124, 130, 137, 158, 193, 223, 246, 256, 261, 327, 336, 342, 354, 366, 370, 379, 383, 414, 466, 496, 497, 498], how many comparisons are needed to find 327?",5,6,4,3,A) 5,Binary search halves the search space each comparison; finding 327 in this array takes 5 comparison(s).,Algorithms & Data Structures,Searching
"After one full pass of bubble sort on the array [16, 87, 96, 73, 42, 57], what does the array look like?","[16, 87, 73, 42, 57, 96]","[16, 42, 57, 73, 87, 96]","[57, 42, 73, 96, 87, 16]","[16, 87, 96, 73, 42, 57]","A) [16, 87, 73, 42, 57, 96]","In one pass of bubble sort, each pair of adjacent elements is compared and swapped if out of order, resulting in [16, 87, 73, 42, 57, 96].",Algorithms & Data Structures,Sorting
"After one full pass of bubble sort on the array [77, 66, 75, 68, 95], what does the array look like?","[95, 68, 75, 66, 77]","[66, 75, 68, 77, 95]","[77, 66, 75, 68, 95]","[66, 68, 75, 77, 95]","B) [66, 75, 68, 77, 95]","In one pass of bubble sort, each pair of adjacent elements is compared and swapped if out of order, resulting in [66, 75, 68, 77, 95].",Algorithms & Data Structures,Sorting
A stack starts empty. After performing: push(61); push(15); pop(); pop(); push(33); push(94) — what is on top of the stack?,31,67,94,67,C) 94,Following LIFO order through these operations leaves 94 on top of the stack.,Algorithms & Data Structures,Stacks
A stack starts empty. After performing: push(85); push(24); push(26); push(71) — what is on top of the stack?,35,8,71,1,C) 71,Following LIFO order through these operations leaves 71 on top of the stack.,Algorithms & Data Structures,Stacks
"After one full pass of bubble sort on the array [54, 99, 58, 9, 17, 77], what does the array look like?","[77, 17, 9, 58, 99, 54]","[54, 99, 58, 9, 17, 77]","[9, 17, 54, 58, 77, 99]","[54, 58, 9, 17, 77, 99]","D) [54, 58, 9, 17, 77, 99]","In one pass of bubble sort, each pair of adjacent elements is compared and swapped if out of order, resulting in [54, 58, 9, 17, 77, 99].",Algorithms & Data Structures,Sorting
"Using linear search, what is the index (0-based) of 173 in the array [11, 34, 103, 128, 133, 197, 173, 20, 88, 4, 129]?",6,3,9,5,A) 6,"Linear search checks each element in order; 173 is found at index 6 (0-based) in [11, 34, 103, 128, 133, 197, 173, 20, 88, 4, 129].",Algorithms & Data Structures,Searching
"Using binary search on the sorted array [152, 156, 188, 239, 258, 329, 480], how many comparisons are needed to find 152?",3,1,5,2,A) 3,Binary search halves the search space each comparison; finding 152 in this array takes 3 comparison(s).,Algorithms & Data Structures,Searching
A queue starts empty. After performing: enqueue(29); enqueue(89); enqueue(62); dequeue(); enqueue(78); enqueue(36) — what is at the front of the queue?,24,69,89,11,C) 89,Following FIFO order through these operations leaves 89 at the front of the queue.,Algorithms & Data Structures,Queues
A stack starts empty. After performing: push(44); push(55); push(49); push(96); push(13); pop() — what is on top of the stack?,96,79,76,18,A) 96,Following LIFO order through these operations leaves 96 on top of the stack.,Algorithms & Data Structures,Stacks
"After one full pass of bubble sort on the array [57, 40, 90, 50, 80, 81, 30], what does the array look like?","[30, 81, 80, 50, 90, 40, 57]","[40, 57, 50, 80, 81, 30, 90]","[30, 40, 50, 57, 80, 81, 90]","[57, 40, 90, 50, 80, 81, 30]","B) [40, 57, 50, 80, 81, 30, 90]","In one pass of bubble sort, each pair of adjacent elements is compared and swapped if out of order, resulting in [40, 57, 50, 80, 81, 30, 90].",Algorithms & Data Structures,Sorting
A stack starts empty. After performing: push(36); push(93); push(57); push(40) — what is on top of the stack?,17,40,54,2,B) 40,Following LIFO order through these operations leaves 40 on top of the stack.,Algorithms & Data Structures,Stacks
"After one full pass of bubble sort on the array [82, 78, 12, 67], what does the array look like?","[82, 78, 12, 67]","[67, 12, 78, 82]","[78, 12, 67, 82]","[12, 67, 78, 82]","C) [78, 12, 67, 82]","In one pass of bubble sort, each pair of adjacent elements is compared and swapped if out of order, resulting in [78, 12, 67, 82].",Algorithms & Data Structures,Sorting
"After one full pass of bubble sort on the array [89, 36, 35, 47, 6, 32], what does the array look like?","[6, 32, 35, 36, 47, 89]","[36, 35, 47, 6, 32, 89]","[89, 36, 35, 47, 6, 32]","[32, 6, 47, 35, 36, 89]","B) [36, 35, 47, 6, 32, 89]","In one pass of bubble sort, each pair of adjacent elements is compared and swapped if out of order, resulting in [36, 35, 47, 6, 32, 89].",Algorithms & Data Structures,Sorting
"Using binary search on the sorted array [58, 134, 249, 299, 324, 362, 398], how many comparisons are needed to find 249?",1,3,4,5,B) 3,Binary search halves the search space each comparison; finding 249 in this array takes 3 comparison(s).,Algorithms & Data Structures,Searching
A stack starts empty. After performing: push(66); push(89); push(69); push(9); pop(); push(28) — what is on top of the stack?,38,28,57,20,B) 28,Following LIFO order through these operations leaves 28 on top of the stack.,Algorithms & Data Structures,Stacks
A queue starts empty. After performing: enqueue(44); enqueue(86); dequeue(); dequeue(); enqueue(48); enqueue(9) — what is at the front of the queue?,48,78,43,96,A) 48,Following FIFO order through these operations leaves 48 at the front of the queue.,Algorithms & Data Structures,Queues
A stack starts empty. After performing: push(1); pop(); push(94); push(60); pop(); push(87) — what is on top of the stack?,88,87,2,87,B) 87,Following LIFO order through these operations leaves 87 on top of the stack.,Algorithms & Data Structures,Stacks
A queue starts empty. After performing: enqueue(6); enqueue(85); enqueue(3); enqueue(26); enqueue(64) — what is at the front of the queue?,45,97,6,87,C) 6,Following FIFO order through these operations leaves 6 at the front of the queue.,Algorithms & Data Structures,Queues
A stack starts empty. After performing: push(53); pop(); push(77); push(63); pop(); push(63) — what is on top of the stack?,88,39,61,63,D) 63,Following LIFO order through these operations leaves 63 on top of the stack.,Algorithms & Data Structures,Stacks
"Using binary search on the sorted array [24, 99, 309, 415, 431, 446, 489], how many comparisons are needed to find 24?",4,2,3,1,C) 3,Binary search halves the search space each comparison; finding 24 in this array takes 3 comparison(s).,Algorithms & Data Structures,Searching
"Using linear search, what is the index (0-based) of 10 in the array [10, 164, 129, 116, 96, 11, 183, 191, 77, 113, 182, 20]?",0,1,3,2,A) 0,"Linear search checks each element in order; 10 is found at index 0 (0-based) in [10, 164, 129, 116, 96, 11, 183, 191, 77, 113, 182, 20].",Algorithms & Data Structures,Searching
A queue starts empty. After performing: enqueue(64); enqueue(11); enqueue(9); dequeue(); dequeue(); enqueue(53) — what is at the front of the queue?,17,9,86,51,B) 9,Following FIFO order through these operations leaves 9 at the front of the queue.,Algorithms & Data Structures,Queues
"After one full pass of bubble sort on the array [5, 78, 4, 49], what does the array look like?","[49, 4, 78, 5]","[4, 5, 49, 78]","[5, 78, 4, 49]","[5, 4, 49, 78]","D) [5, 4, 49, 78]","In one pass of bubble sort, each pair of adjacent elements is compared and swapped if out of order, resulting in [5, 4, 49, 78].",Algorithms & Data Structures,Sorting
What is enqueue?,A notation used to describe the upper bound of an algorithm's complexity,An operation that adds an element to the back of a queue,A divide-and-conquer sorting algorithm that uses a pivot element,A tree data structure in which each node has at most two children,B) An operation that adds an element to the back of a queue,Enqueue is a queue operation that adds a new element to the back (rear) of the queue.,Algorithms & Data Structures,Queues
"Using linear search, what is the index (0-based) of 174 in the array [164, 35, 71, 174, 117, 21]?",6,3,5,0,B) 3,"Linear search checks each element in order; 174 is found at index 3 (0-based) in [164, 35, 71, 174, 117, 21].",Algorithms & Data Structures,Searching
"Using binary search on the sorted array [12, 13, 31, 33, 37, 44, 45, 119, 145, 146, 149, 158, 165, 187, 201, 207, 228, 248, 258, 274, 310, 314, 329, 346, 369, 425, 441, 453, 458, 459, 486], how many comparisons are needed to find 441?",4,6,5,7,C) 5,Binary search halves the search space each comparison; finding 441 in this array takes 5 comparison(s).,Algorithms & Data Structures,Searching
"After one full pass of bubble sort on the array [27, 96, 50, 55, 21], what does the array look like?","[27, 50, 55, 21, 96]","[27, 96, 50, 55, 21]","[21, 27, 50, 55, 96]","[21, 55, 50, 96, 27]","A) [27, 50, 55, 21, 96]","In one pass of bubble sort, each pair of adjacent elements is compared and swapped if out of order, resulting in [27, 50, 55, 21, 96].",Algorithms & Data Structures,Sorting
"Using binary search on the sorted array [39, 253, 328, 360, 364, 416, 490], how many comparisons are needed to find 253?",3,4,1,2,D) 2,Binary search halves the search space each comparison; finding 253 in this array takes 2 comparison(s).,Algorithms & Data Structures,Searching
"Using binary search on the sorted array [8, 18, 57, 62, 78, 100, 106, 162, 169, 181, 205, 212, 216, 219, 224, 238, 308, 312, 314, 317, 338, 366, 376, 379, 387, 425, 431, 447, 458, 486, 493], how many comparisons are needed to find 212?",1,4,3,5,C) 3,Binary search halves the search space each comparison; finding 212 in this array takes 3 comparison(s).,Algorithms & Data Structures,Searching
"Using binary search on the sorted array [150, 161, 198, 258, 289, 357, 493], how many comparisons are needed to find 198?",4,5,3,1,C) 3,Binary search halves the search space each comparison; finding 198 in this array takes 3 comparison(s).,Algorithms & Data Structures,Searching
"After one full pass of bubble sort on the array [88, 55, 89, 97], what does the array look like?","[55, 88, 89, 97]","[97, 89, 55, 88]","[88, 55, 89, 97]","[55, 88, 89, 97]","A) [55, 88, 89, 97]","In one pass of bubble sort, each pair of adjacent elements is compared and swapped if out of order, resulting in [55, 88, 89, 97].",Algorithms & Data Structures,Sorting
A queue starts empty. After performing: enqueue(60); dequeue(); enqueue(53); enqueue(93) — what is at the front of the queue?,31,53,57,72,B) 53,Following FIFO order through these operations leaves 53 at the front of the queue.,Algorithms & Data Structures,Queues
A queue starts empty. After performing: enqueue(63); enqueue(7); enqueue(23); dequeue(); dequeue() — what is at the front of the queue?,76,15,31,23,D) 23,Following FIFO order through these operations leaves 23 at the front of the queue.,Algorithms & Data Structures,Queues
A queue starts empty. After performing: enqueue(85); enqueue(81); dequeue(); enqueue(96); dequeue() — what is at the front of the queue?,94,99,48,96,D) 96,Following FIFO order through these operations leaves 96 at the front of the queue.,Algorithms & Data Structures,Queues
"After one full pass of bubble sort on the array [2, 95, 48, 38], what does the array look like?","[2, 95, 48, 38]","[38, 48, 95, 2]","[2, 48, 38, 95]","[2, 38, 48, 95]","C) [2, 48, 38, 95]","In one pass of bubble sort, each pair of adjacent elements is compared and swapped if out of order, resulting in [2, 48, 38, 95].",Algorithms & Data Structures,Sorting
A stack starts empty. After performing: push(25); push(95); push(41); pop() — what is on top of the stack?,5,95,3,26,B) 95,Following LIFO order through these operations leaves 95 on top of the stack.,Algorithms & Data Structures,Stacks
A stack starts empty. After performing: push(33); push(87); pop(); push(2); push(43); pop() — what is on top of the stack?,66,2,57,94,B) 2,Following LIFO order through these operations leaves 2 on top of the stack.,Algorithms & Data Structures,Stacks
A stack starts empty. After performing: push(40); push(44); push(30); push(27); push(33) — what is on top of the stack?,33,41,11,71,A) 33,Following LIFO order through these operations leaves 33 on top of the stack.,Algorithms & Data Structures,Stacks
A queue starts empty. After performing: enqueue(68); dequeue(); enqueue(87); dequeue(); enqueue(40) — what is at the front of the queue?,84,61,40,99,C) 40,Following FIFO order through these operations leaves 40 at the front of the queue.,Algorithms & Data Structures,Queues
"Using linear search, what is the index (0-based) of 20 in the array [37, 27, 62, 20, 164]?",4,0,3,1,C) 3,"Linear search checks each element in order; 20 is found at index 3 (0-based) in [37, 27, 62, 20, 164].",Algorithms & Data Structures,Searching
"Using binary search on the sorted array [2, 22, 44, 45, 47, 62, 63, 102, 112, 143, 150, 234, 269, 277, 282, 285, 286, 306, 314, 325, 337, 354, 368, 369, 371, 402, 403, 410, 432, 436, 467], how many comparisons are needed to find 337?",5,7,4,3,A) 5,Binary search halves the search space each comparison; finding 337 in this array takes 5 comparison(s).,Algorithms & Data Structures,Searching
"Using linear search, what is the index (0-based) of 157 in the array [76, 4, 62, 29, 149, 109, 157, 127, 20, 126]?",4,9,5,6,D) 6,"Linear search checks each element in order; 157 is found at index 6 (0-based) in [76, 4, 62, 29, 149, 109, 157, 127, 20, 126].",Algorithms & Data Structures,Searching
A stack starts empty. After performing: push(69); push(93); pop(); push(19); pop(); push(73) — what is on top of the stack?,54,73,50,84,B) 73,Following LIFO order through these operations leaves 73 on top of the stack.,Algorithms & Data Structures,Stacks
A stack starts empty. After performing: push(93); pop(); push(48); pop() — what is on top of the stack?,Stack is empty,63,74,15,A) Stack is empty,Following LIFO order through these operations leaves Stack is empty on top of the stack.,Algorithms & Data Structures,Stacks
"Using binary search on the sorted array [45, 66, 171, 193, 313, 329, 402], how many comparisons are needed to find 313?",3,1,5,2,A) 3,Binary search halves the search space each comparison; finding 313 in this array takes 3 comparison(s).,Algorithms & Data Structures,Searching
"Using binary search on the sorted array [17, 31, 43, 103, 108, 111, 121, 171, 179, 360, 393, 399, 424, 456, 479], how many comparisons are needed to find 179?",4,6,5,3,A) 4,Binary search halves the search space each comparison; finding 179 in this array takes 4 comparison(s).,Algorithms & Data Structures,Searching
What is recursion?,A technique where a function calls itself to solve a problem,A divide-and-conquer sorting algorithm that uses a pivot element,A sequence of characters treated as a single data item,A hierarchical data structure with nodes connected by edges,A) A technique where a function calls itself to solve a problem,Recursion is a programming technique where a function calls itself to break a problem into smaller subproblems.,Algorithms & Data Structures,Algorithm Complexity
"After one full pass of bubble sort on the array [8, 21, 89, 42, 78, 93, 57], what does the array look like?","[8, 21, 42, 57, 78, 89, 93]","[57, 93, 78, 42, 89, 21, 8]","[8, 21, 89, 42, 78, 93, 57]","[8, 21, 42, 78, 89, 57, 93]","D) [8, 21, 42, 78, 89, 57, 93]","In one pass of bubble sort, each pair of adjacent elements is compared and swapped if out of order, resulting in [8, 21, 42, 78, 89, 57, 93].",Algorithms & Data Structures,Sorting
Which of the following best describes space complexity?,An operation that removes the top element from a stack,A measure of how much memory an algorithm requires relative to input size,A measure of the resources (time or space) an algorithm requires,The process of finding a specific element within a data structure,B) A measure of how much memory an algorithm requires relative to input size,Space complexity describes how much memory an algorithm needs relative to the size of its input.,Algorithms & Data Structures,Algorithm Complexity
"Using linear search, what is the index (0-based) of 191 in the array [5, 191, 109, 66, 60, 46, 190, 103, 58, 98, 188]?",4,2,0,1,D) 1,"Linear search checks each element in order; 191 is found at index 1 (0-based) in [5, 191, 109, 66, 60, 46, 190, 103, 58, 98, 188].",Algorithms & Data Structures,Searching
A stack starts empty. After performing: push(46); push(12); push(30); push(68) — what is on top of the stack?,62,68,91,21,B) 68,Following LIFO order through these operations leaves 68 on top of the stack.,Algorithms & Data Structures,Stacks
A stack starts empty. After performing: push(45); push(45); pop(); pop(); push(91); pop() — what is on top of the stack?,32,91,Stack is empty,27,C) Stack is empty,Following LIFO order through these operations leaves Stack is empty on top of the stack.,Algorithms & Data Structures,Stacks
"Using binary search on the sorted array [50, 108, 205, 231, 319, 347, 415], how many comparisons are needed to find 415?",4,2,3,1,C) 3,Binary search halves the search space each comparison; finding 415 in this array takes 3 comparison(s).,Algorithms & Data Structures,Searching
A stack starts empty. After performing: push(13); pop(); push(73); push(65); push(17); push(36) — what is on top of the stack?,36,37,37,66,A) 36,Following LIFO order through these operations leaves 36 on top of the stack.,Algorithms & Data Structures,Stacks
"After one full pass of bubble sort on the array [92, 30, 9, 31], what does the array look like?","[31, 9, 30, 92]","[30, 9, 31, 92]","[92, 30, 9, 31]","[9, 30, 31, 92]","B) [30, 9, 31, 92]","In one pass of bubble sort, each pair of adjacent elements is compared and swapped if out of order, resulting in [30, 9, 31, 92].",Algorithms & Data Structures,Sorting
"Using linear search, what is the index (0-based) of 76 in the array [122, 76, 6, 175, 89]?",0,3,2,1,D) 1,"Linear search checks each element in order; 76 is found at index 1 (0-based) in [122, 76, 6, 175, 89].",Algorithms & Data Structures,Searching
"Using binary search on the sorted array [6, 22, 34, 95, 96, 128, 174, 181, 198, 240, 282, 299, 377, 483, 490], how many comparisons are needed to find 282?",5,2,6,4,D) 4,Binary search halves the search space each comparison; finding 282 in this array takes 4 comparison(s).,Algorithms & Data Structures,Searching
"After one full pass of bubble sort on the array [89, 10, 60, 85, 15], what does the array look like?","[15, 85, 60, 10, 89]","[10, 15, 60, 85, 89]","[89, 10, 60, 85, 15]","[10, 60, 85, 15, 89]","D) [10, 60, 85, 15, 89]","In one pass of bubble sort, each pair of adjacent elements is compared and swapped if out of order, resulting in [10, 60, 85, 15, 89].",Algorithms & Data Structures,Sorting
A queue starts empty. After performing: enqueue(96); enqueue(5); enqueue(45); dequeue() — what is at the front of the queue?,5,61,1,22,A) 5,Following FIFO order through these operations leaves 5 at the front of the queue.,Algorithms & Data Structures,Queues
"After one full pass of bubble sort on the array [90, 88, 64, 13], what does the array look like?","[13, 64, 88, 90]","[90, 88, 64, 13]","[88, 64, 13, 90]","[13, 64, 88, 90]","C) [88, 64, 13, 90]","In one pass of bubble sort, each pair of adjacent elements is compared and swapped if out of order, resulting in [88, 64, 13, 90].",Algorithms & Data Structures,Sorting
A stack starts empty. After performing: push(75); pop(); push(10); push(90) — what is on top of the stack?,35,69,90,17,C) 90,Following LIFO order through these operations leaves 90 on top of the stack.,Algorithms & Data Structures,Stacks
"Using binary search on the sorted array [58, 104, 217, 236, 272, 296, 352], how many comparisons are needed to find 58?",5,4,3,2,C) 3,Binary search halves the search space each comparison; finding 58 in this array takes 3 comparison(s).,Algorithms & Data Structures,Searching
"Using linear search, what is the index (0-based) of 194 in the array [194, 20, 163, 176, 128]?",1,3,0,2,C) 0,"Linear search checks each element in order; 194 is found at index 0 (0-based) in [194, 20, 163, 176, 128].",Algorithms & Data Structures,Searching
A stack starts empty. After performing: push(29); push(8); pop(); pop() — what is on top of the stack?,70,47,49,Stack is empty,D) Stack is empty,Following LIFO order through these operations leaves Stack is empty on top of the stack.,Algorithms & Data Structures,Stacks
A stack starts empty. After performing: push(45); push(23); pop(); push(67); push(6); pop() — what is on top of the stack?,31,67,71,87,B) 67,Following LIFO order through these operations leaves 67 on top of the stack.,Algorithms & Data Structures,Stacks
"After one full pass of bubble sort on the array [24, 89, 40, 45, 22], what does the array look like?","[24, 40, 45, 22, 89]","[22, 45, 40, 89, 24]","[22, 24, 40, 45, 89]","[24, 89, 40, 45, 22]","A) [24, 40, 45, 22, 89]","In one pass of bubble sort, each pair of adjacent elements is compared and swapped if out of order, resulting in [24, 40, 45, 22, 89].",Algorithms & Data Structures,Sorting
A queue starts empty. After performing: enqueue(68); enqueue(9); enqueue(22); dequeue(); enqueue(94); enqueue(90) — what is at the front of the queue?,9,23,89,87,A) 9,Following FIFO order through these operations leaves 9 at the front of the queue.,Algorithms & Data Structures,Queues
A stack starts empty. After performing: push(1); pop(); push(91); push(25) — what is on top of the stack?,75,4,88,25,D) 25,Following LIFO order through these operations leaves 25 on top of the stack.,Algorithms & Data Structures,Stacks
"Using binary search on the sorted array [2, 7, 10, 20, 44, 92, 111, 122, 138, 143, 157, 163, 168, 203, 212, 223, 229, 257, 262, 282, 295, 298, 380, 396, 399, 400, 412, 418, 425, 442, 470], how many comparisons are needed to find 157?",4,3,5,6,C) 5,Binary search halves the search space each comparison; finding 157 in this array takes 5 comparison(s).,Algorithms & Data Structures,Searching
A queue starts empty. After performing: enqueue(8); dequeue(); enqueue(91); enqueue(31); enqueue(84) — what is at the front of the queue?,68,9,91,7,C) 91,Following FIFO order through these operations leaves 91 at the front of the queue.,Algorithms & Data Structures,Queues
A stack starts empty. After performing: push(47); push(82); pop(); push(70); push(89) — what is on top of the stack?,30,51,27,89,D) 89,Following LIFO order through these operations leaves 89 on top of the stack.,Algorithms & Data Structures,Stacks
A stack starts empty. After performing: push(59); push(30); pop(); push(57); pop(); push(12) — what is on top of the stack?,69,39,34,12,D) 12,Following LIFO order through these operations leaves 12 on top of the stack.,Algorithms & Data Structures,Stacks
"Using binary search on the sorted array [12, 27, 41, 76, 140, 197, 217, 229, 270, 283, 302, 409, 414, 449, 472], how many comparisons are needed to find 27?",4,1,5,3,D) 3,Binary search halves the search space each comparison; finding 27 in this array takes 3 comparison(s).,Algorithms & Data Structures,Searching
"Using binary search on the sorted array [104, 223, 238, 289, 411, 424, 452], how many comparisons are needed to find 424?",2,4,3,1,A) 2,Binary search halves the search space each comparison; finding 424 in this array takes 2 comparison(s).,Algorithms & Data Structures,Searching
"Using linear search, what is the index (0-based) of 66 in the array [109, 6, 188, 118, 167, 194, 168, 66, 54, 155, 153]?",7,9,4,10,A) 7,"Linear search checks each element in order; 66 is found at index 7 (0-based) in [109, 6, 188, 118, 167, 194, 168, 66, 54, 155, 153].",Algorithms & Data Structures,Searching
A queue starts empty. After performing: enqueue(7); dequeue(); enqueue(11); dequeue(); enqueue(23); enqueue(77) — what is at the front of the queue?,23,90,79,80,A) 23,Following FIFO order through these operations leaves 23 at the front of the queue.,Algorithms & Data Structures,Queues
"Using binary search on the sorted array [36, 38, 91, 211, 280, 305, 311, 325, 356, 385, 443, 448, 451, 457, 481], how many comparisons are needed to find 311?",4,2,5,3,A) 4,Binary search halves the search space each comparison; finding 311 in this array takes 4 comparison(s).,Algorithms & Data Structures,Searching
A stack starts empty. After performing: push(18); push(31); push(73); pop() — what is on top of the stack?,5,53,14,31,D) 31,Following LIFO order through these operations leaves 31 on top of the stack.,Algorithms & Data Structures,Stacks
"Using linear search, what is the index (0-based) of 126 in the array [158, 126, 183, 199, 30, 40, 154, 118]?",4,2,1,3,C) 1,"Linear search checks each element in order; 126 is found at index 1 (0-based) in [158, 126, 183, 199, 30, 40, 154, 118].",Algorithms & Data Structures,Searching
"Using binary search on the sorted array [18, 25, 74, 109, 117, 144, 154, 182, 220, 251, 258, 328, 333, 345, 479], how many comparisons are needed to find 220?",5,4,2,3,B) 4,Binary search halves the search space each comparison; finding 220 in this array takes 4 comparison(s).,Algorithms & Data Structures,Searching
"Using binary search on the sorted array [39, 136, 199, 337, 359, 360, 464], how many comparisons are needed to find 337?",1,3,2,4,A) 1,Binary search halves the search space each comparison; finding 337 in this array takes 1 comparison(s).,Algorithms & Data Structures,Searching
"After one full pass of bubble sort on the array [12, 98, 85, 9, 24, 94], what does the array look like?","[12, 85, 9, 24, 94, 98]","[12, 98, 85, 9, 24, 94]","[94, 24, 9, 85, 98, 12]","[9, 12, 24, 85, 94, 98]","A) [12, 85, 9, 24, 94, 98]","In one pass of bubble sort, each pair of adjacent elements is compared and swapped if out of order, resulting in [12, 85, 9, 24, 94, 98].",Algorithms & Data Structures,Sorting
A stack starts empty. After performing: push(11); push(22); push(26); push(85) — what is on top of the stack?,5,85,65,71,B) 85,Following LIFO order through these operations leaves 85 on top of the stack.,Algorithms & Data Structures,Stacks
"Using binary search on the sorted array [14, 18, 44, 52, 53, 55, 74, 89, 96, 131, 136, 150, 153, 172, 173, 219, 220, 224, 234, 236, 265, 321, 347, 421, 422, 426, 435, 443, 473, 482, 483], how many comparisons are needed to find 96?",6,3,4,5,D) 5,Binary search halves the search space each comparison; finding 96 in this array takes 5 comparison(s).,Algorithms & Data Structures,Searching
"Using binary search on the sorted array [28, 41, 43, 56, 63, 91, 99, 112, 131, 132, 159, 205, 230, 254, 271, 279, 280, 289, 301, 305, 334, 345, 369, 376, 383, 385, 447, 466, 469, 478, 486], how many comparisons are needed to find 230?",5,6,4,7,A) 5,Binary search halves the search space each comparison; finding 230 in this array takes 5 comparison(s).,Algorithms & Data Structures,Searching
"Using binary search on the sorted array [31, 38, 54, 66, 67, 75, 121, 147, 152, 155, 156, 159, 174, 203, 240, 242, 250, 261, 268, 301, 320, 321, 352, 371, 407, 422, 424, 446, 472, 492, 495], how many comparisons are needed to find 155?",3,5,2,4,D) 4,Binary search halves the search space each comparison; finding 155 in this array takes 4 comparison(s).,Algorithms & Data Structures,Searching
"After one full pass of bubble sort on the array [65, 53, 56, 1, 75, 26, 9], what does the array look like?","[65, 53, 56, 1, 75, 26, 9]","[1, 9, 26, 53, 56, 65, 75]","[9, 26, 75, 1, 56, 53, 65]","[53, 56, 1, 65, 26, 9, 75]","D) [53, 56, 1, 65, 26, 9, 75]","In one pass of bubble sort, each pair of adjacent elements is compared and swapped if out of order, resulting in [53, 56, 1, 65, 26, 9, 75].",Algorithms & Data Structures,Sorting
"After one full pass of bubble sort on the array [29, 13, 40, 68, 54, 22], what does the array look like?","[13, 29, 40, 54, 22, 68]","[13, 22, 29, 40, 54, 68]","[22, 54, 68, 40, 13, 29]","[29, 13, 40, 68, 54, 22]","A) [13, 29, 40, 54, 22, 68]","In one pass of bubble sort, each pair of adjacent elements is compared and swapped if out of order, resulting in [13, 29, 40, 54, 22, 68].",Algorithms & Data Structures,Sorting
"Using binary search on the sorted array [12, 24, 37, 66, 109, 115, 116, 126, 128, 138, 146, 163, 168, 187, 188, 200, 221, 223, 230, 310, 331, 333, 341, 343, 356, 392, 396, 411, 425, 463, 495], how many comparisons are needed to find 116?",6,5,3,7,B) 5,Binary search halves the search space each comparison; finding 116 in this array takes 5 comparison(s).,Algorithms & Data Structures,Searching
"Using linear search, what is the index (0-based) of 5 in the array [88, 102, 5, 65, 139, 115]?",2,0,1,5,A) 2,"Linear search checks each element in order; 5 is found at index 2 (0-based) in [88, 102, 5, 65, 139, 115].",Algorithms & Data Structures,Searching
A stack starts empty. After performing: push(30); pop(); push(52); push(72); pop() — what is on top of the stack?,2,2,87,52,D) 52,Following LIFO order through these operations leaves 52 on top of the stack.,Algorithms & Data Structures,Stacks
"After one full pass of bubble sort on the array [92, 61, 60, 26, 48, 64], what does the array look like?","[61, 60, 26, 48, 64, 92]","[26, 48, 60, 61, 64, 92]","[64, 48, 26, 60, 61, 92]","[92, 61, 60, 26, 48, 64]","A) [61, 60, 26, 48, 64, 92]","In one pass of bubble sort, each pair of adjacent elements is compared and swapped if out of order, resulting in [61, 60, 26, 48, 64, 92].",Algorithms & Data Structures,Sorting
"Using binary search on the sorted array [24, 49, 104, 133, 134, 194, 335], how many comparisons are needed to find 194?",3,4,2,1,C) 2,Binary search halves the search space each comparison; finding 194 in this array takes 2 comparison(s).,Algorithms & Data Structures,Searching
A stack starts empty. After performing: push(72); push(59); push(79); push(12); push(58) — what is on top of the stack?,58,73,6,18,A) 58,Following LIFO order through these operations leaves 58 on top of the stack.,Algorithms & Data Structures,Stacks
"Using binary search on the sorted array [49, 101, 290, 296, 399, 400, 467], how many comparisons are needed to find 399?",2,4,1,3,D) 3,Binary search halves the search space each comparison; finding 399 in this array takes 3 comparison(s).,Algorithms & Data Structures,Searching
A queue starts empty. After performing: enqueue(40); enqueue(7); enqueue(99); dequeue(); enqueue(22); enqueue(52) — what is at the front of the queue?,39,13,44,7,D) 7,Following FIFO order through these operations leaves 7 at the front of the queue.,Algorithms & Data Structures,Queues
"Using binary search on the sorted array [99, 176, 181, 249, 257, 297, 320, 330, 390, 391, 437, 441, 467, 474, 498], how many comparisons are needed to find 437?",2,5,4,3,C) 4,Binary search halves the search space each comparison; finding 437 in this array takes 4 comparison(s).,Algorithms & Data Structures,Searching
"After one full pass of bubble sort on the array [43, 16, 8, 39, 49, 46, 95], what does the array look like?","[43, 16, 8, 39, 49, 46, 95]","[16, 8, 39, 43, 46, 49, 95]","[8, 16, 39, 43, 46, 49, 95]","[95, 46, 49, 39, 8, 16, 43]","B) [16, 8, 39, 43, 46, 49, 95]","In one pass of bubble sort, each pair of adjacent elements is compared and swapped if out of order, resulting in [16, 8, 39, 43, 46, 49, 95].",Algorithms & Data Structures,Sorting
"After one full pass of bubble sort on the array [38, 26, 96, 18, 9, 90, 1], what does the array look like?","[1, 9, 18, 26, 38, 90, 96]","[38, 26, 96, 18, 9, 90, 1]","[1, 90, 9, 18, 96, 26, 38]","[26, 38, 18, 9, 90, 1, 96]","D) [26, 38, 18, 9, 90, 1, 96]","In one pass of bubble sort, each pair of adjacent elements is compared and swapped if out of order, resulting in [26, 38, 18, 9, 90, 1, 96].",Algorithms & Data Structures,Sorting
"Using binary search on the sorted array [4, 14, 107, 200, 202, 218, 315, 322, 360, 364, 408, 433, 456, 462, 487], how many comparisons are needed to find 218?",2,1,3,5,C) 3,Binary search halves the search space each comparison; finding 218 in this array takes 3 comparison(s).,Algorithms & Data Structures,Searching
A stack starts empty. After performing: push(12); push(99); push(4); pop(); push(3); push(77) — what is on top of the stack?,64,31,77,40,C) 77,Following LIFO order through these operations leaves 77 on top of the stack.,Algorithms & Data Structures,Stacks
A queue starts empty. After performing: enqueue(60); dequeue(); enqueue(34); enqueue(50); enqueue(53) — what is at the front of the queue?,70,88,31,34,D) 34,Following FIFO order through these operations leaves 34 at the front of the queue.,Algorithms & Data Structures,Queues
"Using linear search, what is the index (0-based) of 172 in the array [172, 16, 144, 173, 124, 183, 106, 21]?",2,3,0,1,C) 0,"Linear search checks each element in order; 172 is found at index 0 (0-based) in [172, 16, 144, 173, 124, 183, 106, 21].",Algorithms & Data Structures,Searching
"Using linear search, what is the index (0-based) of 147 in the array [36, 147, 62, 93, 80]?",3,4,1,2,C) 1,"Linear search checks each element in order; 147 is found at index 1 (0-based) in [36, 147, 62, 93, 80].",Algorithms & Data Structures,Searching
"Using binary search on the sorted array [30, 42, 58, 65, 71, 114, 124, 127, 134, 141, 175, 196, 217, 227, 313, 328, 343, 349, 356, 357, 364, 369, 381, 386, 388, 391, 397, 407, 430, 441, 454], how many comparisons are needed to find 391?",3,4,6,5,B) 4,Binary search halves the search space each comparison; finding 391 in this array takes 4 comparison(s).,Algorithms & Data Structures,Searching
A stack starts empty. After performing: push(56); push(49); push(64); push(61); pop() — what is on top of the stack?,58,64,77,24,B) 64,Following LIFO order through these operations leaves 64 on top of the stack.,Algorithms & Data Structures,Stacks
"After one full pass of bubble sort on the array [48, 57, 78, 75, 24, 66], what does the array look like?","[24, 48, 57, 66, 75, 78]","[48, 57, 75, 24, 66, 78]","[66, 24, 75, 78, 57, 48]","[48, 57, 78, 75, 24, 66]","B) [48, 57, 75, 24, 66, 78]","In one pass of bubble sort, each pair of adjacent elements is compared and swapped if out of order, resulting in [48, 57, 75, 24, 66, 78].",Algorithms & Data Structures,Sorting
A stack starts empty. After performing: push(61); push(53); push(25); pop(); pop() — what is on top of the stack?,84,61,59,44,B) 61,Following LIFO order through these operations leaves 61 on top of the stack.,Algorithms & Data Structures,Stacks
A stack starts empty. After performing: push(93); push(52); pop(); pop() — what is on top of the stack?,54,2,60,Stack is empty,D) Stack is empty,Following LIFO order through these operations leaves Stack is empty on top of the stack.,Algorithms & Data Structures,Stacks
A queue starts empty. After performing: enqueue(44); dequeue(); enqueue(21); enqueue(11) — what is at the front of the queue?,21,95,72,76,A) 21,Following FIFO order through these operations leaves 21 at the front of the queue.,Algorithms & Data Structures,Queues
A queue starts empty. After performing: enqueue(99); enqueue(42); dequeue(); enqueue(90); enqueue(92) — what is at the front of the queue?,42,2,95,61,A) 42,Following FIFO order through these operations leaves 42 at the front of the queue.,Algorithms & Data Structures,Queues
"Using linear search, what is the index (0-based) of 90 in the array [23, 147, 85, 24, 168, 101, 115, 164, 134, 169, 9, 90]?",11,8,14,13,A) 11,"Linear search checks each element in order; 90 is found at index 11 (0-based) in [23, 147, 85, 24, 168, 101, 115, 164, 134, 169, 9, 90].",Algorithms & Data Structures,Searching
"Using binary search on the sorted array [3, 99, 100, 137, 212, 238, 262, 320, 324, 327, 335, 393, 395, 404, 466], how many comparisons are needed to find 100?",4,2,6,3,A) 4,Binary search halves the search space each comparison; finding 100 in this array takes 4 comparison(s).,Algorithms & Data Structures,Searching
"Using binary search on the sorted array [19, 34, 55, 65, 95, 113, 120, 142, 146, 147, 164, 168, 175, 209, 248, 288, 297, 312, 316, 319, 340, 343, 359, 360, 364, 367, 382, 403, 418, 467, 493], how many comparisons are needed to find 367?",4,5,3,2,A) 4,Binary search halves the search space each comparison; finding 367 in this array takes 4 comparison(s).,Algorithms & Data Structures,Searching
"After one full pass of bubble sort on the array [97, 71, 91, 24, 73], what does the array look like?","[71, 91, 24, 73, 97]","[97, 71, 91, 24, 73]","[73, 24, 91, 71, 97]","[24, 71, 73, 91, 97]","A) [71, 91, 24, 73, 97]","In one pass of bubble sort, each pair of adjacent elements is compared and swapped if out of order, resulting in [71, 91, 24, 73, 97].",Algorithms & Data Structures,Sorting
"After one full pass of bubble sort on the array [60, 57, 95, 12, 84], what does the array look like?","[84, 12, 95, 57, 60]","[57, 60, 12, 84, 95]","[12, 57, 60, 84, 95]","[60, 57, 95, 12, 84]","B) [57, 60, 12, 84, 95]","In one pass of bubble sort, each pair of adjacent elements is compared and swapped if out of order, resulting in [57, 60, 12, 84, 95].",Algorithms & Data Structures,Sorting
A stack starts empty. After performing: push(42); push(39); push(72); pop() — what is on top of the stack?,58,21,39,7,C) 39,Following LIFO order through these operations leaves 39 on top of the stack.,Algorithms & Data Structures,Stacks
"After one full pass of bubble sort on the array [89, 74, 82, 78, 25, 49, 73], what does the array look like?","[74, 82, 78, 25, 49, 73, 89]","[25, 49, 73, 74, 78, 82, 89]","[89, 74, 82, 78, 25, 49, 73]","[73, 49, 25, 78, 82, 74, 89]","A) [74, 82, 78, 25, 49, 73, 89]","In one pass of bubble sort, each pair of adjacent elements is compared and swapped if out of order, resulting in [74, 82, 78, 25, 49, 73, 89].",Algorithms & Data Structures,Sorting
A queue starts empty. After performing: enqueue(63); enqueue(18); dequeue(); enqueue(90) — what is at the front of the queue?,38,18,53,6,B) 18,Following FIFO order through these operations leaves 18 at the front of the queue.,Algorithms & Data Structures,Queues
What is pop (stack operation)?,A divide-and-conquer sorting algorithm that merges sorted subarrays,"A basic unit of a data structure, such as a linked list or tree, containing data",An operation that removes the top element from a stack,A hierarchical data structure with nodes connected by edges,C) An operation that removes the top element from a stack,Pop is a stack operation that removes and returns the top element of the stack.,Algorithms & Data Structures,Stacks
"Using binary search on the sorted array [13, 22, 35, 39, 42, 65, 81, 84, 89, 91, 108, 141, 146, 157, 191, 209, 210, 227, 240, 241, 252, 267, 269, 276, 282, 289, 290, 295, 366, 374, 409], how many comparisons are needed to find 290?",5,7,4,3,A) 5,Binary search halves the search space each comparison; finding 290 in this array takes 5 comparison(s).,Algorithms & Data Structures,Searching
"Using linear search, what is the index (0-based) of 45 in the array [132, 149, 170, 165, 25, 145, 91, 45, 160, 43, 37]?",5,9,4,7,D) 7,"Linear search checks each element in order; 45 is found at index 7 (0-based) in [132, 149, 170, 165, 25, 145, 91, 45, 160, 43, 37].",Algorithms & Data Structures,Searching
"After one full pass of bubble sort on the array [27, 92, 86, 18], what does the array look like?","[18, 86, 92, 27]","[27, 92, 86, 18]","[18, 27, 86, 92]","[27, 86, 18, 92]","D) [27, 86, 18, 92]","In one pass of bubble sort, each pair of adjacent elements is compared and swapped if out of order, resulting in [27, 86, 18, 92].",Algorithms & Data Structures,Sorting
"After one full pass of bubble sort on the array [90, 10, 1, 95, 15, 14], what does the array look like?","[90, 10, 1, 95, 15, 14]","[10, 1, 90, 15, 14, 95]","[1, 10, 14, 15, 90, 95]","[14, 15, 95, 1, 10, 90]","B) [10, 1, 90, 15, 14, 95]","In one pass of bubble sort, each pair of adjacent elements is compared and swapped if out of order, resulting in [10, 1, 90, 15, 14, 95].",Algorithms & Data Structures,Sorting
A queue starts empty. After performing: enqueue(44); enqueue(23); dequeue(); enqueue(39); dequeue(); enqueue(86) — what is at the front of the queue?,3,39,38,13,B) 39,Following FIFO order through these operations leaves 39 at the front of the queue.,Algorithms & Data Structures,Queues
A stack starts empty. After performing: push(93); push(52); pop(); push(27) — what is on top of the stack?,52,27,95,84,B) 27,Following LIFO order through these operations leaves 27 on top of the stack.,Algorithms & Data Structures,Stacks
"Using binary search on the sorted array [3, 113, 171, 190, 216, 251, 289, 304, 344, 402, 429, 451, 458, 464, 468], how many comparisons are needed to find 429?",4,6,2,3,A) 4,Binary search halves the search space each comparison; finding 429 in this array takes 4 comparison(s).,Algorithms & Data Structures,Searching
"Using linear search, what is the index (0-based) of 62 in the array [106, 108, 136, 67, 158, 62, 150, 31, 53, 142, 24]?",5,4,7,3,A) 5,"Linear search checks each element in order; 62 is found at index 5 (0-based) in [106, 108, 136, 67, 158, 62, 150, 31, 53, 142, 24].",Algorithms & Data Structures,Searching
"After one full pass of bubble sort on the array [16, 81, 82, 20, 8, 65, 55], what does the array look like?","[8, 16, 20, 55, 65, 81, 82]","[16, 81, 20, 8, 65, 55, 82]","[55, 65, 8, 20, 82, 81, 16]","[16, 81, 82, 20, 8, 65, 55]","B) [16, 81, 20, 8, 65, 55, 82]","In one pass of bubble sort, each pair of adjacent elements is compared and swapped if out of order, resulting in [16, 81, 20, 8, 65, 55, 82].",Algorithms & Data Structures,Sorting
"After one full pass of bubble sort on the array [49, 88, 57, 9, 96], what does the array look like?","[49, 88, 57, 9, 96]","[49, 57, 9, 88, 96]","[9, 49, 57, 88, 96]","[96, 9, 57, 88, 49]","B) [49, 57, 9, 88, 96]","In one pass of bubble sort, each pair of adjacent elements is compared and swapped if out of order, resulting in [49, 57, 9, 88, 96].",Algorithms & Data Structures,Sorting
"After one full pass of bubble sort on the array [64, 37, 49, 87, 82, 45], what does the array look like?","[37, 45, 49, 64, 82, 87]","[37, 49, 64, 82, 45, 87]","[45, 82, 87, 49, 37, 64]","[64, 37, 49, 87, 82, 45]","B) [37, 49, 64, 82, 45, 87]","In one pass of bubble sort, each pair of adjacent elements is compared and swapped if out of order, resulting in [37, 49, 64, 82, 45, 87].",Algorithms & Data Structures,Sorting
"After one full pass of bubble sort on the array [37, 1, 15, 88, 17], what does the array look like?","[37, 1, 15, 88, 17]","[1, 15, 37, 17, 88]","[17, 88, 15, 1, 37]","[1, 15, 17, 37, 88]","B) [1, 15, 37, 17, 88]","In one pass of bubble sort, each pair of adjacent elements is compared and swapped if out of order, resulting in [1, 15, 37, 17, 88].",Algorithms & Data Structures,Sorting
What is space complexity?,A sorting algorithm that builds a sorted list one item at a time,A data structure that follows Last-In-First-Out (LIFO) order,The process of finding a specific element within a data structure,A measure of how much memory an algorithm requires relative to input size,D) A measure of how much memory an algorithm requires relative to input size,Space complexity describes how much memory an algorithm needs relative to the size of its input.,Algorithms & Data Structures,Algorithm Complexity
What is a tree?,A hierarchical data structure with nodes connected by edges,A simple sorting algorithm that repeatedly swaps adjacent elements if out of order,A measure of the resources (time or space) an algorithm requires,A technique where a function calls itself to solve a problem,A) A hierarchical data structure with nodes connected by edges,"A tree is a hierarchical data structure consisting of nodes connected by edges, with one root node.",Algorithms & Data Structures,Trees
"Using linear search, what is the index (0-based) of 128 in the array [87, 57, 31, 128, 119, 92, 180, 23, 24, 20]?",6,0,3,4,C) 3,"Linear search checks each element in order; 128 is found at index 3 (0-based) in [87, 57, 31, 128, 119, 92, 180, 23, 24, 20].",Algorithms & Data Structures,Searching
A stack starts empty. After performing: push(80); pop(); push(75); push(77); push(93); push(25) — what is on top of the stack?,25,64,22,28,A) 25,Following LIFO order through these operations leaves 25 on top of the stack.,Algorithms & Data Structures,Stacks
"Using linear search, what is the index (0-based) of 42 in the array [62, 42, 48, 23, 111, 37, 75, 38, 49]?",0,1,4,2,B) 1,"Linear search checks each element in order; 42 is found at index 1 (0-based) in [62, 42, 48, 23, 111, 37, 75, 38, 49].",Algorithms & Data Structures,Searching
A queue starts empty. After performing: enqueue(95); enqueue(8); enqueue(75); enqueue(16); enqueue(27); enqueue(52) — what is at the front of the queue?,95,68,57,28,A) 95,Following FIFO order through these operations leaves 95 at the front of the queue.,Algorithms & Data Structures,Queues
A stack starts empty. After performing: push(72); push(21); push(21); pop(); pop(); pop() — what is on top of the stack?,8,53,15,Stack is empty,D) Stack is empty,Following LIFO order through these operations leaves Stack is empty on top of the stack.,Algorithms & Data Structures,Stacks
"Using linear search, what is the index (0-based) of 197 in the array [4, 115, 194, 40, 151, 197, 61, 29, 78, 185]?",8,2,5,3,C) 5,"Linear search checks each element in order; 197 is found at index 5 (0-based) in [4, 115, 194, 40, 151, 197, 61, 29, 78, 185].",Algorithms & Data Structures,Searching
"Using binary search on the sorted array [51, 59, 72, 78, 85, 111, 119, 161, 225, 294, 311, 313, 357, 434, 497], how many comparisons are needed to find 313?",2,1,4,3,A) 2,Binary search halves the search space each comparison; finding 313 in this array takes 2 comparison(s).,Algorithms & Data Structures,Searching
A queue starts empty. After performing: enqueue(5); enqueue(52); enqueue(63); enqueue(21); enqueue(91) — what is at the front of the queue?,5,30,60,74,A) 5,Following FIFO order through these operations leaves 5 at the front of the queue.,Algorithms & Data Structures,Queues
"Using linear search, what is the index (0-based) of 179 in the array [162, 190, 179, 147, 135, 130, 19]?",0,2,3,4,B) 2,"Linear search checks each element in order; 179 is found at index 2 (0-based) in [162, 190, 179, 147, 135, 130, 19].",Algorithms & Data Structures,Searching
A queue starts empty. After performing: enqueue(75); enqueue(52); enqueue(67); enqueue(39) — what is at the front of the queue?,75,26,90,45,A) 75,Following FIFO order through these operations leaves 75 at the front of the queue.,Algorithms & Data Structures,Queues
"Using linear search, what is the index (0-based) of 161 in the array [35, 64, 122, 116, 145, 182, 18, 127, 197, 161]?",10,9,12,7,B) 9,"Linear search checks each element in order; 161 is found at index 9 (0-based) in [35, 64, 122, 116, 145, 182, 18, 127, 197, 161].",Algorithms & Data Structures,Searching
"Using linear search, what is the index (0-based) of 92 in the array [180, 196, 89, 92, 194, 85]?",3,4,2,6,A) 3,"Linear search checks each element in order; 92 is found at index 3 (0-based) in [180, 196, 89, 92, 194, 85].",Algorithms & Data Structures,Searching
"Using binary search on the sorted array [30, 94, 126, 244, 428, 486, 497], how many comparisons are needed to find 30?",5,3,2,1,B) 3,Binary search halves the search space each comparison; finding 30 in this array takes 3 comparison(s).,Algorithms & Data Structures,Searching
"Using binary search on the sorted array [48, 93, 99, 101, 141, 170, 216, 241, 267, 308, 416, 422, 452, 476, 494], how many comparisons are needed to find 476?",3,1,2,5,A) 3,Binary search halves the search space each comparison; finding 476 in this array takes 3 comparison(s).,Algorithms & Data Structures,Searching
A queue starts empty. After performing: enqueue(27); enqueue(61); enqueue(97); enqueue(87); enqueue(84); enqueue(18) — what is at the front of the queue?,22,47,21,27,D) 27,Following FIFO order through these operations leaves 27 at the front of the queue.,Algorithms & Data Structures,Queues
"After one full pass of bubble sort on the array [87, 55, 70, 25, 94], what does the array look like?","[94, 25, 70, 55, 87]","[55, 70, 25, 87, 94]","[25, 55, 70, 87, 94]","[87, 55, 70, 25, 94]","B) [55, 70, 25, 87, 94]","In one pass of bubble sort, each pair of adjacent elements is compared and swapped if out of order, resulting in [55, 70, 25, 87, 94].",Algorithms & Data Structures,Sorting
"Using binary search on the sorted array [93, 95, 221, 305, 358, 372, 478], how many comparisons are needed to find 478?",5,3,4,1,B) 3,Binary search halves the search space each comparison; finding 478 in this array takes 3 comparison(s).,Algorithms & Data Structures,Searching
A stack starts empty. After performing: push(45); pop(); push(91); push(1); push(75) — what is on top of the stack?,51,41,74,75,D) 75,Following LIFO order through these operations leaves 75 on top of the stack.,Algorithms & Data Structures,Stacks
"Using linear search, what is the index (0-based) of 57 in the array [83, 145, 78, 49, 57, 24, 107]?",5,3,4,1,C) 4,"Linear search checks each element in order; 57 is found at index 4 (0-based) in [83, 145, 78, 49, 57, 24, 107].",Algorithms & Data Structures,Searching
A stack starts empty. After performing: push(29); push(59); push(17); push(70) — what is on top of the stack?,74,8,70,26,C) 70,Following LIFO order through these operations leaves 70 on top of the stack.,Algorithms & Data Structures,Stacks
"Using linear search, what is the index (0-based) of 147 in the array [18, 172, 160, 181, 147, 3]?",5,4,2,7,B) 4,"Linear search checks each element in order; 147 is found at index 4 (0-based) in [18, 172, 160, 181, 147, 3].",Algorithms & Data Structures,Searching
"Using binary search on the sorted array [65, 99, 183, 186, 210, 273, 302, 326, 362, 363, 382, 401, 412, 454, 492], how many comparisons are needed to find 99?",5,3,1,2,B) 3,Binary search halves the search space each comparison; finding 99 in this array takes 3 comparison(s).,Algorithms & Data Structures,Searching
"Using linear search, what is the index (0-based) of 49 in the array [163, 144, 100, 120, 107, 101, 49]?",9,8,3,6,D) 6,"Linear search checks each element in order; 49 is found at index 6 (0-based) in [163, 144, 100, 120, 107, 101, 49].",Algorithms & Data Structures,Searching
"Using linear search, what is the index (0-based) of 48 in the array [82, 101, 50, 21, 68, 156, 48, 65, 142, 112, 152]?",9,6,4,7,B) 6,"Linear search checks each element in order; 48 is found at index 6 (0-based) in [82, 101, 50, 21, 68, 156, 48, 65, 142, 112, 152].",Algorithms & Data Structures,Searching
A queue starts empty. After performing: enqueue(62); enqueue(16); dequeue(); dequeue() — what is at the front of the queue?,23,52,Queue is empty,96,C) Queue is empty,Following FIFO order through these operations leaves Queue is empty at the front of the queue.,Algorithms & Data Structures,Queues
"Using binary search on the sorted array [3, 7, 19, 38, 84, 96, 101, 158, 171, 184, 185, 208, 220, 224, 227, 234, 235, 237, 265, 276, 310, 329, 333, 345, 352, 367, 384, 390, 416, 461, 465], how many comparisons are needed to find 465?",6,7,3,5,D) 5,Binary search halves the search space each comparison; finding 465 in this array takes 5 comparison(s).,Algorithms & Data Structures,Searching
A queue starts empty. After performing: enqueue(37); enqueue(9); enqueue(83); dequeue() — what is at the front of the queue?,41,9,87,9,B) 9,Following FIFO order through these operations leaves 9 at the front of the queue.,Algorithms & Data Structures,Queues
"Using linear search, what is the index (0-based) of 7 in the array [98, 152, 113, 20, 7, 25]?",2,3,6,4,D) 4,"Linear search checks each element in order; 7 is found at index 4 (0-based) in [98, 152, 113, 20, 7, 25].",Algorithms & Data Structures,Searching
"Using binary search on the sorted array [18, 32, 70, 73, 74, 78, 82, 85, 103, 104, 105, 124, 132, 135, 145, 149, 157, 160, 170, 214, 225, 231, 243, 259, 261, 322, 331, 334, 430, 434, 467], how many comparisons are needed to find 135?",5,6,4,2,C) 4,Binary search halves the search space each comparison; finding 135 in this array takes 4 comparison(s).,Algorithms & Data Structures,Searching
A queue starts empty. After performing: enqueue(99); dequeue(); enqueue(53); dequeue(); enqueue(66) — what is at the front of the queue?,33,2,1,66,D) 66,Following FIFO order through these operations leaves 66 at the front of the queue.,Algorithms & Data Structures,Queues
"Using linear search, what is the index (0-based) of 78 in the array [105, 43, 165, 77, 78, 9, 144, 193, 31, 11, 88, 54]?",4,2,3,7,A) 4,"Linear search checks each element in order; 78 is found at index 4 (0-based) in [105, 43, 165, 77, 78, 9, 144, 193, 31, 11, 88, 54].",Algorithms & Data Structures,Searching
A stack starts empty. After performing: push(20); pop(); push(80); push(98); push(78) — what is on top of the stack?,20,80,78,56,C) 78,Following LIFO order through these operations leaves 78 on top of the stack.,Algorithms & Data Structures,Stacks
"After one full pass of bubble sort on the array [13, 43, 65, 83, 66, 52, 50], what does the array look like?","[50, 52, 66, 83, 65, 43, 13]","[13, 43, 50, 52, 65, 66, 83]","[13, 43, 65, 83, 66, 52, 50]","[13, 43, 65, 66, 52, 50, 83]","D) [13, 43, 65, 66, 52, 50, 83]","In one pass of bubble sort, each pair of adjacent elements is compared and swapped if out of order, resulting in [13, 43, 65, 66, 52, 50, 83].",Algorithms & Data Structures,Sorting
A stack starts empty. After performing: push(97); push(35); pop(); pop(); push(61); push(93) — what is on top of the stack?,36,93,4,93,B) 93,Following LIFO order through these operations leaves 93 on top of the stack.,Algorithms & Data Structures,Stacks
A queue starts empty. After performing: enqueue(1); enqueue(26); enqueue(41); dequeue(); enqueue(9) — what is at the front of the queue?,26,98,8,64,A) 26,Following FIFO order through these operations leaves 26 at the front of the queue.,Algorithms & Data Structures,Queues
"After one full pass of bubble sort on the array [10, 12, 78, 13, 19], what does the array look like?","[10, 12, 13, 19, 78]","[10, 12, 78, 13, 19]","[10, 12, 13, 19, 78]","[19, 13, 78, 12, 10]","A) [10, 12, 13, 19, 78]","In one pass of bubble sort, each pair of adjacent elements is compared and swapped if out of order, resulting in [10, 12, 13, 19, 78].",Algorithms & Data Structures,Sorting
"After one full pass of bubble sort on the array [9, 67, 6, 52, 47, 61, 69], what does the array look like?","[69, 61, 47, 52, 6, 67, 9]","[9, 6, 52, 47, 61, 67, 69]","[9, 67, 6, 52, 47, 61, 69]","[6, 9, 47, 52, 61, 67, 69]","B) [9, 6, 52, 47, 61, 67, 69]","In one pass of bubble sort, each pair of adjacent elements is compared and swapped if out of order, resulting in [9, 6, 52, 47, 61, 67, 69].",Algorithms & Data Structures,Sorting
"Using linear search, what is the index (0-based) of 26 in the array [26, 69, 81, 25, 33]?",0,2,1,3,A) 0,"Linear search checks each element in order; 26 is found at index 0 (0-based) in [26, 69, 81, 25, 33].",Algorithms & Data Structures,Searching
A queue starts empty. After performing: enqueue(75); dequeue(); enqueue(72); dequeue(); enqueue(91); enqueue(57) — what is at the front of the queue?,39,54,50,91,D) 91,Following FIFO order through these operations leaves 91 at the front of the queue.,Algorithms & Data Structures,Queues
"After one full pass of bubble sort on the array [63, 42, 87, 6, 9, 48], what does the array look like?","[6, 9, 42, 48, 63, 87]","[48, 9, 6, 87, 42, 63]","[63, 42, 87, 6, 9, 48]","[42, 63, 6, 9, 48, 87]","D) [42, 63, 6, 9, 48, 87]","In one pass of bubble sort, each pair of adjacent elements is compared and swapped if out of order, resulting in [42, 63, 6, 9, 48, 87].",Algorithms & Data Structures,Sorting
A queue starts empty. After performing: enqueue(61); dequeue(); enqueue(52); dequeue(); enqueue(99) — what is at the front of the queue?,23,99,68,77,B) 99,Following FIFO order through these operations leaves 99 at the front of the queue.,Algorithms & Data Structures,Queues
A stack starts empty. After performing: push(1); pop(); push(1); push(6); push(51); push(19) — what is on top of the stack?,19,97,26,17,A) 19,Following LIFO order through these operations leaves 19 on top of the stack.,Algorithms & Data Structures,Stacks
"Using linear search, what is the index (0-based) of 100 in the array [60, 121, 26, 192, 100, 8, 4, 88, 198, 106]?",4,1,3,7,A) 4,"Linear search checks each element in order; 100 is found at index 4 (0-based) in [60, 121, 26, 192, 100, 8, 4, 88, 198, 106].",Algorithms & Data Structures,Searching
A stack starts empty. After performing: push(69); push(9); pop(); push(95) — what is on top of the stack?,49,19,95,4,C) 95,Following LIFO order through these operations leaves 95 on top of the stack.,Algorithms & Data Structures,Stacks
"Using linear search, what is the index (0-based) of 193 in the array [124, 123, 72, 67, 133, 191, 198, 85, 174, 100, 193, 58]?",8,10,7,11,B) 10,"Linear search checks each element in order; 193 is found at index 10 (0-based) in [124, 123, 72, 67, 133, 191, 198, 85, 174, 100, 193, 58].",Algorithms & Data Structures,Searching
"Using linear search, what is the index (0-based) of 84 in the array [113, 134, 38, 34, 69, 90, 12, 84, 108, 101, 150, 131]?",4,5,7,9,C) 7,"Linear search checks each element in order; 84 is found at index 7 (0-based) in [113, 134, 38, 34, 69, 90, 12, 84, 108, 101, 150, 131].",Algorithms & Data Structures,Searching
"After one full pass of bubble sort on the array [96, 42, 29, 66], what does the array look like?","[42, 29, 66, 96]","[66, 29, 42, 96]","[96, 42, 29, 66]","[29, 42, 66, 96]","A) [42, 29, 66, 96]","In one pass of bubble sort, each pair of adjacent elements is compared and swapped if out of order, resulting in [42, 29, 66, 96].",Algorithms & Data Structures,Sorting
"Using binary search on the sorted array [19, 46, 85, 92, 117, 139, 159, 230, 302, 306, 352, 412, 419, 422, 468], how many comparisons are needed to find 85?",5,3,2,4,D) 4,Binary search halves the search space each comparison; finding 85 in this array takes 4 comparison(s).,Algorithms & Data Structures,Searching
"Using linear search, what is the index (0-based) of 81 in the array [35, 18, 3, 97, 84, 81, 186, 125, 132, 1, 111]?",6,2,5,8,C) 5,"Linear search checks each element in order; 81 is found at index 5 (0-based) in [35, 18, 3, 97, 84, 81, 186, 125, 132, 1, 111].",Algorithms & Data Structures,Searching
A queue starts empty. After performing: enqueue(89); enqueue(94); enqueue(63); enqueue(42); enqueue(36); enqueue(3) — what is at the front of the queue?,66,89,9,26,B) 89,Following FIFO order through these operations leaves 89 at the front of the queue.,Algorithms & Data Structures,Queues
A stack starts empty. After performing: push(69); push(66); pop(); pop(); push(2); push(82) — what is on top of the stack?,4,70,30,82,D) 82,Following LIFO order through these operations leaves 82 on top of the stack.,Algorithms & Data Structures,Stacks
A queue starts empty. After performing: enqueue(12); enqueue(7); dequeue(); enqueue(58); enqueue(90); enqueue(73) — what is at the front of the queue?,7,21,4,76,A) 7,Following FIFO order through these operations leaves 7 at the front of the queue.,Algorithms & Data Structures,Queues
"Using binary search on the sorted array [23, 50, 70, 76, 96, 113, 115, 121, 132, 144, 162, 194, 197, 206, 213, 242, 253, 262, 267, 275, 278, 287, 295, 299, 321, 333, 362, 447, 475, 483, 498], how many comparisons are needed to find 113?",2,5,3,4,D) 4,Binary search halves the search space each comparison; finding 113 in this array takes 4 comparison(s).,Algorithms & Data Structures,Searching
"Using linear search, what is the index (0-based) of 161 in the array [111, 91, 160, 65, 85, 15, 161]?",4,6,3,8,B) 6,"Linear search checks each element in order; 161 is found at index 6 (0-based) in [111, 91, 160, 65, 85, 15, 161].",Algorithms & Data Structures,Searching
"After one full pass of bubble sort on the array [81, 24, 19, 71, 52], what does the array look like?","[81, 24, 19, 71, 52]","[52, 71, 19, 24, 81]","[24, 19, 71, 52, 81]","[19, 24, 52, 71, 81]","C) [24, 19, 71, 52, 81]","In one pass of bubble sort, each pair of adjacent elements is compared and swapped if out of order, resulting in [24, 19, 71, 52, 81].",Algorithms & Data Structures,Sorting
"Using binary search on the sorted array [9, 30, 38, 92, 106, 136, 155, 205, 290, 302, 316, 361, 380, 415, 490], how many comparisons are needed to find 290?",5,6,3,4,D) 4,Binary search halves the search space each comparison; finding 290 in this array takes 4 comparison(s).,Algorithms & Data Structures,Searching
A queue starts empty. After performing: enqueue(60); enqueue(7); dequeue(); enqueue(73) — what is at the front of the queue?,7,35,89,32,A) 7,Following FIFO order through these operations leaves 7 at the front of the queue.,Algorithms & Data Structures,Queues
A queue starts empty. After performing: enqueue(70); enqueue(56); enqueue(58); dequeue(); dequeue(); dequeue() — what is at the front of the queue?,21,Queue is empty,27,87,B) Queue is empty,Following FIFO order through these operations leaves Queue is empty at the front of the queue.,Algorithms & Data Structures,Queues
"Using binary search on the sorted array [59, 66, 117, 304, 360, 463, 467], how many comparisons are needed to find 59?",5,4,2,3,D) 3,Binary search halves the search space each comparison; finding 59 in this array takes 3 comparison(s).,Algorithms & Data Structures,Searching
"After one full pass of bubble sort on the array [89, 56, 16, 1, 37, 2, 14], what does the array look like?","[56, 16, 1, 37, 2, 14, 89]","[14, 2, 37, 1, 16, 56, 89]","[1, 2, 14, 16, 37, 56, 89]","[89, 56, 16, 1, 37, 2, 14]","A) [56, 16, 1, 37, 2, 14, 89]","In one pass of bubble sort, each pair of adjacent elements is compared and swapped if out of order, resulting in [56, 16, 1, 37, 2, 14, 89].",Algorithms & Data Structures,Sorting
"Using linear search, what is the index (0-based) of 140 in the array [94, 118, 168, 10, 50, 172, 140, 48, 154, 133, 2, 51]?",6,3,4,9,A) 6,"Linear search checks each element in order; 140 is found at index 6 (0-based) in [94, 118, 168, 10, 50, 172, 140, 48, 154, 133, 2, 51].",Algorithms & Data Structures,Searching
"Using linear search, what is the index (0-based) of 126 in the array [126, 178, 79, 59, 26]?",1,2,0,3,C) 0,"Linear search checks each element in order; 126 is found at index 0 (0-based) in [126, 178, 79, 59, 26].",Algorithms & Data Structures,Searching
"Using binary search on the sorted array [7, 93, 95, 169, 196, 204, 240, 243, 246, 253, 352, 396, 417, 423, 484], how many comparisons are needed to find 484?",6,4,2,5,B) 4,Binary search halves the search space each comparison; finding 484 in this array takes 4 comparison(s).,Algorithms & Data Structures,Searching
"Using linear search, what is the index (0-based) of 29 in the array [29, 154, 196, 6, 81, 71]?",0,1,3,2,A) 0,"Linear search checks each element in order; 29 is found at index 0 (0-based) in [29, 154, 196, 6, 81, 71].",Algorithms & Data Structures,Searching
A queue starts empty. After performing: enqueue(59); enqueue(75); enqueue(96); enqueue(77); dequeue() — what is at the front of the queue?,70,75,22,51,B) 75,Following FIFO order through these operations leaves 75 at the front of the queue.,Algorithms & Data Structures,Queues
A stack starts empty. After performing: push(97); pop(); push(1); pop(); push(96) — what is on top of the stack?,64,3,58,96,D) 96,Following LIFO order through these operations leaves 96 on top of the stack.,Algorithms & Data Structures,Stacks
A stack starts empty. After performing: push(82); push(34); push(63); pop() — what is on top of the stack?,34,26,76,83,A) 34,Following LIFO order through these operations leaves 34 on top of the stack.,Algorithms & Data Structures,Stacks
A queue starts empty. After performing: enqueue(19); dequeue(); enqueue(34); enqueue(69) — what is at the front of the queue?,51,44,30,34,D) 34,Following FIFO order through these operations leaves 34 at the front of the queue.,Algorithms & Data Structures,Queues
A queue starts empty. After performing: enqueue(49); dequeue(); enqueue(19); dequeue() — what is at the front of the queue?,60,35,Queue is empty,13,C) Queue is empty,Following FIFO order through these operations leaves Queue is empty at the front of the queue.,Algorithms & Data Structures,Queues
A stack starts empty. After performing: push(49); pop(); push(30); push(15) — what is on top of the stack?,2,15,8,8,B) 15,Following LIFO order through these operations leaves 15 on top of the stack.,Algorithms & Data Structures,Stacks
"Using linear search, what is the index (0-based) of 184 in the array [65, 161, 147, 176, 4, 153, 5, 39, 184]?",7,8,10,11,B) 8,"Linear search checks each element in order; 184 is found at index 8 (0-based) in [65, 161, 147, 176, 4, 153, 5, 39, 184].",Algorithms & Data Structures,Searching
"After one full pass of bubble sort on the array [67, 2, 97, 90, 92, 15], what does the array look like?","[2, 67, 90, 92, 15, 97]","[15, 92, 90, 97, 2, 67]","[2, 15, 67, 90, 92, 97]","[67, 2, 97, 90, 92, 15]","A) [2, 67, 90, 92, 15, 97]","In one pass of bubble sort, each pair of adjacent elements is compared and swapped if out of order, resulting in [2, 67, 90, 92, 15, 97].",Algorithms & Data Structures,Sorting
"Using binary search on the sorted array [11, 12, 17, 64, 93, 106, 118, 124, 128, 132, 133, 137, 149, 156, 175, 179, 189, 196, 224, 236, 245, 251, 257, 312, 326, 333, 416, 419, 430, 471, 473], how many comparisons are needed to find 17?",6,7,5,4,C) 5,Binary search halves the search space each comparison; finding 17 in this array takes 5 comparison(s).,Algorithms & Data Structures,Searching
A queue starts empty. After performing: enqueue(23); enqueue(89); dequeue(); dequeue(); enqueue(23) — what is at the front of the queue?,40,3,25,23,D) 23,Following FIFO order through these operations leaves 23 at the front of the queue.,Algorithms & Data Structures,Queues
A stack starts empty. After performing: push(24); push(96); push(40); pop() — what is on top of the stack?,30,26,36,96,D) 96,Following LIFO order through these operations leaves 96 on top of the stack.,Algorithms & Data Structures,Stacks
"Using linear search, what is the index (0-based) of 127 in the array [96, 188, 109, 32, 71, 17, 127, 28, 69, 175, 108, 89]?",8,5,6,4,C) 6,"Linear search checks each element in order; 127 is found at index 6 (0-based) in [96, 188, 109, 32, 71, 17, 127, 28, 69, 175, 108, 89].",Algorithms & Data Structures,Searching
A queue starts empty. After performing: enqueue(59); dequeue(); enqueue(90); enqueue(38); enqueue(85) — what is at the front of the queue?,23,12,90,96,C) 90,Following FIFO order through these operations leaves 90 at the front of the queue.,Algorithms & Data Structures,Queues
A stack starts empty. After performing: push(35); push(11); push(34); push(3); push(94); push(99) — what is on top of the stack?,82,99,46,83,B) 99,Following LIFO order through these operations leaves 99 on top of the stack.,Algorithms & Data Structures,Stacks
"After one full pass of bubble sort on the array [59, 42, 9, 77, 5, 46, 37], what does the array look like?","[42, 9, 59, 5, 46, 37, 77]","[37, 46, 5, 77, 9, 42, 59]","[59, 42, 9, 77, 5, 46, 37]","[5, 9, 37, 42, 46, 59, 77]","A) [42, 9, 59, 5, 46, 37, 77]","In one pass of bubble sort, each pair of adjacent elements is compared and swapped if out of order, resulting in [42, 9, 59, 5, 46, 37, 77].",Algorithms & Data Structures,Sorting
"After one full pass of bubble sort on the array [93, 86, 53, 32, 18, 23, 97], what does the array look like?","[18, 23, 32, 53, 86, 93, 97]","[93, 86, 53, 32, 18, 23, 97]","[97, 23, 18, 32, 53, 86, 93]","[86, 53, 32, 18, 23, 93, 97]","D) [86, 53, 32, 18, 23, 93, 97]","In one pass of bubble sort, each pair of adjacent elements is compared and swapped if out of order, resulting in [86, 53, 32, 18, 23, 93, 97].",Algorithms & Data Structures,Sorting
"Using binary search on the sorted array [68, 156, 234, 296, 471, 474, 476], how many comparisons are needed to find 474?",3,4,1,2,D) 2,Binary search halves the search space each comparison; finding 474 in this array takes 2 comparison(s).,Algorithms & Data Structures,Searching
A queue starts empty. After performing: enqueue(56); dequeue(); enqueue(3); enqueue(78) — what is at the front of the queue?,78,3,97,8,B) 3,Following FIFO order through these operations leaves 3 at the front of the queue.,Algorithms & Data Structures,Queues
"After one full pass of bubble sort on the array [13, 8, 57, 29, 7, 27], what does the array look like?","[27, 7, 29, 57, 8, 13]","[13, 8, 57, 29, 7, 27]","[8, 13, 29, 7, 27, 57]","[7, 8, 13, 27, 29, 57]","C) [8, 13, 29, 7, 27, 57]","In one pass of bubble sort, each pair of adjacent elements is compared and swapped if out of order, resulting in [8, 13, 29, 7, 27, 57].",Algorithms & Data Structures,Sorting
A queue starts empty. After performing: enqueue(76); enqueue(91); enqueue(93); enqueue(5); enqueue(48); dequeue() — what is at the front of the queue?,33,91,67,77,B) 91,Following FIFO order through these operations leaves 91 at the front of the queue.,Algorithms & Data Structures,Queues
A stack starts empty. After performing: push(48); pop(); push(46); push(96); pop(); push(96) — what is on top of the stack?,61,96,86,42,B) 96,Following LIFO order through these operations leaves 96 on top of the stack.,Algorithms & Data Structures,Stacks
"After one full pass of bubble sort on the array [58, 3, 4, 78, 67, 43, 54], what does the array look like?","[3, 4, 58, 67, 43, 54, 78]","[3, 4, 43, 54, 58, 67, 78]","[58, 3, 4, 78, 67, 43, 54]","[54, 43, 67, 78, 4, 3, 58]","A) [3, 4, 58, 67, 43, 54, 78]","In one pass of bubble sort, each pair of adjacent elements is compared and swapped if out of order, resulting in [3, 4, 58, 67, 43, 54, 78].",Algorithms & Data Structures,Sorting
A queue starts empty. After performing: enqueue(23); dequeue(); enqueue(59); dequeue(); enqueue(47); dequeue() — what is at the front of the queue?,69,59,98,Queue is empty,D) Queue is empty,Following FIFO order through these operations leaves Queue is empty at the front of the queue.,Algorithms & Data Structures,Queues
A queue starts empty. After performing: enqueue(2); dequeue(); enqueue(30); enqueue(61) — what is at the front of the queue?,12,34,30,49,C) 30,Following FIFO order through these operations leaves 30 at the front of the queue.,Algorithms & Data Structures,Queues
"After one full pass of bubble sort on the array [45, 75, 5, 53, 35, 60], what does the array look like?","[45, 5, 53, 35, 60, 75]","[45, 75, 5, 53, 35, 60]","[5, 35, 45, 53, 60, 75]","[60, 35, 53, 5, 75, 45]","A) [45, 5, 53, 35, 60, 75]","In one pass of bubble sort, each pair of adjacent elements is compared and swapped if out of order, resulting in [45, 5, 53, 35, 60, 75].",Algorithms & Data Structures,Sorting
"Using linear search, what is the index (0-based) of 194 in the array [125, 194, 27, 64, 47, 48, 63, 8, 187]?",1,4,2,3,A) 1,"Linear search checks each element in order; 194 is found at index 1 (0-based) in [125, 194, 27, 64, 47, 48, 63, 8, 187].",Algorithms & Data Structures,Searching
"After one full pass of bubble sort on the array [81, 46, 33, 35, 76, 85], what does the array look like?","[85, 76, 35, 33, 46, 81]","[46, 33, 35, 76, 81, 85]","[81, 46, 33, 35, 76, 85]","[33, 35, 46, 76, 81, 85]","B) [46, 33, 35, 76, 81, 85]","In one pass of bubble sort, each pair of adjacent elements is compared and swapped if out of order, resulting in [46, 33, 35, 76, 81, 85].",Algorithms & Data Structures,Sorting
"Using binary search on the sorted array [33, 53, 68, 74, 81, 103, 138, 240, 254, 278, 289, 350, 380, 460, 472], how many comparisons are needed to find 289?",6,3,4,5,C) 4,Binary search halves the search space each comparison; finding 289 in this array takes 4 comparison(s).,Algorithms & Data Structures,Searching
A stack starts empty. After performing: push(59); push(44); push(20); pop(); push(42) — what is on top of the stack?,42,58,54,66,A) 42,Following LIFO order through these operations leaves 42 on top of the stack.,Algorithms & Data Structures,Stacks
A stack starts empty. After performing: push(64); push(60); pop(); pop(); push(50) — what is on top of the stack?,89,70,50,91,C) 50,Following LIFO order through these operations leaves 50 on top of the stack.,Algorithms & Data Structures,Stacks
"Using linear search, what is the index (0-based) of 79 in the array [79, 64, 114, 144, 116]?",0,1,3,2,A) 0,"Linear search checks each element in order; 79 is found at index 0 (0-based) in [79, 64, 114, 144, 116].",Algorithms & Data Structures,Searching
A queue starts empty. After performing: enqueue(9); enqueue(83); enqueue(18); enqueue(21) — what is at the front of the queue?,36,31,56,9,D) 9,Following FIFO order through these operations leaves 9 at the front of the queue.,Algorithms & Data Structures,Queues
A stack starts empty. After performing: push(83); push(13); push(92); push(31); pop() — what is on top of the stack?,92,16,91,67,A) 92,Following LIFO order through these operations leaves 92 on top of the stack.,Algorithms & Data Structures,Stacks
"Using linear search, what is the index (0-based) of 96 in the array [13, 18, 164, 82, 101, 6, 54, 192, 169, 96, 167, 81]?",7,9,11,6,B) 9,"Linear search checks each element in order; 96 is found at index 9 (0-based) in [13, 18, 164, 82, 101, 6, 54, 192, 169, 96, 167, 81].",Algorithms & Data Structures,Searching
"After one full pass of bubble sort on the array [96, 70, 23, 16, 4], what does the array look like?","[70, 23, 16, 4, 96]","[4, 16, 23, 70, 96]","[4, 16, 23, 70, 96]","[96, 70, 23, 16, 4]","A) [70, 23, 16, 4, 96]","In one pass of bubble sort, each pair of adjacent elements is compared and swapped if out of order, resulting in [70, 23, 16, 4, 96].",Algorithms & Data Structures,Sorting
"After one full pass of bubble sort on the array [42, 96, 51, 29], what does the array look like?","[42, 51, 29, 96]","[29, 42, 51, 96]","[42, 96, 51, 29]","[29, 51, 96, 42]","A) [42, 51, 29, 96]","In one pass of bubble sort, each pair of adjacent elements is compared and swapped if out of order, resulting in [42, 51, 29, 96].",Algorithms & Data Structures,Sorting
"After one full pass of bubble sort on the array [99, 12, 4, 48, 24, 44, 63], what does the array look like?","[63, 44, 24, 48, 4, 12, 99]","[99, 12, 4, 48, 24, 44, 63]","[12, 4, 48, 24, 44, 63, 99]","[4, 12, 24, 44, 48, 63, 99]","C) [12, 4, 48, 24, 44, 63, 99]","In one pass of bubble sort, each pair of adjacent elements is compared and swapped if out of order, resulting in [12, 4, 48, 24, 44, 63, 99].",Algorithms & Data Structures,Sorting
A stack starts empty. After performing: push(26); pop(); push(9); pop(); push(43) — what is on top of the stack?,42,43,36,16,B) 43,Following LIFO order through these operations leaves 43 on top of the stack.,Algorithms & Data Structures,Stacks
A queue starts empty. After performing: enqueue(86); enqueue(4); enqueue(97); enqueue(28) — what is at the front of the queue?,84,86,23,90,B) 86,Following FIFO order through these operations leaves 86 at the front of the queue.,Algorithms & Data Structures,Queues
"After one full pass of bubble sort on the array [26, 33, 42, 85], what does the array look like?","[26, 33, 42, 85]","[26, 33, 42, 85]","[85, 42, 33, 26]","[26, 33, 42, 85]","A) [26, 33, 42, 85]","In one pass of bubble sort, each pair of adjacent elements is compared and swapped if out of order, resulting in [26, 33, 42, 85].",Algorithms & Data Structures,Sorting
"Using linear search, what is the index (0-based) of 151 in the array [186, 160, 131, 156, 196, 151, 197, 76, 7, 57, 182, 122]?",5,7,3,4,A) 5,"Linear search checks each element in order; 151 is found at index 5 (0-based) in [186, 160, 131, 156, 196, 151, 197, 76, 7, 57, 182, 122].",Algorithms & Data Structures,Searching
A stack starts empty. After performing: push(42); push(57); pop(); pop() — what is on top of the stack?,6,74,Stack is empty,57,C) Stack is empty,Following LIFO order through these operations leaves Stack is empty on top of the stack.,Algorithms & Data Structures,Stacks
Which of the following best describes linear search?,A node in a tree with no children,A search algorithm that checks each element one by one,A collection of elements stored at contiguous memory locations,An operation that adds an element to the top of a stack,B) A search algorithm that checks each element one by one,Linear search checks each element of a list sequentially until the target value is found or the list ends.,Algorithms & Data Structures,Searching
A stack starts empty. After performing: push(79); push(37); pop(); pop() — what is on top of the stack?,47,14,Stack is empty,27,C) Stack is empty,Following LIFO order through these operations leaves Stack is empty on top of the stack.,Algorithms & Data Structures,Stacks
A queue starts empty. After performing: enqueue(16); enqueue(92); dequeue(); dequeue(); enqueue(69) — what is at the front of the queue?,95,69,51,17,B) 69,Following FIFO order through these operations leaves 69 at the front of the queue.,Algorithms & Data Structures,Queues
A stack starts empty. After performing: push(17); pop(); push(92); push(55); push(75); push(54) — what is on top of the stack?,46,41,54,48,C) 54,Following LIFO order through these operations leaves 54 on top of the stack.,Algorithms & Data Structures,Stacks
"After one full pass of bubble sort on the array [66, 2, 62, 96, 44], what does the array look like?","[44, 96, 62, 2, 66]","[2, 44, 62, 66, 96]","[66, 2, 62, 96, 44]","[2, 62, 66, 44, 96]","D) [2, 62, 66, 44, 96]","In one pass of bubble sort, each pair of adjacent elements is compared and swapped if out of order, resulting in [2, 62, 66, 44, 96].",Algorithms & Data Structures,Sorting
"Using binary search on the sorted array [7, 26, 51, 54, 97, 102, 123, 131, 137, 143, 173, 186, 197, 206, 207, 232, 238, 241, 285, 316, 325, 343, 390, 406, 418, 421, 445, 466, 475, 480, 493], how many comparisons are needed to find 406?",4,1,2,3,C) 2,Binary search halves the search space each comparison; finding 406 in this array takes 2 comparison(s).,Algorithms & Data Structures,Searching
"After one full pass of bubble sort on the array [9, 76, 98, 41, 47, 85, 71], what does the array look like?","[9, 76, 41, 47, 85, 71, 98]","[9, 41, 47, 71, 76, 85, 98]","[9, 76, 98, 41, 47, 85, 71]","[71, 85, 47, 41, 98, 76, 9]","A) [9, 76, 41, 47, 85, 71, 98]","In one pass of bubble sort, each pair of adjacent elements is compared and swapped if out of order, resulting in [9, 76, 41, 47, 85, 71, 98].",Algorithms & Data Structures,Sorting
"Using linear search, what is the index (0-based) of 115 in the array [113, 67, 5, 115, 72, 131, 65, 51, 64]?",3,5,6,4,A) 3,"Linear search checks each element in order; 115 is found at index 3 (0-based) in [113, 67, 5, 115, 72, 131, 65, 51, 64].",Algorithms & Data Structures,Searching
Which of the following best describes a linked list?,An operation that adds an element to the back of a queue,A linear data structure where elements are linked using pointers,A technique where a function calls itself to solve a problem,An operation that adds an element to the top of a stack,B) A linear data structure where elements are linked using pointers,"A linked list is a linear data structure where each element (node) points to the next, rather than being stored contiguously.",Algorithms & Data Structures,Linked Lists
A stack starts empty. After performing: push(95); pop(); push(37); pop(); push(85) — what is on top of the stack?,9,85,28,2,B) 85,Following LIFO order through these operations leaves 85 on top of the stack.,Algorithms & Data Structures,Stacks
A stack starts empty. After performing: push(8); push(85); pop(); push(99); pop() — what is on top of the stack?,92,60,8,25,C) 8,Following LIFO order through these operations leaves 8 on top of the stack.,Algorithms & Data Structures,Stacks
What is a string (data structure)?,A sorting algorithm that builds a sorted list one item at a time,A linear data structure where elements are linked using pointers,A search algorithm that repeatedly divides a sorted list in half,A sequence of characters treated as a single data item,D) A sequence of characters treated as a single data item,"A string is a data structure representing a sequence of characters, often treated as an array of characters.",Algorithms & Data Structures,Strings
"Using linear search, what is the index (0-based) of 185 in the array [100, 113, 185, 125, 55, 11]?",2,3,1,5,A) 2,"Linear search checks each element in order; 185 is found at index 2 (0-based) in [100, 113, 185, 125, 55, 11].",Algorithms & Data Structures,Searching
"Using binary search on the sorted array [4, 28, 65, 85, 102, 126, 138, 153, 154, 155, 206, 207, 247, 278, 325, 333, 336, 344, 390, 392, 393, 416, 418, 421, 430, 434, 439, 448, 455, 468, 486], how many comparisons are needed to find 325?",7,3,4,5,D) 5,Binary search halves the search space each comparison; finding 325 in this array takes 5 comparison(s).,Algorithms & Data Structures,Searching
A queue starts empty. After performing: enqueue(4); enqueue(58); enqueue(83); dequeue() — what is at the front of the queue?,73,58,83,37,B) 58,Following FIFO order through these operations leaves 58 at the front of the queue.,Algorithms & Data Structures,Queues
What is an array?,A data structure that follows First-In-First-Out (FIFO) order,A divide-and-conquer sorting algorithm that uses a pivot element,The topmost node in a tree data structure,A collection of elements stored at contiguous memory locations,D) A collection of elements stored at contiguous memory locations,An array is a data structure that stores a fixed-size collection of elements in contiguous memory locations.,Algorithms & Data Structures,Arrays
"After one full pass of bubble sort on the array [72, 1, 89, 76, 53], what does the array look like?","[72, 1, 89, 76, 53]","[1, 53, 72, 76, 89]","[53, 76, 89, 1, 72]","[1, 72, 76, 53, 89]","D) [1, 72, 76, 53, 89]","In one pass of bubble sort, each pair of adjacent elements is compared and swapped if out of order, resulting in [1, 72, 76, 53, 89].",Algorithms & Data Structures,Sorting
A queue starts empty. After performing: enqueue(1); enqueue(37); enqueue(70); enqueue(99); enqueue(48); enqueue(33) — what is at the front of the queue?,1,35,7,9,A) 1,Following FIFO order through these operations leaves 1 at the front of the queue.,Algorithms & Data Structures,Queues
"Using linear search, what is the index (0-based) of 73 in the array [37, 121, 58, 147, 73, 81, 166, 197, 188]?",1,2,4,7,C) 4,"Linear search checks each element in order; 73 is found at index 4 (0-based) in [37, 121, 58, 147, 73, 81, 166, 197, 188].",Algorithms & Data Structures,Searching
"Using linear search, what is the index (0-based) of 133 in the array [148, 173, 155, 86, 133, 100, 171, 41, 126, 166, 125, 38]?",4,6,2,7,A) 4,"Linear search checks each element in order; 133 is found at index 4 (0-based) in [148, 173, 155, 86, 133, 100, 171, 41, 126, 166, 125, 38].",Algorithms & Data Structures,Searching
A stack starts empty. After performing: push(11); pop(); push(31); push(62); push(4); push(76) — what is on top of the stack?,60,76,16,15,B) 76,Following LIFO order through these operations leaves 76 on top of the stack.,Algorithms & Data Structures,Stacks
"After one full pass of bubble sort on the array [73, 52, 71, 29], what does the array look like?","[29, 71, 52, 73]","[52, 71, 29, 73]","[29, 52, 71, 73]","[73, 52, 71, 29]","B) [52, 71, 29, 73]","In one pass of bubble sort, each pair of adjacent elements is compared and swapped if out of order, resulting in [52, 71, 29, 73].",Algorithms & Data Structures,Sorting
A stack starts empty. After performing: push(58); pop(); push(10); pop(); push(76); push(46) — what is on top of the stack?,71,46,19,55,B) 46,Following LIFO order through these operations leaves 46 on top of the stack.,Algorithms & Data Structures,Stacks
A stack starts empty. After performing: push(5); push(54); pop(); push(87) — what is on top of the stack?,88,77,78,87,D) 87,Following LIFO order through these operations leaves 87 on top of the stack.,Algorithms & Data Structures,Stacks
"Using linear search, what is the index (0-based) of 101 in the array [60, 61, 182, 176, 101, 50, 84, 36]?",5,2,4,7,C) 4,"Linear search checks each element in order; 101 is found at index 4 (0-based) in [60, 61, 182, 176, 101, 50, 84, 36].",Algorithms & Data Structures,Searching
"After one full pass of bubble sort on the array [38, 54, 11, 68, 9], what does the array look like?","[38, 54, 11, 68, 9]","[9, 68, 11, 54, 38]","[38, 11, 54, 9, 68]","[9, 11, 38, 54, 68]","C) [38, 11, 54, 9, 68]","In one pass of bubble sort, each pair of adjacent elements is compared and swapped if out of order, resulting in [38, 11, 54, 9, 68].",Algorithms & Data Structures,Sorting
A queue starts empty. After performing: enqueue(75); dequeue(); enqueue(22); enqueue(66); enqueue(35) — what is at the front of the queue?,46,22,84,54,B) 22,Following FIFO order through these operations leaves 22 at the front of the queue.,Algorithms & Data Structures,Queues
"Using linear search, what is the index (0-based) of 144 in the array [144, 150, 126, 121, 161, 56, 62, 65, 91]?",3,0,1,2,B) 0,"Linear search checks each element in order; 144 is found at index 0 (0-based) in [144, 150, 126, 121, 161, 56, 62, 65, 91].",Algorithms & Data Structures,Searching
"Using binary search on the sorted array [6, 32, 47, 55, 73, 85, 91, 100, 118, 131, 150, 370, 461, 465, 486], how many comparisons are needed to find 370?",4,2,3,1,B) 2,Binary search halves the search space each comparison; finding 370 in this array takes 2 comparison(s).,Algorithms & Data Structures,Searching
"Using linear search, what is the index (0-based) of 196 in the array [130, 77, 196, 136, 18, 22]?",4,2,5,0,B) 2,"Linear search checks each element in order; 196 is found at index 2 (0-based) in [130, 77, 196, 136, 18, 22].",Algorithms & Data Structures,Searching
"After one full pass of bubble sort on the array [33, 7, 93, 66], what does the array look like?","[7, 33, 66, 93]","[7, 33, 66, 93]","[33, 7, 93, 66]","[66, 93, 7, 33]","A) [7, 33, 66, 93]","In one pass of bubble sort, each pair of adjacent elements is compared and swapped if out of order, resulting in [7, 33, 66, 93].",Algorithms & Data Structures,Sorting
A stack starts empty. After performing: push(92); pop(); push(30); push(63); push(30) — what is on top of the stack?,7,93,30,76,C) 30,Following LIFO order through these operations leaves 30 on top of the stack.,Algorithms & Data Structures,Stacks
"After one full pass of bubble sort on the array [42, 85, 45, 47, 55, 66, 32], what does the array look like?","[32, 42, 45, 47, 55, 66, 85]","[42, 85, 45, 47, 55, 66, 32]","[32, 66, 55, 47, 45, 85, 42]","[42, 45, 47, 55, 66, 32, 85]","D) [42, 45, 47, 55, 66, 32, 85]","In one pass of bubble sort, each pair of adjacent elements is compared and swapped if out of order, resulting in [42, 45, 47, 55, 66, 32, 85].",Algorithms & Data Structures,Sorting
A stack starts empty. After performing: push(90); push(47); push(88); push(6); push(8) — what is on top of the stack?,61,33,82,8,D) 8,Following LIFO order through these operations leaves 8 on top of the stack.,Algorithms & Data Structures,Stacks
A queue starts empty. After performing: enqueue(58); enqueue(84); enqueue(45); enqueue(73); enqueue(38) — what is at the front of the queue?,95,62,40,58,D) 58,Following FIFO order through these operations leaves 58 at the front of the queue.,Algorithms & Data Structures,Queues
"After one full pass of bubble sort on the array [98, 93, 34, 54, 75], what does the array look like?","[34, 54, 75, 93, 98]","[98, 93, 34, 54, 75]","[75, 54, 34, 93, 98]","[93, 34, 54, 75, 98]","D) [93, 34, 54, 75, 98]","In one pass of bubble sort, each pair of adjacent elements is compared and swapped if out of order, resulting in [93, 34, 54, 75, 98].",Algorithms & Data Structures,Sorting
"Using linear search, what is the index (0-based) of 122 in the array [139, 95, 122, 192, 193, 133, 155]?",5,2,3,1,B) 2,"Linear search checks each element in order; 122 is found at index 2 (0-based) in [139, 95, 122, 192, 193, 133, 155].",Algorithms & Data Structures,Searching
"Using binary search on the sorted array [9, 49, 76, 77, 81, 84, 97, 124, 133, 138, 148, 150, 155, 176, 196, 218, 221, 228, 239, 289, 312, 314, 333, 348, 363, 388, 399, 410, 439, 447, 453], how many comparisons are needed to find 312?",3,6,5,4,C) 5,Binary search halves the search space each comparison; finding 312 in this array takes 5 comparison(s).,Algorithms & Data Structures,Searching
"Using binary search on the sorted array [66, 73, 117, 158, 192, 231, 283, 328, 346, 394, 432, 446, 449, 470, 493], how many comparisons are needed to find 493?",2,5,4,6,C) 4,Binary search halves the search space each comparison; finding 493 in this array takes 4 comparison(s).,Algorithms & Data Structures,Searching
"Using binary search on the sorted array [6, 46, 58, 72, 96, 99, 104, 111, 165, 178, 183, 190, 221, 228, 241, 250, 257, 287, 291, 308, 329, 332, 339, 380, 381, 432, 455, 456, 470, 485, 498], how many comparisons are needed to find 111?",4,3,1,2,D) 2,Binary search halves the search space each comparison; finding 111 in this array takes 2 comparison(s).,Algorithms & Data Structures,Searching
"Using binary search on the sorted array [20, 55, 70, 77, 128, 154, 174, 183, 194, 207, 233, 234, 235, 236, 255, 256, 306, 308, 329, 332, 336, 355, 357, 361, 379, 399, 419, 441, 457, 462, 473], how many comparisons are needed to find 233?",6,5,7,4,B) 5,Binary search halves the search space each comparison; finding 233 in this array takes 5 comparison(s).,Algorithms & Data Structures,Searching
A queue starts empty. After performing: enqueue(6); dequeue(); enqueue(86); enqueue(86); dequeue(); enqueue(84) — what is at the front of the queue?,53,92,86,17,C) 86,Following FIFO order through these operations leaves 86 at the front of the queue.,Algorithms & Data Structures,Queues
"Using binary search on the sorted array [17, 24, 31, 34, 51, 92, 127, 139, 143, 181, 211, 214, 220, 237, 243, 256, 262, 267, 291, 302, 316, 338, 341, 357, 365, 368, 374, 405, 459, 477, 497], how many comparisons are needed to find 405?",4,2,3,1,C) 3,Binary search halves the search space each comparison; finding 405 in this array takes 3 comparison(s).,Algorithms & Data Structures,Searching
A queue starts empty. After performing: enqueue(4); dequeue(); enqueue(32); enqueue(69); enqueue(62) — what is at the front of the queue?,8,35,96,32,D) 32,Following FIFO order through these operations leaves 32 at the front of the queue.,Algorithms & Data Structures,Queues
"Using linear search, what is the index (0-based) of 22 in the array [25, 116, 22, 9, 33]?",1,3,2,0,C) 2,"Linear search checks each element in order; 22 is found at index 2 (0-based) in [25, 116, 22, 9, 33].",Algorithms & Data Structures,Searching
"Using binary search on the sorted array [14, 33, 36, 60, 123, 157, 177, 218, 263, 313, 380, 384, 400, 420, 488], how many comparisons are needed to find 263?",3,5,6,4,D) 4,Binary search halves the search space each comparison; finding 263 in this array takes 4 comparison(s).,Algorithms & Data Structures,Searching
A queue starts empty. After performing: enqueue(1); dequeue(); enqueue(4); enqueue(53); dequeue() — what is at the front of the queue?,76,53,56,15,B) 53,Following FIFO order through these operations leaves 53 at the front of the queue.,Algorithms & Data Structures,Queues
A stack starts empty. After performing: push(63); push(25); push(65); pop(); push(62) — what is on top of the stack?,41,10,94,62,D) 62,Following LIFO order through these operations leaves 62 on top of the stack.,Algorithms & Data Structures,Stacks
A stack starts empty. After performing: push(99); pop(); push(92); pop() — what is on top of the stack?,32,Stack is empty,15,87,B) Stack is empty,Following LIFO order through these operations leaves Stack is empty on top of the stack.,Algorithms & Data Structures,Stacks
"Using linear search, what is the index (0-based) of 99 in the array [197, 112, 98, 125, 56, 85, 110, 99, 106, 69, 72, 28]?",9,6,5,7,D) 7,"Linear search checks each element in order; 99 is found at index 7 (0-based) in [197, 112, 98, 125, 56, 85, 110, 99, 106, 69, 72, 28].",Algorithms & Data Structures,Searching
A stack starts empty. After performing: push(7); pop(); push(43); push(43) — what is on top of the stack?,72,43,24,39,B) 43,Following LIFO order through these operations leaves 43 on top of the stack.,Algorithms & Data Structures,Stacks
"Using linear search, what is the index (0-based) of 41 in the array [41, 48, 72, 45, 79, 186, 124, 177, 156, 111, 89, 87]?",2,0,1,3,B) 0,"Linear search checks each element in order; 41 is found at index 0 (0-based) in [41, 48, 72, 45, 79, 186, 124, 177, 156, 111, 89, 87].",Algorithms & Data Structures,Searching
A stack starts empty. After performing: push(59); push(1); push(99); push(99); push(19); pop() — what is on top of the stack?,98,32,30,99,D) 99,Following LIFO order through these operations leaves 99 on top of the stack.,Algorithms & Data Structures,Stacks
"Using binary search on the sorted array [21, 44, 58, 83, 91, 121, 184, 220, 250, 252, 273, 304, 314, 353, 499], how many comparisons are needed to find 21?",4,5,3,6,A) 4,Binary search halves the search space each comparison; finding 21 in this array takes 4 comparison(s).,Algorithms & Data Structures,Searching
A stack starts empty. After performing: push(49); pop(); push(75); push(74); pop() — what is on top of the stack?,24,75,32,54,B) 75,Following LIFO order through these operations leaves 75 on top of the stack.,Algorithms & Data Structures,Stacks
"Using binary search on the sorted array [29, 32, 103, 117, 121, 122, 166, 188, 190, 202, 221, 230, 231, 266, 290, 296, 348, 368, 377, 381, 387, 394, 418, 426, 428, 445, 458, 459, 467, 474, 485], how many comparisons are needed to find 394?",4,2,3,5,A) 4,Binary search halves the search space each comparison; finding 394 in this array takes 4 comparison(s).,Algorithms & Data Structures,Searching
"Using linear search, what is the index (0-based) of 105 in the array [149, 85, 23, 115, 127, 177, 105, 17, 171, 99, 83, 117]?",9,6,3,8,B) 6,"Linear search checks each element in order; 105 is found at index 6 (0-based) in [149, 85, 23, 115, 127, 177, 105, 17, 171, 99, 83, 117].",Algorithms & Data Structures,Searching
"Using linear search, what is the index (0-based) of 145 in the array [29, 192, 195, 145, 72, 146]?",6,3,2,0,B) 3,"Linear search checks each element in order; 145 is found at index 3 (0-based) in [29, 192, 195, 145, 72, 146].",Algorithms & Data Structures,Searching
A queue starts empty. After performing: enqueue(78); enqueue(36); dequeue(); enqueue(41) — what is at the front of the queue?,18,65,36,63,C) 36,Following FIFO order through these operations leaves 36 at the front of the queue.,Algorithms & Data Structures,Queues
A stack starts empty. After performing: push(55); pop(); push(95); pop() — what is on top of the stack?,77,20,Stack is empty,56,C) Stack is empty,Following LIFO order through these operations leaves Stack is empty on top of the stack.,Algorithms & Data Structures,Stacks
"Using binary search on the sorted array [10, 30, 53, 77, 98, 128, 148, 155, 185, 212, 365, 421, 451, 461, 475], how many comparisons are needed to find 421?",1,3,2,4,C) 2,Binary search halves the search space each comparison; finding 421 in this array takes 2 comparison(s).,Algorithms & Data Structures,Searching
"Using linear search, what is the index (0-based) of 198 in the array [147, 114, 163, 88, 15, 7, 198, 19, 174, 108, 41]?",6,5,7,9,A) 6,"Linear search checks each element in order; 198 is found at index 6 (0-based) in [147, 114, 163, 88, 15, 7, 198, 19, 174, 108, 41].",Algorithms & Data Structures,Searching
A queue starts empty. After performing: enqueue(38); enqueue(35); dequeue(); enqueue(95) — what is at the front of the queue?,35,53,52,6,A) 35,Following FIFO order through these operations leaves 35 at the front of the queue.,Algorithms & Data Structures,Queues
A stack starts empty. After performing: push(89); push(55); pop(); push(83) — what is on top of the stack?,64,2,1,83,D) 83,Following LIFO order through these operations leaves 83 on top of the stack.,Algorithms & Data Structures,Stacks
"After one full pass of bubble sort on the array [87, 36, 94, 53, 40], what does the array look like?","[40, 53, 94, 36, 87]","[36, 40, 53, 87, 94]","[36, 87, 53, 40, 94]","[87, 36, 94, 53, 40]","C) [36, 87, 53, 40, 94]","In one pass of bubble sort, each pair of adjacent elements is compared and swapped if out of order, resulting in [36, 87, 53, 40, 94].",Algorithms & Data Structures,Sorting
"Using binary search on the sorted array [84, 109, 118, 302, 389, 394, 484], how many comparisons are needed to find 118?",2,1,3,4,C) 3,Binary search halves the search space each comparison; finding 118 in this array takes 3 comparison(s).,Algorithms & Data Structures,Searching
A stack starts empty. After performing: push(61); push(46); pop(); push(63) — what is on top of the stack?,99,50,11,63,D) 63,Following LIFO order through these operations leaves 63 on top of the stack.,Algorithms & Data Structures,Stacks
A queue starts empty. After performing: enqueue(24); dequeue(); enqueue(44); dequeue(); enqueue(81); enqueue(93) — what is at the front of the queue?,81,2,2,17,A) 81,Following FIFO order through these operations leaves 81 at the front of the queue.,Algorithms & Data Structures,Queues
"Using binary search on the sorted array [19, 86, 94, 124, 227, 319, 493], how many comparisons are needed to find 86?",4,2,1,3,B) 2,Binary search halves the search space each comparison; finding 86 in this array takes 2 comparison(s).,Algorithms & Data Structures,Searching
"After one full pass of bubble sort on the array [44, 84, 95, 26, 27], what does the array look like?","[26, 27, 44, 84, 95]","[44, 84, 95, 26, 27]","[27, 26, 95, 84, 44]","[44, 84, 26, 27, 95]","D) [44, 84, 26, 27, 95]","In one pass of bubble sort, each pair of adjacent elements is compared and swapped if out of order, resulting in [44, 84, 26, 27, 95].",Algorithms & Data Structures,Sorting
"After one full pass of bubble sort on the array [94, 19, 6, 85, 60, 54, 89], what does the array look like?","[89, 54, 60, 85, 6, 19, 94]","[19, 6, 85, 60, 54, 89, 94]","[6, 19, 54, 60, 85, 89, 94]","[94, 19, 6, 85, 60, 54, 89]","B) [19, 6, 85, 60, 54, 89, 94]","In one pass of bubble sort, each pair of adjacent elements is compared and swapped if out of order, resulting in [19, 6, 85, 60, 54, 89, 94].",Algorithms & Data Structures,Sorting
A queue starts empty. After performing: enqueue(19); enqueue(17); enqueue(29); enqueue(41); enqueue(74); enqueue(4) — what is at the front of the queue?,79,12,85,19,D) 19,Following FIFO order through these operations leaves 19 at the front of the queue.,Algorithms & Data Structures,Queues
"Using binary search on the sorted array [9, 289, 334, 359, 375, 385, 468], how many comparisons are needed to find 289?",1,3,4,2,D) 2,Binary search halves the search space each comparison; finding 289 in this array takes 2 comparison(s).,Algorithms & Data Structures,Searching
"Using binary search on the sorted array [16, 20, 212, 267, 356, 362, 386], how many comparisons are needed to find 16?",4,5,2,3,D) 3,Binary search halves the search space each comparison; finding 16 in this array takes 3 comparison(s).,Algorithms & Data Structures,Searching
"Using binary search on the sorted array [18, 31, 44, 64, 66, 92, 100, 159, 168, 184, 190, 218, 222, 224, 254, 277, 287, 288, 292, 294, 307, 332, 336, 407, 426, 430, 437, 441, 456, 457, 488], how many comparisons are needed to find 168?",5,3,7,4,A) 5,Binary search halves the search space each comparison; finding 168 in this array takes 5 comparison(s).,Algorithms & Data Structures,Searching
A queue starts empty. After performing: enqueue(14); enqueue(22); enqueue(47); enqueue(82); dequeue() — what is at the front of the queue?,69,22,48,79,B) 22,Following FIFO order through these operations leaves 22 at the front of the queue.,Algorithms & Data Structures,Queues
A stack starts empty. After performing: push(8); push(46); pop(); push(80) — what is on top of the stack?,6,80,66,14,B) 80,Following LIFO order through these operations leaves 80 on top of the stack.,Algorithms & Data Structures,Stacks
A stack starts empty. After performing: push(15); pop(); push(32); pop() — what is on top of the stack?,Stack is empty,31,84,90,A) Stack is empty,Following LIFO order through these operations leaves Stack is empty on top of the stack.,Algorithms & Data Structures,Stacks
"Using binary search on the sorted array [3, 52, 59, 82, 99, 100, 105, 119, 156, 162, 163, 166, 167, 171, 185, 197, 209, 215, 240, 257, 295, 310, 318, 325, 332, 364, 438, 441, 458, 490, 496], how many comparisons are needed to find 156?",7,4,5,3,C) 5,Binary search halves the search space each comparison; finding 156 in this array takes 5 comparison(s).,Algorithms & Data Structures,Searching
"Using linear search, what is the index (0-based) of 108 in the array [40, 74, 183, 2, 172, 122, 190, 114, 108, 84, 31, 198]?",7,11,8,10,C) 8,"Linear search checks each element in order; 108 is found at index 8 (0-based) in [40, 74, 183, 2, 172, 122, 190, 114, 108, 84, 31, 198].",Algorithms & Data Structures,Searching
A stack starts empty. After performing: push(1); pop(); push(13); push(78) — what is on top of the stack?,78,90,73,95,A) 78,Following LIFO order through these operations leaves 78 on top of the stack.,Algorithms & Data Structures,Stacks
"Using binary search on the sorted array [25, 42, 69, 70, 100, 101, 128, 175, 186, 200, 314, 317, 361, 414, 440], how many comparisons are needed to find 42?",4,5,1,3,D) 3,Binary search halves the search space each comparison; finding 42 in this array takes 3 comparison(s).,Algorithms & Data Structures,Searching
"Using linear search, what is the index (0-based) of 78 in the array [78, 154, 135, 148, 8]?",2,0,3,1,B) 0,"Linear search checks each element in order; 78 is found at index 0 (0-based) in [78, 154, 135, 148, 8].",Algorithms & Data Structures,Searching
"After one full pass of bubble sort on the array [90, 54, 88, 31, 94], what does the array look like?","[31, 54, 88, 90, 94]","[90, 54, 88, 31, 94]","[54, 88, 31, 90, 94]","[94, 31, 88, 54, 90]","C) [54, 88, 31, 90, 94]","In one pass of bubble sort, each pair of adjacent elements is compared and swapped if out of order, resulting in [54, 88, 31, 90, 94].",Algorithms & Data Structures,Sorting
"After one full pass of bubble sort on the array [46, 1, 34, 37, 80, 29], what does the array look like?","[29, 80, 37, 34, 1, 46]","[46, 1, 34, 37, 80, 29]","[1, 29, 34, 37, 46, 80]","[1, 34, 37, 46, 29, 80]","D) [1, 34, 37, 46, 29, 80]","In one pass of bubble sort, each pair of adjacent elements is compared and swapped if out of order, resulting in [1, 34, 37, 46, 29, 80].",Algorithms & Data Structures,Sorting
"Using binary search on the sorted array [68, 190, 290, 319, 334, 380, 433], how many comparisons are needed to find 290?",4,3,2,5,B) 3,Binary search halves the search space each comparison; finding 290 in this array takes 3 comparison(s).,Algorithms & Data Structures,Searching
A queue starts empty. After performing: enqueue(42); enqueue(92); enqueue(97); enqueue(47); enqueue(42) — what is at the front of the queue?,42,60,41,89,A) 42,Following FIFO order through these operations leaves 42 at the front of the queue.,Algorithms & Data Structures,Queues
A stack starts empty. After performing: push(30); push(17); pop(); push(42) — what is on top of the stack?,42,90,54,80,A) 42,Following LIFO order through these operations leaves 42 on top of the stack.,Algorithms & Data Structures,Stacks
"After one full pass of bubble sort on the array [62, 70, 79, 14, 35], what does the array look like?","[14, 35, 62, 70, 79]","[62, 70, 79, 14, 35]","[62, 70, 14, 35, 79]","[35, 14, 79, 70, 62]","C) [62, 70, 14, 35, 79]","In one pass of bubble sort, each pair of adjacent elements is compared and swapped if out of order, resulting in [62, 70, 14, 35, 79].",Algorithms & Data Structures,Sorting
"After one full pass of bubble sort on the array [88, 80, 76, 3], what does the array look like?","[80, 76, 3, 88]","[3, 76, 80, 88]","[88, 80, 76, 3]","[3, 76, 80, 88]","A) [80, 76, 3, 88]","In one pass of bubble sort, each pair of adjacent elements is compared and swapped if out of order, resulting in [80, 76, 3, 88].",Algorithms & Data Structures,Sorting
"Using linear search, what is the index (0-based) of 68 in the array [195, 68, 44, 142, 148, 35]?",2,1,0,3,B) 1,"Linear search checks each element in order; 68 is found at index 1 (0-based) in [195, 68, 44, 142, 148, 35].",Algorithms & Data Structures,Searching
"After one full pass of bubble sort on the array [25, 50, 32, 65, 1, 74], what does the array look like?","[25, 32, 50, 1, 65, 74]","[25, 50, 32, 65, 1, 74]","[74, 1, 65, 32, 50, 25]","[1, 25, 32, 50, 65, 74]","A) [25, 32, 50, 1, 65, 74]","In one pass of bubble sort, each pair of adjacent elements is compared and swapped if out of order, resulting in [25, 32, 50, 1, 65, 74].",Algorithms & Data Structures,Sorting
"After one full pass of bubble sort on the array [6, 37, 13, 34, 82, 28, 11], what does the array look like?","[6, 11, 13, 28, 34, 37, 82]","[11, 28, 82, 34, 13, 37, 6]","[6, 13, 34, 37, 28, 11, 82]","[6, 37, 13, 34, 82, 28, 11]","C) [6, 13, 34, 37, 28, 11, 82]","In one pass of bubble sort, each pair of adjacent elements is compared and swapped if out of order, resulting in [6, 13, 34, 37, 28, 11, 82].",Algorithms & Data Structures,Sorting
A queue starts empty. After performing: enqueue(90); enqueue(34); enqueue(29); dequeue(); enqueue(74); enqueue(13) — what is at the front of the queue?,58,34,57,25,B) 34,Following FIFO order through these operations leaves 34 at the front of the queue.,Algorithms & Data Structures,Queues
Which of the following best describes a root node?,The topmost node in a tree data structure,A tree data structure in which each node has at most two children,A notation used to describe the upper bound of an algorithm's complexity,A measure of how much memory an algorithm requires relative to input size,A) The topmost node in a tree data structure,"The root node is the topmost node of a tree data structure, from which all other nodes descend.",Algorithms & Data Structures,Trees
"Using binary search on the sorted array [16, 29, 104, 165, 222, 430, 456], how many comparisons are needed to find 222?",1,4,3,2,C) 3,Binary search halves the search space each comparison; finding 222 in this array takes 3 comparison(s).,Algorithms & Data Structures,Searching
"Using linear search, what is the index (0-based) of 165 in the array [103, 162, 69, 26, 99, 134, 139, 42, 8, 121, 5, 165]?",13,11,14,10,B) 11,"Linear search checks each element in order; 165 is found at index 11 (0-based) in [103, 162, 69, 26, 99, 134, 139, 42, 8, 121, 5, 165].",Algorithms & Data Structures,Searching
A queue starts empty. After performing: enqueue(39); enqueue(5); dequeue(); enqueue(22) — what is at the front of the queue?,5,71,63,52,A) 5,Following FIFO order through these operations leaves 5 at the front of the queue.,Algorithms & Data Structures,Queues
"Using binary search on the sorted array [145, 374, 406, 410, 452, 454, 477], how many comparisons are needed to find 454?",3,2,1,4,B) 2,Binary search halves the search space each comparison; finding 454 in this array takes 2 comparison(s).,Algorithms & Data Structures,Searching
A stack starts empty. After performing: push(50); push(20); push(51); push(90); pop() — what is on top of the stack?,68,51,3,48,B) 51,Following LIFO order through these operations leaves 51 on top of the stack.,Algorithms & Data Structures,Stacks
"Using linear search, what is the index (0-based) of 132 in the array [173, 9, 120, 132, 145, 178, 55, 191, 93, 7, 123, 195]?",2,3,0,5,B) 3,"Linear search checks each element in order; 132 is found at index 3 (0-based) in [173, 9, 120, 132, 145, 178, 55, 191, 93, 7, 123, 195].",Algorithms & Data Structures,Searching
"Using linear search, what is the index (0-based) of 173 in the array [51, 193, 173, 2, 188, 100, 195]?",5,2,0,4,B) 2,"Linear search checks each element in order; 173 is found at index 2 (0-based) in [51, 193, 173, 2, 188, 100, 195].",Algorithms & Data Structures,Searching
"Using linear search, what is the index (0-based) of 117 in the array [112, 117, 116, 182, 197, 153, 149, 146, 77, 140, 167]?",4,2,3,1,D) 1,"Linear search checks each element in order; 117 is found at index 1 (0-based) in [112, 117, 116, 182, 197, 153, 149, 146, 77, 140, 167].",Algorithms & Data Structures,Searching
"After one full pass of bubble sort on the array [9, 26, 51, 82, 10, 59, 98], what does the array look like?","[9, 26, 51, 82, 10, 59, 98]","[9, 26, 51, 10, 59, 82, 98]","[9, 10, 26, 51, 59, 82, 98]","[98, 59, 10, 82, 51, 26, 9]","B) [9, 26, 51, 10, 59, 82, 98]","In one pass of bubble sort, each pair of adjacent elements is compared and swapped if out of order, resulting in [9, 26, 51, 10, 59, 82, 98].",Algorithms & Data Structures,Sorting
A stack starts empty. After performing: push(23); push(82); push(33); push(46); push(12); pop() — what is on top of the stack?,11,46,28,21,B) 46,Following LIFO order through these operations leaves 46 on top of the stack.,Algorithms & Data Structures,Stacks
"After one full pass of bubble sort on the array [83, 29, 81, 66], what does the array look like?","[66, 81, 29, 83]","[29, 81, 66, 83]","[29, 66, 81, 83]","[83, 29, 81, 66]","B) [29, 81, 66, 83]","In one pass of bubble sort, each pair of adjacent elements is compared and swapped if out of order, resulting in [29, 81, 66, 83].",Algorithms & Data Structures,Sorting
"Using linear search, what is the index (0-based) of 162 in the array [99, 147, 141, 162, 3, 180, 109, 160, 151]?",0,6,3,1,C) 3,"Linear search checks each element in order; 162 is found at index 3 (0-based) in [99, 147, 141, 162, 3, 180, 109, 160, 151].",Algorithms & Data Structures,Searching
"Using binary search on the sorted array [12, 39, 57, 96, 157, 175, 231, 291, 313, 318, 319, 395, 421, 449, 490], how many comparisons are needed to find 319?",3,2,4,5,C) 4,Binary search halves the search space each comparison; finding 319 in this array takes 4 comparison(s).,Algorithms & Data Structures,Searching
"After one full pass of bubble sort on the array [60, 99, 2, 72], what does the array look like?","[60, 2, 72, 99]","[72, 2, 99, 60]","[60, 99, 2, 72]","[2, 60, 72, 99]","A) [60, 2, 72, 99]","In one pass of bubble sort, each pair of adjacent elements is compared and swapped if out of order, resulting in [60, 2, 72, 99].",Algorithms & Data Structures,Sorting
"After one full pass of bubble sort on the array [22, 94, 27, 70, 59, 61], what does the array look like?","[22, 27, 70, 59, 61, 94]","[61, 59, 70, 27, 94, 22]","[22, 94, 27, 70, 59, 61]","[22, 27, 59, 61, 70, 94]","A) [22, 27, 70, 59, 61, 94]","In one pass of bubble sort, each pair of adjacent elements is compared and swapped if out of order, resulting in [22, 27, 70, 59, 61, 94].",Algorithms & Data Structures,Sorting
"Using binary search on the sorted array [47, 51, 52, 174, 191, 227, 264, 273, 278, 321, 340, 377, 399, 428, 438], how many comparisons are needed to find 51?",1,3,5,4,B) 3,Binary search halves the search space each comparison; finding 51 in this array takes 3 comparison(s).,Algorithms & Data Structures,Searching
"Using linear search, what is the index (0-based) of 116 in the array [116, 141, 69, 127, 91, 96]?",1,2,0,3,C) 0,"Linear search checks each element in order; 116 is found at index 0 (0-based) in [116, 141, 69, 127, 91, 96].",Algorithms & Data Structures,Searching
"Using binary search on the sorted array [96, 129, 267, 285, 295, 364, 422], how many comparisons are needed to find 285?",2,1,4,3,B) 1,Binary search halves the search space each comparison; finding 285 in this array takes 1 comparison(s).,Algorithms & Data Structures,Searching
A stack starts empty. After performing: push(27); push(51); push(60); pop() — what is on top of the stack?,51,93,50,76,A) 51,Following LIFO order through these operations leaves 51 on top of the stack.,Algorithms & Data Structures,Stacks
"Using binary search on the sorted array [34, 47, 54, 97, 149, 165, 174, 182, 191, 239, 241, 246, 271, 273, 300, 309, 354, 359, 367, 379, 398, 409, 417, 423, 428, 456, 460, 468, 478, 485, 488], how many comparisons are needed to find 417?",3,5,7,4,B) 5,Binary search halves the search space each comparison; finding 417 in this array takes 5 comparison(s).,Algorithms & Data Structures,Searching
A queue starts empty. After performing: enqueue(36); enqueue(72); dequeue(); dequeue(); enqueue(39) — what is at the front of the queue?,30,39,24,45,B) 39,Following FIFO order through these operations leaves 39 at the front of the queue.,Algorithms & Data Structures,Queues
"After one full pass of bubble sort on the array [88, 65, 68, 33, 29], what does the array look like?","[29, 33, 65, 68, 88]","[88, 65, 68, 33, 29]","[29, 33, 68, 65, 88]","[65, 68, 33, 29, 88]","D) [65, 68, 33, 29, 88]","In one pass of bubble sort, each pair of adjacent elements is compared and swapped if out of order, resulting in [65, 68, 33, 29, 88].",Algorithms & Data Structures,Sorting
A stack starts empty. After performing: push(86); push(76); pop(); push(1); push(64); push(17) — what is on top of the stack?,81,15,17,29,C) 17,Following LIFO order through these operations leaves 17 on top of the stack.,Algorithms & Data Structures,Stacks
A queue starts empty. After performing: enqueue(89); enqueue(99); dequeue(); enqueue(55); dequeue() — what is at the front of the queue?,55,2,55,87,A) 55,Following FIFO order through these operations leaves 55 at the front of the queue.,Algorithms & Data Structures,Queues
"Using binary search on the sorted array [24, 43, 66, 101, 111, 128, 147, 179, 189, 205, 222, 229, 256, 321, 339], how many comparisons are needed to find 111?",3,4,5,2,B) 4,Binary search halves the search space each comparison; finding 111 in this array takes 4 comparison(s).,Algorithms & Data Structures,Searching
A stack starts empty. After performing: push(44); pop(); push(98); push(72); push(27); push(27) — what is on top of the stack?,64,41,43,27,D) 27,Following LIFO order through these operations leaves 27 on top of the stack.,Algorithms & Data Structures,Stacks
"Using linear search, what is the index (0-based) of 153 in the array [153, 111, 170, 83, 27, 74, 77, 101, 147, 157, 140, 127]?",2,3,1,0,D) 0,"Linear search checks each element in order; 153 is found at index 0 (0-based) in [153, 111, 170, 83, 27, 74, 77, 101, 147, 157, 140, 127].",Algorithms & Data Structures,Searching
"After one full pass of bubble sort on the array [76, 96, 23, 3], what does the array look like?","[3, 23, 76, 96]","[3, 23, 96, 76]","[76, 96, 23, 3]","[76, 23, 3, 96]","D) [76, 23, 3, 96]","In one pass of bubble sort, each pair of adjacent elements is compared and swapped if out of order, resulting in [76, 23, 3, 96].",Algorithms & Data Structures,Sorting
A queue starts empty. After performing: enqueue(54); enqueue(61); dequeue(); enqueue(65); dequeue(); enqueue(73) — what is at the front of the queue?,30,65,63,64,B) 65,Following FIFO order through these operations leaves 65 at the front of the queue.,Algorithms & Data Structures,Queues
A stack starts empty. After performing: push(54); pop(); push(27); push(69); push(17) — what is on top of the stack?,17,17,89,71,A) 17,Following LIFO order through these operations leaves 17 on top of the stack.,Algorithms & Data Structures,Stacks
"After one full pass of bubble sort on the array [29, 25, 9, 86, 60], what does the array look like?","[60, 86, 9, 25, 29]","[25, 9, 29, 60, 86]","[9, 25, 29, 60, 86]","[29, 25, 9, 86, 60]","B) [25, 9, 29, 60, 86]","In one pass of bubble sort, each pair of adjacent elements is compared and swapped if out of order, resulting in [25, 9, 29, 60, 86].",Algorithms & Data Structures,Sorting
A queue starts empty. After performing: enqueue(82); enqueue(85); enqueue(70); dequeue(); dequeue(); enqueue(51) — what is at the front of the queue?,70,57,73,67,A) 70,Following FIFO order through these operations leaves 70 at the front of the queue.,Algorithms & Data Structures,Queues
"After one full pass of bubble sort on the array [75, 54, 28, 77, 49], what does the array look like?","[49, 77, 28, 54, 75]","[75, 54, 28, 77, 49]","[28, 49, 54, 75, 77]","[54, 28, 75, 49, 77]","D) [54, 28, 75, 49, 77]","In one pass of bubble sort, each pair of adjacent elements is compared and swapped if out of order, resulting in [54, 28, 75, 49, 77].",Algorithms & Data Structures,Sorting
A queue starts empty. After performing: enqueue(35); dequeue(); enqueue(10); enqueue(34); dequeue() — what is at the front of the queue?,12,38,34,91,C) 34,Following FIFO order through these operations leaves 34 at the front of the queue.,Algorithms & Data Structures,Queues
"Using linear search, what is the index (0-based) of 34 in the array [17, 128, 153, 158, 41, 34, 78, 9, 154, 31]?",7,3,2,5,D) 5,"Linear search checks each element in order; 34 is found at index 5 (0-based) in [17, 128, 153, 158, 41, 34, 78, 9, 154, 31].",Algorithms & Data Structures,Searching
A stack starts empty. After performing: push(50); pop(); push(27); push(24); push(74); push(50) — what is on top of the stack?,75,50,87,23,B) 50,Following LIFO order through these operations leaves 50 on top of the stack.,Algorithms & Data Structures,Stacks
A queue starts empty. After performing: enqueue(56); dequeue(); enqueue(11); dequeue(); enqueue(39) — what is at the front of the queue?,39,68,38,2,A) 39,Following FIFO order through these operations leaves 39 at the front of the queue.,Algorithms & Data Structures,Queues
"Using linear search, what is the index (0-based) of 186 in the array [187, 60, 109, 149, 186, 167, 57, 185, 157, 164]?",6,4,3,2,B) 4,"Linear search checks each element in order; 186 is found at index 4 (0-based) in [187, 60, 109, 149, 186, 167, 57, 185, 157, 164].",Algorithms & Data Structures,Searching
"Using binary search on the sorted array [27, 39, 49, 51, 64, 83, 163, 183, 274, 282, 308, 358, 362, 448, 499], how many comparisons are needed to find 308?",4,2,6,3,A) 4,Binary search halves the search space each comparison; finding 308 in this array takes 4 comparison(s).,Algorithms & Data Structures,Searching
"Using linear search, what is the index (0-based) of 70 in the array [111, 70, 182, 171, 10, 92, 172, 83]?",1,2,0,4,A) 1,"Linear search checks each element in order; 70 is found at index 1 (0-based) in [111, 70, 182, 171, 10, 92, 172, 83].",Algorithms & Data Structures,Searching
"After one full pass of bubble sort on the array [11, 45, 48, 57], what does the array look like?","[11, 45, 48, 57]","[11, 45, 48, 57]","[57, 48, 45, 11]","[11, 45, 48, 57]","A) [11, 45, 48, 57]","In one pass of bubble sort, each pair of adjacent elements is compared and swapped if out of order, resulting in [11, 45, 48, 57].",Algorithms & Data Structures,Sorting
"Using binary search on the sorted array [14, 67, 159, 344, 347, 377, 385], how many comparisons are needed to find 347?",4,3,1,5,B) 3,Binary search halves the search space each comparison; finding 347 in this array takes 3 comparison(s).,Algorithms & Data Structures,Searching
A stack starts empty. After performing: push(84); pop(); push(96); pop(); push(34) — what is on top of the stack?,33,31,34,17,C) 34,Following LIFO order through these operations leaves 34 on top of the stack.,Algorithms & Data Structures,Stacks
A stack starts empty. After performing: push(18); push(84); pop(); push(77) — what is on top of the stack?,7,23,19,77,D) 77,Following LIFO order through these operations leaves 77 on top of the stack.,Algorithms & Data Structures,Stacks
"After one full pass of bubble sort on the array [59, 16, 94, 88, 91, 30, 70], what does the array look like?","[59, 16, 94, 88, 91, 30, 70]","[16, 30, 59, 70, 88, 91, 94]","[16, 59, 88, 91, 30, 70, 94]","[70, 30, 91, 88, 94, 16, 59]","C) [16, 59, 88, 91, 30, 70, 94]","In one pass of bubble sort, each pair of adjacent elements is compared and swapped if out of order, resulting in [16, 59, 88, 91, 30, 70, 94].",Algorithms & Data Structures,Sorting
"Using binary search on the sorted array [5, 12, 34, 51, 63, 146, 168, 184, 205, 209, 218, 243, 246, 274, 282, 312, 315, 334, 340, 350, 357, 375, 416, 423, 430, 436, 441, 462, 472, 478, 489], how many comparisons are needed to find 51?",5,4,3,1,C) 3,Binary search halves the search space each comparison; finding 51 in this array takes 3 comparison(s).,Algorithms & Data Structures,Searching
"Using binary search on the sorted array [12, 260, 278, 400, 434, 435, 436], how many comparisons are needed to find 435?",2,3,1,4,A) 2,Binary search halves the search space each comparison; finding 435 in this array takes 2 comparison(s).,Algorithms & Data Structures,Searching
"After one full pass of bubble sort on the array [77, 96, 13, 43, 90], what does the array look like?","[90, 43, 13, 96, 77]","[77, 13, 43, 90, 96]","[13, 43, 77, 90, 96]","[77, 96, 13, 43, 90]","B) [77, 13, 43, 90, 96]","In one pass of bubble sort, each pair of adjacent elements is compared and swapped if out of order, resulting in [77, 13, 43, 90, 96].",Algorithms & Data Structures,Sorting
"Using linear search, what is the index (0-based) of 185 in the array [26, 100, 4, 185, 69, 115, 128]?",6,5,0,3,D) 3,"Linear search checks each element in order; 185 is found at index 3 (0-based) in [26, 100, 4, 185, 69, 115, 128].",Algorithms & Data Structures,Searching
"Using linear search, what is the index (0-based) of 67 in the array [70, 77, 176, 179, 67]?",3,4,7,1,B) 4,"Linear search checks each element in order; 67 is found at index 4 (0-based) in [70, 77, 176, 179, 67].",Algorithms & Data Structures,Searching
A stack starts empty. After performing: push(35); push(21); push(59); pop(); pop() — what is on top of the stack?,10,35,50,81,B) 35,Following LIFO order through these operations leaves 35 on top of the stack.,Algorithms & Data Structures,Stacks
"Using binary search on the sorted array [104, 115, 188, 189, 236, 392, 474], how many comparisons are needed to find 236?",2,4,5,3,D) 3,Binary search halves the search space each comparison; finding 236 in this array takes 3 comparison(s).,Algorithms & Data Structures,Searching
A stack starts empty. After performing: push(50); pop(); push(59); push(80); pop(); push(20) — what is on top of the stack?,68,22,39,20,D) 20,Following LIFO order through these operations leaves 20 on top of the stack.,Algorithms & Data Structures,Stacks
A stack starts empty. After performing: push(27); push(51); push(4); pop() — what is on top of the stack?,65,51,51,79,B) 51,Following LIFO order through these operations leaves 51 on top of the stack.,Algorithms & Data Structures,Stacks
"Using linear search, what is the index (0-based) of 117 in the array [126, 107, 10, 145, 117, 177, 119]?",5,4,1,3,B) 4,"Linear search checks each element in order; 117 is found at index 4 (0-based) in [126, 107, 10, 145, 117, 177, 119].",Algorithms & Data Structures,Searching
"After one full pass of bubble sort on the array [2, 54, 48, 96], what does the array look like?","[96, 48, 54, 2]","[2, 54, 48, 96]","[2, 48, 54, 96]","[2, 48, 54, 96]","C) [2, 48, 54, 96]","In one pass of bubble sort, each pair of adjacent elements is compared and swapped if out of order, resulting in [2, 48, 54, 96].",Algorithms & Data Structures,Sorting
"Using linear search, what is the index (0-based) of 187 in the array [171, 181, 106, 77, 10, 194, 4, 187, 154, 52]?",5,6,10,7,D) 7,"Linear search checks each element in order; 187 is found at index 7 (0-based) in [171, 181, 106, 77, 10, 194, 4, 187, 154, 52].",Algorithms & Data Structures,Searching
"After one full pass of bubble sort on the array [30, 13, 20, 72, 52, 91], what does the array look like?","[13, 20, 30, 52, 72, 91]","[30, 13, 20, 72, 52, 91]","[13, 20, 30, 52, 72, 91]","[91, 52, 72, 20, 13, 30]","A) [13, 20, 30, 52, 72, 91]","In one pass of bubble sort, each pair of adjacent elements is compared and swapped if out of order, resulting in [13, 20, 30, 52, 72, 91].",Algorithms & Data Structures,Sorting
"After one full pass of bubble sort on the array [53, 64, 96, 59, 18], what does the array look like?","[18, 59, 96, 64, 53]","[53, 64, 96, 59, 18]","[18, 53, 59, 64, 96]","[53, 64, 59, 18, 96]","D) [53, 64, 59, 18, 96]","In one pass of bubble sort, each pair of adjacent elements is compared and swapped if out of order, resulting in [53, 64, 59, 18, 96].",Algorithms & Data Structures,Sorting
"Using linear search, what is the index (0-based) of 31 in the array [136, 69, 163, 153, 196, 31, 15, 107, 154, 75, 9]?",4,8,5,3,C) 5,"Linear search checks each element in order; 31 is found at index 5 (0-based) in [136, 69, 163, 153, 196, 31, 15, 107, 154, 75, 9].",Algorithms & Data Structures,Searching
A queue starts empty. After performing: enqueue(15); dequeue(); enqueue(34); enqueue(63); enqueue(8) — what is at the front of the queue?,65,34,19,43,B) 34,Following FIFO order through these operations leaves 34 at the front of the queue.,Algorithms & Data Structures,Queues
A stack starts empty. After performing: push(34); push(17); push(61); push(74); push(54); pop() — what is on top of the stack?,89,74,32,81,B) 74,Following LIFO order through these operations leaves 74 on top of the stack.,Algorithms & Data Structures,Stacks
"Using binary search on the sorted array [66, 84, 111, 134, 136, 186, 216, 260, 334, 350, 360, 367, 385, 485, 488], how many comparisons are needed to find 260?",1,3,2,4,A) 1,Binary search halves the search space each comparison; finding 260 in this array takes 1 comparison(s).,Algorithms & Data Structures,Searching
"Using binary search on the sorted array [9, 103, 243, 258, 306, 342, 368], how many comparisons are needed to find 258?",3,4,2,1,D) 1,Binary search halves the search space each comparison; finding 258 in this array takes 1 comparison(s).,Algorithms & Data Structures,Searching
"After one full pass of bubble sort on the array [85, 87, 21, 17, 78, 84], what does the array look like?","[85, 87, 21, 17, 78, 84]","[17, 21, 78, 84, 85, 87]","[84, 78, 17, 21, 87, 85]","[85, 21, 17, 78, 84, 87]","D) [85, 21, 17, 78, 84, 87]","In one pass of bubble sort, each pair of adjacent elements is compared and swapped if out of order, resulting in [85, 21, 17, 78, 84, 87].",Algorithms & Data Structures,Sorting
"Using linear search, what is the index (0-based) of 37 in the array [139, 117, 55, 110, 144, 175, 29, 37]?",8,7,5,6,B) 7,"Linear search checks each element in order; 37 is found at index 7 (0-based) in [139, 117, 55, 110, 144, 175, 29, 37].",Algorithms & Data Structures,Searching
"Using binary search on the sorted array [8, 22, 29, 33, 37, 38, 40, 56, 106, 109, 147, 168, 170, 186, 224, 225, 231, 291, 312, 315, 318, 327, 349, 373, 388, 396, 445, 452, 461, 487, 496], how many comparisons are needed to find 33?",1,4,3,5,C) 3,Binary search halves the search space each comparison; finding 33 in this array takes 3 comparison(s).,Algorithms & Data Structures,Searching
A stack starts empty. After performing: push(56); pop(); push(76); pop(); push(87) — what is on top of the stack?,12,59,87,11,C) 87,Following LIFO order through these operations leaves 87 on top of the stack.,Algorithms & Data Structures,Stacks
"Using binary search on the sorted array [31, 34, 82, 148, 155, 158, 167, 175, 215, 222, 257, 261, 280, 292, 299, 304, 312, 318, 322, 332, 358, 379, 388, 389, 396, 431, 444, 458, 478, 481, 489], how many comparisons are needed to find 175?",4,1,2,3,C) 2,Binary search halves the search space each comparison; finding 175 in this array takes 2 comparison(s).,Algorithms & Data Structures,Searching
"Using binary search on the sorted array [5, 32, 40, 131, 250, 335, 344], how many comparisons are needed to find 335?",3,2,1,4,B) 2,Binary search halves the search space each comparison; finding 335 in this array takes 2 comparison(s).,Algorithms & Data Structures,Searching
"Using linear search, what is the index (0-based) of 57 in the array [83, 165, 88, 57, 71, 44, 76, 158, 75]?",5,1,3,0,C) 3,"Linear search checks each element in order; 57 is found at index 3 (0-based) in [83, 165, 88, 57, 71, 44, 76, 158, 75].",Algorithms & Data Structures,Searching
A stack starts empty. After performing: push(61); push(88); push(49); push(74) — what is on top of the stack?,19,74,49,32,B) 74,Following LIFO order through these operations leaves 74 on top of the stack.,Algorithms & Data Structures,Stacks
"Using linear search, what is the index (0-based) of 156 in the array [75, 66, 172, 138, 73, 178, 159, 156, 161, 181, 185]?",7,4,10,8,A) 7,"Linear search checks each element in order; 156 is found at index 7 (0-based) in [75, 66, 172, 138, 73, 178, 159, 156, 161, 181, 185].",Algorithms & Data Structures,Searching
A stack starts empty. After performing: push(35); push(67); push(78); pop(); push(17); push(52) — what is on top of the stack?,52,61,80,67,A) 52,Following LIFO order through these operations leaves 52 on top of the stack.,Algorithms & Data Structures,Stacks
A queue starts empty. After performing: enqueue(36); enqueue(5); dequeue(); enqueue(33); enqueue(66); dequeue() — what is at the front of the queue?,33,69,67,76,A) 33,Following FIFO order through these operations leaves 33 at the front of the queue.,Algorithms & Data Structures,Queues
"Using binary search on the sorted array [20, 40, 68, 72, 74, 130, 138, 178, 185, 200, 209, 235, 240, 263, 277, 301, 307, 313, 322, 335, 346, 357, 371, 379, 401, 403, 418, 444, 474, 483, 494], how many comparisons are needed to find 68?",3,4,5,6,C) 5,Binary search halves the search space each comparison; finding 68 in this array takes 5 comparison(s).,Algorithms & Data Structures,Searching
A queue starts empty. After performing: enqueue(59); dequeue(); enqueue(97); enqueue(62); enqueue(59) — what is at the front of the queue?,89,97,77,88,B) 97,Following FIFO order through these operations leaves 97 at the front of the queue.,Algorithms & Data Structures,Queues
A queue starts empty. After performing: enqueue(93); dequeue(); enqueue(51); enqueue(40); enqueue(68) — what is at the front of the queue?,24,30,83,51,D) 51,Following FIFO order through these operations leaves 51 at the front of the queue.,Algorithms & Data Structures,Queues
"Using binary search on the sorted array [2, 51, 53, 115, 137, 160, 181, 192, 223, 224, 225, 230, 256, 285, 385], how many comparisons are needed to find 53?",3,4,6,5,B) 4,Binary search halves the search space each comparison; finding 53 in this array takes 4 comparison(s).,Algorithms & Data Structures,Searching
"Using linear search, what is the index (0-based) of 153 in the array [117, 29, 153, 49, 149, 183]?",3,2,0,5,B) 2,"Linear search checks each element in order; 153 is found at index 2 (0-based) in [117, 29, 153, 49, 149, 183].",Algorithms & Data Structures,Searching
"Using linear search, what is the index (0-based) of 54 in the array [25, 54, 11, 110, 6, 118, 166]?",4,1,2,0,B) 1,"Linear search checks each element in order; 54 is found at index 1 (0-based) in [25, 54, 11, 110, 6, 118, 166].",Algorithms & Data Structures,Searching
"Using linear search, what is the index (0-based) of 131 in the array [184, 55, 117, 111, 174, 107, 20, 50, 131, 65]?",9,10,7,8,D) 8,"Linear search checks each element in order; 131 is found at index 8 (0-based) in [184, 55, 117, 111, 174, 107, 20, 50, 131, 65].",Algorithms & Data Structures,Searching
"Using linear search, what is the index (0-based) of 4 in the array [14, 4, 118, 60, 156, 161]?",1,0,4,3,A) 1,"Linear search checks each element in order; 4 is found at index 1 (0-based) in [14, 4, 118, 60, 156, 161].",Algorithms & Data Structures,Searching
"After one full pass of bubble sort on the array [78, 98, 39, 91], what does the array look like?","[39, 78, 91, 98]","[78, 39, 91, 98]","[78, 98, 39, 91]","[91, 39, 98, 78]","B) [78, 39, 91, 98]","In one pass of bubble sort, each pair of adjacent elements is compared and swapped if out of order, resulting in [78, 39, 91, 98].",Algorithms & Data Structures,Sorting
A queue starts empty. After performing: enqueue(29); dequeue(); enqueue(62); enqueue(23); enqueue(30); dequeue() — what is at the front of the queue?,23,80,81,73,A) 23,Following FIFO order through these operations leaves 23 at the front of the queue.,Algorithms & Data Structures,Queues
A queue starts empty. After performing: enqueue(37); dequeue(); enqueue(62); dequeue(); enqueue(39) — what is at the front of the queue?,67,7,39,92,C) 39,Following FIFO order through these operations leaves 39 at the front of the queue.,Algorithms & Data Structures,Queues
"Using linear search, what is the index (0-based) of 45 in the array [89, 163, 159, 45, 155, 114, 94, 97]?",4,5,6,3,D) 3,"Linear search checks each element in order; 45 is found at index 3 (0-based) in [89, 163, 159, 45, 155, 114, 94, 97].",Algorithms & Data Structures,Searching
"After one full pass of bubble sort on the array [38, 77, 41, 33, 65], what does the array look like?","[33, 38, 41, 65, 77]","[38, 41, 33, 65, 77]","[38, 77, 41, 33, 65]","[65, 33, 41, 77, 38]","B) [38, 41, 33, 65, 77]","In one pass of bubble sort, each pair of adjacent elements is compared and swapped if out of order, resulting in [38, 41, 33, 65, 77].",Algorithms & Data Structures,Sorting
A stack starts empty. After performing: push(42); push(77); pop(); push(1); pop() — what is on top of the stack?,14,30,42,58,C) 42,Following LIFO order through these operations leaves 42 on top of the stack.,Algorithms & Data Structures,Stacks
"Using binary search on the sorted array [43, 84, 164, 197, 200, 208, 211, 216, 268, 315, 316, 333, 383, 415, 446], how many comparisons are needed to find 211?",3,2,4,6,C) 4,Binary search halves the search space each comparison; finding 211 in this array takes 4 comparison(s).,Algorithms & Data Structures,Searching
"Using binary search on the sorted array [9, 19, 22, 23, 62, 76, 83, 93, 112, 129, 139, 140, 154, 163, 190, 197, 207, 217, 246, 250, 277, 287, 291, 335, 344, 353, 388, 401, 411, 428, 470], how many comparisons are needed to find 22?",3,7,4,5,D) 5,Binary search halves the search space each comparison; finding 22 in this array takes 5 comparison(s).,Algorithms & Data Structures,Searching
A queue starts empty. After performing: enqueue(15); dequeue(); enqueue(96); enqueue(39); enqueue(57) — what is at the front of the queue?,96,46,37,71,A) 96,Following FIFO order through these operations leaves 96 at the front of the queue.,Algorithms & Data Structures,Queues
A stack starts empty. After performing: push(96); pop(); push(44); push(41); push(57); pop() — what is on top of the stack?,77,54,41,90,C) 41,Following LIFO order through these operations leaves 41 on top of the stack.,Algorithms & Data Structures,Stacks
"After one full pass of bubble sort on the array [38, 27, 78, 62, 83, 52, 69], what does the array look like?","[69, 52, 83, 62, 78, 27, 38]","[27, 38, 62, 78, 52, 69, 83]","[38, 27, 78, 62, 83, 52, 69]","[27, 38, 52, 62, 69, 78, 83]","B) [27, 38, 62, 78, 52, 69, 83]","In one pass of bubble sort, each pair of adjacent elements is compared and swapped if out of order, resulting in [27, 38, 62, 78, 52, 69, 83].",Algorithms & Data Structures,Sorting
"Using binary search on the sorted array [11, 13, 28, 48, 51, 70, 103, 106, 117, 124, 142, 145, 154, 186, 188, 236, 244, 246, 261, 292, 339, 344, 374, 389, 400, 407, 410, 429, 436, 445, 466], how many comparisons are needed to find 188?",6,3,4,5,D) 5,Binary search halves the search space each comparison; finding 188 in this array takes 5 comparison(s).,Algorithms & Data Structures,Searching
"Using binary search on the sorted array [14, 92, 278, 317, 413, 483, 487], how many comparisons are needed to find 14?",1,5,3,4,C) 3,Binary search halves the search space each comparison; finding 14 in this array takes 3 comparison(s).,Algorithms & Data Structures,Searching
"Using linear search, what is the index (0-based) of 170 in the array [172, 76, 61, 95, 22, 121, 170, 109]?",4,5,3,6,D) 6,"Linear search checks each element in order; 170 is found at index 6 (0-based) in [172, 76, 61, 95, 22, 121, 170, 109].",Algorithms & Data Structures,Searching
"Using linear search, what is the index (0-based) of 105 in the array [85, 105, 35, 19, 11, 26, 117]?",0,1,3,4,B) 1,"Linear search checks each element in order; 105 is found at index 1 (0-based) in [85, 105, 35, 19, 11, 26, 117].",Algorithms & Data Structures,Searching
A queue starts empty. After performing: enqueue(11); dequeue(); enqueue(47); enqueue(43); dequeue() — what is at the front of the queue?,43,61,3,6,A) 43,Following FIFO order through these operations leaves 43 at the front of the queue.,Algorithms & Data Structures,Queues
"After one full pass of bubble sort on the array [6, 23, 69, 20, 85, 76], what does the array look like?","[76, 85, 20, 69, 23, 6]","[6, 20, 23, 69, 76, 85]","[6, 23, 20, 69, 76, 85]","[6, 23, 69, 20, 85, 76]","C) [6, 23, 20, 69, 76, 85]","In one pass of bubble sort, each pair of adjacent elements is compared and swapped if out of order, resulting in [6, 23, 20, 69, 76, 85].",Algorithms & Data Structures,Sorting
A stack starts empty. After performing: push(34); push(52); push(76); pop() — what is on top of the stack?,30,52,82,49,B) 52,Following LIFO order through these operations leaves 52 on top of the stack.,Algorithms & Data Structures,Stacks
"Using binary search on the sorted array [23, 118, 166, 198, 224, 274, 474], how many comparisons are needed to find 118?",2,3,4,1,A) 2,Binary search halves the search space each comparison; finding 118 in this array takes 2 comparison(s).,Algorithms & Data Structures,Searching
A stack starts empty. After performing: push(15); pop(); push(65); push(45); pop(); pop() — what is on top of the stack?,95,54,59,Stack is empty,D) Stack is empty,Following LIFO order through these operations leaves Stack is empty on top of the stack.,Algorithms & Data Structures,Stacks
"Using linear search, what is the index (0-based) of 132 in the array [143, 132, 130, 135, 142, 47, 37, 45, 49, 66, 183, 129]?",1,0,4,3,A) 1,"Linear search checks each element in order; 132 is found at index 1 (0-based) in [143, 132, 130, 135, 142, 47, 37, 45, 49, 66, 183, 129].",Algorithms & Data Structures,Searching
"Using binary search on the sorted array [74, 85, 144, 152, 171, 206, 234, 275, 282, 319, 332, 414, 425, 444, 453], how many comparisons are needed to find 171?",5,2,3,4,D) 4,Binary search halves the search space each comparison; finding 171 in this array takes 4 comparison(s).,Algorithms & Data Structures,Searching
"Using linear search, what is the index (0-based) of 97 in the array [128, 97, 34, 103, 147, 190]?",4,0,3,1,D) 1,"Linear search checks each element in order; 97 is found at index 1 (0-based) in [128, 97, 34, 103, 147, 190].",Algorithms & Data Structures,Searching
"After one full pass of bubble sort on the array [39, 56, 88, 87, 28, 72], what does the array look like?","[39, 56, 88, 87, 28, 72]","[72, 28, 87, 88, 56, 39]","[28, 39, 56, 72, 87, 88]","[39, 56, 87, 28, 72, 88]","D) [39, 56, 87, 28, 72, 88]","In one pass of bubble sort, each pair of adjacent elements is compared and swapped if out of order, resulting in [39, 56, 87, 28, 72, 88].",Algorithms & Data Structures,Sorting
What is push (stack operation)?,The process of finding a specific element within a data structure,An operation that removes the top element from a stack,An operation that adds an element to the top of a stack,A linear data structure where elements are linked using pointers,C) An operation that adds an element to the top of a stack,Push is a stack operation that adds a new element to the top of the stack.,Algorithms & Data Structures,Stacks
"After one full pass of bubble sort on the array [38, 73, 63, 9, 35, 59], what does the array look like?","[38, 63, 9, 35, 59, 73]","[59, 35, 9, 63, 73, 38]","[9, 35, 38, 59, 63, 73]","[38, 73, 63, 9, 35, 59]","A) [38, 63, 9, 35, 59, 73]","In one pass of bubble sort, each pair of adjacent elements is compared and swapped if out of order, resulting in [38, 63, 9, 35, 59, 73].",Algorithms & Data Structures,Sorting
"Using binary search on the sorted array [12, 234, 269, 338, 342, 354, 381], how many comparisons are needed to find 354?",1,3,4,2,D) 2,Binary search halves the search space each comparison; finding 354 in this array takes 2 comparison(s).,Algorithms & Data Structures,Searching
"After one full pass of bubble sort on the array [16, 87, 82, 99, 86], what does the array look like?","[16, 82, 87, 86, 99]","[16, 82, 86, 87, 99]","[16, 87, 82, 99, 86]","[86, 99, 82, 87, 16]","A) [16, 82, 87, 86, 99]","In one pass of bubble sort, each pair of adjacent elements is compared and swapped if out of order, resulting in [16, 82, 87, 86, 99].",Algorithms & Data Structures,Sorting
"Using binary search on the sorted array [19, 58, 137, 145, 149, 218, 280], how many comparisons are needed to find 137?",1,2,4,3,D) 3,Binary search halves the search space each comparison; finding 137 in this array takes 3 comparison(s).,Algorithms & Data Structures,Searching
Which of the following best describes push (stack operation)?,The process of arranging data in a particular order,An operation that adds an element to the top of a stack,A collection of elements stored at contiguous memory locations,A divide-and-conquer sorting algorithm that uses a pivot element,B) An operation that adds an element to the top of a stack,Push is a stack operation that adds a new element to the top of the stack.,Algorithms & Data Structures,Stacks
A stack starts empty. After performing: push(59); pop(); push(35); push(25); pop(); pop() — what is on top of the stack?,12,Stack is empty,19,74,B) Stack is empty,Following LIFO order through these operations leaves Stack is empty on top of the stack.,Algorithms & Data Structures,Stacks
A stack starts empty. After performing: push(19); pop(); push(97); push(63) — what is on top of the stack?,76,99,63,54,C) 63,Following LIFO order through these operations leaves 63 on top of the stack.,Algorithms & Data Structures,Stacks
"Using linear search, what is the index (0-based) of 158 in the array [6, 158, 107, 190, 39, 91, 150, 159, 175, 1]?",1,3,0,4,A) 1,"Linear search checks each element in order; 158 is found at index 1 (0-based) in [6, 158, 107, 190, 39, 91, 150, 159, 175, 1].",Algorithms & Data Structures,Searching
"Using linear search, what is the index (0-based) of 196 in the array [96, 121, 152, 179, 9, 196, 141]?",4,7,6,5,D) 5,"Linear search checks each element in order; 196 is found at index 5 (0-based) in [96, 121, 152, 179, 9, 196, 141].",Algorithms & Data Structures,Searching
"After one full pass of bubble sort on the array [60, 79, 53, 36, 15], what does the array look like?","[60, 53, 36, 15, 79]","[60, 79, 53, 36, 15]","[15, 36, 53, 79, 60]","[15, 36, 53, 60, 79]","A) [60, 53, 36, 15, 79]","In one pass of bubble sort, each pair of adjacent elements is compared and swapped if out of order, resulting in [60, 53, 36, 15, 79].",Algorithms & Data Structures,Sorting
"Using binary search on the sorted array [72, 73, 107, 136, 168, 181, 321, 350, 403, 405, 446, 466, 474, 481, 482], how many comparisons are needed to find 72?",4,6,5,3,A) 4,Binary search halves the search space each comparison; finding 72 in this array takes 4 comparison(s).,Algorithms & Data Structures,Searching
A stack starts empty. After performing: push(7); push(56); push(22); push(64); pop(); pop() — what is on top of the stack?,95,56,48,3,B) 56,Following LIFO order through these operations leaves 56 on top of the stack.,Algorithms & Data Structures,Stacks
"Using binary search on the sorted array [16, 47, 51, 118, 138, 139, 152, 214, 258, 311, 319, 384, 467, 482, 493], how many comparisons are needed to find 152?",4,5,3,6,A) 4,Binary search halves the search space each comparison; finding 152 in this array takes 4 comparison(s).,Algorithms & Data Structures,Searching
A stack starts empty. After performing: push(27); pop(); push(8); push(81); push(91) — what is on top of the stack?,85,6,91,18,C) 91,Following LIFO order through these operations leaves 91 on top of the stack.,Algorithms & Data Structures,Stacks
"Using binary search on the sorted array [94, 100, 128, 368, 408, 456, 461], how many comparisons are needed to find 408?",3,2,4,5,A) 3,Binary search halves the search space each comparison; finding 408 in this array takes 3 comparison(s).,Algorithms & Data Structures,Searching
"After one full pass of bubble sort on the array [44, 12, 82, 28, 47, 37, 57], what does the array look like?","[57, 37, 47, 28, 82, 12, 44]","[12, 28, 37, 44, 47, 57, 82]","[12, 44, 28, 47, 37, 57, 82]","[44, 12, 82, 28, 47, 37, 57]","C) [12, 44, 28, 47, 37, 57, 82]","In one pass of bubble sort, each pair of adjacent elements is compared and swapped if out of order, resulting in [12, 44, 28, 47, 37, 57, 82].",Algorithms & Data Structures,Sorting
A queue starts empty. After performing: enqueue(11); enqueue(52); enqueue(21); enqueue(5); dequeue() — what is at the front of the queue?,52,99,99,86,A) 52,Following FIFO order through these operations leaves 52 at the front of the queue.,Algorithms & Data Structures,Queues
"Using linear search, what is the index (0-based) of 171 in the array [168, 10, 98, 171, 58, 8]?",1,3,4,0,B) 3,"Linear search checks each element in order; 171 is found at index 3 (0-based) in [168, 10, 98, 171, 58, 8].",Algorithms & Data Structures,Searching
"After one full pass of bubble sort on the array [73, 33, 72, 14, 18, 35, 64], what does the array look like?","[73, 33, 72, 14, 18, 35, 64]","[64, 35, 18, 14, 72, 33, 73]","[14, 18, 33, 35, 64, 72, 73]","[33, 72, 14, 18, 35, 64, 73]","D) [33, 72, 14, 18, 35, 64, 73]","In one pass of bubble sort, each pair of adjacent elements is compared and swapped if out of order, resulting in [33, 72, 14, 18, 35, 64, 73].",Algorithms & Data Structures,Sorting
"Using linear search, what is the index (0-based) of 48 in the array [104, 33, 8, 141, 48, 97, 83, 98]?",2,7,5,4,D) 4,"Linear search checks each element in order; 48 is found at index 4 (0-based) in [104, 33, 8, 141, 48, 97, 83, 98].",Algorithms & Data Structures,Searching
"Using linear search, what is the index (0-based) of 48 in the array [108, 49, 86, 52, 93, 48, 146, 152, 148, 31]?",7,2,8,5,D) 5,"Linear search checks each element in order; 48 is found at index 5 (0-based) in [108, 49, 86, 52, 93, 48, 146, 152, 148, 31].",Algorithms & Data Structures,Searching
"Using linear search, what is the index (0-based) of 118 in the array [138, 48, 186, 83, 144, 95, 85, 133, 131, 117, 118, 36]?",12,7,11,10,D) 10,"Linear search checks each element in order; 118 is found at index 10 (0-based) in [138, 48, 186, 83, 144, 95, 85, 133, 131, 117, 118, 36].",Algorithms & Data Structures,Searching
"Using linear search, what is the index (0-based) of 5 in the array [57, 149, 86, 188, 5]?",2,6,4,7,C) 4,"Linear search checks each element in order; 5 is found at index 4 (0-based) in [57, 149, 86, 188, 5].",Algorithms & Data Structures,Searching
"Using binary search on the sorted array [11, 117, 120, 122, 128, 135, 141, 157, 220, 258, 277, 333, 361, 470, 483], how many comparisons are needed to find 141?",6,4,2,3,B) 4,Binary search halves the search space each comparison; finding 141 in this array takes 4 comparison(s).,Algorithms & Data Structures,Searching
"Using linear search, what is the index (0-based) of 176 in the array [133, 116, 21, 102, 128, 176, 160, 139, 85]?",3,2,7,5,D) 5,"Linear search checks each element in order; 176 is found at index 5 (0-based) in [133, 116, 21, 102, 128, 176, 160, 139, 85].",Algorithms & Data Structures,Searching
"Using binary search on the sorted array [25, 217, 221, 262, 341, 408, 435], how many comparisons are needed to find 25?",5,3,2,1,B) 3,Binary search halves the search space each comparison; finding 25 in this array takes 3 comparison(s).,Algorithms & Data Structures,Searching
A queue starts empty. After performing: enqueue(97); enqueue(89); enqueue(87); enqueue(59) — what is at the front of the queue?,96,21,97,84,C) 97,Following FIFO order through these operations leaves 97 at the front of the queue.,Algorithms & Data Structures,Queues
"Using linear search, what is the index (0-based) of 109 in the array [157, 109, 101, 33, 142]?",0,3,1,4,C) 1,"Linear search checks each element in order; 109 is found at index 1 (0-based) in [157, 109, 101, 33, 142].",Algorithms & Data Structures,Searching
"Using linear search, what is the index (0-based) of 165 in the array [54, 11, 192, 5, 158, 37, 165]?",9,4,6,5,C) 6,"Linear search checks each element in order; 165 is found at index 6 (0-based) in [54, 11, 192, 5, 158, 37, 165].",Algorithms & Data Structures,Searching
"Using linear search, what is the index (0-based) of 3 in the array [141, 27, 3, 129, 147, 96, 190, 177, 137]?",3,5,0,2,D) 2,"Linear search checks each element in order; 3 is found at index 2 (0-based) in [141, 27, 3, 129, 147, 96, 190, 177, 137].",Algorithms & Data Structures,Searching
"After one full pass of bubble sort on the array [43, 82, 52, 46, 37, 4, 38], what does the array look like?","[38, 4, 37, 46, 52, 82, 43]","[43, 82, 52, 46, 37, 4, 38]","[4, 37, 38, 43, 46, 52, 82]","[43, 52, 46, 37, 4, 38, 82]","D) [43, 52, 46, 37, 4, 38, 82]","In one pass of bubble sort, each pair of adjacent elements is compared and swapped if out of order, resulting in [43, 52, 46, 37, 4, 38, 82].",Algorithms & Data Structures,Sorting
"After one full pass of bubble sort on the array [42, 63, 67, 54], what does the array look like?","[42, 63, 54, 67]","[54, 67, 63, 42]","[42, 63, 67, 54]","[42, 54, 63, 67]","A) [42, 63, 54, 67]","In one pass of bubble sort, each pair of adjacent elements is compared and swapped if out of order, resulting in [42, 63, 54, 67].",Algorithms & Data Structures,Sorting
A stack starts empty. After performing: push(88); push(57); push(18); pop() — what is on top of the stack?,57,25,73,60,A) 57,Following LIFO order through these operations leaves 57 on top of the stack.,Algorithms & Data Structures,Stacks
"After one full pass of bubble sort on the array [24, 12, 86, 78, 67], what does the array look like?","[24, 12, 86, 78, 67]","[12, 24, 67, 78, 86]","[12, 24, 78, 67, 86]","[67, 78, 86, 12, 24]","C) [12, 24, 78, 67, 86]","In one pass of bubble sort, each pair of adjacent elements is compared and swapped if out of order, resulting in [12, 24, 78, 67, 86].",Algorithms & Data Structures,Sorting
A queue starts empty. After performing: enqueue(29); enqueue(16); enqueue(87); enqueue(3); enqueue(14) — what is at the front of the queue?,29,68,14,9,A) 29,Following FIFO order through these operations leaves 29 at the front of the queue.,Algorithms & Data Structures,Queues
"Using linear search, what is the index (0-based) of 139 in the array [15, 175, 107, 198, 52, 136, 164, 139, 121, 72, 142]?",10,7,5,4,B) 7,"Linear search checks each element in order; 139 is found at index 7 (0-based) in [15, 175, 107, 198, 52, 136, 164, 139, 121, 72, 142].",Algorithms & Data Structures,Searching
"Using binary search on the sorted array [4, 12, 55, 59, 69, 77, 104, 138, 153, 161, 181, 217, 233, 254, 256, 292, 303, 377, 386, 400, 406, 425, 451, 459, 464, 479, 487, 490, 492, 494, 495], how many comparisons are needed to find 4?",7,5,6,4,B) 5,Binary search halves the search space each comparison; finding 4 in this array takes 5 comparison(s).,Algorithms & Data Structures,Searching
A queue starts empty. After performing: enqueue(55); enqueue(78); enqueue(19); enqueue(10); enqueue(92) — what is at the front of the queue?,55,38,98,70,A) 55,Following FIFO order through these operations leaves 55 at the front of the queue.,Algorithms & Data Structures,Queues
A queue starts empty. After performing: enqueue(52); dequeue(); enqueue(28); enqueue(41); dequeue() — what is at the front of the queue?,99,39,41,79,C) 41,Following FIFO order through these operations leaves 41 at the front of the queue.,Algorithms & Data Structures,Queues
A queue starts empty. After performing: enqueue(9); enqueue(8); dequeue(); dequeue(); enqueue(79); dequeue() — what is at the front of the queue?,58,65,68,Queue is empty,D) Queue is empty,Following FIFO order through these operations leaves Queue is empty at the front of the queue.,Algorithms & Data Structures,Queues
"Using linear search, what is the index (0-based) of 109 in the array [28, 109, 173, 55, 86]?",2,0,3,1,D) 1,"Linear search checks each element in order; 109 is found at index 1 (0-based) in [28, 109, 173, 55, 86].",Algorithms & Data Structures,Searching
"Using linear search, what is the index (0-based) of 182 in the array [182, 120, 179, 36, 184, 96, 39]?",2,0,3,1,B) 0,"Linear search checks each element in order; 182 is found at index 0 (0-based) in [182, 120, 179, 36, 184, 96, 39].",Algorithms & Data Structures,Searching
A stack starts empty. After performing: push(23); pop(); push(26); pop(); push(42); push(94) — what is on top of the stack?,75,5,94,34,C) 94,Following LIFO order through these operations leaves 94 on top of the stack.,Algorithms & Data Structures,Stacks
A queue starts empty. After performing: enqueue(36); enqueue(23); enqueue(29); dequeue(); enqueue(1); dequeue() — what is at the front of the queue?,59,88,29,47,C) 29,Following FIFO order through these operations leaves 29 at the front of the queue.,Algorithms & Data Structures,Queues
A queue starts empty. After performing: enqueue(68); enqueue(30); enqueue(70); enqueue(80); dequeue(); enqueue(77) — what is at the front of the queue?,73,30,57,58,B) 30,Following FIFO order through these operations leaves 30 at the front of the queue.,Algorithms & Data Structures,Queues
A queue starts empty. After performing: enqueue(47); enqueue(42); dequeue(); enqueue(80); enqueue(86); enqueue(70) — what is at the front of the queue?,90,28,42,87,C) 42,Following FIFO order through these operations leaves 42 at the front of the queue.,Algorithms & Data Structures,Queues
"Using linear search, what is the index (0-based) of 150 in the array [150, 113, 126, 124, 18, 13, 133]?",1,3,0,2,C) 0,"Linear search checks each element in order; 150 is found at index 0 (0-based) in [150, 113, 126, 124, 18, 13, 133].",Algorithms & Data Structures,Searching
A queue starts empty. After performing: enqueue(48); dequeue(); enqueue(39); dequeue(); enqueue(6) — what is at the front of the queue?,60,6,46,68,B) 6,Following FIFO order through these operations leaves 6 at the front of the queue.,Algorithms & Data Structures,Queues
A stack starts empty. After performing: push(7); pop(); push(16); pop(); push(36) — what is on top of the stack?,36,47,7,20,A) 36,Following LIFO order through these operations leaves 36 on top of the stack.,Algorithms & Data Structures,Stacks
"After one full pass of bubble sort on the array [92, 69, 70, 49, 73, 80], what does the array look like?","[92, 69, 70, 49, 73, 80]","[69, 70, 49, 73, 80, 92]","[80, 73, 49, 70, 69, 92]","[49, 69, 70, 73, 80, 92]","B) [69, 70, 49, 73, 80, 92]","In one pass of bubble sort, each pair of adjacent elements is compared and swapped if out of order, resulting in [69, 70, 49, 73, 80, 92].",Algorithms & Data Structures,Sorting
"After one full pass of bubble sort on the array [89, 6, 19, 78, 47, 49], what does the array look like?","[89, 6, 19, 78, 47, 49]","[6, 19, 78, 47, 49, 89]","[49, 47, 78, 19, 6, 89]","[6, 19, 47, 49, 78, 89]","B) [6, 19, 78, 47, 49, 89]","In one pass of bubble sort, each pair of adjacent elements is compared and swapped if out of order, resulting in [6, 19, 78, 47, 49, 89].",Algorithms & Data Structures,Sorting
A stack starts empty. After performing: push(82); push(37); pop(); pop(); push(64); pop() — what is on top of the stack?,22,Stack is empty,38,7,B) Stack is empty,Following LIFO order through these operations leaves Stack is empty on top of the stack.,Algorithms & Data Structures,Stacks
Which of the following best describes a node (in a data structure)?,A measure of the resources (time or space) an algorithm requires,A sorting algorithm that repeatedly selects the minimum element and places it in order,A sorting algorithm that builds a sorted list one item at a time,"A basic unit of a data structure, such as a linked list or tree, containing data","D) A basic unit of a data structure, such as a linked list or tree, containing data","A node is a basic unit in structures like linked lists and trees, containing data and often a reference to other nodes.",Algorithms & Data Structures,Trees
"Using binary search on the sorted array [30, 58, 94, 227, 234, 239, 285, 291, 346, 377, 397, 400, 404, 441, 456], how many comparisons are needed to find 239?",2,4,3,5,C) 3,Binary search halves the search space each comparison; finding 239 in this array takes 3 comparison(s).,Algorithms & Data Structures,Searching
A queue starts empty. After performing: enqueue(53); enqueue(11); enqueue(71); enqueue(16); dequeue(); enqueue(37) — what is at the front of the queue?,84,38,11,15,C) 11,Following FIFO order through these operations leaves 11 at the front of the queue.,Algorithms & Data Structures,Queues
"Using linear search, what is the index (0-based) of 118 in the array [118, 96, 177, 123, 162, 74]?",3,0,2,1,B) 0,"Linear search checks each element in order; 118 is found at index 0 (0-based) in [118, 96, 177, 123, 162, 74].",Algorithms & Data Structures,Searching
"After one full pass of bubble sort on the array [14, 83, 59, 63, 62], what does the array look like?","[14, 59, 63, 62, 83]","[14, 83, 59, 63, 62]","[62, 63, 59, 83, 14]","[14, 59, 62, 63, 83]","A) [14, 59, 63, 62, 83]","In one pass of bubble sort, each pair of adjacent elements is compared and swapped if out of order, resulting in [14, 59, 63, 62, 83].",Algorithms & Data Structures,Sorting
"Using linear search, what is the index (0-based) of 186 in the array [135, 57, 144, 67, 40, 125, 39, 55, 86, 186, 12]?",6,11,9,7,C) 9,"Linear search checks each element in order; 186 is found at index 9 (0-based) in [135, 57, 144, 67, 40, 125, 39, 55, 86, 186, 12].",Algorithms & Data Structures,Searching
A stack starts empty. After performing: push(72); pop(); push(23); pop(); push(9); pop() — what is on top of the stack?,71,Stack is empty,97,58,B) Stack is empty,Following LIFO order through these operations leaves Stack is empty on top of the stack.,Algorithms & Data Structures,Stacks
"Using binary search on the sorted array [145, 213, 288, 295, 330, 354, 398], how many comparisons are needed to find 288?",2,5,3,4,C) 3,Binary search halves the search space each comparison; finding 288 in this array takes 3 comparison(s).,Algorithms & Data Structures,Searching
A stack starts empty. After performing: push(29); push(99); pop(); push(83) — what is on top of the stack?,38,83,98,17,B) 83,Following LIFO order through these operations leaves 83 on top of the stack.,Algorithms & Data Structures,Stacks
"After one full pass of bubble sort on the array [98, 76, 99, 40, 65], what does the array look like?","[98, 76, 99, 40, 65]","[65, 40, 99, 76, 98]","[40, 65, 76, 98, 99]","[76, 98, 40, 65, 99]","D) [76, 98, 40, 65, 99]","In one pass of bubble sort, each pair of adjacent elements is compared and swapped if out of order, resulting in [76, 98, 40, 65, 99].",Algorithms & Data Structures,Sorting
"Using linear search, what is the index (0-based) of 49 in the array [49, 29, 117, 149, 72, 171, 27]?",0,1,3,2,A) 0,"Linear search checks each element in order; 49 is found at index 0 (0-based) in [49, 29, 117, 149, 72, 171, 27].",Algorithms & Data Structures,Searching
"Using binary search on the sorted array [3, 25, 28, 57, 59, 72, 81, 92, 93, 121, 131, 140, 189, 200, 204, 227, 232, 247, 251, 281, 296, 315, 322, 330, 353, 385, 388, 439, 446, 471, 492], how many comparisons are needed to find 251?",6,3,7,5,D) 5,Binary search halves the search space each comparison; finding 251 in this array takes 5 comparison(s).,Algorithms & Data Structures,Searching
"Using binary search on the sorted array [23, 29, 34, 40, 46, 52, 78, 93, 118, 137, 165, 185, 187, 194, 202, 217, 282, 298, 323, 328, 331, 378, 393, 401, 432, 437, 456, 458, 460, 466, 474], how many comparisons are needed to find 437?",5,4,2,6,B) 4,Binary search halves the search space each comparison; finding 437 in this array takes 4 comparison(s).,Algorithms & Data Structures,Searching
"Using binary search on the sorted array [25, 28, 32, 33, 39, 70, 78, 85, 103, 149, 174, 230, 232, 267, 280, 287, 298, 301, 312, 326, 343, 346, 361, 368, 374, 380, 392, 414, 440, 464, 494], how many comparisons are needed to find 464?",6,2,5,4,D) 4,Binary search halves the search space each comparison; finding 464 in this array takes 4 comparison(s).,Algorithms & Data Structures,Searching
"Using binary search on the sorted array [37, 111, 128, 156, 221, 305, 422], how many comparisons are needed to find 305?",2,1,4,3,A) 2,Binary search halves the search space each comparison; finding 305 in this array takes 2 comparison(s).,Algorithms & Data Structures,Searching
"After one full pass of bubble sort on the array [87, 43, 13, 90], what does the array look like?","[13, 43, 87, 90]","[87, 43, 13, 90]","[43, 13, 87, 90]","[90, 13, 43, 87]","C) [43, 13, 87, 90]","In one pass of bubble sort, each pair of adjacent elements is compared and swapped if out of order, resulting in [43, 13, 87, 90].",Algorithms & Data Structures,Sorting
"Using linear search, what is the index (0-based) of 39 in the array [80, 76, 39, 131, 59, 142, 160]?",5,1,0,2,D) 2,"Linear search checks each element in order; 39 is found at index 2 (0-based) in [80, 76, 39, 131, 59, 142, 160].",Algorithms & Data Structures,Searching
A queue starts empty. After performing: enqueue(81); dequeue(); enqueue(43); dequeue(); enqueue(1); dequeue() — what is at the front of the queue?,Queue is empty,87,96,79,A) Queue is empty,Following FIFO order through these operations leaves Queue is empty at the front of the queue.,Algorithms & Data Structures,Queues
"Using linear search, what is the index (0-based) of 56 in the array [135, 198, 145, 174, 56, 162]?",2,1,4,7,C) 4,"Linear search checks each element in order; 56 is found at index 4 (0-based) in [135, 198, 145, 174, 56, 162].",Algorithms & Data Structures,Searching
"Using binary search on the sorted array [7, 8, 16, 22, 31, 49, 58, 64, 69, 72, 118, 123, 134, 137, 167, 171, 178, 181, 221, 247, 257, 263, 304, 314, 324, 351, 381, 401, 428, 433, 489], how many comparisons are needed to find 134?",3,6,5,4,C) 5,Binary search halves the search space each comparison; finding 134 in this array takes 5 comparison(s).,Algorithms & Data Structures,Searching
A stack starts empty. After performing: push(5); pop(); push(89); push(89); pop() — what is on top of the stack?,67,16,89,6,C) 89,Following LIFO order through these operations leaves 89 on top of the stack.,Algorithms & Data Structures,Stacks
A queue starts empty. After performing: enqueue(43); enqueue(72); dequeue(); enqueue(82); enqueue(39) — what is at the front of the queue?,75,72,70,9,B) 72,Following FIFO order through these operations leaves 72 at the front of the queue.,Algorithms & Data Structures,Queues
"After one full pass of bubble sort on the array [21, 88, 69, 32, 1], what does the array look like?","[21, 88, 69, 32, 1]","[21, 69, 32, 1, 88]","[1, 21, 32, 69, 88]","[1, 32, 69, 88, 21]","B) [21, 69, 32, 1, 88]","In one pass of bubble sort, each pair of adjacent elements is compared and swapped if out of order, resulting in [21, 69, 32, 1, 88].",Algorithms & Data Structures,Sorting
"Using linear search, what is the index (0-based) of 61 in the array [61, 82, 116, 37, 98, 176, 133]?",1,2,0,3,C) 0,"Linear search checks each element in order; 61 is found at index 0 (0-based) in [61, 82, 116, 37, 98, 176, 133].",Algorithms & Data Structures,Searching
A stack starts empty. After performing: push(36); pop(); push(65); pop(); push(22) — what is on top of the stack?,22,91,71,51,A) 22,Following LIFO order through these operations leaves 22 on top of the stack.,Algorithms & Data Structures,Stacks
"Using linear search, what is the index (0-based) of 142 in the array [57, 74, 131, 36, 102, 141, 142, 190, 41, 26]?",3,6,9,4,B) 6,"Linear search checks each element in order; 142 is found at index 6 (0-based) in [57, 74, 131, 36, 102, 141, 142, 190, 41, 26].",Algorithms & Data Structures,Searching
A stack starts empty. After performing: push(5); pop(); push(33); push(69); push(1) — what is on top of the stack?,72,1,64,43,B) 1,Following LIFO order through these operations leaves 1 on top of the stack.,Algorithms & Data Structures,Stacks
"Using linear search, what is the index (0-based) of 55 in the array [55, 146, 69, 1, 36, 151, 103, 176, 63, 59, 79]?",2,1,3,0,D) 0,"Linear search checks each element in order; 55 is found at index 0 (0-based) in [55, 146, 69, 1, 36, 151, 103, 176, 63, 59, 79].",Algorithms & Data Structures,Searching
A queue starts empty. After performing: enqueue(60); enqueue(76); dequeue(); enqueue(58); dequeue() — what is at the front of the queue?,53,56,58,57,C) 58,Following FIFO order through these operations leaves 58 at the front of the queue.,Algorithms & Data Structures,Queues
Which of the following best describes quicksort?,A search algorithm that checks each element one by one,A divide-and-conquer sorting algorithm that uses a pivot element,The topmost node in a tree data structure,A search algorithm that repeatedly divides a sorted list in half,B) A divide-and-conquer sorting algorithm that uses a pivot element,"Quicksort selects a pivot element and partitions the array around it, recursively sorting the partitions.",Algorithms & Data Structures,Sorting
"Using binary search on the sorted array [4, 6, 14, 121, 160, 170, 216, 231, 299, 322, 357, 367, 377, 422, 479], how many comparisons are needed to find 479?",4,5,3,2,A) 4,Binary search halves the search space each comparison; finding 479 in this array takes 4 comparison(s).,Algorithms & Data Structures,Searching
"After one full pass of bubble sort on the array [47, 8, 28, 81, 29, 21, 75], what does the array look like?","[47, 8, 28, 81, 29, 21, 75]","[8, 21, 28, 29, 47, 75, 81]","[8, 28, 47, 29, 21, 75, 81]","[75, 21, 29, 81, 28, 8, 47]","C) [8, 28, 47, 29, 21, 75, 81]","In one pass of bubble sort, each pair of adjacent elements is compared and swapped if out of order, resulting in [8, 28, 47, 29, 21, 75, 81].",Algorithms & Data Structures,Sorting
"Using binary search on the sorted array [21, 27, 28, 41, 71, 112, 124, 134, 137, 140, 170, 186, 204, 209, 237, 283, 299, 304, 305, 321, 332, 336, 354, 376, 379, 380, 383, 415, 422, 490, 496], how many comparisons are needed to find 283?",4,2,1,3,C) 1,Binary search halves the search space each comparison; finding 283 in this array takes 1 comparison(s).,Algorithms & Data Structures,Searching
"After one full pass of bubble sort on the array [5, 23, 6, 89, 47], what does the array look like?","[5, 6, 23, 47, 89]","[47, 89, 6, 23, 5]","[5, 6, 23, 47, 89]","[5, 23, 6, 89, 47]","A) [5, 6, 23, 47, 89]","In one pass of bubble sort, each pair of adjacent elements is compared and swapped if out of order, resulting in [5, 6, 23, 47, 89].",Algorithms & Data Structures,Sorting
A queue starts empty. After performing: enqueue(95); dequeue(); enqueue(25); enqueue(42); dequeue() — what is at the front of the queue?,54,25,42,48,C) 42,Following FIFO order through these operations leaves 42 at the front of the queue.,Algorithms & Data Structures,Queues
A queue starts empty. After performing: enqueue(77); dequeue(); enqueue(38); enqueue(11); dequeue() — what is at the front of the queue?,88,2,8,11,D) 11,Following FIFO order through these operations leaves 11 at the front of the queue.,Algorithms & Data Structures,Queues
A queue starts empty. After performing: enqueue(77); dequeue(); enqueue(92); enqueue(31); dequeue(); enqueue(85) — what is at the front of the queue?,90,50,38,31,D) 31,Following FIFO order through these operations leaves 31 at the front of the queue.,Algorithms & Data Structures,Queues
"Using linear search, what is the index (0-based) of 17 in the array [83, 168, 17, 117, 129, 63, 11]?",2,3,5,0,A) 2,"Linear search checks each element in order; 17 is found at index 2 (0-based) in [83, 168, 17, 117, 129, 63, 11].",Algorithms & Data Structures,Searching
"After one full pass of bubble sort on the array [79, 30, 36, 39], what does the array look like?","[30, 36, 39, 79]","[79, 30, 36, 39]","[39, 36, 30, 79]","[30, 36, 39, 79]","A) [30, 36, 39, 79]","In one pass of bubble sort, each pair of adjacent elements is compared and swapped if out of order, resulting in [30, 36, 39, 79].",Algorithms & Data Structures,Sorting
A stack starts empty. After performing: push(26); push(24); pop(); push(18); pop() — what is on top of the stack?,95,51,15,26,D) 26,Following LIFO order through these operations leaves 26 on top of the stack.,Algorithms & Data Structures,Stacks
"Using linear search, what is the index (0-based) of 51 in the array [24, 15, 49, 176, 150, 75, 100, 51, 78, 120, 162, 188]?",7,10,9,8,A) 7,"Linear search checks each element in order; 51 is found at index 7 (0-based) in [24, 15, 49, 176, 150, 75, 100, 51, 78, 120, 162, 188].",Algorithms & Data Structures,Searching
"After one full pass of bubble sort on the array [77, 65, 69, 74, 87, 64], what does the array look like?","[65, 69, 74, 77, 64, 87]","[77, 65, 69, 74, 87, 64]","[64, 87, 74, 69, 65, 77]","[64, 65, 69, 74, 77, 87]","A) [65, 69, 74, 77, 64, 87]","In one pass of bubble sort, each pair of adjacent elements is compared and swapped if out of order, resulting in [65, 69, 74, 77, 64, 87].",Algorithms & Data Structures,Sorting
"Using linear search, what is the index (0-based) of 94 in the array [88, 116, 95, 94, 150, 97]?",0,4,2,3,D) 3,"Linear search checks each element in order; 94 is found at index 3 (0-based) in [88, 116, 95, 94, 150, 97].",Algorithms & Data Structures,Searching
A queue starts empty. After performing: enqueue(7); dequeue(); enqueue(70); dequeue(); enqueue(87) — what is at the front of the queue?,64,87,44,30,B) 87,Following FIFO order through these operations leaves 87 at the front of the queue.,Algorithms & Data Structures,Queues
"After one full pass of bubble sort on the array [95, 14, 20, 35, 7, 32], what does the array look like?","[14, 20, 35, 7, 32, 95]","[32, 7, 35, 20, 14, 95]","[7, 14, 20, 32, 35, 95]","[95, 14, 20, 35, 7, 32]","A) [14, 20, 35, 7, 32, 95]","In one pass of bubble sort, each pair of adjacent elements is compared and swapped if out of order, resulting in [14, 20, 35, 7, 32, 95].",Algorithms & Data Structures,Sorting
"After one full pass of bubble sort on the array [78, 11, 30, 6, 37], what does the array look like?","[11, 30, 6, 37, 78]","[37, 6, 30, 11, 78]","[78, 11, 30, 6, 37]","[6, 11, 30, 37, 78]","A) [11, 30, 6, 37, 78]","In one pass of bubble sort, each pair of adjacent elements is compared and swapped if out of order, resulting in [11, 30, 6, 37, 78].",Algorithms & Data Structures,Sorting
"After one full pass of bubble sort on the array [87, 12, 88, 92, 58, 99, 48], what does the array look like?","[48, 99, 58, 92, 88, 12, 87]","[87, 12, 88, 92, 58, 99, 48]","[12, 87, 88, 58, 92, 48, 99]","[12, 48, 58, 87, 88, 92, 99]","C) [12, 87, 88, 58, 92, 48, 99]","In one pass of bubble sort, each pair of adjacent elements is compared and swapped if out of order, resulting in [12, 87, 88, 58, 92, 48, 99].",Algorithms & Data Structures,Sorting
"Using linear search, what is the index (0-based) of 62 in the array [173, 86, 82, 33, 62, 104, 77]?",1,4,3,6,B) 4,"Linear search checks each element in order; 62 is found at index 4 (0-based) in [173, 86, 82, 33, 62, 104, 77].",Algorithms & Data Structures,Searching
"After one full pass of bubble sort on the array [26, 66, 23, 44, 52, 75, 86], what does the array look like?","[26, 66, 23, 44, 52, 75, 86]","[86, 75, 52, 44, 23, 66, 26]","[23, 26, 44, 52, 66, 75, 86]","[26, 23, 44, 52, 66, 75, 86]","D) [26, 23, 44, 52, 66, 75, 86]","In one pass of bubble sort, each pair of adjacent elements is compared and swapped if out of order, resulting in [26, 23, 44, 52, 66, 75, 86].",Algorithms & Data Structures,Sorting
"After one full pass of bubble sort on the array [96, 71, 26, 59, 37, 66, 34], what does the array look like?","[71, 26, 59, 37, 66, 34, 96]","[96, 71, 26, 59, 37, 66, 34]","[34, 66, 37, 59, 26, 71, 96]","[26, 34, 37, 59, 66, 71, 96]","A) [71, 26, 59, 37, 66, 34, 96]","In one pass of bubble sort, each pair of adjacent elements is compared and swapped if out of order, resulting in [71, 26, 59, 37, 66, 34, 96].",Algorithms & Data Structures,Sorting
"Using linear search, what is the index (0-based) of 145 in the array [184, 171, 145, 192, 112, 17, 30]?",2,5,3,4,A) 2,"Linear search checks each element in order; 145 is found at index 2 (0-based) in [184, 171, 145, 192, 112, 17, 30].",Algorithms & Data Structures,Searching
A stack starts empty. After performing: push(97); push(27); push(39); push(79); push(89) — what is on top of the stack?,89,71,7,7,A) 89,Following LIFO order through these operations leaves 89 on top of the stack.,Algorithms & Data Structures,Stacks
"Using binary search on the sorted array [48, 74, 97, 145, 159, 172, 201, 236, 249, 293, 296, 336, 362, 426, 427], how many comparisons are needed to find 293?",2,1,4,3,D) 3,Binary search halves the search space each comparison; finding 293 in this array takes 3 comparison(s).,Algorithms & Data Structures,Searching
"After one full pass of bubble sort on the array [25, 30, 61, 11, 75], what does the array look like?","[11, 25, 30, 61, 75]","[25, 30, 11, 61, 75]","[25, 30, 61, 11, 75]","[75, 11, 61, 30, 25]","B) [25, 30, 11, 61, 75]","In one pass of bubble sort, each pair of adjacent elements is compared and swapped if out of order, resulting in [25, 30, 11, 61, 75].",Algorithms & Data Structures,Sorting
"After one full pass of bubble sort on the array [63, 44, 93, 88], what does the array look like?","[44, 63, 88, 93]","[88, 93, 44, 63]","[63, 44, 93, 88]","[44, 63, 88, 93]","A) [44, 63, 88, 93]","In one pass of bubble sort, each pair of adjacent elements is compared and swapped if out of order, resulting in [44, 63, 88, 93].",Algorithms & Data Structures,Sorting
"Using binary search on the sorted array [8, 21, 198, 219, 231, 236, 469], how many comparisons are needed to find 21?",1,3,2,4,C) 2,Binary search halves the search space each comparison; finding 21 in this array takes 2 comparison(s).,Algorithms & Data Structures,Searching
"Using linear search, what is the index (0-based) of 163 in the array [76, 163, 127, 47, 112, 119, 12]?",2,0,1,4,C) 1,"Linear search checks each element in order; 163 is found at index 1 (0-based) in [76, 163, 127, 47, 112, 119, 12].",Algorithms & Data Structures,Searching
"Using binary search on the sorted array [3, 15, 23, 49, 50, 65, 71, 73, 128, 133, 179, 181, 182, 194, 232, 243, 266, 291, 308, 336, 338, 349, 359, 373, 384, 386, 408, 417, 423, 468, 481], how many comparisons are needed to find 481?",6,3,5,4,C) 5,Binary search halves the search space each comparison; finding 481 in this array takes 5 comparison(s).,Algorithms & Data Structures,Searching
"After one full pass of bubble sort on the array [59, 2, 18, 75, 17, 57], what does the array look like?","[2, 18, 59, 17, 57, 75]","[2, 17, 18, 57, 59, 75]","[59, 2, 18, 75, 17, 57]","[57, 17, 75, 18, 2, 59]","A) [2, 18, 59, 17, 57, 75]","In one pass of bubble sort, each pair of adjacent elements is compared and swapped if out of order, resulting in [2, 18, 59, 17, 57, 75].",Algorithms & Data Structures,Sorting
"Using binary search on the sorted array [11, 38, 43, 161, 180, 188, 285], how many comparisons are needed to find 188?",4,1,2,3,C) 2,Binary search halves the search space each comparison; finding 188 in this array takes 2 comparison(s).,Algorithms & Data Structures,Searching
"Using linear search, what is the index (0-based) of 55 in the array [55, 195, 62, 189, 196, 89]?",3,0,1,2,B) 0,"Linear search checks each element in order; 55 is found at index 0 (0-based) in [55, 195, 62, 189, 196, 89].",Algorithms & Data Structures,Searching
A queue starts empty. After performing: enqueue(6); enqueue(82); enqueue(53); dequeue(); dequeue() — what is at the front of the queue?,58,54,78,53,D) 53,Following FIFO order through these operations leaves 53 at the front of the queue.,Algorithms & Data Structures,Queues
"After one full pass of bubble sort on the array [18, 86, 19, 39], what does the array look like?","[18, 19, 39, 86]","[39, 19, 86, 18]","[18, 19, 39, 86]","[18, 86, 19, 39]","A) [18, 19, 39, 86]","In one pass of bubble sort, each pair of adjacent elements is compared and swapped if out of order, resulting in [18, 19, 39, 86].",Algorithms & Data Structures,Sorting
A stack starts empty. After performing: push(76); push(4); pop(); push(23); push(65); push(87) — what is on top of the stack?,75,20,87,33,C) 87,Following LIFO order through these operations leaves 87 on top of the stack.,Algorithms & Data Structures,Stacks
A stack starts empty. After performing: push(26); push(83); push(37); push(5); push(17) — what is on top of the stack?,17,55,85,7,A) 17,Following LIFO order through these operations leaves 17 on top of the stack.,Algorithms & Data Structures,Stacks
A queue starts empty. After performing: enqueue(91); enqueue(2); enqueue(14); enqueue(39); enqueue(47); enqueue(16) — what is at the front of the queue?,74,91,93,82,B) 91,Following FIFO order through these operations leaves 91 at the front of the queue.,Algorithms & Data Structures,Queues
"Using linear search, what is the index (0-based) of 3 in the array [149, 156, 137, 119, 3, 11, 167, 91, 121]?",7,4,6,5,B) 4,"Linear search checks each element in order; 3 is found at index 4 (0-based) in [149, 156, 137, 119, 3, 11, 167, 91, 121].",Algorithms & Data Structures,Searching
"After one full pass of bubble sort on the array [95, 75, 85, 30], what does the array look like?","[75, 85, 30, 95]","[95, 75, 85, 30]","[30, 75, 85, 95]","[30, 85, 75, 95]","A) [75, 85, 30, 95]","In one pass of bubble sort, each pair of adjacent elements is compared and swapped if out of order, resulting in [75, 85, 30, 95].",Algorithms & Data Structures,Sorting
"Using binary search on the sorted array [43, 59, 65, 67, 72, 92, 115, 120, 138, 150, 162, 165, 216, 229, 240, 260, 261, 268, 270, 300, 320, 332, 366, 390, 404, 409, 426, 441, 446, 468, 474], how many comparisons are needed to find 92?",5,4,6,2,B) 4,Binary search halves the search space each comparison; finding 92 in this array takes 4 comparison(s).,Algorithms & Data Structures,Searching
A stack starts empty. After performing: push(79); push(63); pop(); push(62) — what is on top of the stack?,62,78,12,4,A) 62,Following LIFO order through these operations leaves 62 on top of the stack.,Algorithms & Data Structures,Stacks
"Using binary search on the sorted array [6, 7, 21, 30, 36, 60, 64, 76, 84, 90, 147, 170, 173, 196, 209, 211, 243, 262, 281, 332, 333, 344, 365, 367, 380, 411, 429, 436, 472, 492, 496], how many comparisons are needed to find 211?",2,4,3,1,D) 1,Binary search halves the search space each comparison; finding 211 in this array takes 1 comparison(s).,Algorithms & Data Structures,Searching
A queue starts empty. After performing: enqueue(42); enqueue(38); enqueue(52); dequeue(); enqueue(66); enqueue(9) — what is at the front of the queue?,96,38,36,80,B) 38,Following FIFO order through these operations leaves 38 at the front of the queue.,Algorithms & Data Structures,Queues
"After one full pass of bubble sort on the array [35, 2, 84, 66, 34], what does the array look like?","[2, 34, 35, 66, 84]","[35, 2, 84, 66, 34]","[2, 35, 66, 34, 84]","[34, 66, 84, 2, 35]","C) [2, 35, 66, 34, 84]","In one pass of bubble sort, each pair of adjacent elements is compared and swapped if out of order, resulting in [2, 35, 66, 34, 84].",Algorithms & Data Structures,Sorting
"After one full pass of bubble sort on the array [99, 28, 16, 97], what does the array look like?","[28, 16, 97, 99]","[99, 28, 16, 97]","[16, 28, 97, 99]","[97, 16, 28, 99]","A) [28, 16, 97, 99]","In one pass of bubble sort, each pair of adjacent elements is compared and swapped if out of order, resulting in [28, 16, 97, 99].",Algorithms & Data Structures,Sorting
A stack starts empty. After performing: push(62); push(56); push(52); push(2); push(22) — what is on top of the stack?,8,76,10,22,D) 22,Following LIFO order through these operations leaves 22 on top of the stack.,Algorithms & Data Structures,Stacks
"After one full pass of bubble sort on the array [42, 7, 88, 73], what does the array look like?","[7, 42, 73, 88]","[73, 88, 7, 42]","[7, 42, 73, 88]","[42, 7, 88, 73]","A) [7, 42, 73, 88]","In one pass of bubble sort, each pair of adjacent elements is compared and swapped if out of order, resulting in [7, 42, 73, 88].",Algorithms & Data Structures,Sorting
A stack starts empty. After performing: push(60); push(86); push(27); pop() — what is on top of the stack?,49,88,86,83,C) 86,Following LIFO order through these operations leaves 86 on top of the stack.,Algorithms & Data Structures,Stacks
A stack starts empty. After performing: push(6); push(55); push(55); push(20); pop() — what is on top of the stack?,48,9,55,39,C) 55,Following LIFO order through these operations leaves 55 on top of the stack.,Algorithms & Data Structures,Stacks
"After one full pass of bubble sort on the array [71, 94, 88, 57], what does the array look like?","[57, 71, 88, 94]","[57, 88, 94, 71]","[71, 94, 88, 57]","[71, 88, 57, 94]","D) [71, 88, 57, 94]","In one pass of bubble sort, each pair of adjacent elements is compared and swapped if out of order, resulting in [71, 88, 57, 94].",Algorithms & Data Structures,Sorting
A queue starts empty. After performing: enqueue(25); enqueue(57); enqueue(60); enqueue(86); enqueue(78) — what is at the front of the queue?,55,67,25,84,C) 25,Following FIFO order through these operations leaves 25 at the front of the queue.,Algorithms & Data Structures,Queues
"Using binary search on the sorted array [69, 76, 97, 114, 138, 149, 156, 235, 237, 360, 381, 435, 451, 455, 474], how many comparisons are needed to find 235?",2,4,3,1,D) 1,Binary search halves the search space each comparison; finding 235 in this array takes 1 comparison(s).,Algorithms & Data Structures,Searching
A stack starts empty. After performing: push(89); push(9); pop(); pop() — what is on top of the stack?,10,93,21,Stack is empty,D) Stack is empty,Following LIFO order through these operations leaves Stack is empty on top of the stack.,Algorithms & Data Structures,Stacks
A queue starts empty. After performing: enqueue(88); enqueue(37); dequeue(); dequeue() — what is at the front of the queue?,91,7,Queue is empty,88,C) Queue is empty,Following FIFO order through these operations leaves Queue is empty at the front of the queue.,Algorithms & Data Structures,Queues
"Using binary search on the sorted array [37, 49, 131, 203, 218, 239, 247, 269, 284, 310, 330, 334, 397, 421, 471], how many comparisons are needed to find 203?",4,3,1,2,D) 2,Binary search halves the search space each comparison; finding 203 in this array takes 2 comparison(s).,Algorithms & Data Structures,Searching
"After one full pass of bubble sort on the array [34, 59, 90, 6, 94, 95, 87], what does the array look like?","[34, 59, 6, 90, 94, 87, 95]","[34, 59, 90, 6, 94, 95, 87]","[6, 34, 59, 87, 90, 94, 95]","[87, 95, 94, 6, 90, 59, 34]","A) [34, 59, 6, 90, 94, 87, 95]","In one pass of bubble sort, each pair of adjacent elements is compared and swapped if out of order, resulting in [34, 59, 6, 90, 94, 87, 95].",Algorithms & Data Structures,Sorting
"Using binary search on the sorted array [57, 65, 194, 226, 272, 464, 492], how many comparisons are needed to find 57?",3,5,1,4,A) 3,Binary search halves the search space each comparison; finding 57 in this array takes 3 comparison(s).,Algorithms & Data Structures,Searching
"Using binary search on the sorted array [30, 44, 48, 55, 62, 81, 82, 84, 87, 96, 101, 148, 153, 154, 161, 163, 185, 199, 206, 255, 275, 290, 291, 327, 330, 362, 374, 382, 390, 417, 493], how many comparisons are needed to find 153?",5,7,3,6,A) 5,Binary search halves the search space each comparison; finding 153 in this array takes 5 comparison(s).,Algorithms & Data Structures,Searching
"After one full pass of bubble sort on the array [5, 10, 48, 73], what does the array look like?","[5, 10, 48, 73]","[5, 10, 48, 73]","[73, 48, 10, 5]","[5, 10, 48, 73]","A) [5, 10, 48, 73]","In one pass of bubble sort, each pair of adjacent elements is compared and swapped if out of order, resulting in [5, 10, 48, 73].",Algorithms & Data Structures,Sorting
"Using linear search, what is the index (0-based) of 29 in the array [14, 29, 146, 56, 47, 151, 1, 139, 25, 46]?",0,4,1,2,C) 1,"Linear search checks each element in order; 29 is found at index 1 (0-based) in [14, 29, 146, 56, 47, 151, 1, 139, 25, 46].",Algorithms & Data Structures,Searching
A queue starts empty. After performing: enqueue(75); enqueue(34); dequeue(); enqueue(18) — what is at the front of the queue?,87,94,2,34,D) 34,Following FIFO order through these operations leaves 34 at the front of the queue.,Algorithms & Data Structures,Queues
A queue starts empty. After performing: enqueue(9); enqueue(8); enqueue(88); enqueue(54) — what is at the front of the queue?,10,9,77,12,B) 9,Following FIFO order through these operations leaves 9 at the front of the queue.,Algorithms & Data Structures,Queues
"After one full pass of bubble sort on the array [59, 20, 11, 63], what does the array look like?","[59, 20, 11, 63]","[20, 11, 59, 63]","[63, 11, 20, 59]","[11, 20, 59, 63]","B) [20, 11, 59, 63]","In one pass of bubble sort, each pair of adjacent elements is compared and swapped if out of order, resulting in [20, 11, 59, 63].",Algorithms & Data Structures,Sorting
"Using binary search on the sorted array [11, 27, 31, 37, 103, 132, 150, 151, 161, 182, 185, 189, 223, 226, 236, 288, 295, 305, 316, 321, 330, 349, 376, 380, 421, 429, 430, 444, 445, 481, 494], how many comparisons are needed to find 31?",5,6,3,4,A) 5,Binary search halves the search space each comparison; finding 31 in this array takes 5 comparison(s).,Algorithms & Data Structures,Searching
A queue starts empty. After performing: enqueue(90); dequeue(); enqueue(70); enqueue(59) — what is at the front of the queue?,70,20,10,71,A) 70,Following FIFO order through these operations leaves 70 at the front of the queue.,Algorithms & Data Structures,Queues
A queue starts empty. After performing: enqueue(42); dequeue(); enqueue(40); dequeue(); enqueue(5) — what is at the front of the queue?,34,5,45,51,B) 5,Following FIFO order through these operations leaves 5 at the front of the queue.,Algorithms & Data Structures,Queues
"Using linear search, what is the index (0-based) of 158 in the array [67, 170, 30, 158, 70, 41]?",3,5,1,6,A) 3,"Linear search checks each element in order; 158 is found at index 3 (0-based) in [67, 170, 30, 158, 70, 41].",Algorithms & Data Structures,Searching
A stack starts empty. After performing: push(94); pop(); push(94); pop(); push(10); pop() — what is on top of the stack?,34,29,Stack is empty,83,C) Stack is empty,Following LIFO order through these operations leaves Stack is empty on top of the stack.,Algorithms & Data Structures,Stacks
A queue starts empty. After performing: enqueue(67); enqueue(3); dequeue(); enqueue(25); enqueue(37); enqueue(31) — what is at the front of the queue?,3,20,87,60,A) 3,Following FIFO order through these operations leaves 3 at the front of the queue.,Algorithms & Data Structures,Queues
"After one full pass of bubble sort on the array [5, 70, 45, 27, 64, 51, 35], what does the array look like?","[35, 51, 64, 27, 45, 70, 5]","[5, 70, 45, 27, 64, 51, 35]","[5, 27, 35, 45, 51, 64, 70]","[5, 45, 27, 64, 51, 35, 70]","D) [5, 45, 27, 64, 51, 35, 70]","In one pass of bubble sort, each pair of adjacent elements is compared and swapped if out of order, resulting in [5, 45, 27, 64, 51, 35, 70].",Algorithms & Data Structures,Sorting
A queue starts empty. After performing: enqueue(75); dequeue(); enqueue(74); dequeue(); enqueue(22) — what is at the front of the queue?,22,99,73,24,A) 22,Following FIFO order through these operations leaves 22 at the front of the queue.,Algorithms & Data Structures,Queues
"Using binary search on the sorted array [48, 57, 92, 133, 223, 243, 246, 291, 299, 316, 376, 423, 429, 436, 442], how many comparisons are needed to find 291?",1,4,3,2,A) 1,Binary search halves the search space each comparison; finding 291 in this array takes 1 comparison(s).,Algorithms & Data Structures,Searching
"Using binary search on the sorted array [21, 26, 78, 95, 107, 122, 152, 218, 230, 344, 351, 374, 416, 474, 484], how many comparisons are needed to find 374?",1,3,4,2,D) 2,Binary search halves the search space each comparison; finding 374 in this array takes 2 comparison(s).,Algorithms & Data Structures,Searching
"Using linear search, what is the index (0-based) of 71 in the array [82, 190, 109, 199, 92, 197, 186, 98, 30, 71, 93, 37]?",7,12,8,9,D) 9,"Linear search checks each element in order; 71 is found at index 9 (0-based) in [82, 190, 109, 199, 92, 197, 186, 98, 30, 71, 93, 37].",Algorithms & Data Structures,Searching
A queue starts empty. After performing: enqueue(97); enqueue(28); enqueue(36); dequeue(); enqueue(40) — what is at the front of the queue?,81,98,28,13,C) 28,Following FIFO order through these operations leaves 28 at the front of the queue.,Algorithms & Data Structures,Queues
A queue starts empty. After performing: enqueue(77); enqueue(64); dequeue(); dequeue() — what is at the front of the queue?,11,Queue is empty,76,28,B) Queue is empty,Following FIFO order through these operations leaves Queue is empty at the front of the queue.,Algorithms & Data Structures,Queues
"After one full pass of bubble sort on the array [68, 56, 75, 84, 2], what does the array look like?","[2, 56, 68, 75, 84]","[56, 68, 75, 2, 84]","[68, 56, 75, 84, 2]","[2, 84, 75, 56, 68]","B) [56, 68, 75, 2, 84]","In one pass of bubble sort, each pair of adjacent elements is compared and swapped if out of order, resulting in [56, 68, 75, 2, 84].",Algorithms & Data Structures,Sorting
A stack starts empty. After performing: push(28); push(3); pop(); pop() — what is on top of the stack?,Stack is empty,32,84,11,A) Stack is empty,Following LIFO order through these operations leaves Stack is empty on top of the stack.,Algorithms & Data Structures,Stacks
A queue starts empty. After performing: enqueue(75); dequeue(); enqueue(3); dequeue(); enqueue(47); dequeue() — what is at the front of the queue?,80,88,Queue is empty,15,C) Queue is empty,Following FIFO order through these operations leaves Queue is empty at the front of the queue.,Algorithms & Data Structures,Queues
"Using linear search, what is the index (0-based) of 69 in the array [50, 70, 119, 94, 69, 131]?",4,7,6,1,A) 4,"Linear search checks each element in order; 69 is found at index 4 (0-based) in [50, 70, 119, 94, 69, 131].",Algorithms & Data Structures,Searching
"Using linear search, what is the index (0-based) of 117 in the array [149, 88, 65, 4, 117, 49, 179, 108]?",1,7,6,4,D) 4,"Linear search checks each element in order; 117 is found at index 4 (0-based) in [149, 88, 65, 4, 117, 49, 179, 108].",Algorithms & Data Structures,Searching
A stack starts empty. After performing: push(1); push(60); pop(); pop(); push(94) — what is on top of the stack?,33,63,33,94,D) 94,Following LIFO order through these operations leaves 94 on top of the stack.,Algorithms & Data Structures,Stacks
A queue starts empty. After performing: enqueue(9); enqueue(8); enqueue(64); dequeue(); dequeue() — what is at the front of the queue?,83,78,64,10,C) 64,Following FIFO order through these operations leaves 64 at the front of the queue.,Algorithms & Data Structures,Queues
A stack starts empty. After performing: push(82); push(92); pop(); push(76); push(77); push(97) — what is on top of the stack?,74,28,10,97,D) 97,Following LIFO order through these operations leaves 97 on top of the stack.,Algorithms & Data Structures,Stacks
"Using binary search on the sorted array [1, 25, 64, 67, 136, 139, 165, 236, 257, 323, 349, 442, 450, 461, 475], how many comparisons are needed to find 450?",4,5,2,3,A) 4,Binary search halves the search space each comparison; finding 450 in this array takes 4 comparison(s).,Algorithms & Data Structures,Searching
A queue starts empty. After performing: enqueue(15); enqueue(48); dequeue(); dequeue() — what is at the front of the queue?,16,88,Queue is empty,62,C) Queue is empty,Following FIFO order through these operations leaves Queue is empty at the front of the queue.,Algorithms & Data Structures,Queues
"Using binary search on the sorted array [15, 47, 72, 73, 84, 93, 97, 108, 132, 202, 207, 224, 228, 266, 276, 284, 301, 304, 305, 328, 359, 375, 395, 410, 420, 443, 467, 472, 473, 475, 484], how many comparisons are needed to find 420?",5,4,7,6,A) 5,Binary search halves the search space each comparison; finding 420 in this array takes 5 comparison(s).,Algorithms & Data Structures,Searching
"Using linear search, what is the index (0-based) of 186 in the array [119, 49, 186, 68, 193, 141, 114, 128, 131]?",2,4,1,0,A) 2,"Linear search checks each element in order; 186 is found at index 2 (0-based) in [119, 49, 186, 68, 193, 141, 114, 128, 131].",Algorithms & Data Structures,Searching
"Using binary search on the sorted array [36, 68, 150, 192, 391, 394, 481], how many comparisons are needed to find 394?",3,4,1,2,D) 2,Binary search halves the search space each comparison; finding 394 in this array takes 2 comparison(s).,Algorithms & Data Structures,Searching
"After one full pass of bubble sort on the array [24, 17, 39, 42, 50], what does the array look like?","[50, 42, 39, 17, 24]","[24, 17, 39, 42, 50]","[17, 24, 39, 42, 50]","[17, 24, 39, 42, 50]","C) [17, 24, 39, 42, 50]","In one pass of bubble sort, each pair of adjacent elements is compared and swapped if out of order, resulting in [17, 24, 39, 42, 50].",Algorithms & Data Structures,Sorting
"After one full pass of bubble sort on the array [71, 28, 82, 54, 74, 88], what does the array look like?","[28, 54, 71, 74, 82, 88]","[28, 71, 54, 74, 82, 88]","[71, 28, 82, 54, 74, 88]","[88, 74, 54, 82, 28, 71]","B) [28, 71, 54, 74, 82, 88]","In one pass of bubble sort, each pair of adjacent elements is compared and swapped if out of order, resulting in [28, 71, 54, 74, 82, 88].",Algorithms & Data Structures,Sorting
"After one full pass of bubble sort on the array [82, 44, 73, 60], what does the array look like?","[60, 73, 44, 82]","[44, 60, 73, 82]","[82, 44, 73, 60]","[44, 73, 60, 82]","D) [44, 73, 60, 82]","In one pass of bubble sort, each pair of adjacent elements is compared and swapped if out of order, resulting in [44, 73, 60, 82].",Algorithms & Data Structures,Sorting
"Using linear search, what is the index (0-based) of 80 in the array [80, 91, 98, 117, 104, 58, 185, 180]?",3,2,1,0,D) 0,"Linear search checks each element in order; 80 is found at index 0 (0-based) in [80, 91, 98, 117, 104, 58, 185, 180].",Algorithms & Data Structures,Searching
"Using linear search, what is the index (0-based) of 162 in the array [162, 118, 150, 121, 179]?",0,3,1,2,A) 0,"Linear search checks each element in order; 162 is found at index 0 (0-based) in [162, 118, 150, 121, 179].",Algorithms & Data Structures,Searching
A stack starts empty. After performing: push(95); push(4); push(26); push(93); push(94); pop() — what is on top of the stack?,17,37,93,6,C) 93,Following LIFO order through these operations leaves 93 on top of the stack.,Algorithms & Data Structures,Stacks
"Using binary search on the sorted array [11, 86, 96, 126, 245, 417, 440], how many comparisons are needed to find 245?",1,3,2,5,B) 3,Binary search halves the search space each comparison; finding 245 in this array takes 3 comparison(s).,Algorithms & Data Structures,Searching
"After one full pass of bubble sort on the array [3, 42, 35, 24, 97], what does the array look like?","[3, 24, 35, 42, 97]","[3, 35, 24, 42, 97]","[97, 24, 35, 42, 3]","[3, 42, 35, 24, 97]","B) [3, 35, 24, 42, 97]","In one pass of bubble sort, each pair of adjacent elements is compared and swapped if out of order, resulting in [3, 35, 24, 42, 97].",Algorithms & Data Structures,Sorting
A queue starts empty. After performing: enqueue(51); enqueue(37); enqueue(48); dequeue(); enqueue(46) — what is at the front of the queue?,87,37,77,99,B) 37,Following FIFO order through these operations leaves 37 at the front of the queue.,Algorithms & Data Structures,Queues
"Using linear search, what is the index (0-based) of 124 in the array [63, 121, 130, 61, 43, 14, 2, 124, 10, 129, 112]?",7,8,5,9,A) 7,"Linear search checks each element in order; 124 is found at index 7 (0-based) in [63, 121, 130, 61, 43, 14, 2, 124, 10, 129, 112].",Algorithms & Data Structures,Searching
A queue starts empty. After performing: enqueue(64); enqueue(51); enqueue(45); dequeue() — what is at the front of the queue?,88,51,30,64,B) 51,Following FIFO order through these operations leaves 51 at the front of the queue.,Algorithms & Data Structures,Queues
A queue starts empty. After performing: enqueue(58); enqueue(80); dequeue(); dequeue(); enqueue(68); dequeue() — what is at the front of the queue?,18,38,92,Queue is empty,D) Queue is empty,Following FIFO order through these operations leaves Queue is empty at the front of the queue.,Algorithms & Data Structures,Queues
"Using binary search on the sorted array [10, 35, 43, 54, 66, 73, 85, 102, 135, 183, 187, 194, 209, 239, 242, 253, 257, 270, 284, 312, 315, 373, 374, 379, 393, 425, 429, 438, 476, 484, 489], how many comparisons are needed to find 429?",4,6,5,3,C) 5,Binary search halves the search space each comparison; finding 429 in this array takes 5 comparison(s).,Algorithms & Data Structures,Searching
"Using binary search on the sorted array [16, 33, 40, 45, 55, 58, 95, 100, 124, 127, 186, 198, 202, 214, 245, 247, 279, 297, 298, 309, 318, 320, 323, 335, 367, 416, 441, 457, 470, 471, 489], how many comparisons are needed to find 202?",6,4,3,5,D) 5,Binary search halves the search space each comparison; finding 202 in this array takes 5 comparison(s).,Algorithms & Data Structures,Searching
A stack starts empty. After performing: push(2); pop(); push(88); pop(); push(97) — what is on top of the stack?,44,97,4,20,B) 97,Following LIFO order through these operations leaves 97 on top of the stack.,Algorithms & Data Structures,Stacks
A queue starts empty. After performing: enqueue(5); dequeue(); enqueue(49); enqueue(41); enqueue(14); enqueue(94) — what is at the front of the queue?,16,53,49,16,C) 49,Following FIFO order through these operations leaves 49 at the front of the queue.,Algorithms & Data Structures,Queues
A stack starts empty. After performing: push(17); push(3); push(53); push(29); push(24); push(38) — what is on top of the stack?,38,59,68,13,A) 38,Following LIFO order through these operations leaves 38 on top of the stack.,Algorithms & Data Structures,Stacks
"Using linear search, what is the index (0-based) of 62 in the array [39, 141, 62, 33, 156, 74]?",5,2,0,4,B) 2,"Linear search checks each element in order; 62 is found at index 2 (0-based) in [39, 141, 62, 33, 156, 74].",Algorithms & Data Structures,Searching
Which of the following best describes enqueue?,A linear data structure where elements are linked using pointers,The topmost node in a tree data structure,A hierarchical data structure with nodes connected by edges,An operation that adds an element to the back of a queue,D) An operation that adds an element to the back of a queue,Enqueue is a queue operation that adds a new element to the back (rear) of the queue.,Algorithms & Data Structures,Queues
"Using binary search on the sorted array [1, 4, 35, 39, 60, 65, 95, 101, 105, 106, 111, 175, 186, 196, 198, 200, 225, 256, 292, 311, 325, 352, 376, 383, 410, 432, 459, 467, 471, 477, 480], how many comparisons are needed to find 459?",5,7,3,6,A) 5,Binary search halves the search space each comparison; finding 459 in this array takes 5 comparison(s).,Algorithms & Data Structures,Searching
"Using binary search on the sorted array [43, 57, 63, 127, 175, 240, 246, 287, 311, 339, 345, 353, 374, 426, 486], how many comparisons are needed to find 43?",3,2,5,4,D) 4,Binary search halves the search space each comparison; finding 43 in this array takes 4 comparison(s).,Algorithms & Data Structures,Searching
"Using binary search on the sorted array [7, 52, 88, 106, 115, 121, 152, 237, 333, 362, 446, 448, 472, 474, 486], how many comparisons are needed to find 448?",4,2,1,3,B) 2,Binary search halves the search space each comparison; finding 448 in this array takes 2 comparison(s).,Algorithms & Data Structures,Searching
A queue starts empty. After performing: enqueue(52); enqueue(77); enqueue(37); enqueue(28); enqueue(29) — what is at the front of the queue?,83,45,56,52,D) 52,Following FIFO order through these operations leaves 52 at the front of the queue.,Algorithms & Data Structures,Queues
A queue starts empty. After performing: enqueue(21); dequeue(); enqueue(41); dequeue() — what is at the front of the queue?,88,Queue is empty,73,81,B) Queue is empty,Following FIFO order through these operations leaves Queue is empty at the front of the queue.,Algorithms & Data Structures,Queues
What is a binary tree?,A tree data structure in which each node has at most two children,A notation used to describe the upper bound of an algorithm's complexity,A simple sorting algorithm that repeatedly swaps adjacent elements if out of order,An operation that removes the top element from a stack,A) A tree data structure in which each node has at most two children,"A binary tree is a tree data structure where each node has at most two children, referred to as left and right.",Algorithms & Data Structures,Trees
A stack starts empty. After performing: push(36); pop(); push(92); push(48) — what is on top of the stack?,84,45,48,51,C) 48,Following LIFO order through these operations leaves 48 on top of the stack.,Algorithms & Data Structures,Stacks
A queue starts empty. After performing: enqueue(15); enqueue(44); dequeue(); enqueue(75); dequeue() — what is at the front of the queue?,39,95,74,75,D) 75,Following FIFO order through these operations leaves 75 at the front of the queue.,Algorithms & Data Structures,Queues
"Using binary search on the sorted array [26, 56, 63, 84, 100, 112, 117, 121, 126, 157, 176, 187, 193, 200, 208, 209, 236, 281, 291, 295, 309, 330, 350, 352, 423, 432, 437, 452, 461, 483, 498], how many comparisons are needed to find 157?",6,5,4,2,C) 4,Binary search halves the search space each comparison; finding 157 in this array takes 4 comparison(s).,Algorithms & Data Structures,Searching
"After one full pass of bubble sort on the array [69, 44, 64, 99, 1], what does the array look like?","[44, 64, 69, 1, 99]","[1, 99, 64, 44, 69]","[1, 44, 64, 69, 99]","[69, 44, 64, 99, 1]","A) [44, 64, 69, 1, 99]","In one pass of bubble sort, each pair of adjacent elements is compared and swapped if out of order, resulting in [44, 64, 69, 1, 99].",Algorithms & Data Structures,Sorting
A stack starts empty. After performing: push(23); push(23); push(44); pop() — what is on top of the stack?,1,12,23,17,C) 23,Following LIFO order through these operations leaves 23 on top of the stack.,Algorithms & Data Structures,Stacks
"Using binary search on the sorted array [1, 202, 219, 281, 313, 344, 462], how many comparisons are needed to find 313?",3,5,4,2,A) 3,Binary search halves the search space each comparison; finding 313 in this array takes 3 comparison(s).,Algorithms & Data Structures,Searching
"Using linear search, what is the index (0-based) of 71 in the array [74, 116, 117, 104, 156, 49, 71, 140, 146, 172]?",6,3,9,4,A) 6,"Linear search checks each element in order; 71 is found at index 6 (0-based) in [74, 116, 117, 104, 156, 49, 71, 140, 146, 172].",Algorithms & Data Structures,Searching
A stack starts empty. After performing: push(43); pop(); push(85); push(41); push(62); push(12) — what is on top of the stack?,44,12,29,58,B) 12,Following LIFO order through these operations leaves 12 on top of the stack.,Algorithms & Data Structures,Stacks
"Using linear search, what is the index (0-based) of 133 in the array [46, 98, 58, 103, 180, 170, 133, 33, 169, 179, 44, 52]?",3,4,6,9,C) 6,"Linear search checks each element in order; 133 is found at index 6 (0-based) in [46, 98, 58, 103, 180, 170, 133, 33, 169, 179, 44, 52].",Algorithms & Data Structures,Searching
"After one full pass of bubble sort on the array [69, 51, 57, 41, 15, 63, 4], what does the array look like?","[4, 15, 41, 51, 57, 63, 69]","[4, 63, 15, 41, 57, 51, 69]","[69, 51, 57, 41, 15, 63, 4]","[51, 57, 41, 15, 63, 4, 69]","D) [51, 57, 41, 15, 63, 4, 69]","In one pass of bubble sort, each pair of adjacent elements is compared and swapped if out of order, resulting in [51, 57, 41, 15, 63, 4, 69].",Algorithms & Data Structures,Sorting
"After one full pass of bubble sort on the array [58, 21, 17, 12, 79, 22], what does the array look like?","[12, 17, 21, 22, 58, 79]","[21, 17, 12, 58, 22, 79]","[58, 21, 17, 12, 79, 22]","[22, 79, 12, 17, 21, 58]","B) [21, 17, 12, 58, 22, 79]","In one pass of bubble sort, each pair of adjacent elements is compared and swapped if out of order, resulting in [21, 17, 12, 58, 22, 79].",Algorithms & Data Structures,Sorting
"Using linear search, what is the index (0-based) of 61 in the array [138, 95, 133, 157, 82, 61, 126]?",2,5,4,7,B) 5,"Linear search checks each element in order; 61 is found at index 5 (0-based) in [138, 95, 133, 157, 82, 61, 126].",Algorithms & Data Structures,Searching
A queue starts empty. After performing: enqueue(12); enqueue(1); enqueue(94); enqueue(30); dequeue(); enqueue(87) — what is at the front of the queue?,26,53,1,36,C) 1,Following FIFO order through these operations leaves 1 at the front of the queue.,Algorithms & Data Structures,Queues
"Using binary search on the sorted array [31, 42, 47, 56, 74, 82, 91, 92, 102, 111, 114, 140, 150, 159, 171, 194, 228, 229, 235, 308, 324, 336, 341, 342, 371, 384, 388, 434, 452, 460, 495], how many comparisons are needed to find 91?",3,6,4,5,D) 5,Binary search halves the search space each comparison; finding 91 in this array takes 5 comparison(s).,Algorithms & Data Structures,Searching
"Using linear search, what is the index (0-based) of 73 in the array [152, 30, 73, 188, 179, 75, 28, 22, 102, 156]?",3,1,0,2,D) 2,"Linear search checks each element in order; 73 is found at index 2 (0-based) in [152, 30, 73, 188, 179, 75, 28, 22, 102, 156].",Algorithms & Data Structures,Searching
"Using binary search on the sorted array [12, 32, 41, 44, 59, 61, 72, 73, 76, 77, 149, 158, 207, 226, 229, 242, 256, 264, 266, 276, 329, 330, 340, 396, 397, 478, 485, 491, 495, 496, 498], how many comparisons are needed to find 158?",1,5,3,2,C) 3,Binary search halves the search space each comparison; finding 158 in this array takes 3 comparison(s).,Algorithms & Data Structures,Searching
"Using binary search on the sorted array [25, 122, 327, 388, 393, 433, 468], how many comparisons are needed to find 122?",2,1,4,3,A) 2,Binary search halves the search space each comparison; finding 122 in this array takes 2 comparison(s).,Algorithms & Data Structures,Searching
A queue starts empty. After performing: enqueue(2); dequeue(); enqueue(13); enqueue(29) — what is at the front of the queue?,99,62,55,13,D) 13,Following FIFO order through these operations leaves 13 at the front of the queue.,Algorithms & Data Structures,Queues
"Using binary search on the sorted array [45, 82, 117, 195, 213, 241, 242, 276, 279, 299, 302, 324, 362, 378, 498], how many comparisons are needed to find 276?",2,1,3,4,B) 1,Binary search halves the search space each comparison; finding 276 in this array takes 1 comparison(s).,Algorithms & Data Structures,Searching
"Using linear search, what is the index (0-based) of 48 in the array [23, 168, 50, 38, 74, 48, 27, 76]?",5,8,2,6,A) 5,"Linear search checks each element in order; 48 is found at index 5 (0-based) in [23, 168, 50, 38, 74, 48, 27, 76].",Algorithms & Data Structures,Searching
"After one full pass of bubble sort on the array [50, 49, 47, 41, 87, 79, 4], what does the array look like?","[49, 47, 41, 50, 79, 4, 87]","[4, 79, 87, 41, 47, 49, 50]","[4, 41, 47, 49, 50, 79, 87]","[50, 49, 47, 41, 87, 79, 4]","A) [49, 47, 41, 50, 79, 4, 87]","In one pass of bubble sort, each pair of adjacent elements is compared and swapped if out of order, resulting in [49, 47, 41, 50, 79, 4, 87].",Algorithms & Data Structures,Sorting
A queue starts empty. After performing: enqueue(74); dequeue(); enqueue(74); dequeue(); enqueue(13); dequeue() — what is at the front of the queue?,58,24,Queue is empty,23,C) Queue is empty,Following FIFO order through these operations leaves Queue is empty at the front of the queue.,Algorithms & Data Structures,Queues
"Using binary search on the sorted array [36, 45, 64, 73, 98, 109, 110, 113, 133, 147, 151, 178, 192, 213, 218, 222, 257, 264, 267, 278, 329, 335, 345, 358, 383, 404, 432, 433, 450, 453, 490], how many comparisons are needed to find 192?",5,7,6,4,A) 5,Binary search halves the search space each comparison; finding 192 in this array takes 5 comparison(s).,Algorithms & Data Structures,Searching
A stack starts empty. After performing: push(36); pop(); push(54); push(66); pop() — what is on top of the stack?,24,54,65,18,B) 54,Following LIFO order through these operations leaves 54 on top of the stack.,Algorithms & Data Structures,Stacks
A stack starts empty. After performing: push(3); push(47); pop(); pop() — what is on top of the stack?,57,Stack is empty,28,88,B) Stack is empty,Following LIFO order through these operations leaves Stack is empty on top of the stack.,Algorithms & Data Structures,Stacks
"Using linear search, what is the index (0-based) of 198 in the array [109, 198, 178, 100, 62, 122, 110, 126, 32]?",3,2,0,1,D) 1,"Linear search checks each element in order; 198 is found at index 1 (0-based) in [109, 198, 178, 100, 62, 122, 110, 126, 32].",Algorithms & Data Structures,Searching
Which of the following best describes a string (data structure)?,A sequence of characters treated as a single data item,A linear data structure where elements are linked using pointers,A technique where a function calls itself to solve a problem,A divide-and-conquer sorting algorithm that merges sorted subarrays,A) A sequence of characters treated as a single data item,"A string is a data structure representing a sequence of characters, often treated as an array of characters.",Algorithms & Data Structures,Strings
"Using linear search, what is the index (0-based) of 187 in the array [16, 140, 80, 156, 103, 74, 84, 82, 187]?",5,11,8,7,C) 8,"Linear search checks each element in order; 187 is found at index 8 (0-based) in [16, 140, 80, 156, 103, 74, 84, 82, 187].",Algorithms & Data Structures,Searching
"Using linear search, what is the index (0-based) of 37 in the array [5, 175, 25, 101, 152, 37, 124, 193, 165]?",4,7,5,3,C) 5,"Linear search checks each element in order; 37 is found at index 5 (0-based) in [5, 175, 25, 101, 152, 37, 124, 193, 165].",Algorithms & Data Structures,Searching
A queue starts empty. After performing: enqueue(50); dequeue(); enqueue(49); enqueue(91) — what is at the front of the queue?,21,21,85,49,D) 49,Following FIFO order through these operations leaves 49 at the front of the queue.,Algorithms & Data Structures,Queues
A queue starts empty. After performing: enqueue(25); enqueue(11); dequeue(); dequeue(); enqueue(20) — what is at the front of the queue?,8,53,20,25,C) 20,Following FIFO order through these operations leaves 20 at the front of the queue.,Algorithms & Data Structures,Queues
"Using linear search, what is the index (0-based) of 134 in the array [9, 160, 134, 127, 161, 56, 33, 100, 113, 145, 109]?",5,2,3,1,B) 2,"Linear search checks each element in order; 134 is found at index 2 (0-based) in [9, 160, 134, 127, 161, 56, 33, 100, 113, 145, 109].",Algorithms & Data Structures,Searching
What is Big O notation?,The topmost node in a tree data structure,A measure of how an algorithm's running time grows with input size,A technique where a function calls itself to solve a problem,A notation used to describe the upper bound of an algorithm's complexity,D) A notation used to describe the upper bound of an algorithm's complexity,Big O notation describes the worst-case upper bound of an algorithm's time or space complexity as input size grows.,Algorithms & Data Structures,Algorithm Complexity
A stack starts empty. After performing: push(68); pop(); push(5); push(51) — what is on top of the stack?,24,45,31,51,D) 51,Following LIFO order through these operations leaves 51 on top of the stack.,Algorithms & Data Structures,Stacks
"Using binary search on the sorted array [29, 273, 340, 418, 436, 460, 493], how many comparisons are needed to find 493?",2,1,3,5,C) 3,Binary search halves the search space each comparison; finding 493 in this array takes 3 comparison(s).,Algorithms & Data Structures,Searching
A queue starts empty. After performing: enqueue(1); dequeue(); enqueue(64); enqueue(22); dequeue() — what is at the front of the queue?,22,60,17,19,A) 22,Following FIFO order through these operations leaves 22 at the front of the queue.,Algorithms & Data Structures,Queues
"Using binary search on the sorted array [84, 163, 174, 177, 182, 193, 227, 250, 312, 345, 361, 406, 409, 449, 490], how many comparisons are needed to find 490?",2,4,3,6,B) 4,Binary search halves the search space each comparison; finding 490 in this array takes 4 comparison(s).,Algorithms & Data Structures,Searching
"After one full pass of bubble sort on the array [90, 69, 58, 41, 68], what does the array look like?","[68, 41, 58, 69, 90]","[90, 69, 58, 41, 68]","[41, 58, 68, 69, 90]","[69, 58, 41, 68, 90]","D) [69, 58, 41, 68, 90]","In one pass of bubble sort, each pair of adjacent elements is compared and swapped if out of order, resulting in [69, 58, 41, 68, 90].",Algorithms & Data Structures,Sorting
"Using linear search, what is the index (0-based) of 176 in the array [47, 156, 176, 187, 42, 26, 17, 174, 15, 111]?",1,3,2,5,C) 2,"Linear search checks each element in order; 176 is found at index 2 (0-based) in [47, 156, 176, 187, 42, 26, 17, 174, 15, 111].",Algorithms & Data Structures,Searching
A stack starts empty. After performing: push(56); pop(); push(62); push(24) — what is on top of the stack?,20,24,14,59,B) 24,Following LIFO order through these operations leaves 24 on top of the stack.,Algorithms & Data Structures,Stacks
"Using binary search on the sorted array [45, 54, 103, 105, 119, 120, 141, 218, 245, 376, 392, 413, 425, 447, 482], how many comparisons are needed to find 245?",4,2,3,5,A) 4,Binary search halves the search space each comparison; finding 245 in this array takes 4 comparison(s).,Algorithms & Data Structures,Searching
"After one full pass of bubble sort on the array [62, 11, 93, 27, 98], what does the array look like?","[62, 11, 93, 27, 98]","[11, 62, 27, 93, 98]","[11, 27, 62, 93, 98]","[98, 27, 93, 11, 62]","B) [11, 62, 27, 93, 98]","In one pass of bubble sort, each pair of adjacent elements is compared and swapped if out of order, resulting in [11, 62, 27, 93, 98].",Algorithms & Data Structures,Sorting
A stack starts empty. After performing: push(9); push(38); push(8); pop() — what is on top of the stack?,67,35,36,38,D) 38,Following LIFO order through these operations leaves 38 on top of the stack.,Algorithms & Data Structures,Stacks
"Using binary search on the sorted array [156, 157, 158, 462, 474, 483, 492], how many comparisons are needed to find 462?",3,1,4,2,B) 1,Binary search halves the search space each comparison; finding 462 in this array takes 1 comparison(s).,Algorithms & Data Structures,Searching
"After one full pass of bubble sort on the array [47, 10, 5, 15], what does the array look like?","[47, 10, 5, 15]","[15, 5, 10, 47]","[5, 10, 15, 47]","[10, 5, 15, 47]","D) [10, 5, 15, 47]","In one pass of bubble sort, each pair of adjacent elements is compared and swapped if out of order, resulting in [10, 5, 15, 47].",Algorithms & Data Structures,Sorting
A stack starts empty. After performing: push(45); push(32); push(4); pop() — what is on top of the stack?,34,18,32,47,C) 32,Following LIFO order through these operations leaves 32 on top of the stack.,Algorithms & Data Structures,Stacks
"Using binary search on the sorted array [4, 6, 13, 40, 46, 54, 55, 62, 84, 96, 97, 98, 134, 162, 203, 217, 221, 230, 232, 255, 258, 272, 333, 363, 371, 392, 401, 428, 449, 462, 477], how many comparisons are needed to find 40?",1,4,3,5,C) 3,Binary search halves the search space each comparison; finding 40 in this array takes 3 comparison(s).,Algorithms & Data Structures,Searching
"Using binary search on the sorted array [5, 9, 40, 64, 100, 116, 118, 128, 138, 143, 145, 150, 169, 203, 218, 241, 270, 274, 275, 285, 294, 369, 373, 375, 384, 385, 395, 398, 400, 436, 441], how many comparisons are needed to find 294?",3,7,5,6,C) 5,Binary search halves the search space each comparison; finding 294 in this array takes 5 comparison(s).,Algorithms & Data Structures,Searching
"After one full pass of bubble sort on the array [59, 1, 67, 57], what does the array look like?","[1, 59, 57, 67]","[1, 57, 59, 67]","[57, 67, 1, 59]","[59, 1, 67, 57]","A) [1, 59, 57, 67]","In one pass of bubble sort, each pair of adjacent elements is compared and swapped if out of order, resulting in [1, 59, 57, 67].",Algorithms & Data Structures,Sorting
"Using binary search on the sorted array [19, 77, 101, 110, 302, 416, 460], how many comparisons are needed to find 302?",2,1,5,3,D) 3,Binary search halves the search space each comparison; finding 302 in this array takes 3 comparison(s).,Algorithms & Data Structures,Searching
A queue starts empty. After performing: enqueue(28); enqueue(82); enqueue(36); enqueue(93); enqueue(81); dequeue() — what is at the front of the queue?,71,3,82,19,C) 82,Following FIFO order through these operations leaves 82 at the front of the queue.,Algorithms & Data Structures,Queues
"Using linear search, what is the index (0-based) of 116 in the array [24, 131, 115, 18, 143, 60, 116]?",4,3,9,6,D) 6,"Linear search checks each element in order; 116 is found at index 6 (0-based) in [24, 131, 115, 18, 143, 60, 116].",Algorithms & Data Structures,Searching
"After one full pass of bubble sort on the array [41, 74, 91, 51], what does the array look like?","[41, 74, 51, 91]","[51, 91, 74, 41]","[41, 51, 74, 91]","[41, 74, 91, 51]","A) [41, 74, 51, 91]","In one pass of bubble sort, each pair of adjacent elements is compared and swapped if out of order, resulting in [41, 74, 51, 91].",Algorithms & Data Structures,Sorting
A stack starts empty. After performing: push(37); push(74); push(39); push(17) — what is on top of the stack?,7,17,37,52,B) 17,Following LIFO order through these operations leaves 17 on top of the stack.,Algorithms & Data Structures,Stacks
A stack starts empty. After performing: push(23); push(9); pop(); pop() — what is on top of the stack?,54,Stack is empty,85,84,B) Stack is empty,Following LIFO order through these operations leaves Stack is empty on top of the stack.,Algorithms & Data Structures,Stacks
"After one full pass of bubble sort on the array [23, 92, 36, 38, 55], what does the array look like?","[23, 36, 38, 55, 92]","[23, 36, 38, 55, 92]","[55, 38, 36, 92, 23]","[23, 92, 36, 38, 55]","A) [23, 36, 38, 55, 92]","In one pass of bubble sort, each pair of adjacent elements is compared and swapped if out of order, resulting in [23, 36, 38, 55, 92].",Algorithms & Data Structures,Sorting
"Using linear search, what is the index (0-based) of 127 in the array [75, 127, 28, 135, 121, 157, 125, 82, 171, 9, 38]?",3,1,2,4,B) 1,"Linear search checks each element in order; 127 is found at index 1 (0-based) in [75, 127, 28, 135, 121, 157, 125, 82, 171, 9, 38].",Algorithms & Data Structures,Searching
A stack starts empty. After performing: push(51); pop(); push(82); pop(); push(20) — what is on top of the stack?,20,1,1,31,A) 20,Following LIFO order through these operations leaves 20 on top of the stack.,Algorithms & Data Structures,Stacks
"Using binary search on the sorted array [1, 24, 29, 64, 147, 175, 186, 191, 303, 335, 439, 447, 488, 493, 496], how many comparisons are needed to find 186?",4,6,3,5,A) 4,Binary search halves the search space each comparison; finding 186 in this array takes 4 comparison(s).,Algorithms & Data Structures,Searching
"Using linear search, what is the index (0-based) of 157 in the array [184, 112, 171, 157, 128]?",6,1,5,3,D) 3,"Linear search checks each element in order; 157 is found at index 3 (0-based) in [184, 112, 171, 157, 128].",Algorithms & Data Structures,Searching
A stack starts empty. After performing: push(67); push(63); push(42); pop(); push(22) — what is on top of the stack?,94,8,5,22,D) 22,Following LIFO order through these operations leaves 22 on top of the stack.,Algorithms & Data Structures,Stacks
A stack starts empty. After performing: push(30); push(70); pop(); push(4); pop() — what is on top of the stack?,30,50,85,92,A) 30,Following LIFO order through these operations leaves 30 on top of the stack.,Algorithms & Data Structures,Stacks
"After one full pass of bubble sort on the array [36, 98, 57, 84, 1, 52], what does the array look like?","[52, 1, 84, 57, 98, 36]","[36, 98, 57, 84, 1, 52]","[1, 36, 52, 57, 84, 98]","[36, 57, 84, 1, 52, 98]","D) [36, 57, 84, 1, 52, 98]","In one pass of bubble sort, each pair of adjacent elements is compared and swapped if out of order, resulting in [36, 57, 84, 1, 52, 98].",Algorithms & Data Structures,Sorting
"After one full pass of bubble sort on the array [33, 81, 4, 70, 99, 55, 26], what does the array look like?","[33, 81, 4, 70, 99, 55, 26]","[4, 26, 33, 55, 70, 81, 99]","[33, 4, 70, 81, 55, 26, 99]","[26, 55, 99, 70, 4, 81, 33]","C) [33, 4, 70, 81, 55, 26, 99]","In one pass of bubble sort, each pair of adjacent elements is compared and swapped if out of order, resulting in [33, 4, 70, 81, 55, 26, 99].",Algorithms & Data Structures,Sorting
"After one full pass of bubble sort on the array [40, 27, 72, 10, 25, 92, 4], what does the array look like?","[4, 92, 25, 10, 72, 27, 40]","[40, 27, 72, 10, 25, 92, 4]","[27, 40, 10, 25, 72, 4, 92]","[4, 10, 25, 27, 40, 72, 92]","C) [27, 40, 10, 25, 72, 4, 92]","In one pass of bubble sort, each pair of adjacent elements is compared and swapped if out of order, resulting in [27, 40, 10, 25, 72, 4, 92].",Algorithms & Data Structures,Sorting
"Using linear search, what is the index (0-based) of 94 in the array [85, 94, 153, 75, 141, 101, 131, 78, 115]?",1,2,0,3,A) 1,"Linear search checks each element in order; 94 is found at index 1 (0-based) in [85, 94, 153, 75, 141, 101, 131, 78, 115].",Algorithms & Data Structures,Searching
"Using binary search on the sorted array [14, 18, 21, 47, 65, 68, 70, 76, 105, 123, 126, 150, 176, 209, 214, 217, 220, 232, 237, 258, 328, 334, 336, 343, 413, 432, 444, 448, 488, 492, 496], how many comparisons are needed to find 220?",4,6,7,5,D) 5,Binary search halves the search space each comparison; finding 220 in this array takes 5 comparison(s).,Algorithms & Data Structures,Searching
"Using linear search, what is the index (0-based) of 131 in the array [61, 17, 159, 44, 106, 131, 88, 38, 104, 168, 6]?",3,7,2,5,D) 5,"Linear search checks each element in order; 131 is found at index 5 (0-based) in [61, 17, 159, 44, 106, 131, 88, 38, 104, 168, 6].",Algorithms & Data Structures,Searching
"Using linear search, what is the index (0-based) of 73 in the array [131, 86, 73, 79, 3]?",4,0,5,2,D) 2,"Linear search checks each element in order; 73 is found at index 2 (0-based) in [131, 86, 73, 79, 3].",Algorithms & Data Structures,Searching
"Using linear search, what is the index (0-based) of 142 in the array [77, 84, 121, 191, 142, 116]?",7,4,2,6,B) 4,"Linear search checks each element in order; 142 is found at index 4 (0-based) in [77, 84, 121, 191, 142, 116].",Algorithms & Data Structures,Searching
"Using linear search, what is the index (0-based) of 112 in the array [185, 181, 175, 168, 130, 99, 96, 17, 112, 82, 171, 11]?",11,10,6,8,D) 8,"Linear search checks each element in order; 112 is found at index 8 (0-based) in [185, 181, 175, 168, 130, 99, 96, 17, 112, 82, 171, 11].",Algorithms & Data Structures,Searching
A queue starts empty. After performing: enqueue(16); enqueue(14); dequeue(); enqueue(69); dequeue(); dequeue() — what is at the front of the queue?,74,35,Queue is empty,12,C) Queue is empty,Following FIFO order through these operations leaves Queue is empty at the front of the queue.,Algorithms & Data Structures,Queues
"Using binary search on the sorted array [14, 25, 35, 68, 79, 83, 113, 148, 162, 175, 191, 196, 211, 217, 238, 295, 303, 311, 317, 355, 372, 375, 383, 388, 390, 422, 437, 456, 462, 497, 499], how many comparisons are needed to find 79?",6,5,3,4,B) 5,Binary search halves the search space each comparison; finding 79 in this array takes 5 comparison(s).,Algorithms & Data Structures,Searching
"Using binary search on the sorted array [21, 51, 57, 65, 70, 79, 90, 108, 118, 132, 151, 196, 202, 213, 222, 287, 295, 301, 347, 367, 371, 391, 393, 425, 428, 437, 451, 459, 472, 474, 485], how many comparisons are needed to find 108?",1,2,4,3,B) 2,Binary search halves the search space each comparison; finding 108 in this array takes 2 comparison(s).,Algorithms & Data Structures,Searching
"Using linear search, what is the index (0-based) of 100 in the array [112, 116, 179, 100, 104]?",5,4,3,2,C) 3,"Linear search checks each element in order; 100 is found at index 3 (0-based) in [112, 116, 179, 100, 104].",Algorithms & Data Structures,Searching
"Using binary search on the sorted array [82, 106, 114, 127, 144, 215, 224, 237, 238, 260, 272, 278, 293, 307, 317, 328, 332, 344, 366, 392, 397, 400, 402, 414, 421, 429, 435, 441, 443, 447, 451], how many comparisons are needed to find 328?",1,2,3,4,A) 1,Binary search halves the search space each comparison; finding 328 in this array takes 1 comparison(s).,Algorithms & Data Structures,Searching
"Using linear search, what is the index (0-based) of 167 in the array [101, 134, 140, 57, 65, 167, 142, 125, 111, 6, 85, 39]?",4,5,7,6,B) 5,"Linear search checks each element in order; 167 is found at index 5 (0-based) in [101, 134, 140, 57, 65, 167, 142, 125, 111, 6, 85, 39].",Algorithms & Data Structures,Searching
A queue starts empty. After performing: enqueue(11); enqueue(29); dequeue(); enqueue(37) — what is at the front of the queue?,7,8,4,29,D) 29,Following FIFO order through these operations leaves 29 at the front of the queue.,Algorithms & Data Structures,Queues
A queue starts empty. After performing: enqueue(15); enqueue(9); enqueue(43); enqueue(54) — what is at the front of the queue?,23,11,16,15,D) 15,Following FIFO order through these operations leaves 15 at the front of the queue.,Algorithms & Data Structures,Queues
"Using binary search on the sorted array [7, 15, 20, 64, 97, 98, 114, 153, 193, 198, 234, 243, 254, 258, 262, 269, 270, 272, 276, 279, 282, 295, 300, 302, 303, 351, 368, 399, 436, 444, 457], how many comparisons are needed to find 457?",6,5,4,3,B) 5,Binary search halves the search space each comparison; finding 457 in this array takes 5 comparison(s).,Algorithms & Data Structures,Searching
A stack starts empty. After performing: push(66); pop(); push(51); pop() — what is on top of the stack?,34,6,57,Stack is empty,D) Stack is empty,Following LIFO order through these operations leaves Stack is empty on top of the stack.,Algorithms & Data Structures,Stacks
"Using linear search, what is the index (0-based) of 22 in the array [22, 121, 147, 99, 74]?",2,0,1,3,B) 0,"Linear search checks each element in order; 22 is found at index 0 (0-based) in [22, 121, 147, 99, 74].",Algorithms & Data Structures,Searching
A queue starts empty. After performing: enqueue(88); dequeue(); enqueue(23); dequeue(); enqueue(86); dequeue() — what is at the front of the queue?,88,7,Queue is empty,7,C) Queue is empty,Following FIFO order through these operations leaves Queue is empty at the front of the queue.,Algorithms & Data Structures,Queues
Which of the following best describes dequeue?,A sorting algorithm that repeatedly selects the minimum element and places it in order,An operation that removes an element from the front of a queue,A data structure that follows First-In-First-Out (FIFO) order,A simple sorting algorithm that repeatedly swaps adjacent elements if out of order,B) An operation that removes an element from the front of a queue,Dequeue is a queue operation that removes and returns the element at the front of the queue.,Algorithms & Data Structures,Queues
What is a leaf node?,A sorting algorithm that repeatedly selects the minimum element and places it in order,A node in a tree with no children,A sorting algorithm that builds a sorted list one item at a time,The process of arranging data in a particular order,B) A node in a tree with no children,A leaf node is a node in a tree data structure that has no children.,Algorithms & Data Structures,Trees
A stack starts empty. After performing: push(9); push(83); push(85); pop(); push(17); pop() — what is on top of the stack?,69,24,83,43,C) 83,Following LIFO order through these operations leaves 83 on top of the stack.,Algorithms & Data Structures,Stacks
A stack starts empty. After performing: push(90); push(18); push(96); pop(); pop(); push(75) — what is on top of the stack?,87,30,75,7,C) 75,Following LIFO order through these operations leaves 75 on top of the stack.,Algorithms & Data Structures,Stacks
A stack starts empty. After performing: push(61); push(92); push(20); pop() — what is on top of the stack?,10,80,92,45,C) 92,Following LIFO order through these operations leaves 92 on top of the stack.,Algorithms & Data Structures,Stacks
"After one full pass of bubble sort on the array [59, 72, 73, 78, 35, 41], what does the array look like?","[35, 41, 59, 72, 73, 78]","[59, 72, 73, 35, 41, 78]","[59, 72, 73, 78, 35, 41]","[41, 35, 78, 73, 72, 59]","B) [59, 72, 73, 35, 41, 78]","In one pass of bubble sort, each pair of adjacent elements is compared and swapped if out of order, resulting in [59, 72, 73, 35, 41, 78].",Algorithms & Data Structures,Sorting
A stack starts empty. After performing: push(2); push(90); push(70); pop(); pop() — what is on top of the stack?,2,5,81,25,A) 2,Following LIFO order through these operations leaves 2 on top of the stack.,Algorithms & Data Structures,Stacks
"Using binary search on the sorted array [3, 35, 93, 238, 345, 354, 372], how many comparisons are needed to find 354?",4,2,1,3,B) 2,Binary search halves the search space each comparison; finding 354 in this array takes 2 comparison(s).,Algorithms & Data Structures,Searching
"After one full pass of bubble sort on the array [59, 9, 40, 29, 46, 48, 67], what does the array look like?","[9, 40, 29, 46, 48, 59, 67]","[9, 29, 40, 46, 48, 59, 67]","[59, 9, 40, 29, 46, 48, 67]","[67, 48, 46, 29, 40, 9, 59]","A) [9, 40, 29, 46, 48, 59, 67]","In one pass of bubble sort, each pair of adjacent elements is compared and swapped if out of order, resulting in [9, 40, 29, 46, 48, 59, 67].",Algorithms & Data Structures,Sorting
"Using linear search, what is the index (0-based) of 9 in the array [83, 103, 29, 110, 10, 9, 185]?",5,6,4,3,A) 5,"Linear search checks each element in order; 9 is found at index 5 (0-based) in [83, 103, 29, 110, 10, 9, 185].",Algorithms & Data Structures,Searching
A stack starts empty. After performing: push(45); push(40); push(27); push(72); push(77) — what is on top of the stack?,77,56,6,77,A) 77,Following LIFO order through these operations leaves 77 on top of the stack.,Algorithms & Data Structures,Stacks
"Using linear search, what is the index (0-based) of 132 in the array [157, 83, 16, 51, 132]?",2,4,1,7,B) 4,"Linear search checks each element in order; 132 is found at index 4 (0-based) in [157, 83, 16, 51, 132].",Algorithms & Data Structures,Searching
"Using linear search, what is the index (0-based) of 90 in the array [167, 2, 44, 87, 138, 31, 133, 90, 17]?",4,9,10,7,D) 7,"Linear search checks each element in order; 90 is found at index 7 (0-based) in [167, 2, 44, 87, 138, 31, 133, 90, 17].",Algorithms & Data Structures,Searching
A stack starts empty. After performing: push(84); push(72); push(64); push(83); push(5); pop() — what is on top of the stack?,89,83,90,23,B) 83,Following LIFO order through these operations leaves 83 on top of the stack.,Algorithms & Data Structures,Stacks
"After one full pass of bubble sort on the array [42, 31, 39, 79], what does the array look like?","[42, 31, 39, 79]","[31, 39, 42, 79]","[79, 39, 31, 42]","[31, 39, 42, 79]","B) [31, 39, 42, 79]","In one pass of bubble sort, each pair of adjacent elements is compared and swapped if out of order, resulting in [31, 39, 42, 79].",Algorithms & Data Structures,Sorting
"After one full pass of bubble sort on the array [31, 21, 19, 29, 16], what does the array look like?","[16, 19, 21, 29, 31]","[31, 21, 19, 29, 16]","[16, 29, 19, 21, 31]","[21, 19, 29, 16, 31]","D) [21, 19, 29, 16, 31]","In one pass of bubble sort, each pair of adjacent elements is compared and swapped if out of order, resulting in [21, 19, 29, 16, 31].",Algorithms & Data Structures,Sorting
A stack starts empty. After performing: push(69); push(88); push(36); pop() — what is on top of the stack?,25,87,88,60,C) 88,Following LIFO order through these operations leaves 88 on top of the stack.,Algorithms & Data Structures,Stacks
"Using binary search on the sorted array [7, 10, 40, 49, 68, 79, 101, 111, 133, 145, 153, 157, 162, 173, 179, 195, 199, 258, 276, 289, 302, 322, 342, 345, 360, 369, 387, 396, 400, 446, 449], how many comparisons are needed to find 360?",7,6,4,5,D) 5,Binary search halves the search space each comparison; finding 360 in this array takes 5 comparison(s).,Algorithms & Data Structures,Searching
Which of the following best describes time complexity?,A search algorithm that repeatedly divides a sorted list in half,A tree data structure in which each node has at most two children,A measure of how an algorithm's running time grows with input size,A measure of how much memory an algorithm requires relative to input size,C) A measure of how an algorithm's running time grows with input size,Time complexity describes how the running time of an algorithm increases as the size of its input increases.,Algorithms & Data Structures,Algorithm Complexity
A stack starts empty. After performing: push(32); push(98); push(95); push(90); push(23); push(57) — what is on top of the stack?,57,46,27,27,A) 57,Following LIFO order through these operations leaves 57 on top of the stack.,Algorithms & Data Structures,Stacks
"After one full pass of bubble sort on the array [29, 40, 46, 74, 33, 77], what does the array look like?","[29, 40, 46, 74, 33, 77]","[29, 40, 46, 33, 74, 77]","[77, 33, 74, 46, 40, 29]","[29, 33, 40, 46, 74, 77]","B) [29, 40, 46, 33, 74, 77]","In one pass of bubble sort, each pair of adjacent elements is compared and swapped if out of order, resulting in [29, 40, 46, 33, 74, 77].",Algorithms & Data Structures,Sorting
"After one full pass of bubble sort on the array [96, 97, 20, 67], what does the array look like?","[67, 20, 97, 96]","[96, 97, 20, 67]","[96, 20, 67, 97]","[20, 67, 96, 97]","C) [96, 20, 67, 97]","In one pass of bubble sort, each pair of adjacent elements is compared and swapped if out of order, resulting in [96, 20, 67, 97].",Algorithms & Data Structures,Sorting
A stack starts empty. After performing: push(71); push(8); push(74); push(98); pop() — what is on top of the stack?,99,41,82,74,D) 74,Following LIFO order through these operations leaves 74 on top of the stack.,Algorithms & Data Structures,Stacks
"Using binary search on the sorted array [4, 20, 69, 153, 212, 362, 488], how many comparisons are needed to find 488?",4,2,5,3,D) 3,Binary search halves the search space each comparison; finding 488 in this array takes 3 comparison(s).,Algorithms & Data Structures,Searching
A stack starts empty. After performing: push(54); push(28); pop(); push(94) — what is on top of the stack?,94,60,62,39,A) 94,Following LIFO order through these operations leaves 94 on top of the stack.,Algorithms & Data Structures,Stacks
A queue starts empty. After performing: enqueue(69); dequeue(); enqueue(52); dequeue(); enqueue(61) — what is at the front of the queue?,91,51,9,61,D) 61,Following FIFO order through these operations leaves 61 at the front of the queue.,Algorithms & Data Structures,Queues
A queue starts empty. After performing: enqueue(98); enqueue(11); enqueue(24); enqueue(88) — what is at the front of the queue?,77,98,46,11,B) 98,Following FIFO order through these operations leaves 98 at the front of the queue.,Algorithms & Data Structures,Queues
"Using linear search, what is the index (0-based) of 117 in the array [156, 112, 117, 29, 50, 6, 176, 44, 22]?",5,2,3,4,B) 2,"Linear search checks each element in order; 117 is found at index 2 (0-based) in [156, 112, 117, 29, 50, 6, 176, 44, 22].",Algorithms & Data Structures,Searching
"Using binary search on the sorted array [47, 203, 326, 376, 408, 480, 491], how many comparisons are needed to find 408?",3,5,1,2,A) 3,Binary search halves the search space each comparison; finding 408 in this array takes 3 comparison(s).,Algorithms & Data Structures,Searching
A stack starts empty. After performing: push(12); pop(); push(89); pop(); push(76); push(47) — what is on top of the stack?,94,47,5,70,B) 47,Following LIFO order through these operations leaves 47 on top of the stack.,Algorithms & Data Structures,Stacks
A stack starts empty. After performing: push(86); push(51); push(12); push(28); push(61); pop() — what is on top of the stack?,5,28,56,65,B) 28,Following LIFO order through these operations leaves 28 on top of the stack.,Algorithms & Data Structures,Stacks
"After one full pass of bubble sort on the array [44, 46, 56, 55, 23, 58, 32], what does the array look like?","[23, 32, 44, 46, 55, 56, 58]","[44, 46, 55, 23, 56, 32, 58]","[44, 46, 56, 55, 23, 58, 32]","[32, 58, 23, 55, 56, 46, 44]","B) [44, 46, 55, 23, 56, 32, 58]","In one pass of bubble sort, each pair of adjacent elements is compared and swapped if out of order, resulting in [44, 46, 55, 23, 56, 32, 58].",Algorithms & Data Structures,Sorting
"Using linear search, what is the index (0-based) of 34 in the array [111, 63, 133, 96, 101, 114, 130, 51, 113, 34, 145]?",8,10,9,11,C) 9,"Linear search checks each element in order; 34 is found at index 9 (0-based) in [111, 63, 133, 96, 101, 114, 130, 51, 113, 34, 145].",Algorithms & Data Structures,Searching
"Using binary search on the sorted array [17, 39, 65, 79, 109, 114, 163, 192, 223, 250, 280, 310, 368, 446, 469], how many comparisons are needed to find 469?",6,4,2,5,B) 4,Binary search halves the search space each comparison; finding 469 in this array takes 4 comparison(s).,Algorithms & Data Structures,Searching
A queue starts empty. After performing: enqueue(27); dequeue(); enqueue(28); enqueue(84) — what is at the front of the queue?,91,11,90,28,D) 28,Following FIFO order through these operations leaves 28 at the front of the queue.,Algorithms & Data Structures,Queues
A queue starts empty. After performing: enqueue(30); enqueue(42); dequeue(); dequeue() — what is at the front of the queue?,Queue is empty,83,62,94,A) Queue is empty,Following FIFO order through these operations leaves Queue is empty at the front of the queue.,Algorithms & Data Structures,Queues
A stack starts empty. After performing: push(3); pop(); push(93); pop(); push(86); push(88) — what is on top of the stack?,56,37,88,15,C) 88,Following LIFO order through these operations leaves 88 on top of the stack.,Algorithms & Data Structures,Stacks
"Using binary search on the sorted array [31, 153, 175, 177, 230, 309, 372], how many comparisons are needed to find 31?",1,2,3,4,C) 3,Binary search halves the search space each comparison; finding 31 in this array takes 3 comparison(s).,Algorithms & Data Structures,Searching
"Using linear search, what is the index (0-based) of 143 in the array [47, 18, 101, 12, 66, 171, 143, 137, 87, 23, 167]?",4,8,6,5,C) 6,"Linear search checks each element in order; 143 is found at index 6 (0-based) in [47, 18, 101, 12, 66, 171, 143, 137, 87, 23, 167].",Algorithms & Data Structures,Searching
A stack starts empty. After performing: push(41); push(77); pop(); push(88) — what is on top of the stack?,56,18,88,5,C) 88,Following LIFO order through these operations leaves 88 on top of the stack.,Algorithms & Data Structures,Stacks
A stack starts empty. After performing: push(92); push(20); pop(); push(54); push(6) — what is on top of the stack?,6,77,2,81,A) 6,Following LIFO order through these operations leaves 6 on top of the stack.,Algorithms & Data Structures,Stacks
"Using binary search on the sorted array [12, 85, 102, 116, 124, 164, 166, 291, 341, 362, 380, 390, 401, 465, 472], how many comparisons are needed to find 102?",5,4,6,3,B) 4,Binary search halves the search space each comparison; finding 102 in this array takes 4 comparison(s).,Algorithms & Data Structures,Searching
"After one full pass of bubble sort on the array [71, 2, 14, 47, 70, 94, 45], what does the array look like?","[2, 14, 45, 47, 70, 71, 94]","[71, 2, 14, 47, 70, 94, 45]","[45, 94, 70, 47, 14, 2, 71]","[2, 14, 47, 70, 71, 45, 94]","D) [2, 14, 47, 70, 71, 45, 94]","In one pass of bubble sort, each pair of adjacent elements is compared and swapped if out of order, resulting in [2, 14, 47, 70, 71, 45, 94].",Algorithms & Data Structures,Sorting
"Using binary search on the sorted array [14, 115, 148, 153, 176, 179, 202, 248, 270, 275, 343, 359, 366, 421, 438], how many comparisons are needed to find 359?",3,1,4,2,D) 2,Binary search halves the search space each comparison; finding 359 in this array takes 2 comparison(s).,Algorithms & Data Structures,Searching
"After one full pass of bubble sort on the array [90, 39, 66, 24, 15, 31, 18], what does the array look like?","[15, 18, 24, 31, 39, 66, 90]","[90, 39, 66, 24, 15, 31, 18]","[39, 66, 24, 15, 31, 18, 90]","[18, 31, 15, 24, 66, 39, 90]","C) [39, 66, 24, 15, 31, 18, 90]","In one pass of bubble sort, each pair of adjacent elements is compared and swapped if out of order, resulting in [39, 66, 24, 15, 31, 18, 90].",Algorithms & Data Structures,Sorting
A queue starts empty. After performing: enqueue(73); enqueue(10); dequeue(); enqueue(57); enqueue(57) — what is at the front of the queue?,80,49,70,10,D) 10,Following FIFO order through these operations leaves 10 at the front of the queue.,Algorithms & Data Structures,Queues
"After one full pass of bubble sort on the array [66, 89, 23, 24, 25], what does the array look like?","[25, 24, 23, 89, 66]","[66, 89, 23, 24, 25]","[66, 23, 24, 25, 89]","[23, 24, 25, 66, 89]","C) [66, 23, 24, 25, 89]","In one pass of bubble sort, each pair of adjacent elements is compared and swapped if out of order, resulting in [66, 23, 24, 25, 89].",Algorithms & Data Structures,Sorting
A stack starts empty. After performing: push(6); push(2); push(82); push(61); push(24); push(99) — what is on top of the stack?,99,99,68,2,A) 99,Following LIFO order through these operations leaves 99 on top of the stack.,Algorithms & Data Structures,Stacks
"Using binary search on the sorted array [92, 255, 292, 340, 373, 459, 461], how many comparisons are needed to find 461?",4,3,5,2,B) 3,Binary search halves the search space each comparison; finding 461 in this array takes 3 comparison(s).,Algorithms & Data Structures,Searching
"Using linear search, what is the index (0-based) of 91 in the array [91, 11, 191, 176, 128, 137]?",3,1,2,0,D) 0,"Linear search checks each element in order; 91 is found at index 0 (0-based) in [91, 11, 191, 176, 128, 137].",Algorithms & Data Structures,Searching
"After one full pass of bubble sort on the array [34, 38, 87, 52, 50, 71], what does the array look like?","[34, 38, 87, 52, 50, 71]","[71, 50, 52, 87, 38, 34]","[34, 38, 52, 50, 71, 87]","[34, 38, 50, 52, 71, 87]","C) [34, 38, 52, 50, 71, 87]","In one pass of bubble sort, each pair of adjacent elements is compared and swapped if out of order, resulting in [34, 38, 52, 50, 71, 87].",Algorithms & Data Structures,Sorting
A queue starts empty. After performing: enqueue(38); dequeue(); enqueue(56); enqueue(80) — what is at the front of the queue?,73,46,56,15,C) 56,Following FIFO order through these operations leaves 56 at the front of the queue.,Algorithms & Data Structures,Queues
A stack starts empty. After performing: push(22); push(10); pop(); pop(); push(55) — what is on top of the stack?,35,47,49,55,D) 55,Following LIFO order through these operations leaves 55 on top of the stack.,Algorithms & Data Structures,Stacks
A stack starts empty. After performing: push(46); push(64); push(47); push(74) — what is on top of the stack?,34,85,74,48,C) 74,Following LIFO order through these operations leaves 74 on top of the stack.,Algorithms & Data Structures,Stacks
"Using linear search, what is the index (0-based) of 124 in the array [30, 79, 153, 124, 53, 3, 16, 128, 20, 121, 197]?",3,0,6,1,A) 3,"Linear search checks each element in order; 124 is found at index 3 (0-based) in [30, 79, 153, 124, 53, 3, 16, 128, 20, 121, 197].",Algorithms & Data Structures,Searching
A queue starts empty. After performing: enqueue(10); enqueue(96); dequeue(); enqueue(84); enqueue(86); enqueue(48) — what is at the front of the queue?,96,52,53,76,A) 96,Following FIFO order through these operations leaves 96 at the front of the queue.,Algorithms & Data Structures,Queues
A stack starts empty. After performing: push(58); push(11); push(34); push(37); push(93); pop() — what is on top of the stack?,37,63,73,52,A) 37,Following LIFO order through these operations leaves 37 on top of the stack.,Algorithms & Data Structures,Stacks
"After one full pass of bubble sort on the array [59, 5, 99, 2, 26, 40, 34], what does the array look like?","[2, 5, 26, 34, 40, 59, 99]","[5, 59, 2, 26, 40, 34, 99]","[59, 5, 99, 2, 26, 40, 34]","[34, 40, 26, 2, 99, 5, 59]","B) [5, 59, 2, 26, 40, 34, 99]","In one pass of bubble sort, each pair of adjacent elements is compared and swapped if out of order, resulting in [5, 59, 2, 26, 40, 34, 99].",Algorithms & Data Structures,Sorting
"After one full pass of bubble sort on the array [89, 44, 26, 13], what does the array look like?","[13, 26, 44, 89]","[89, 44, 26, 13]","[13, 26, 44, 89]","[44, 26, 13, 89]","D) [44, 26, 13, 89]","In one pass of bubble sort, each pair of adjacent elements is compared and swapped if out of order, resulting in [44, 26, 13, 89].",Algorithms & Data Structures,Sorting
A stack starts empty. After performing: push(55); push(93); pop(); pop() — what is on top of the stack?,Stack is empty,78,96,64,A) Stack is empty,Following LIFO order through these operations leaves Stack is empty on top of the stack.,Algorithms & Data Structures,Stacks
A stack starts empty. After performing: push(56); push(18); pop(); push(30); pop(); push(71) — what is on top of the stack?,6,10,67,71,D) 71,Following LIFO order through these operations leaves 71 on top of the stack.,Algorithms & Data Structures,Stacks
A stack starts empty. After performing: push(74); pop(); push(71); pop(); push(31) — what is on top of the stack?,31,67,43,19,A) 31,Following LIFO order through these operations leaves 31 on top of the stack.,Algorithms & Data Structures,Stacks
"Using linear search, what is the index (0-based) of 149 in the array [149, 43, 35, 24, 82, 120, 158, 47]?",2,1,0,3,C) 0,"Linear search checks each element in order; 149 is found at index 0 (0-based) in [149, 43, 35, 24, 82, 120, 158, 47].",Algorithms & Data Structures,Searching
"Using binary search on the sorted array [24, 36, 43, 53, 91, 98, 105, 121, 162, 184, 217, 231, 241, 248, 250, 252, 256, 261, 264, 276, 294, 315, 339, 340, 360, 373, 470, 472, 477, 485, 493], how many comparisons are needed to find 315?",4,6,3,2,A) 4,Binary search halves the search space each comparison; finding 315 in this array takes 4 comparison(s).,Algorithms & Data Structures,Searching
"After one full pass of bubble sort on the array [26, 75, 20, 85, 24, 10], what does the array look like?","[10, 24, 85, 20, 75, 26]","[10, 20, 24, 26, 75, 85]","[26, 20, 75, 24, 10, 85]","[26, 75, 20, 85, 24, 10]","C) [26, 20, 75, 24, 10, 85]","In one pass of bubble sort, each pair of adjacent elements is compared and swapped if out of order, resulting in [26, 20, 75, 24, 10, 85].",Algorithms & Data Structures,Sorting
A queue starts empty. After performing: enqueue(21); dequeue(); enqueue(9); enqueue(73); dequeue() — what is at the front of the queue?,85,73,64,52,B) 73,Following FIFO order through these operations leaves 73 at the front of the queue.,Algorithms & Data Structures,Queues
A stack starts empty. After performing: push(76); push(40); pop(); pop(); push(70) — what is on top of the stack?,75,86,41,70,D) 70,Following LIFO order through these operations leaves 70 on top of the stack.,Algorithms & Data Structures,Stacks
"After one full pass of bubble sort on the array [99, 14, 38, 31], what does the array look like?","[14, 38, 31, 99]","[31, 38, 14, 99]","[99, 14, 38, 31]","[14, 31, 38, 99]","A) [14, 38, 31, 99]","In one pass of bubble sort, each pair of adjacent elements is compared and swapped if out of order, resulting in [14, 38, 31, 99].",Algorithms & Data Structures,Sorting
"Using binary search on the sorted array [25, 49, 63, 89, 106, 111, 145, 146, 147, 149, 168, 177, 183, 261, 301, 308, 318, 320, 322, 326, 371, 402, 416, 420, 436, 461, 466, 469, 481, 482, 485], how many comparisons are needed to find 146?",2,4,3,1,A) 2,Binary search halves the search space each comparison; finding 146 in this array takes 2 comparison(s).,Algorithms & Data Structures,Searching
"After one full pass of bubble sort on the array [41, 72, 18, 65, 39], what does the array look like?","[41, 72, 18, 65, 39]","[41, 18, 65, 39, 72]","[39, 65, 18, 72, 41]","[18, 39, 41, 65, 72]","B) [41, 18, 65, 39, 72]","In one pass of bubble sort, each pair of adjacent elements is compared and swapped if out of order, resulting in [41, 18, 65, 39, 72].",Algorithms & Data Structures,Sorting
Which of the following best describes selection sort?,A sorting algorithm that repeatedly selects the minimum element and places it in order,A linear data structure where elements are linked using pointers,A tree data structure in which each node has at most two children,A technique where a function calls itself to solve a problem,A) A sorting algorithm that repeatedly selects the minimum element and places it in order,Selection sort repeatedly finds the minimum element from the unsorted part and moves it to the sorted part.,Algorithms & Data Structures,Sorting
A stack starts empty. After performing: push(96); pop(); push(56); push(19); push(6); pop() — what is on top of the stack?,92,36,19,60,C) 19,Following LIFO order through these operations leaves 19 on top of the stack.,Algorithms & Data Structures,Stacks
"After one full pass of bubble sort on the array [90, 4, 83, 5, 47], what does the array look like?","[4, 5, 47, 83, 90]","[90, 4, 83, 5, 47]","[4, 83, 5, 47, 90]","[47, 5, 83, 4, 90]","C) [4, 83, 5, 47, 90]","In one pass of bubble sort, each pair of adjacent elements is compared and swapped if out of order, resulting in [4, 83, 5, 47, 90].",Algorithms & Data Structures,Sorting
A queue starts empty. After performing: enqueue(86); enqueue(32); enqueue(96); enqueue(33); enqueue(39); dequeue() — what is at the front of the queue?,39,16,6,32,D) 32,Following FIFO order through these operations leaves 32 at the front of the queue.,Algorithms & Data Structures,Queues
"Using linear search, what is the index (0-based) of 5 in the array [102, 188, 57, 37, 183, 106, 5, 13]?",7,3,6,4,C) 6,"Linear search checks each element in order; 5 is found at index 6 (0-based) in [102, 188, 57, 37, 183, 106, 5, 13].",Algorithms & Data Structures,Searching
"Using linear search, what is the index (0-based) of 2 in the array [93, 59, 25, 88, 110, 51, 109, 79, 2, 182, 11, 28]?",8,5,6,10,A) 8,"Linear search checks each element in order; 2 is found at index 8 (0-based) in [93, 59, 25, 88, 110, 51, 109, 79, 2, 182, 11, 28].",Algorithms & Data Structures,Searching
A stack starts empty. After performing: push(92); pop(); push(28); push(66) — what is on top of the stack?,94,69,66,6,C) 66,Following LIFO order through these operations leaves 66 on top of the stack.,Algorithms & Data Structures,Stacks
"Using binary search on the sorted array [91, 139, 157, 162, 194, 444, 488], how many comparisons are needed to find 139?",2,4,3,1,A) 2,Binary search halves the search space each comparison; finding 139 in this array takes 2 comparison(s).,Algorithms & Data Structures,Searching
"Using linear search, what is the index (0-based) of 113 in the array [148, 30, 186, 43, 74, 28, 199, 158, 189, 76, 113, 44]?",13,10,12,9,B) 10,"Linear search checks each element in order; 113 is found at index 10 (0-based) in [148, 30, 186, 43, 74, 28, 199, 158, 189, 76, 113, 44].",Algorithms & Data Structures,Searching
A stack starts empty. After performing: push(59); push(38); push(8); push(58) — what is on top of the stack?,58,57,29,49,A) 58,Following LIFO order through these operations leaves 58 on top of the stack.,Algorithms & Data Structures,Stacks
"Using binary search on the sorted array [65, 72, 75, 78, 93, 106, 109, 136, 147, 157, 161, 171, 177, 237, 254, 272, 279, 282, 301, 303, 313, 324, 346, 366, 373, 417, 426, 449, 455, 462, 466], how many comparisons are needed to find 106?",4,5,2,6,A) 4,Binary search halves the search space each comparison; finding 106 in this array takes 4 comparison(s).,Algorithms & Data Structures,Searching
A stack starts empty. After performing: push(80); push(76); push(4); pop(); push(96); push(84) — what is on top of the stack?,80,84,68,13,B) 84,Following LIFO order through these operations leaves 84 on top of the stack.,Algorithms & Data Structures,Stacks
A queue starts empty. After performing: enqueue(44); enqueue(4); dequeue(); dequeue(); enqueue(9); dequeue() — what is at the front of the queue?,25,50,Queue is empty,75,C) Queue is empty,Following FIFO order through these operations leaves Queue is empty at the front of the queue.,Algorithms & Data Structures,Queues
"Using linear search, what is the index (0-based) of 124 in the array [42, 100, 150, 124, 95]?",3,5,2,1,A) 3,"Linear search checks each element in order; 124 is found at index 3 (0-based) in [42, 100, 150, 124, 95].",Algorithms & Data Structures,Searching
A queue starts empty. After performing: enqueue(39); enqueue(75); enqueue(9); dequeue(); enqueue(22) — what is at the front of the queue?,76,71,75,32,C) 75,Following FIFO order through these operations leaves 75 at the front of the queue.,Algorithms & Data Structures,Queues
A queue starts empty. After performing: enqueue(30); enqueue(12); enqueue(30); enqueue(77); dequeue() — what is at the front of the queue?,12,75,27,65,A) 12,Following FIFO order through these operations leaves 12 at the front of the queue.,Algorithms & Data Structures,Queues
"Using binary search on the sorted array [2, 24, 40, 46, 52, 54, 69, 84, 93, 117, 141, 177, 197, 204, 205, 208, 215, 259, 291, 312, 314, 322, 331, 347, 379, 381, 394, 408, 485, 487, 497], how many comparisons are needed to find 177?",5,2,3,1,C) 3,Binary search halves the search space each comparison; finding 177 in this array takes 3 comparison(s).,Algorithms & Data Structures,Searching
A stack starts empty. After performing: push(5); push(14); pop(); pop(); push(31) — what is on top of the stack?,31,4,35,89,A) 31,Following LIFO order through these operations leaves 31 on top of the stack.,Algorithms & Data Structures,Stacks
A queue starts empty. After performing: enqueue(35); enqueue(72); enqueue(93); enqueue(90); enqueue(1) — what is at the front of the queue?,42,44,35,6,C) 35,Following FIFO order through these operations leaves 35 at the front of the queue.,Algorithms & Data Structures,Queues
A stack starts empty. After performing: push(15); pop(); push(11); push(49); pop() — what is on top of the stack?,50,11,25,7,B) 11,Following LIFO order through these operations leaves 11 on top of the stack.,Algorithms & Data Structures,Stacks
A queue starts empty. After performing: enqueue(46); dequeue(); enqueue(27); enqueue(47); enqueue(48) — what is at the front of the queue?,29,99,27,60,C) 27,Following FIFO order through these operations leaves 27 at the front of the queue.,Algorithms & Data Structures,Queues
"After one full pass of bubble sort on the array [69, 71, 77, 31, 10, 18], what does the array look like?","[18, 10, 31, 77, 71, 69]","[69, 71, 31, 10, 18, 77]","[69, 71, 77, 31, 10, 18]","[10, 18, 31, 69, 71, 77]","B) [69, 71, 31, 10, 18, 77]","In one pass of bubble sort, each pair of adjacent elements is compared and swapped if out of order, resulting in [69, 71, 31, 10, 18, 77].",Algorithms & Data Structures,Sorting
A queue starts empty. After performing: enqueue(4); dequeue(); enqueue(66); enqueue(90) — what is at the front of the queue?,54,33,71,66,D) 66,Following FIFO order through these operations leaves 66 at the front of the queue.,Algorithms & Data Structures,Queues
"After one full pass of bubble sort on the array [53, 61, 66, 44, 81, 37, 97], what does the array look like?","[37, 44, 53, 61, 66, 81, 97]","[97, 37, 81, 44, 66, 61, 53]","[53, 61, 66, 44, 81, 37, 97]","[53, 61, 44, 66, 37, 81, 97]","D) [53, 61, 44, 66, 37, 81, 97]","In one pass of bubble sort, each pair of adjacent elements is compared and swapped if out of order, resulting in [53, 61, 44, 66, 37, 81, 97].",Algorithms & Data Structures,Sorting
A queue starts empty. After performing: enqueue(86); enqueue(20); enqueue(52); enqueue(6); dequeue() — what is at the front of the queue?,98,77,62,20,D) 20,Following FIFO order through these operations leaves 20 at the front of the queue.,Algorithms & Data Structures,Queues
"Using linear search, what is the index (0-based) of 105 in the array [105, 124, 8, 22, 143, 50, 78, 108, 194, 150, 181]?",3,0,2,1,B) 0,"Linear search checks each element in order; 105 is found at index 0 (0-based) in [105, 124, 8, 22, 143, 50, 78, 108, 194, 150, 181].",Algorithms & Data Structures,Searching
A queue starts empty. After performing: enqueue(97); dequeue(); enqueue(43); enqueue(65); dequeue() — what is at the front of the queue?,71,88,65,48,C) 65,Following FIFO order through these operations leaves 65 at the front of the queue.,Algorithms & Data Structures,Queues
"After one full pass of bubble sort on the array [30, 19, 12, 11], what does the array look like?","[11, 12, 19, 30]","[19, 12, 11, 30]","[11, 12, 19, 30]","[30, 19, 12, 11]","B) [19, 12, 11, 30]","In one pass of bubble sort, each pair of adjacent elements is compared and swapped if out of order, resulting in [19, 12, 11, 30].",Algorithms & Data Structures,Sorting
"After one full pass of bubble sort on the array [20, 47, 72, 75, 51, 80, 41], what does the array look like?","[20, 47, 72, 51, 75, 41, 80]","[20, 41, 47, 51, 72, 75, 80]","[20, 47, 72, 75, 51, 80, 41]","[41, 80, 51, 75, 72, 47, 20]","A) [20, 47, 72, 51, 75, 41, 80]","In one pass of bubble sort, each pair of adjacent elements is compared and swapped if out of order, resulting in [20, 47, 72, 51, 75, 41, 80].",Algorithms & Data Structures,Sorting
"Using binary search on the sorted array [9, 18, 29, 89, 90, 106, 111, 117, 121, 154, 188, 223, 227, 249, 292, 322, 334, 337, 338, 350, 370, 377, 388, 418, 445, 450, 468, 473, 483, 495, 496], how many comparisons are needed to find 89?",4,2,1,3,D) 3,Binary search halves the search space each comparison; finding 89 in this array takes 3 comparison(s).,Algorithms & Data Structures,Searching
A queue starts empty. After performing: enqueue(45); dequeue(); enqueue(13); dequeue(); enqueue(12) — what is at the front of the queue?,53,20,1,12,D) 12,Following FIFO order through these operations leaves 12 at the front of the queue.,Algorithms & Data Structures,Queues
"Using binary search on the sorted array [20, 28, 55, 100, 170, 208, 255, 281, 282, 364, 366, 436, 443, 453, 490], how many comparisons are needed to find 366?",5,2,4,3,C) 4,Binary search halves the search space each comparison; finding 366 in this array takes 4 comparison(s).,Algorithms & Data Structures,Searching
"After one full pass of bubble sort on the array [12, 48, 3, 51, 5, 39, 86], what does the array look like?","[12, 48, 3, 51, 5, 39, 86]","[86, 39, 5, 51, 3, 48, 12]","[12, 3, 48, 5, 39, 51, 86]","[3, 5, 12, 39, 48, 51, 86]","C) [12, 3, 48, 5, 39, 51, 86]","In one pass of bubble sort, each pair of adjacent elements is compared and swapped if out of order, resulting in [12, 3, 48, 5, 39, 51, 86].",Algorithms & Data Structures,Sorting
"After one full pass of bubble sort on the array [20, 1, 4, 44], what does the array look like?","[1, 4, 20, 44]","[1, 4, 20, 44]","[20, 1, 4, 44]","[44, 4, 1, 20]","A) [1, 4, 20, 44]","In one pass of bubble sort, each pair of adjacent elements is compared and swapped if out of order, resulting in [1, 4, 20, 44].",Algorithms & Data Structures,Sorting
"After one full pass of bubble sort on the array [66, 79, 92, 52], what does the array look like?","[66, 79, 92, 52]","[66, 79, 52, 92]","[52, 92, 79, 66]","[52, 66, 79, 92]","B) [66, 79, 52, 92]","In one pass of bubble sort, each pair of adjacent elements is compared and swapped if out of order, resulting in [66, 79, 52, 92].",Algorithms & Data Structures,Sorting
A queue starts empty. After performing: enqueue(20); dequeue(); enqueue(83); enqueue(32); enqueue(22) — what is at the front of the queue?,18,83,35,36,B) 83,Following FIFO order through these operations leaves 83 at the front of the queue.,Algorithms & Data Structures,Queues
A queue starts empty. After performing: enqueue(31); dequeue(); enqueue(9); enqueue(27); enqueue(36); enqueue(44) — what is at the front of the queue?,9,75,33,79,A) 9,Following FIFO order through these operations leaves 9 at the front of the queue.,Algorithms & Data Structures,Queues
A queue starts empty. After performing: enqueue(9); dequeue(); enqueue(85); dequeue() — what is at the front of the queue?,Queue is empty,19,18,41,A) Queue is empty,Following FIFO order through these operations leaves Queue is empty at the front of the queue.,Algorithms & Data Structures,Queues
"Using binary search on the sorted array [1, 7, 32, 57, 128, 131, 140, 155, 162, 175, 178, 181, 187, 201, 206, 208, 244, 260, 272, 326, 338, 341, 352, 358, 362, 452, 458, 464, 466, 490, 498], how many comparisons are needed to find 208?",4,2,1,3,C) 1,Binary search halves the search space each comparison; finding 208 in this array takes 1 comparison(s).,Algorithms & Data Structures,Searching
"After one full pass of bubble sort on the array [21, 8, 72, 85], what does the array look like?","[8, 21, 72, 85]","[21, 8, 72, 85]","[8, 21, 72, 85]","[85, 72, 8, 21]","A) [8, 21, 72, 85]","In one pass of bubble sort, each pair of adjacent elements is compared and swapped if out of order, resulting in [8, 21, 72, 85].",Algorithms & Data Structures,Sorting
"Using binary search on the sorted array [3, 8, 14, 15, 27, 31, 70, 82, 91, 119, 124, 176, 177, 205, 231, 275, 294, 303, 305, 315, 352, 365, 366, 384, 436, 438, 449, 463, 473, 486, 491], how many comparisons are needed to find 365?",2,4,6,5,B) 4,Binary search halves the search space each comparison; finding 365 in this array takes 4 comparison(s).,Algorithms & Data Structures,Searching
"After one full pass of bubble sort on the array [62, 46, 60, 77, 12, 94], what does the array look like?","[62, 46, 60, 77, 12, 94]","[46, 60, 62, 12, 77, 94]","[94, 12, 77, 60, 46, 62]","[12, 46, 60, 62, 77, 94]","B) [46, 60, 62, 12, 77, 94]","In one pass of bubble sort, each pair of adjacent elements is compared and swapped if out of order, resulting in [46, 60, 62, 12, 77, 94].",Algorithms & Data Structures,Sorting
A queue starts empty. After performing: enqueue(56); enqueue(28); dequeue(); enqueue(84); dequeue() — what is at the front of the queue?,27,89,84,42,C) 84,Following FIFO order through these operations leaves 84 at the front of the queue.,Algorithms & Data Structures,Queues
"After one full pass of bubble sort on the array [74, 97, 49, 48, 58], what does the array look like?","[58, 48, 49, 97, 74]","[74, 49, 48, 58, 97]","[74, 97, 49, 48, 58]","[48, 49, 58, 74, 97]","B) [74, 49, 48, 58, 97]","In one pass of bubble sort, each pair of adjacent elements is compared and swapped if out of order, resulting in [74, 49, 48, 58, 97].",Algorithms & Data Structures,Sorting
A stack starts empty. After performing: push(72); pop(); push(47); push(13); push(69) — what is on top of the stack?,96,69,57,66,B) 69,Following LIFO order through these operations leaves 69 on top of the stack.,Algorithms & Data Structures,Stacks
"Using binary search on the sorted array [1, 24, 124, 272, 280, 289, 348], how many comparisons are needed to find 280?",5,1,3,2,C) 3,Binary search halves the search space each comparison; finding 280 in this array takes 3 comparison(s).,Algorithms & Data Structures,Searching
"Using linear search, what is the index (0-based) of 91 in the array [91, 26, 137, 133, 135, 177]?",0,1,3,2,A) 0,"Linear search checks each element in order; 91 is found at index 0 (0-based) in [91, 26, 137, 133, 135, 177].",Algorithms & Data Structures,Searching
A queue starts empty. After performing: enqueue(11); dequeue(); enqueue(41); dequeue() — what is at the front of the queue?,49,91,25,Queue is empty,D) Queue is empty,Following FIFO order through these operations leaves Queue is empty at the front of the queue.,Algorithms & Data Structures,Queues
"After one full pass of bubble sort on the array [19, 4, 35, 22, 26, 27], what does the array look like?","[19, 4, 35, 22, 26, 27]","[4, 19, 22, 26, 27, 35]","[27, 26, 22, 35, 4, 19]","[4, 19, 22, 26, 27, 35]","B) [4, 19, 22, 26, 27, 35]","In one pass of bubble sort, each pair of adjacent elements is compared and swapped if out of order, resulting in [4, 19, 22, 26, 27, 35].",Algorithms & Data Structures,Sorting
"Using linear search, what is the index (0-based) of 177 in the array [69, 125, 187, 151, 61, 177, 115]?",3,6,8,5,D) 5,"Linear search checks each element in order; 177 is found at index 5 (0-based) in [69, 125, 187, 151, 61, 177, 115].",Algorithms & Data Structures,Searching
"Using linear search, what is the index (0-based) of 190 in the array [120, 24, 136, 66, 190, 191, 30, 162, 83]?",1,7,4,2,C) 4,"Linear search checks each element in order; 190 is found at index 4 (0-based) in [120, 24, 136, 66, 190, 191, 30, 162, 83].",Algorithms & Data Structures,Searching
A stack starts empty. After performing: push(54); push(3); pop(); push(85); push(80) — what is on top of the stack?,93,80,74,35,B) 80,Following LIFO order through these operations leaves 80 on top of the stack.,Algorithms & Data Structures,Stacks
"After one full pass of bubble sort on the array [20, 96, 76, 62, 11], what does the array look like?","[20, 76, 62, 11, 96]","[20, 96, 76, 62, 11]","[11, 20, 62, 76, 96]","[11, 62, 76, 96, 20]","A) [20, 76, 62, 11, 96]","In one pass of bubble sort, each pair of adjacent elements is compared and swapped if out of order, resulting in [20, 76, 62, 11, 96].",Algorithms & Data Structures,Sorting
A queue starts empty. After performing: enqueue(63); dequeue(); enqueue(65); dequeue(); enqueue(76); enqueue(10) — what is at the front of the queue?,10,76,59,81,B) 76,Following FIFO order through these operations leaves 76 at the front of the queue.,Algorithms & Data Structures,Queues
A queue starts empty. After performing: enqueue(70); enqueue(16); enqueue(64); enqueue(72); enqueue(91) — what is at the front of the queue?,70,94,2,63,A) 70,Following FIFO order through these operations leaves 70 at the front of the queue.,Algorithms & Data Structures,Queues
"Using linear search, what is the index (0-based) of 176 in the array [57, 193, 50, 83, 176, 169]?",3,5,4,2,C) 4,"Linear search checks each element in order; 176 is found at index 4 (0-based) in [57, 193, 50, 83, 176, 169].",Algorithms & Data Structures,Searching
"Using linear search, what is the index (0-based) of 74 in the array [87, 74, 35, 107, 64, 80, 172]?",1,3,0,4,A) 1,"Linear search checks each element in order; 74 is found at index 1 (0-based) in [87, 74, 35, 107, 64, 80, 172].",Algorithms & Data Structures,Searching
"Using binary search on the sorted array [14, 17, 26, 29, 50, 66, 84, 103, 163, 173, 197, 211, 217, 226, 263, 283, 297, 299, 332, 349, 370, 378, 381, 401, 420, 421, 445, 449, 463, 489, 494], how many comparisons are needed to find 173?",4,6,5,2,A) 4,Binary search halves the search space each comparison; finding 173 in this array takes 4 comparison(s).,Algorithms & Data Structures,Searching
"After one full pass of bubble sort on the array [13, 98, 82, 83, 28], what does the array look like?","[13, 98, 82, 83, 28]","[13, 28, 82, 83, 98]","[13, 82, 83, 28, 98]","[28, 83, 82, 98, 13]","C) [13, 82, 83, 28, 98]","In one pass of bubble sort, each pair of adjacent elements is compared and swapped if out of order, resulting in [13, 82, 83, 28, 98].",Algorithms & Data Structures,Sorting
"Using binary search on the sorted array [28, 64, 73, 97, 106, 113, 140, 145, 157, 158, 169, 172, 212, 216, 260, 282, 379, 380, 382, 386, 402, 409, 417, 424, 427, 434, 446, 448, 460, 493, 495], how many comparisons are needed to find 145?",4,1,3,2,D) 2,Binary search halves the search space each comparison; finding 145 in this array takes 2 comparison(s).,Algorithms & Data Structures,Searching
A stack starts empty. After performing: push(49); push(14); push(1); pop(); push(26) — what is on top of the stack?,60,67,81,26,D) 26,Following LIFO order through these operations leaves 26 on top of the stack.,Algorithms & Data Structures,Stacks
"Using binary search on the sorted array [24, 29, 32, 57, 84, 87, 89, 99, 100, 111, 128, 145, 146, 149, 159, 161, 162, 164, 177, 186, 189, 193, 236, 240, 325, 364, 367, 387, 437, 449, 452], how many comparisons are needed to find 99?",3,2,1,4,B) 2,Binary search halves the search space each comparison; finding 99 in this array takes 2 comparison(s).,Algorithms & Data Structures,Searching
"After one full pass of bubble sort on the array [17, 66, 30, 45, 39, 54], what does the array look like?","[17, 66, 30, 45, 39, 54]","[54, 39, 45, 30, 66, 17]","[17, 30, 45, 39, 54, 66]","[17, 30, 39, 45, 54, 66]","C) [17, 30, 45, 39, 54, 66]","In one pass of bubble sort, each pair of adjacent elements is compared and swapped if out of order, resulting in [17, 30, 45, 39, 54, 66].",Algorithms & Data Structures,Sorting
"After one full pass of bubble sort on the array [29, 2, 89, 76, 32, 73, 4], what does the array look like?","[2, 4, 29, 32, 73, 76, 89]","[29, 2, 89, 76, 32, 73, 4]","[4, 73, 32, 76, 89, 2, 29]","[2, 29, 76, 32, 73, 4, 89]","D) [2, 29, 76, 32, 73, 4, 89]","In one pass of bubble sort, each pair of adjacent elements is compared and swapped if out of order, resulting in [2, 29, 76, 32, 73, 4, 89].",Algorithms & Data Structures,Sorting
A queue starts empty. After performing: enqueue(7); dequeue(); enqueue(2); enqueue(11); enqueue(56); enqueue(4) — what is at the front of the queue?,97,2,39,89,B) 2,Following FIFO order through these operations leaves 2 at the front of the queue.,Algorithms & Data Structures,Queues
"Using binary search on the sorted array [80, 141, 276, 289, 346, 350, 458], how many comparisons are needed to find 141?",2,4,1,3,A) 2,Binary search halves the search space each comparison; finding 141 in this array takes 2 comparison(s).,Algorithms & Data Structures,Searching
A stack starts empty. After performing: push(64); pop(); push(19); push(87); pop(); pop() — what is on top of the stack?,43,73,Stack is empty,23,C) Stack is empty,Following LIFO order through these operations leaves Stack is empty on top of the stack.,Algorithms & Data Structures,Stacks
A stack starts empty. After performing: push(54); push(58); pop(); push(7); pop(); pop() — what is on top of the stack?,Stack is empty,65,3,55,A) Stack is empty,Following LIFO order through these operations leaves Stack is empty on top of the stack.,Algorithms & Data Structures,Stacks
"After one full pass of bubble sort on the array [41, 49, 36, 29, 92, 90, 11], what does the array look like?","[41, 49, 36, 29, 92, 90, 11]","[11, 90, 92, 29, 36, 49, 41]","[11, 29, 36, 41, 49, 90, 92]","[41, 36, 29, 49, 90, 11, 92]","D) [41, 36, 29, 49, 90, 11, 92]","In one pass of bubble sort, each pair of adjacent elements is compared and swapped if out of order, resulting in [41, 36, 29, 49, 90, 11, 92].",Algorithms & Data Structures,Sorting
A queue starts empty. After performing: enqueue(10); enqueue(43); enqueue(82); dequeue(); enqueue(50) — what is at the front of the queue?,81,5,73,43,D) 43,Following FIFO order through these operations leaves 43 at the front of the queue.,Algorithms & Data Structures,Queues
"Using binary search on the sorted array [33, 100, 207, 263, 282, 312, 398], how many comparisons are needed to find 207?",2,5,3,4,C) 3,Binary search halves the search space each comparison; finding 207 in this array takes 3 comparison(s).,Algorithms & Data Structures,Searching
"Using linear search, what is the index (0-based) of 153 in the array [95, 74, 153, 1, 103]?",4,1,2,3,C) 2,"Linear search checks each element in order; 153 is found at index 2 (0-based) in [95, 74, 153, 1, 103].",Algorithms & Data Structures,Searching
A queue starts empty. After performing: enqueue(49); enqueue(87); enqueue(10); dequeue(); enqueue(12) — what is at the front of the queue?,63,95,44,87,D) 87,Following FIFO order through these operations leaves 87 at the front of the queue.,Algorithms & Data Structures,Queues
"Using linear search, what is the index (0-based) of 153 in the array [49, 24, 191, 153, 76]?",6,3,5,2,B) 3,"Linear search checks each element in order; 153 is found at index 3 (0-based) in [49, 24, 191, 153, 76].",Algorithms & Data Structures,Searching
"After one full pass of bubble sort on the array [16, 20, 69, 74, 47, 30, 63], what does the array look like?","[63, 30, 47, 74, 69, 20, 16]","[16, 20, 69, 74, 47, 30, 63]","[16, 20, 69, 47, 30, 63, 74]","[16, 20, 30, 47, 63, 69, 74]","C) [16, 20, 69, 47, 30, 63, 74]","In one pass of bubble sort, each pair of adjacent elements is compared and swapped if out of order, resulting in [16, 20, 69, 47, 30, 63, 74].",Algorithms & Data Structures,Sorting
"Using binary search on the sorted array [13, 57, 64, 68, 82, 180, 181, 243, 283, 323, 340, 369, 412, 469, 497], how many comparisons are needed to find 64?",4,3,5,2,A) 4,Binary search halves the search space each comparison; finding 64 in this array takes 4 comparison(s).,Algorithms & Data Structures,Searching
"Using linear search, what is the index (0-based) of 140 in the array [169, 36, 27, 62, 140, 177]?",5,4,6,7,B) 4,"Linear search checks each element in order; 140 is found at index 4 (0-based) in [169, 36, 27, 62, 140, 177].",Algorithms & Data Structures,Searching
A queue starts empty. After performing: enqueue(79); dequeue(); enqueue(13); enqueue(16); enqueue(43) — what is at the front of the queue?,13,56,65,15,A) 13,Following FIFO order through these operations leaves 13 at the front of the queue.,Algorithms & Data Structures,Queues
"Using binary search on the sorted array [42, 83, 141, 221, 239, 436, 459], how many comparisons are needed to find 239?",3,1,2,4,A) 3,Binary search halves the search space each comparison; finding 239 in this array takes 3 comparison(s).,Algorithms & Data Structures,Searching
"Using linear search, what is the index (0-based) of 162 in the array [178, 162, 21, 153, 92]?",0,1,4,2,B) 1,"Linear search checks each element in order; 162 is found at index 1 (0-based) in [178, 162, 21, 153, 92].",Algorithms & Data Structures,Searching
A stack starts empty. After performing: push(42); push(72); push(43); push(44); pop(); push(57) — what is on top of the stack?,14,32,7,57,D) 57,Following LIFO order through these operations leaves 57 on top of the stack.,Algorithms & Data Structures,Stacks
"Using linear search, what is the index (0-based) of 6 in the array [125, 12, 160, 87, 6]?",7,5,3,4,D) 4,"Linear search checks each element in order; 6 is found at index 4 (0-based) in [125, 12, 160, 87, 6].",Algorithms & Data Structures,Searching
A stack starts empty. After performing: push(84); push(16); push(18); push(8); pop(); pop() — what is on top of the stack?,73,69,16,44,C) 16,Following LIFO order through these operations leaves 16 on top of the stack.,Algorithms & Data Structures,Stacks
A queue starts empty. After performing: enqueue(16); enqueue(38); enqueue(92); dequeue(); enqueue(17); enqueue(48) — what is at the front of the queue?,22,57,38,28,C) 38,Following FIFO order through these operations leaves 38 at the front of the queue.,Algorithms & Data Structures,Queues
"After one full pass of bubble sort on the array [24, 84, 14, 97, 92], what does the array look like?","[24, 14, 84, 92, 97]","[14, 24, 84, 92, 97]","[24, 84, 14, 97, 92]","[92, 97, 14, 84, 24]","A) [24, 14, 84, 92, 97]","In one pass of bubble sort, each pair of adjacent elements is compared and swapped if out of order, resulting in [24, 14, 84, 92, 97].",Algorithms & Data Structures,Sorting
"After one full pass of bubble sort on the array [57, 89, 77, 26], what does the array look like?","[57, 77, 26, 89]","[26, 57, 77, 89]","[26, 77, 89, 57]","[57, 89, 77, 26]","A) [57, 77, 26, 89]","In one pass of bubble sort, each pair of adjacent elements is compared and swapped if out of order, resulting in [57, 77, 26, 89].",Algorithms & Data Structures,Sorting
A stack starts empty. After performing: push(21); push(76); pop(); pop() — what is on top of the stack?,24,58,19,Stack is empty,D) Stack is empty,Following LIFO order through these operations leaves Stack is empty on top of the stack.,Algorithms & Data Structures,Stacks
A queue starts empty. After performing: enqueue(7); dequeue(); enqueue(72); enqueue(3); enqueue(8); dequeue() — what is at the front of the queue?,91,31,29,3,D) 3,Following FIFO order through these operations leaves 3 at the front of the queue.,Algorithms & Data Structures,Queues
"After one full pass of bubble sort on the array [50, 72, 48, 36], what does the array look like?","[36, 48, 50, 72]","[50, 48, 36, 72]","[36, 48, 72, 50]","[50, 72, 48, 36]","B) [50, 48, 36, 72]","In one pass of bubble sort, each pair of adjacent elements is compared and swapped if out of order, resulting in [50, 48, 36, 72].",Algorithms & Data Structures,Sorting
A stack starts empty. After performing: push(98); pop(); push(63); push(45) — what is on top of the stack?,1,45,32,81,B) 45,Following LIFO order through these operations leaves 45 on top of the stack.,Algorithms & Data Structures,Stacks
A queue starts empty. After performing: enqueue(20); dequeue(); enqueue(11); enqueue(19) — what is at the front of the queue?,67,11,19,13,B) 11,Following FIFO order through these operations leaves 11 at the front of the queue.,Algorithms & Data Structures,Queues
"After one full pass of bubble sort on the array [14, 82, 21, 50, 74, 25, 92], what does the array look like?","[14, 82, 21, 50, 74, 25, 92]","[14, 21, 25, 50, 74, 82, 92]","[14, 21, 50, 74, 25, 82, 92]","[92, 25, 74, 50, 21, 82, 14]","C) [14, 21, 50, 74, 25, 82, 92]","In one pass of bubble sort, each pair of adjacent elements is compared and swapped if out of order, resulting in [14, 21, 50, 74, 25, 82, 92].",Algorithms & Data Structures,Sorting
"Using linear search, what is the index (0-based) of 80 in the array [54, 152, 121, 2, 80, 118]?",1,6,4,2,C) 4,"Linear search checks each element in order; 80 is found at index 4 (0-based) in [54, 152, 121, 2, 80, 118].",Algorithms & Data Structures,Searching
A stack starts empty. After performing: push(36); push(58); pop(); push(59) — what is on top of the stack?,59,77,65,43,A) 59,Following LIFO order through these operations leaves 59 on top of the stack.,Algorithms & Data Structures,Stacks
"Using linear search, what is the index (0-based) of 109 in the array [98, 180, 17, 86, 34, 198, 172, 164, 59, 176, 109]?",8,9,10,13,C) 10,"Linear search checks each element in order; 109 is found at index 10 (0-based) in [98, 180, 17, 86, 34, 198, 172, 164, 59, 176, 109].",Algorithms & Data Structures,Searching
A stack starts empty. After performing: push(58); push(26); push(81); push(46); pop(); push(60) — what is on top of the stack?,68,64,25,60,D) 60,Following LIFO order through these operations leaves 60 on top of the stack.,Algorithms & Data Structures,Stacks
A queue starts empty. After performing: enqueue(40); dequeue(); enqueue(11); dequeue() — what is at the front of the queue?,62,Queue is empty,53,41,B) Queue is empty,Following FIFO order through these operations leaves Queue is empty at the front of the queue.,Algorithms & Data Structures,Queues
"After one full pass of bubble sort on the array [86, 5, 46, 15, 94, 98], what does the array look like?","[5, 15, 46, 86, 94, 98]","[98, 94, 15, 46, 5, 86]","[5, 46, 15, 86, 94, 98]","[86, 5, 46, 15, 94, 98]","C) [5, 46, 15, 86, 94, 98]","In one pass of bubble sort, each pair of adjacent elements is compared and swapped if out of order, resulting in [5, 46, 15, 86, 94, 98].",Algorithms & Data Structures,Sorting
A queue starts empty. After performing: enqueue(3); enqueue(47); enqueue(83); enqueue(52); dequeue(); enqueue(46) — what is at the front of the queue?,47,46,44,59,A) 47,Following FIFO order through these operations leaves 47 at the front of the queue.,Algorithms & Data Structures,Queues
"Using linear search, what is the index (0-based) of 189 in the array [27, 96, 42, 25, 64, 31, 189, 57, 181, 86]?",7,5,3,6,D) 6,"Linear search checks each element in order; 189 is found at index 6 (0-based) in [27, 96, 42, 25, 64, 31, 189, 57, 181, 86].",Algorithms & Data Structures,Searching
"After one full pass of bubble sort on the array [33, 19, 52, 92, 73], what does the array look like?","[19, 33, 52, 73, 92]","[33, 19, 52, 92, 73]","[73, 92, 52, 19, 33]","[19, 33, 52, 73, 92]","A) [19, 33, 52, 73, 92]","In one pass of bubble sort, each pair of adjacent elements is compared and swapped if out of order, resulting in [19, 33, 52, 73, 92].",Algorithms & Data Structures,Sorting
"Using linear search, what is the index (0-based) of 53 in the array [163, 155, 53, 74, 122, 112, 171, 26, 2, 169]?",3,5,2,4,C) 2,"Linear search checks each element in order; 53 is found at index 2 (0-based) in [163, 155, 53, 74, 122, 112, 171, 26, 2, 169].",Algorithms & Data Structures,Searching
"After one full pass of bubble sort on the array [83, 55, 97, 5, 95, 90, 79], what does the array look like?","[55, 83, 5, 95, 90, 79, 97]","[79, 90, 95, 5, 97, 55, 83]","[5, 55, 79, 83, 90, 95, 97]","[83, 55, 97, 5, 95, 90, 79]","A) [55, 83, 5, 95, 90, 79, 97]","In one pass of bubble sort, each pair of adjacent elements is compared and swapped if out of order, resulting in [55, 83, 5, 95, 90, 79, 97].",Algorithms & Data Structures,Sorting
"Using binary search on the sorted array [1, 20, 25, 37, 88, 101, 125, 147, 156, 159, 173, 183, 209, 215, 221, 264, 267, 285, 292, 304, 313, 314, 350, 377, 408, 415, 425, 427, 432, 480, 492], how many comparisons are needed to find 480?",6,3,2,4,D) 4,Binary search halves the search space each comparison; finding 480 in this array takes 4 comparison(s).,Algorithms & Data Structures,Searching
A stack starts empty. After performing: push(60); pop(); push(29); push(11); push(32) — what is on top of the stack?,32,65,78,54,A) 32,Following LIFO order through these operations leaves 32 on top of the stack.,Algorithms & Data Structures,Stacks
A stack starts empty. After performing: push(80); pop(); push(2); pop(); push(57) — what is on top of the stack?,16,57,1,28,B) 57,Following LIFO order through these operations leaves 57 on top of the stack.,Algorithms & Data Structures,Stacks
"Using linear search, what is the index (0-based) of 73 in the array [48, 168, 73, 116, 72, 91, 109]?",4,2,0,5,B) 2,"Linear search checks each element in order; 73 is found at index 2 (0-based) in [48, 168, 73, 116, 72, 91, 109].",Algorithms & Data Structures,Searching
"Using binary search on the sorted array [10, 18, 22, 39, 45, 58, 92, 114, 127, 277, 319, 364, 365, 463, 465], how many comparisons are needed to find 277?",4,2,3,1,C) 3,Binary search halves the search space each comparison; finding 277 in this array takes 3 comparison(s).,Algorithms & Data Structures,Searching
"After one full pass of bubble sort on the array [34, 13, 89, 38, 12, 68], what does the array look like?","[12, 13, 34, 38, 68, 89]","[68, 12, 38, 89, 13, 34]","[34, 13, 89, 38, 12, 68]","[13, 34, 38, 12, 68, 89]","D) [13, 34, 38, 12, 68, 89]","In one pass of bubble sort, each pair of adjacent elements is compared and swapped if out of order, resulting in [13, 34, 38, 12, 68, 89].",Algorithms & Data Structures,Sorting
A queue starts empty. After performing: enqueue(2); enqueue(48); enqueue(10); enqueue(84); enqueue(41); enqueue(21) — what is at the front of the queue?,26,17,2,64,C) 2,Following FIFO order through these operations leaves 2 at the front of the queue.,Algorithms & Data Structures,Queues
"Using linear search, what is the index (0-based) of 149 in the array [41, 62, 142, 172, 67, 149, 48, 39, 46]?",3,2,5,6,C) 5,"Linear search checks each element in order; 149 is found at index 5 (0-based) in [41, 62, 142, 172, 67, 149, 48, 39, 46].",Algorithms & Data Structures,Searching
A queue starts empty. After performing: enqueue(8); dequeue(); enqueue(32); enqueue(84); enqueue(30); enqueue(3) — what is at the front of the queue?,84,64,32,72,C) 32,Following FIFO order through these operations leaves 32 at the front of the queue.,Algorithms & Data Structures,Queues
"Using linear search, what is the index (0-based) of 73 in the array [169, 84, 188, 183, 198, 73, 33]?",4,5,2,3,B) 5,"Linear search checks each element in order; 73 is found at index 5 (0-based) in [169, 84, 188, 183, 198, 73, 33].",Algorithms & Data Structures,Searching
A stack starts empty. After performing: push(1); pop(); push(71); pop(); push(3); pop() — what is on top of the stack?,42,32,Stack is empty,86,C) Stack is empty,Following LIFO order through these operations leaves Stack is empty on top of the stack.,Algorithms & Data Structures,Stacks
A queue starts empty. After performing: enqueue(3); enqueue(32); enqueue(77); enqueue(37); enqueue(67); enqueue(2) — what is at the front of the queue?,89,21,3,67,C) 3,Following FIFO order through these operations leaves 3 at the front of the queue.,Algorithms & Data Structures,Queues
"Using binary search on the sorted array [5, 17, 37, 38, 77, 129, 131, 132, 162, 174, 175, 178, 194, 218, 252, 268, 272, 296, 321, 328, 375, 386, 399, 409, 420, 423, 459, 469, 470, 472, 486], how many comparisons are needed to find 420?",7,3,5,6,C) 5,Binary search halves the search space each comparison; finding 420 in this array takes 5 comparison(s).,Algorithms & Data Structures,Searching
"After one full pass of bubble sort on the array [15, 63, 75, 77, 59], what does the array look like?","[15, 63, 75, 59, 77]","[59, 77, 75, 63, 15]","[15, 63, 75, 77, 59]","[15, 59, 63, 75, 77]","A) [15, 63, 75, 59, 77]","In one pass of bubble sort, each pair of adjacent elements is compared and swapped if out of order, resulting in [15, 63, 75, 59, 77].",Algorithms & Data Structures,Sorting
"Using linear search, what is the index (0-based) of 42 in the array [60, 199, 42, 171, 64, 179]?",1,2,0,5,B) 2,"Linear search checks each element in order; 42 is found at index 2 (0-based) in [60, 199, 42, 171, 64, 179].",Algorithms & Data Structures,Searching
"Using binary search on the sorted array [15, 80, 121, 200, 203, 210, 223, 339, 346, 349, 392, 401, 436, 477, 499], how many comparisons are needed to find 200?",1,3,4,2,D) 2,Binary search halves the search space each comparison; finding 200 in this array takes 2 comparison(s).,Algorithms & Data Structures,Searching
A queue starts empty. After performing: enqueue(12); dequeue(); enqueue(60); enqueue(92); enqueue(72); enqueue(69) — what is at the front of the queue?,70,60,95,75,B) 60,Following FIFO order through these operations leaves 60 at the front of the queue.,Algorithms & Data Structures,Queues
A queue starts empty. After performing: enqueue(18); enqueue(33); dequeue(); dequeue(); enqueue(51) — what is at the front of the queue?,51,3,52,52,A) 51,Following FIFO order through these operations leaves 51 at the front of the queue.,Algorithms & Data Structures,Queues
A stack starts empty. After performing: push(86); pop(); push(88); pop() — what is on top of the stack?,3,Stack is empty,73,1,B) Stack is empty,Following LIFO order through these operations leaves Stack is empty on top of the stack.,Algorithms & Data Structures,Stacks
"Using binary search on the sorted array [6, 25, 251, 349, 370, 372, 483], how many comparisons are needed to find 25?",2,4,3,1,A) 2,Binary search halves the search space each comparison; finding 25 in this array takes 2 comparison(s).,Algorithms & Data Structures,Searching
A queue starts empty. After performing: enqueue(17); enqueue(67); enqueue(30); enqueue(41) — what is at the front of the queue?,16,22,17,67,C) 17,Following FIFO order through these operations leaves 17 at the front of the queue.,Algorithms & Data Structures,Queues
A queue starts empty. After performing: enqueue(92); dequeue(); enqueue(28); enqueue(81); dequeue() — what is at the front of the queue?,81,72,58,72,A) 81,Following FIFO order through these operations leaves 81 at the front of the queue.,Algorithms & Data Structures,Queues
"Using binary search on the sorted array [2, 10, 26, 27, 29, 41, 45, 52, 75, 91, 101, 113, 117, 126, 138, 140, 141, 153, 180, 224, 232, 258, 266, 291, 303, 315, 329, 412, 445, 455, 489], how many comparisons are needed to find 29?",3,4,7,5,D) 5,Binary search halves the search space each comparison; finding 29 in this array takes 5 comparison(s).,Algorithms & Data Structures,Searching
A stack starts empty. After performing: push(30); push(63); pop(); push(19); pop() — what is on top of the stack?,12,42,37,30,D) 30,Following LIFO order through these operations leaves 30 on top of the stack.,Algorithms & Data Structures,Stacks
A stack starts empty. After performing: push(45); pop(); push(97); push(58); push(55) — what is on top of the stack?,60,55,94,94,B) 55,Following LIFO order through these operations leaves 55 on top of the stack.,Algorithms & Data Structures,Stacks
"Using linear search, what is the index (0-based) of 185 in the array [48, 6, 185, 193, 72, 119, 115]?",0,1,5,2,D) 2,"Linear search checks each element in order; 185 is found at index 2 (0-based) in [48, 6, 185, 193, 72, 119, 115].",Algorithms & Data Structures,Searching
A queue starts empty. After performing: enqueue(22); enqueue(18); dequeue(); enqueue(32); dequeue() — what is at the front of the queue?,32,43,37,19,A) 32,Following FIFO order through these operations leaves 32 at the front of the queue.,Algorithms & Data Structures,Queues
"Using linear search, what is the index (0-based) of 13 in the array [182, 146, 176, 114, 13]?",1,7,6,4,D) 4,"Linear search checks each element in order; 13 is found at index 4 (0-based) in [182, 146, 176, 114, 13].",Algorithms & Data Structures,Searching
"Using linear search, what is the index (0-based) of 56 in the array [127, 46, 101, 21, 113, 191, 104, 145, 173, 153, 124, 56]?",12,11,13,14,B) 11,"Linear search checks each element in order; 56 is found at index 11 (0-based) in [127, 46, 101, 21, 113, 191, 104, 145, 173, 153, 124, 56].",Algorithms & Data Structures,Searching
"After one full pass of bubble sort on the array [99, 87, 76, 24, 71, 28], what does the array look like?","[99, 87, 76, 24, 71, 28]","[24, 28, 71, 76, 87, 99]","[28, 71, 24, 76, 87, 99]","[87, 76, 24, 71, 28, 99]","D) [87, 76, 24, 71, 28, 99]","In one pass of bubble sort, each pair of adjacent elements is compared and swapped if out of order, resulting in [87, 76, 24, 71, 28, 99].",Algorithms & Data Structures,Sorting
"Using binary search on the sorted array [8, 11, 71, 206, 329, 409, 418], how many comparisons are needed to find 8?",5,3,4,1,B) 3,Binary search halves the search space each comparison; finding 8 in this array takes 3 comparison(s).,Algorithms & Data Structures,Searching
A stack starts empty. After performing: push(46); pop(); push(96); push(26) — what is on top of the stack?,12,47,26,20,C) 26,Following LIFO order through these operations leaves 26 on top of the stack.,Algorithms & Data Structures,Stacks
A queue starts empty. After performing: enqueue(16); enqueue(82); enqueue(44); dequeue() — what is at the front of the queue?,82,27,12,20,A) 82,Following FIFO order through these operations leaves 82 at the front of the queue.,Algorithms & Data Structures,Queues
"After one full pass of bubble sort on the array [71, 38, 55, 99, 42], what does the array look like?","[38, 42, 55, 71, 99]","[71, 38, 55, 99, 42]","[38, 55, 71, 42, 99]","[42, 99, 55, 38, 71]","C) [38, 55, 71, 42, 99]","In one pass of bubble sort, each pair of adjacent elements is compared and swapped if out of order, resulting in [38, 55, 71, 42, 99].",Algorithms & Data Structures,Sorting
A stack starts empty. After performing: push(98); pop(); push(10); pop(); push(8) — what is on top of the stack?,74,51,69,8,D) 8,Following LIFO order through these operations leaves 8 on top of the stack.,Algorithms & Data Structures,Stacks
A stack starts empty. After performing: push(2); push(52); push(47); push(80) — what is on top of the stack?,12,80,96,48,B) 80,Following LIFO order through these operations leaves 80 on top of the stack.,Algorithms & Data Structures,Stacks
A stack starts empty. After performing: push(78); pop(); push(87); pop() — what is on top of the stack?,7,70,Stack is empty,19,C) Stack is empty,Following LIFO order through these operations leaves Stack is empty on top of the stack.,Algorithms & Data Structures,Stacks
"After one full pass of bubble sort on the array [66, 34, 27, 70], what does the array look like?","[66, 34, 27, 70]","[70, 27, 34, 66]","[34, 27, 66, 70]","[27, 34, 66, 70]","C) [34, 27, 66, 70]","In one pass of bubble sort, each pair of adjacent elements is compared and swapped if out of order, resulting in [34, 27, 66, 70].",Algorithms & Data Structures,Sorting
Which of the following best describes a queue?,A data structure that follows First-In-First-Out (FIFO) order,The process of arranging data in a particular order,A technique where a function calls itself to solve a problem,A measure of how much memory an algorithm requires relative to input size,A) A data structure that follows First-In-First-Out (FIFO) order,A queue is a data structure where the first element added is the first one removed (FIFO).,Algorithms & Data Structures,Queues
"Using binary search on the sorted array [26, 139, 220, 224, 270, 363, 484], how many comparisons are needed to find 26?",3,5,1,4,A) 3,Binary search halves the search space each comparison; finding 26 in this array takes 3 comparison(s).,Algorithms & Data Structures,Searching
"Using linear search, what is the index (0-based) of 43 in the array [193, 60, 176, 189, 43]?",3,4,1,5,B) 4,"Linear search checks each element in order; 43 is found at index 4 (0-based) in [193, 60, 176, 189, 43].",Algorithms & Data Structures,Searching
"Using linear search, what is the index (0-based) of 156 in the array [165, 139, 161, 147, 156, 9, 51]?",3,1,5,4,D) 4,"Linear search checks each element in order; 156 is found at index 4 (0-based) in [165, 139, 161, 147, 156, 9, 51].",Algorithms & Data Structures,Searching
"Using linear search, what is the index (0-based) of 73 in the array [6, 28, 11, 76, 86, 73]?",8,4,3,5,D) 5,"Linear search checks each element in order; 73 is found at index 5 (0-based) in [6, 28, 11, 76, 86, 73].",Algorithms & Data Structures,Searching
"After one full pass of bubble sort on the array [48, 13, 96, 24], what does the array look like?","[13, 48, 24, 96]","[24, 96, 13, 48]","[48, 13, 96, 24]","[13, 24, 48, 96]","A) [13, 48, 24, 96]","In one pass of bubble sort, each pair of adjacent elements is compared and swapped if out of order, resulting in [13, 48, 24, 96].",Algorithms & Data Structures,Sorting
"Using binary search on the sorted array [229, 256, 271, 299, 329, 340, 482], how many comparisons are needed to find 256?",2,4,3,1,A) 2,Binary search halves the search space each comparison; finding 256 in this array takes 2 comparison(s).,Algorithms & Data Structures,Searching
A stack starts empty. After performing: push(87); pop(); push(25); push(88) — what is on top of the stack?,10,91,88,51,C) 88,Following LIFO order through these operations leaves 88 on top of the stack.,Algorithms & Data Structures,Stacks
"After one full pass of bubble sort on the array [29, 77, 93, 18, 92, 47, 30], what does the array look like?","[18, 29, 30, 47, 77, 92, 93]","[29, 77, 93, 18, 92, 47, 30]","[29, 77, 18, 92, 47, 30, 93]","[30, 47, 92, 18, 93, 77, 29]","C) [29, 77, 18, 92, 47, 30, 93]","In one pass of bubble sort, each pair of adjacent elements is compared and swapped if out of order, resulting in [29, 77, 18, 92, 47, 30, 93].",Algorithms & Data Structures,Sorting
What is searching (algorithms)?,A measure of the resources (time or space) an algorithm requires,The process of finding a specific element within a data structure,An operation that removes an element from the front of a queue,A data structure that follows Last-In-First-Out (LIFO) order,B) The process of finding a specific element within a data structure,"Searching refers to algorithms used to find whether a specific element exists within a data structure, and its location.",Algorithms & Data Structures,Searching
Which of the following best describes a graph (data structure)?,A measure of how much memory an algorithm requires relative to input size,A data structure that follows First-In-First-Out (FIFO) order,A collection of nodes (vertices) connected by edges,An operation that adds an element to the top of a stack,C) A collection of nodes (vertices) connected by edges,"A graph is a data structure consisting of a set of nodes (vertices) connected by edges, which can be directed or undirected.",Algorithms & Data Structures,Graphs
A stack starts empty. After performing: push(91); pop(); push(82); push(83); push(92) — what is on top of the stack?,93,92,20,55,B) 92,Following LIFO order through these operations leaves 92 on top of the stack.,Algorithms & Data Structures,Stacks
"Using linear search, what is the index (0-based) of 117 in the array [55, 39, 111, 117, 173]?",5,2,3,0,C) 3,"Linear search checks each element in order; 117 is found at index 3 (0-based) in [55, 39, 111, 117, 173].",Algorithms & Data Structures,Searching
"Using binary search on the sorted array [9, 71, 154, 244, 338, 437, 472], how many comparisons are needed to find 338?",4,5,3,1,C) 3,Binary search halves the search space each comparison; finding 338 in this array takes 3 comparison(s).,Algorithms & Data Structures,Searching
A queue starts empty. After performing: enqueue(62); dequeue(); enqueue(13); dequeue(); enqueue(76) — what is at the front of the queue?,9,54,76,8,C) 76,Following FIFO order through these operations leaves 76 at the front of the queue.,Algorithms & Data Structures,Queues
"Using binary search on the sorted array [75, 139, 297, 408, 465, 481, 486], how many comparisons are needed to find 139?",2,4,1,3,A) 2,Binary search halves the search space each comparison; finding 139 in this array takes 2 comparison(s).,Algorithms & Data Structures,Searching
A queue starts empty. After performing: enqueue(52); enqueue(16); dequeue(); enqueue(1); enqueue(4); enqueue(34) — what is at the front of the queue?,2,81,16,61,C) 16,Following FIFO order through these operations leaves 16 at the front of the queue.,Algorithms & Data Structures,Queues
A stack starts empty. After performing: push(84); pop(); push(37); push(42); push(88); push(89) — what is on top of the stack?,32,36,89,8,C) 89,Following LIFO order through these operations leaves 89 on top of the stack.,Algorithms & Data Structures,Stacks
"Using binary search on the sorted array [117, 126, 219, 252, 253, 379, 476], how many comparisons are needed to find 219?",3,4,2,5,A) 3,Binary search halves the search space each comparison; finding 219 in this array takes 3 comparison(s).,Algorithms & Data Structures,Searching
"Using linear search, what is the index (0-based) of 57 in the array [12, 57, 115, 71, 122, 172, 116]?",2,0,1,4,C) 1,"Linear search checks each element in order; 57 is found at index 1 (0-based) in [12, 57, 115, 71, 122, 172, 116].",Algorithms & Data Structures,Searching
A queue starts empty. After performing: enqueue(2); enqueue(61); enqueue(98); enqueue(20); dequeue(); enqueue(47) — what is at the front of the queue?,47,54,61,56,C) 61,Following FIFO order through these operations leaves 61 at the front of the queue.,Algorithms & Data Structures,Queues
"Using linear search, what is the index (0-based) of 66 in the array [109, 196, 126, 30, 144, 114, 9, 66]?",6,7,8,10,B) 7,"Linear search checks each element in order; 66 is found at index 7 (0-based) in [109, 196, 126, 30, 144, 114, 9, 66].",Algorithms & Data Structures,Searching
"After one full pass of bubble sort on the array [36, 50, 11, 28, 8, 70, 66], what does the array look like?","[36, 11, 28, 8, 50, 66, 70]","[36, 50, 11, 28, 8, 70, 66]","[8, 11, 28, 36, 50, 66, 70]","[66, 70, 8, 28, 11, 50, 36]","A) [36, 11, 28, 8, 50, 66, 70]","In one pass of bubble sort, each pair of adjacent elements is compared and swapped if out of order, resulting in [36, 11, 28, 8, 50, 66, 70].",Algorithms & Data Structures,Sorting
"Using binary search on the sorted array [58, 65, 143, 175, 202, 267, 357], how many comparisons are needed to find 58?",5,3,2,4,B) 3,Binary search halves the search space each comparison; finding 58 in this array takes 3 comparison(s).,Algorithms & Data Structures,Searching
A queue starts empty. After performing: enqueue(82); enqueue(33); enqueue(94); enqueue(95) — what is at the front of the queue?,80,82,13,39,B) 82,Following FIFO order through these operations leaves 82 at the front of the queue.,Algorithms & Data Structures,Queues
"Using linear search, what is the index (0-based) of 130 in the array [44, 171, 130, 154, 144]?",1,3,2,4,C) 2,"Linear search checks each element in order; 130 is found at index 2 (0-based) in [44, 171, 130, 154, 144].",Algorithms & Data Structures,Searching
"After one full pass of bubble sort on the array [42, 36, 82, 27], what does the array look like?","[27, 36, 42, 82]","[42, 36, 82, 27]","[36, 42, 27, 82]","[27, 82, 36, 42]","C) [36, 42, 27, 82]","In one pass of bubble sort, each pair of adjacent elements is compared and swapped if out of order, resulting in [36, 42, 27, 82].",Algorithms & Data Structures,Sorting
A queue starts empty. After performing: enqueue(70); enqueue(83); dequeue(); enqueue(67) — what is at the front of the queue?,35,83,42,57,B) 83,Following FIFO order through these operations leaves 83 at the front of the queue.,Algorithms & Data Structures,Queues
Which of the following best describes recursion?,An operation that adds an element to the top of a stack,A technique where a function calls itself to solve a problem,The process of finding a specific element within a data structure,An operation that removes an element from the front of a queue,B) A technique where a function calls itself to solve a problem,Recursion is a programming technique where a function calls itself to break a problem into smaller subproblems.,Algorithms & Data Structures,Algorithm Complexity
"Using linear search, what is the index (0-based) of 45 in the array [55, 5, 85, 45, 166, 174, 106, 79, 93, 66, 98, 89]?",5,0,4,3,D) 3,"Linear search checks each element in order; 45 is found at index 3 (0-based) in [55, 5, 85, 45, 166, 174, 106, 79, 93, 66, 98, 89].",Algorithms & Data Structures,Searching
A stack starts empty. After performing: push(37); push(23); pop(); push(3) — what is on top of the stack?,26,3,78,55,B) 3,Following LIFO order through these operations leaves 3 on top of the stack.,Algorithms & Data Structures,Stacks
"After one full pass of bubble sort on the array [79, 23, 67, 74, 53], what does the array look like?","[79, 23, 67, 74, 53]","[23, 53, 67, 74, 79]","[53, 74, 67, 23, 79]","[23, 67, 74, 53, 79]","D) [23, 67, 74, 53, 79]","In one pass of bubble sort, each pair of adjacent elements is compared and swapped if out of order, resulting in [23, 67, 74, 53, 79].",Algorithms & Data Structures,Sorting
"After one full pass of bubble sort on the array [18, 69, 71, 46, 94], what does the array look like?","[18, 46, 69, 71, 94]","[18, 69, 71, 46, 94]","[18, 69, 46, 71, 94]","[94, 46, 71, 69, 18]","C) [18, 69, 46, 71, 94]","In one pass of bubble sort, each pair of adjacent elements is compared and swapped if out of order, resulting in [18, 69, 46, 71, 94].",Algorithms & Data Structures,Sorting
A queue starts empty. After performing: enqueue(59); dequeue(); enqueue(73); dequeue(); enqueue(34) — what is at the front of the queue?,34,55,11,30,A) 34,Following FIFO order through these operations leaves 34 at the front of the queue.,Algorithms & Data Structures,Queues
A queue starts empty. After performing: enqueue(29); dequeue(); enqueue(38); enqueue(85); dequeue() — what is at the front of the queue?,85,20,83,89,A) 85,Following FIFO order through these operations leaves 85 at the front of the queue.,Algorithms & Data Structures,Queues
A queue starts empty. After performing: enqueue(49); dequeue(); enqueue(81); enqueue(60); enqueue(38) — what is at the front of the queue?,81,76,28,31,A) 81,Following FIFO order through these operations leaves 81 at the front of the queue.,Algorithms & Data Structures,Queues
A stack starts empty. After performing: push(49); push(84); push(66); push(4); push(31); pop() — what is on top of the stack?,7,48,4,42,C) 4,Following LIFO order through these operations leaves 4 on top of the stack.,Algorithms & Data Structures,Stacks
"After one full pass of bubble sort on the array [99, 76, 77, 10], what does the array look like?","[99, 76, 77, 10]","[10, 77, 76, 99]","[10, 76, 77, 99]","[76, 77, 10, 99]","D) [76, 77, 10, 99]","In one pass of bubble sort, each pair of adjacent elements is compared and swapped if out of order, resulting in [76, 77, 10, 99].",Algorithms & Data Structures,Sorting
"Using binary search on the sorted array [1, 11, 12, 24, 27, 31, 34, 78, 97, 99, 157, 179, 182, 191, 196, 200, 217, 222, 230, 252, 273, 299, 322, 323, 328, 363, 410, 420, 442, 470, 497], how many comparisons are needed to find 410?",7,3,4,5,D) 5,Binary search halves the search space each comparison; finding 410 in this array takes 5 comparison(s).,Algorithms & Data Structures,Searching
"Using binary search on the sorted array [26, 70, 82, 114, 134, 143, 151, 164, 165, 167, 170, 172, 183, 191, 199, 327, 340, 353, 361, 389, 392, 403, 405, 420, 428, 448, 457, 465, 468, 476, 496], how many comparisons are needed to find 170?",4,6,5,3,C) 5,Binary search halves the search space each comparison; finding 170 in this array takes 5 comparison(s).,Algorithms & Data Structures,Searching
"After one full pass of bubble sort on the array [60, 75, 61, 82, 78, 59], what does the array look like?","[59, 78, 82, 61, 75, 60]","[60, 75, 61, 82, 78, 59]","[60, 61, 75, 78, 59, 82]","[59, 60, 61, 75, 78, 82]","C) [60, 61, 75, 78, 59, 82]","In one pass of bubble sort, each pair of adjacent elements is compared and swapped if out of order, resulting in [60, 61, 75, 78, 59, 82].",Algorithms & Data Structures,Sorting
"After one full pass of bubble sort on the array [43, 15, 29, 53, 2], what does the array look like?","[2, 15, 29, 43, 53]","[2, 53, 29, 15, 43]","[43, 15, 29, 53, 2]","[15, 29, 43, 2, 53]","D) [15, 29, 43, 2, 53]","In one pass of bubble sort, each pair of adjacent elements is compared and swapped if out of order, resulting in [15, 29, 43, 2, 53].",Algorithms & Data Structures,Sorting
"Using linear search, what is the index (0-based) of 115 in the array [115, 104, 67, 15, 2, 165]?",1,0,3,2,B) 0,"Linear search checks each element in order; 115 is found at index 0 (0-based) in [115, 104, 67, 15, 2, 165].",Algorithms & Data Structures,Searching
A queue starts empty. After performing: enqueue(34); enqueue(58); enqueue(77); enqueue(98); dequeue() — what is at the front of the queue?,58,61,70,43,A) 58,Following FIFO order through these operations leaves 58 at the front of the queue.,Algorithms & Data Structures,Queues
"Using binary search on the sorted array [195, 216, 262, 295, 317, 337, 382], how many comparisons are needed to find 295?",2,4,3,1,D) 1,Binary search halves the search space each comparison; finding 295 in this array takes 1 comparison(s).,Algorithms & Data Structures,Searching
"Using binary search on the sorted array [1, 16, 57, 66, 77, 79, 132, 169, 195, 196, 201, 253, 281, 303, 307, 314, 320, 361, 378, 418, 422, 423, 439, 447, 452, 457, 474, 486, 489, 496, 497], how many comparisons are needed to find 196?",2,3,4,5,C) 4,Binary search halves the search space each comparison; finding 196 in this array takes 4 comparison(s).,Algorithms & Data Structures,Searching
"Using binary search on the sorted array [29, 38, 163, 355, 361, 366, 405], how many comparisons are needed to find 163?",4,1,2,3,D) 3,Binary search halves the search space each comparison; finding 163 in this array takes 3 comparison(s).,Algorithms & Data Structures,Searching
"Using binary search on the sorted array [4, 15, 94, 152, 237, 261, 478], how many comparisons are needed to find 4?",3,2,5,4,A) 3,Binary search halves the search space each comparison; finding 4 in this array takes 3 comparison(s).,Algorithms & Data Structures,Searching
"Using linear search, what is the index (0-based) of 181 in the array [48, 191, 87, 77, 45, 181]?",6,5,2,8,B) 5,"Linear search checks each element in order; 181 is found at index 5 (0-based) in [48, 191, 87, 77, 45, 181].",Algorithms & Data Structures,Searching
"Using binary search on the sorted array [23, 62, 105, 140, 144, 159, 238, 273, 308, 340, 384, 418, 443, 448, 458], how many comparisons are needed to find 62?",3,4,5,2,A) 3,Binary search halves the search space each comparison; finding 62 in this array takes 3 comparison(s).,Algorithms & Data Structures,Searching
"Using binary search on the sorted array [36, 39, 40, 60, 82, 87, 91, 99, 122, 125, 139, 145, 156, 203, 210, 224, 249, 258, 287, 291, 312, 346, 359, 426, 438, 443, 446, 460, 485, 489, 492], how many comparisons are needed to find 60?",4,2,5,3,D) 3,Binary search halves the search space each comparison; finding 60 in this array takes 3 comparison(s).,Algorithms & Data Structures,Searching
A stack starts empty. After performing: push(59); push(63); push(30); push(66); push(93) — what is on top of the stack?,84,12,93,50,C) 93,Following LIFO order through these operations leaves 93 on top of the stack.,Algorithms & Data Structures,Stacks
"Using binary search on the sorted array [113, 187, 224, 262, 269, 291, 294, 344, 358, 387, 408, 420, 434, 440, 497], how many comparisons are needed to find 269?",5,6,3,4,D) 4,Binary search halves the search space each comparison; finding 269 in this array takes 4 comparison(s).,Algorithms & Data Structures,Searching
"Using linear search, what is the index (0-based) of 34 in the array [187, 34, 29, 112, 147]?",0,3,4,1,D) 1,"Linear search checks each element in order; 34 is found at index 1 (0-based) in [187, 34, 29, 112, 147].",Algorithms & Data Structures,Searching
"Using binary search on the sorted array [31, 300, 376, 395, 418, 424, 468], how many comparisons are needed to find 31?",5,4,3,1,C) 3,Binary search halves the search space each comparison; finding 31 in this array takes 3 comparison(s).,Algorithms & Data Structures,Searching
"Using linear search, what is the index (0-based) of 133 in the array [136, 158, 105, 146, 160, 133, 129, 49, 174]?",3,5,8,2,B) 5,"Linear search checks each element in order; 133 is found at index 5 (0-based) in [136, 158, 105, 146, 160, 133, 129, 49, 174].",Algorithms & Data Structures,Searching
"Using linear search, what is the index (0-based) of 68 in the array [156, 71, 133, 166, 111, 68, 30, 31]?",2,6,5,3,C) 5,"Linear search checks each element in order; 68 is found at index 5 (0-based) in [156, 71, 133, 166, 111, 68, 30, 31].",Algorithms & Data Structures,Searching
A stack starts empty. After performing: push(75); push(12); push(91); push(81) — what is on top of the stack?,72,62,81,64,C) 81,Following LIFO order through these operations leaves 81 on top of the stack.,Algorithms & Data Structures,Stacks
A queue starts empty. After performing: enqueue(26); enqueue(63); dequeue(); enqueue(19) — what is at the front of the queue?,83,5,63,13,C) 63,Following FIFO order through these operations leaves 63 at the front of the queue.,Algorithms & Data Structures,Queues
"Using binary search on the sorted array [34, 35, 42, 56, 57, 87, 88, 93, 128, 129, 145, 170, 182, 197, 199, 239, 240, 249, 256, 280, 301, 322, 329, 360, 413, 428, 437, 457, 468, 485, 497], how many comparisons are needed to find 87?",6,2,4,5,C) 4,Binary search halves the search space each comparison; finding 87 in this array takes 4 comparison(s).,Algorithms & Data Structures,Searching
A queue starts empty. After performing: enqueue(56); enqueue(14); dequeue(); enqueue(69) — what is at the front of the queue?,14,36,50,14,A) 14,Following FIFO order through these operations leaves 14 at the front of the queue.,Algorithms & Data Structures,Queues
What is a root node?,An operation that removes the top element from a stack,A linear data structure where elements are linked using pointers,A collection of nodes (vertices) connected by edges,The topmost node in a tree data structure,D) The topmost node in a tree data structure,"The root node is the topmost node of a tree data structure, from which all other nodes descend.",Algorithms & Data Structures,Trees
A stack starts empty. After performing: push(10); pop(); push(16); push(25) — what is on top of the stack?,62,55,25,4,C) 25,Following LIFO order through these operations leaves 25 on top of the stack.,Algorithms & Data Structures,Stacks
"Using linear search, what is the index (0-based) of 41 in the array [119, 184, 17, 161, 41, 134, 130, 39, 185]?",4,3,1,7,A) 4,"Linear search checks each element in order; 41 is found at index 4 (0-based) in [119, 184, 17, 161, 41, 134, 130, 39, 185].",Algorithms & Data Structures,Searching
A stack starts empty. After performing: push(50); pop(); push(43); pop() — what is on top of the stack?,15,86,Stack is empty,24,C) Stack is empty,Following LIFO order through these operations leaves Stack is empty on top of the stack.,Algorithms & Data Structures,Stacks
Which of the following best describes pop (stack operation)?,An operation that removes the top element from a stack,A collection of elements stored at contiguous memory locations,A hierarchical data structure with nodes connected by edges,A simple sorting algorithm that repeatedly swaps adjacent elements if out of order,A) An operation that removes the top element from a stack,Pop is a stack operation that removes and returns the top element of the stack.,Algorithms & Data Structures,Stacks
Which of the following best describes Big O notation?,A sorting algorithm that builds a sorted list one item at a time,A notation used to describe the upper bound of an algorithm's complexity,The process of arranging data in a particular order,An operation that adds an element to the top of a stack,B) A notation used to describe the upper bound of an algorithm's complexity,Big O notation describes the worst-case upper bound of an algorithm's time or space complexity as input size grows.,Algorithms & Data Structures,Algorithm Complexity
"Using binary search on the sorted array [3, 66, 122, 134, 174, 218, 264, 272, 293, 327, 339, 370, 389, 439, 480], how many comparisons are needed to find 339?",2,3,4,6,C) 4,Binary search halves the search space each comparison; finding 339 in this array takes 4 comparison(s).,Algorithms & Data Structures,Searching
A queue starts empty. After performing: enqueue(76); enqueue(57); dequeue(); enqueue(2); dequeue(); dequeue() — what is at the front of the queue?,Queue is empty,63,39,38,A) Queue is empty,Following FIFO order through these operations leaves Queue is empty at the front of the queue.,Algorithms & Data Structures,Queues
"Using linear search, what is the index (0-based) of 102 in the array [167, 161, 135, 102, 8, 141]?",1,6,3,5,C) 3,"Linear search checks each element in order; 102 is found at index 3 (0-based) in [167, 161, 135, 102, 8, 141].",Algorithms & Data Structures,Searching
"Using binary search on the sorted array [2, 9, 16, 17, 22, 47, 68, 160, 248, 300, 367, 381, 395, 494, 497], how many comparisons are needed to find 248?",2,5,4,3,C) 4,Binary search halves the search space each comparison; finding 248 in this array takes 4 comparison(s).,Algorithms & Data Structures,Searching
Which of the following best describes a tree?,An operation that adds an element to the back of a queue,A divide-and-conquer sorting algorithm that uses a pivot element,"A basic unit of a data structure, such as a linked list or tree, containing data",A hierarchical data structure with nodes connected by edges,D) A hierarchical data structure with nodes connected by edges,"A tree is a hierarchical data structure consisting of nodes connected by edges, with one root node.",Algorithms & Data Structures,Trees
A queue starts empty. After performing: enqueue(17); dequeue(); enqueue(77); dequeue(); enqueue(59); enqueue(67) — what is at the front of the queue?,1,8,68,59,D) 59,Following FIFO order through these operations leaves 59 at the front of the queue.,Algorithms & Data Structures,Queues
"After one full pass of bubble sort on the array [40, 7, 63, 55, 85, 52], what does the array look like?","[40, 7, 63, 55, 85, 52]","[7, 40, 55, 63, 52, 85]","[7, 40, 52, 55, 63, 85]","[52, 85, 55, 63, 7, 40]","B) [7, 40, 55, 63, 52, 85]","In one pass of bubble sort, each pair of adjacent elements is compared and swapped if out of order, resulting in [7, 40, 55, 63, 52, 85].",Algorithms & Data Structures,Sorting
"Using linear search, what is the index (0-based) of 28 in the array [39, 140, 28, 13, 183]?",1,5,2,3,C) 2,"Linear search checks each element in order; 28 is found at index 2 (0-based) in [39, 140, 28, 13, 183].",Algorithms & Data Structures,Searching
Which of the following best describes an edge (graph)?,An operation that adds an element to the back of a queue,A search algorithm that checks each element one by one,A hierarchical data structure with nodes connected by edges,A connection between two nodes (vertices) in a graph,D) A connection between two nodes (vertices) in a graph,An edge is a connection between two vertices (nodes) in a graph data structure.,Algorithms & Data Structures,Graphs
A queue starts empty. After performing: enqueue(71); enqueue(20); dequeue(); enqueue(19) — what is at the front of the queue?,19,62,20,29,C) 20,Following FIFO order through these operations leaves 20 at the front of the queue.,Algorithms & Data Structures,Queues
"Using linear search, what is the index (0-based) of 179 in the array [83, 185, 179, 49, 114, 102]?",4,2,3,1,B) 2,"Linear search checks each element in order; 179 is found at index 2 (0-based) in [83, 185, 179, 49, 114, 102].",Algorithms & Data Structures,Searching
A stack starts empty. After performing: push(37); push(60); pop(); push(66) — what is on top of the stack?,66,73,97,44,A) 66,Following LIFO order through these operations leaves 66 on top of the stack.,Algorithms & Data Structures,Stacks
"After one full pass of bubble sort on the array [91, 23, 65, 29, 38], what does the array look like?","[23, 29, 38, 65, 91]","[23, 65, 29, 38, 91]","[91, 23, 65, 29, 38]","[38, 29, 65, 23, 91]","B) [23, 65, 29, 38, 91]","In one pass of bubble sort, each pair of adjacent elements is compared and swapped if out of order, resulting in [23, 65, 29, 38, 91].",Algorithms & Data Structures,Sorting
"Using binary search on the sorted array [40, 48, 61, 66, 72, 119, 176, 187, 238, 264, 270, 356, 419, 466, 495], how many comparisons are needed to find 264?",2,3,5,4,B) 3,Binary search halves the search space each comparison; finding 264 in this array takes 3 comparison(s).,Algorithms & Data Structures,Searching
A stack starts empty. After performing: push(36); push(4); push(32); push(36); push(27); push(80) — what is on top of the stack?,51,11,80,29,C) 80,Following LIFO order through these operations leaves 80 on top of the stack.,Algorithms & Data Structures,Stacks
"Using binary search on the sorted array [37, 79, 174, 204, 241, 330, 428], how many comparisons are needed to find 241?",2,5,4,3,D) 3,Binary search halves the search space each comparison; finding 241 in this array takes 3 comparison(s).,Algorithms & Data Structures,Searching
"Using linear search, what is the index (0-based) of 4 in the array [140, 112, 10, 65, 172, 126, 4]?",3,6,4,8,B) 6,"Linear search checks each element in order; 4 is found at index 6 (0-based) in [140, 112, 10, 65, 172, 126, 4].",Algorithms & Data Structures,Searching
"Using binary search on the sorted array [46, 92, 127, 150, 174, 201, 231, 234, 300, 309, 341, 369, 378, 479, 497], how many comparisons are needed to find 300?",6,3,5,4,D) 4,Binary search halves the search space each comparison; finding 300 in this array takes 4 comparison(s).,Algorithms & Data Structures,Searching
A stack starts empty. After performing: push(98); pop(); push(45); push(69); pop() — what is on top of the stack?,45,92,48,86,A) 45,Following LIFO order through these operations leaves 45 on top of the stack.,Algorithms & Data Structures,Stacks
A queue starts empty. After performing: enqueue(17); enqueue(10); enqueue(42); dequeue(); enqueue(31) — what is at the front of the queue?,40,82,49,10,D) 10,Following FIFO order through these operations leaves 10 at the front of the queue.,Algorithms & Data Structures,Queues
"After one full pass of bubble sort on the array [98, 91, 23, 79, 62, 32, 82], what does the array look like?","[82, 32, 62, 79, 23, 91, 98]","[23, 32, 62, 79, 82, 91, 98]","[91, 23, 79, 62, 32, 82, 98]","[98, 91, 23, 79, 62, 32, 82]","C) [91, 23, 79, 62, 32, 82, 98]","In one pass of bubble sort, each pair of adjacent elements is compared and swapped if out of order, resulting in [91, 23, 79, 62, 32, 82, 98].",Algorithms & Data Structures,Sorting
What is bubble sort?,A notation used to describe the upper bound of an algorithm's complexity,A search algorithm that repeatedly divides a sorted list in half,A sequence of characters treated as a single data item,A simple sorting algorithm that repeatedly swaps adjacent elements if out of order,D) A simple sorting algorithm that repeatedly swaps adjacent elements if out of order,"Bubble sort repeatedly steps through a list, swapping adjacent elements if they are in the wrong order.",Algorithms & Data Structures,Sorting
"Using linear search, what is the index (0-based) of 139 in the array [94, 48, 139, 193, 107, 68]?",5,2,4,0,B) 2,"Linear search checks each element in order; 139 is found at index 2 (0-based) in [94, 48, 139, 193, 107, 68].",Algorithms & Data Structures,Searching
A queue starts empty. After performing: enqueue(8); dequeue(); enqueue(65); enqueue(85); enqueue(95) — what is at the front of the queue?,65,52,31,77,A) 65,Following FIFO order through these operations leaves 65 at the front of the queue.,Algorithms & Data Structures,Queues
A stack starts empty. After performing: push(31); pop(); push(21); push(64); push(87) — what is on top of the stack?,47,3,2,87,D) 87,Following LIFO order through these operations leaves 87 on top of the stack.,Algorithms & Data Structures,Stacks
"Using linear search, what is the index (0-based) of 22 in the array [10, 116, 22, 173, 104, 45, 178, 168, 172]?",1,0,2,5,C) 2,"Linear search checks each element in order; 22 is found at index 2 (0-based) in [10, 116, 22, 173, 104, 45, 178, 168, 172].",Algorithms & Data Structures,Searching
A queue starts empty. After performing: enqueue(32); enqueue(68); enqueue(75); enqueue(93) — what is at the front of the queue?,52,32,82,9,B) 32,Following FIFO order through these operations leaves 32 at the front of the queue.,Algorithms & Data Structures,Queues
"Using linear search, what is the index (0-based) of 190 in the array [194, 155, 190, 166, 117, 86, 112, 138]?",2,3,1,0,A) 2,"Linear search checks each element in order; 190 is found at index 2 (0-based) in [194, 155, 190, 166, 117, 86, 112, 138].",Algorithms & Data Structures,Searching
"Using binary search on the sorted array [10, 26, 245, 263, 264, 390, 493], how many comparisons are needed to find 493?",3,2,5,4,A) 3,Binary search halves the search space each comparison; finding 493 in this array takes 3 comparison(s).,Algorithms & Data Structures,Searching
"Using binary search on the sorted array [89, 94, 96, 101, 120, 128, 139, 177, 180, 220, 247, 277, 289, 290, 301, 317, 340, 345, 349, 358, 359, 365, 377, 415, 419, 428, 458, 468, 469, 487, 493], how many comparisons are needed to find 89?",7,3,5,4,C) 5,Binary search halves the search space each comparison; finding 89 in this array takes 5 comparison(s).,Algorithms & Data Structures,Searching
"Using linear search, what is the index (0-based) of 17 in the array [17, 153, 6, 64, 137, 60, 58, 94, 85, 74, 61]?",0,1,2,3,A) 0,"Linear search checks each element in order; 17 is found at index 0 (0-based) in [17, 153, 6, 64, 137, 60, 58, 94, 85, 74, 61].",Algorithms & Data Structures,Searching
A queue starts empty. After performing: enqueue(89); dequeue(); enqueue(78); enqueue(26); dequeue(); enqueue(46) — what is at the front of the queue?,24,26,45,55,B) 26,Following FIFO order through these operations leaves 26 at the front of the queue.,Algorithms & Data Structures,Queues
"Using binary search on the sorted array [32, 34, 115, 155, 296, 461, 490], how many comparisons are needed to find 155?",3,1,2,4,B) 1,Binary search halves the search space each comparison; finding 155 in this array takes 1 comparison(s).,Algorithms & Data Structures,Searching
A stack starts empty. After performing: push(27); push(94); push(87); pop(); pop(); push(61) — what is on top of the stack?,61,5,60,23,A) 61,Following LIFO order through these operations leaves 61 on top of the stack.,Algorithms & Data Structures,Stacks
Which of the following best describes a binary tree?,A measure of how an algorithm's running time grows with input size,A tree data structure in which each node has at most two children,A data structure that follows Last-In-First-Out (LIFO) order,A linear data structure where elements are linked using pointers,B) A tree data structure in which each node has at most two children,"A binary tree is a tree data structure where each node has at most two children, referred to as left and right.",Algorithms & Data Structures,Trees
"After one full pass of bubble sort on the array [88, 99, 7, 36, 90, 73, 86], what does the array look like?","[86, 73, 90, 36, 7, 99, 88]","[88, 99, 7, 36, 90, 73, 86]","[88, 7, 36, 90, 73, 86, 99]","[7, 36, 73, 86, 88, 90, 99]","C) [88, 7, 36, 90, 73, 86, 99]","In one pass of bubble sort, each pair of adjacent elements is compared and swapped if out of order, resulting in [88, 7, 36, 90, 73, 86, 99].",Algorithms & Data Structures,Sorting
A stack starts empty. After performing: push(29); push(13); pop(); pop(); push(62) — what is on top of the stack?,70,62,99,21,B) 62,Following LIFO order through these operations leaves 62 on top of the stack.,Algorithms & Data Structures,Stacks
"Using linear search, what is the index (0-based) of 61 in the array [88, 61, 62, 105, 39, 187, 55, 172, 89, 163, 45]?",3,4,2,1,D) 1,"Linear search checks each element in order; 61 is found at index 1 (0-based) in [88, 61, 62, 105, 39, 187, 55, 172, 89, 163, 45].",Algorithms & Data Structures,Searching
A queue starts empty. After performing: enqueue(27); dequeue(); enqueue(56); enqueue(77) — what is at the front of the queue?,3,56,1,91,B) 56,Following FIFO order through these operations leaves 56 at the front of the queue.,Algorithms & Data Structures,Queues
"Using binary search on the sorted array [83, 253, 267, 273, 346, 365, 374], how many comparisons are needed to find 346?",4,1,3,2,C) 3,Binary search halves the search space each comparison; finding 346 in this array takes 3 comparison(s).,Algorithms & Data Structures,Searching
A stack starts empty. After performing: push(96); pop(); push(80); push(52) — what is on top of the stack?,4,68,52,57,C) 52,Following LIFO order through these operations leaves 52 on top of the stack.,Algorithms & Data Structures,Stacks
"After one full pass of bubble sort on the array [72, 87, 47, 96, 35, 90, 95], what does the array look like?","[72, 47, 87, 35, 90, 95, 96]","[95, 90, 35, 96, 47, 87, 72]","[35, 47, 72, 87, 90, 95, 96]","[72, 87, 47, 96, 35, 90, 95]","A) [72, 47, 87, 35, 90, 95, 96]","In one pass of bubble sort, each pair of adjacent elements is compared and swapped if out of order, resulting in [72, 47, 87, 35, 90, 95, 96].",Algorithms & Data Structures,Sorting
Which of the following best describes searching (algorithms)?,A measure of the resources (time or space) an algorithm requires,The process of finding a specific element within a data structure,A measure of how an algorithm's running time grows with input size,A sorting algorithm that builds a sorted list one item at a time,B) The process of finding a specific element within a data structure,"Searching refers to algorithms used to find whether a specific element exists within a data structure, and its location.",Algorithms & Data Structures,Searching
"Using linear search, what is the index (0-based) of 55 in the array [5, 55, 174, 20, 86, 157, 66, 32]?",4,1,2,3,B) 1,"Linear search checks each element in order; 55 is found at index 1 (0-based) in [5, 55, 174, 20, 86, 157, 66, 32].",Algorithms & Data Structures,Searching
"After one full pass of bubble sort on the array [87, 36, 80, 23, 62, 24], what does the array look like?","[36, 80, 23, 62, 24, 87]","[23, 24, 36, 62, 80, 87]","[24, 62, 23, 80, 36, 87]","[87, 36, 80, 23, 62, 24]","A) [36, 80, 23, 62, 24, 87]","In one pass of bubble sort, each pair of adjacent elements is compared and swapped if out of order, resulting in [36, 80, 23, 62, 24, 87].",Algorithms & Data Structures,Sorting
A queue starts empty. After performing: enqueue(83); enqueue(94); enqueue(30); enqueue(22) — what is at the front of the queue?,83,62,56,22,A) 83,Following FIFO order through these operations leaves 83 at the front of the queue.,Algorithms & Data Structures,Queues
A queue starts empty. After performing: enqueue(62); dequeue(); enqueue(53); enqueue(62); dequeue() — what is at the front of the queue?,78,62,41,17,B) 62,Following FIFO order through these operations leaves 62 at the front of the queue.,Algorithms & Data Structures,Queues
"After one full pass of bubble sort on the array [99, 60, 27, 35, 47], what does the array look like?","[99, 60, 27, 35, 47]","[60, 27, 35, 47, 99]","[47, 35, 27, 60, 99]","[27, 35, 47, 60, 99]","B) [60, 27, 35, 47, 99]","In one pass of bubble sort, each pair of adjacent elements is compared and swapped if out of order, resulting in [60, 27, 35, 47, 99].",Algorithms & Data Structures,Sorting
A queue starts empty. After performing: enqueue(18); enqueue(19); enqueue(24); enqueue(13); enqueue(62); enqueue(86) — what is at the front of the queue?,46,53,7,18,D) 18,Following FIFO order through these operations leaves 18 at the front of the queue.,Algorithms & Data Structures,Queues
"Using linear search, what is the index (0-based) of 103 in the array [132, 103, 100, 19, 93]?",0,1,3,4,B) 1,"Linear search checks each element in order; 103 is found at index 1 (0-based) in [132, 103, 100, 19, 93].",Algorithms & Data Structures,Searching
"After one full pass of bubble sort on the array [46, 62, 80, 84, 96, 97], what does the array look like?","[46, 62, 80, 84, 96, 97]","[46, 62, 80, 84, 96, 97]","[97, 96, 84, 80, 62, 46]","[46, 62, 80, 84, 96, 97]","A) [46, 62, 80, 84, 96, 97]","In one pass of bubble sort, each pair of adjacent elements is compared and swapped if out of order, resulting in [46, 62, 80, 84, 96, 97].",Algorithms & Data Structures,Sorting
A stack starts empty. After performing: push(95); pop(); push(10); pop(); push(59); pop() — what is on top of the stack?,Stack is empty,30,81,40,A) Stack is empty,Following LIFO order through these operations leaves Stack is empty on top of the stack.,Algorithms & Data Structures,Stacks
"After one full pass of bubble sort on the array [60, 34, 90, 55], what does the array look like?","[34, 60, 55, 90]","[55, 90, 34, 60]","[60, 34, 90, 55]","[34, 55, 60, 90]","A) [34, 60, 55, 90]","In one pass of bubble sort, each pair of adjacent elements is compared and swapped if out of order, resulting in [34, 60, 55, 90].",Algorithms & Data Structures,Sorting
"After one full pass of bubble sort on the array [11, 7, 84, 52, 1, 45, 68], what does the array look like?","[1, 7, 11, 45, 52, 68, 84]","[68, 45, 1, 52, 84, 7, 11]","[11, 7, 84, 52, 1, 45, 68]","[7, 11, 52, 1, 45, 68, 84]","D) [7, 11, 52, 1, 45, 68, 84]","In one pass of bubble sort, each pair of adjacent elements is compared and swapped if out of order, resulting in [7, 11, 52, 1, 45, 68, 84].",Algorithms & Data Structures,Sorting
"After one full pass of bubble sort on the array [9, 5, 79, 55, 43, 76], what does the array look like?","[9, 5, 79, 55, 43, 76]","[5, 9, 43, 55, 76, 79]","[76, 43, 55, 79, 5, 9]","[5, 9, 55, 43, 76, 79]","D) [5, 9, 55, 43, 76, 79]","In one pass of bubble sort, each pair of adjacent elements is compared and swapped if out of order, resulting in [5, 9, 55, 43, 76, 79].",Algorithms & Data Structures,Sorting
A queue starts empty. After performing: enqueue(37); enqueue(75); enqueue(47); dequeue(); dequeue() — what is at the front of the queue?,54,56,47,34,C) 47,Following FIFO order through these operations leaves 47 at the front of the queue.,Algorithms & Data Structures,Queues
"Using linear search, what is the index (0-based) of 78 in the array [180, 17, 109, 24, 196, 117, 78, 44, 145, 82, 5]?",5,7,6,8,C) 6,"Linear search checks each element in order; 78 is found at index 6 (0-based) in [180, 17, 109, 24, 196, 117, 78, 44, 145, 82, 5].",Algorithms & Data Structures,Searching
A queue starts empty. After performing: enqueue(41); dequeue(); enqueue(57); enqueue(14); enqueue(56) — what is at the front of the queue?,40,40,69,57,D) 57,Following FIFO order through these operations leaves 57 at the front of the queue.,Algorithms & Data Structures,Queues
"Using linear search, what is the index (0-based) of 60 in the array [143, 73, 199, 174, 161, 29, 6, 78, 36, 60, 35, 176]?",7,9,11,10,B) 9,"Linear search checks each element in order; 60 is found at index 9 (0-based) in [143, 73, 199, 174, 161, 29, 6, 78, 36, 60, 35, 176].",Algorithms & Data Structures,Searching
"After one full pass of bubble sort on the array [49, 77, 11, 76, 80, 33], what does the array look like?","[49, 11, 76, 77, 33, 80]","[49, 77, 11, 76, 80, 33]","[11, 33, 49, 76, 77, 80]","[33, 80, 76, 11, 77, 49]","A) [49, 11, 76, 77, 33, 80]","In one pass of bubble sort, each pair of adjacent elements is compared and swapped if out of order, resulting in [49, 11, 76, 77, 33, 80].",Algorithms & Data Structures,Sorting
A queue starts empty. After performing: enqueue(69); dequeue(); enqueue(94); enqueue(78) — what is at the front of the queue?,39,94,78,75,B) 94,Following FIFO order through these operations leaves 94 at the front of the queue.,Algorithms & Data Structures,Queues
A stack starts empty. After performing: push(14); push(97); pop(); push(89); push(26); pop() — what is on top of the stack?,89,10,17,92,A) 89,Following LIFO order through these operations leaves 89 on top of the stack.,Algorithms & Data Structures,Stacks
"Using binary search on the sorted array [53, 56, 60, 82, 133, 195, 206, 233, 267, 303, 304, 330, 393, 418, 498], how many comparisons are needed to find 82?",3,1,4,2,D) 2,Binary search halves the search space each comparison; finding 82 in this array takes 2 comparison(s).,Algorithms & Data Structures,Searching
"Using linear search, what is the index (0-based) of 2 in the array [180, 131, 135, 197, 2, 139, 154, 16, 137, 59, 108, 39]?",4,6,1,2,A) 4,"Linear search checks each element in order; 2 is found at index 4 (0-based) in [180, 131, 135, 197, 2, 139, 154, 16, 137, 59, 108, 39].",Algorithms & Data Structures,Searching
A stack starts empty. After performing: push(72); pop(); push(42); push(98) — what is on top of the stack?,98,30,20,84,A) 98,Following LIFO order through these operations leaves 98 on top of the stack.,Algorithms & Data Structures,Stacks
"Using linear search, what is the index (0-based) of 76 in the array [40, 76, 141, 133, 30, 181, 128, 142, 126]?",3,1,0,2,B) 1,"Linear search checks each element in order; 76 is found at index 1 (0-based) in [40, 76, 141, 133, 30, 181, 128, 142, 126].",Algorithms & Data Structures,Searching
"Using linear search, what is the index (0-based) of 132 in the array [72, 104, 86, 132, 88]?",2,6,3,4,C) 3,"Linear search checks each element in order; 132 is found at index 3 (0-based) in [72, 104, 86, 132, 88].",Algorithms & Data Structures,Searching
"Using binary search on the sorted array [44, 49, 63, 66, 198, 203, 210, 237, 248, 251, 271, 321, 354, 375, 409], how many comparisons are needed to find 44?",5,4,3,6,B) 4,Binary search halves the search space each comparison; finding 44 in this array takes 4 comparison(s).,Algorithms & Data Structures,Searching
A queue starts empty. After performing: enqueue(95); dequeue(); enqueue(71); dequeue(); enqueue(86); dequeue() — what is at the front of the queue?,71,Queue is empty,16,55,B) Queue is empty,Following FIFO order through these operations leaves Queue is empty at the front of the queue.,Algorithms & Data Structures,Queues
"Using linear search, what is the index (0-based) of 167 in the array [190, 21, 27, 115, 51, 5, 1, 29, 138, 125, 183, 167]?",13,14,9,11,D) 11,"Linear search checks each element in order; 167 is found at index 11 (0-based) in [190, 21, 27, 115, 51, 5, 1, 29, 138, 125, 183, 167].",Algorithms & Data Structures,Searching
"Using binary search on the sorted array [26, 41, 52, 58, 86, 104, 109, 115, 126, 139, 142, 152, 175, 195, 235, 274, 278, 296, 299, 336, 339, 341, 350, 365, 371, 391, 404, 407, 436, 458, 461], how many comparisons are needed to find 339?",5,7,6,3,A) 5,Binary search halves the search space each comparison; finding 339 in this array takes 5 comparison(s).,Algorithms & Data Structures,Searching
"After one full pass of bubble sort on the array [41, 89, 6, 2, 10], what does the array look like?","[41, 89, 6, 2, 10]","[41, 6, 2, 10, 89]","[2, 6, 10, 41, 89]","[10, 2, 6, 89, 41]","B) [41, 6, 2, 10, 89]","In one pass of bubble sort, each pair of adjacent elements is compared and swapped if out of order, resulting in [41, 6, 2, 10, 89].",Algorithms & Data Structures,Sorting
A stack starts empty. After performing: push(46); pop(); push(40); push(62); push(51) — what is on top of the stack?,86,84,51,87,C) 51,Following LIFO order through these operations leaves 51 on top of the stack.,Algorithms & Data Structures,Stacks
A stack starts empty. After performing: push(13); pop(); push(54); push(36); push(76) — what is on top of the stack?,63,76,32,69,B) 76,Following LIFO order through these operations leaves 76 on top of the stack.,Algorithms & Data Structures,Stacks
"Using binary search on the sorted array [224, 227, 247, 289, 370, 380, 388], how many comparisons are needed to find 380?",4,3,2,1,C) 2,Binary search halves the search space each comparison; finding 380 in this array takes 2 comparison(s).,Algorithms & Data Structures,Searching
"After one full pass of bubble sort on the array [87, 18, 33, 80, 92, 93], what does the array look like?","[93, 92, 80, 33, 18, 87]","[18, 33, 80, 87, 92, 93]","[87, 18, 33, 80, 92, 93]","[18, 33, 80, 87, 92, 93]","B) [18, 33, 80, 87, 92, 93]","In one pass of bubble sort, each pair of adjacent elements is compared and swapped if out of order, resulting in [18, 33, 80, 87, 92, 93].",Algorithms & Data Structures,Sorting
A stack starts empty. After performing: push(7); push(3); push(73); push(93); push(30) — what is on top of the stack?,38,20,4,30,D) 30,Following LIFO order through these operations leaves 30 on top of the stack.,Algorithms & Data Structures,Stacks
"Using linear search, what is the index (0-based) of 199 in the array [178, 190, 186, 119, 179, 197, 199]?",7,3,5,6,D) 6,"Linear search checks each element in order; 199 is found at index 6 (0-based) in [178, 190, 186, 119, 179, 197, 199].",Algorithms & Data Structures,Searching
A queue starts empty. After performing: enqueue(29); dequeue(); enqueue(72); enqueue(87) — what is at the front of the queue?,52,20,72,12,C) 72,Following FIFO order through these operations leaves 72 at the front of the queue.,Algorithms & Data Structures,Queues
"Using linear search, what is the index (0-based) of 47 in the array [103, 111, 71, 114, 47]?",4,3,7,1,A) 4,"Linear search checks each element in order; 47 is found at index 4 (0-based) in [103, 111, 71, 114, 47].",Algorithms & Data Structures,Searching
"Using binary search on the sorted array [54, 70, 86, 89, 92, 99, 122, 123, 137, 141, 150, 206, 216, 230, 256, 270, 283, 298, 350, 368, 377, 395, 398, 399, 401, 403, 414, 437, 446, 448, 461], how many comparisons are needed to find 99?",6,5,2,4,D) 4,Binary search halves the search space each comparison; finding 99 in this array takes 4 comparison(s).,Algorithms & Data Structures,Searching
A stack starts empty. After performing: push(90); push(94); push(37); pop(); pop(); pop() — what is on top of the stack?,26,14,83,Stack is empty,D) Stack is empty,Following LIFO order through these operations leaves Stack is empty on top of the stack.,Algorithms & Data Structures,Stacks
A queue starts empty. After performing: enqueue(93); enqueue(98); enqueue(31); enqueue(29) — what is at the front of the queue?,93,14,80,53,A) 93,Following FIFO order through these operations leaves 93 at the front of the queue.,Algorithms & Data Structures,Queues
"Using binary search on the sorted array [29, 44, 45, 73, 162, 269, 345], how many comparisons are needed to find 73?",2,4,1,3,C) 1,Binary search halves the search space each comparison; finding 73 in this array takes 1 comparison(s).,Algorithms & Data Structures,Searching
"After one full pass of bubble sort on the array [32, 10, 35, 19, 57, 71, 97], what does the array look like?","[10, 32, 19, 35, 57, 71, 97]","[97, 71, 57, 19, 35, 10, 32]","[32, 10, 35, 19, 57, 71, 97]","[10, 19, 32, 35, 57, 71, 97]","A) [10, 32, 19, 35, 57, 71, 97]","In one pass of bubble sort, each pair of adjacent elements is compared and swapped if out of order, resulting in [10, 32, 19, 35, 57, 71, 97].",Algorithms & Data Structures,Sorting
A stack starts empty. After performing: push(45); push(95); pop(); push(46) — what is on top of the stack?,77,46,34,38,B) 46,Following LIFO order through these operations leaves 46 on top of the stack.,Algorithms & Data Structures,Stacks
"Using binary search on the sorted array [24, 187, 225, 323, 406, 443, 465], how many comparisons are needed to find 465?",3,1,4,2,A) 3,Binary search halves the search space each comparison; finding 465 in this array takes 3 comparison(s).,Algorithms & Data Structures,Searching
A stack starts empty. After performing: push(31); pop(); push(92); pop(); push(66); push(35) — what is on top of the stack?,17,29,68,35,D) 35,Following LIFO order through these operations leaves 35 on top of the stack.,Algorithms & Data Structures,Stacks
"After one full pass of bubble sort on the array [77, 90, 95, 12], what does the array look like?","[12, 95, 90, 77]","[77, 90, 95, 12]","[12, 77, 90, 95]","[77, 90, 12, 95]","D) [77, 90, 12, 95]","In one pass of bubble sort, each pair of adjacent elements is compared and swapped if out of order, resulting in [77, 90, 12, 95].",Algorithms & Data Structures,Sorting
"Using linear search, what is the index (0-based) of 138 in the array [138, 95, 85, 7, 118]?",3,2,1,0,D) 0,"Linear search checks each element in order; 138 is found at index 0 (0-based) in [138, 95, 85, 7, 118].",Algorithms & Data Structures,Searching
"Using binary search on the sorted array [7, 66, 88, 95, 121, 147, 150, 155, 199, 205, 226, 239, 261, 267, 274, 277, 301, 334, 335, 340, 360, 373, 407, 409, 424, 427, 441, 470, 477, 490, 492], how many comparisons are needed to find 335?",7,6,3,5,D) 5,Binary search halves the search space each comparison; finding 335 in this array takes 5 comparison(s).,Algorithms & Data Structures,Searching
"Using binary search on the sorted array [44, 83, 105, 173, 359, 378, 393], how many comparisons are needed to find 393?",4,2,5,3,D) 3,Binary search halves the search space each comparison; finding 393 in this array takes 3 comparison(s).,Algorithms & Data Structures,Searching
Which of the following best describes a stack?,A collection of nodes (vertices) connected by edges,A search algorithm that checks each element one by one,A data structure that follows Last-In-First-Out (LIFO) order,The topmost node in a tree data structure,C) A data structure that follows Last-In-First-Out (LIFO) order,A stack is a data structure where the last element added is the first one removed (LIFO).,Algorithms & Data Structures,Stacks
A stack starts empty. After performing: push(77); pop(); push(49); pop() — what is on top of the stack?,41,37,82,Stack is empty,D) Stack is empty,Following LIFO order through these operations leaves Stack is empty on top of the stack.,Algorithms & Data Structures,Stacks
A stack starts empty. After performing: push(65); pop(); push(9); push(95) — what is on top of the stack?,95,74,91,42,A) 95,Following LIFO order through these operations leaves 95 on top of the stack.,Algorithms & Data Structures,Stacks
"After one full pass of bubble sort on the array [3, 23, 15, 4, 7, 42], what does the array look like?","[42, 7, 4, 15, 23, 3]","[3, 4, 7, 15, 23, 42]","[3, 15, 4, 7, 23, 42]","[3, 23, 15, 4, 7, 42]","C) [3, 15, 4, 7, 23, 42]","In one pass of bubble sort, each pair of adjacent elements is compared and swapped if out of order, resulting in [3, 15, 4, 7, 23, 42].",Algorithms & Data Structures,Sorting
"Using binary search on the sorted array [14, 31, 64, 70, 146, 161, 176, 323, 382, 407, 420, 437, 450, 453, 482], how many comparisons are needed to find 450?",3,4,2,5,B) 4,Binary search halves the search space each comparison; finding 450 in this array takes 4 comparison(s).,Algorithms & Data Structures,Searching
A queue starts empty. After performing: enqueue(24); enqueue(41); enqueue(45); dequeue() — what is at the front of the queue?,91,41,1,78,B) 41,Following FIFO order through these operations leaves 41 at the front of the queue.,Algorithms & Data Structures,Queues
"Using linear search, what is the index (0-based) of 25 in the array [21, 25, 123, 169, 190, 88, 93, 31, 138]?",4,3,0,1,D) 1,"Linear search checks each element in order; 25 is found at index 1 (0-based) in [21, 25, 123, 169, 190, 88, 93, 31, 138].",Algorithms & Data Structures,Searching
"Using linear search, what is the index (0-based) of 24 in the array [55, 126, 24, 38, 81, 62, 84, 183, 56, 45]?",0,3,2,4,C) 2,"Linear search checks each element in order; 24 is found at index 2 (0-based) in [55, 126, 24, 38, 81, 62, 84, 183, 56, 45].",Algorithms & Data Structures,Searching
A queue starts empty. After performing: enqueue(42); enqueue(3); enqueue(72); enqueue(5); dequeue() — what is at the front of the queue?,94,19,3,6,C) 3,Following FIFO order through these operations leaves 3 at the front of the queue.,Algorithms & Data Structures,Queues
"After one full pass of bubble sort on the array [95, 75, 50, 94, 49, 15], what does the array look like?","[75, 50, 94, 49, 15, 95]","[15, 49, 94, 50, 75, 95]","[15, 49, 50, 75, 94, 95]","[95, 75, 50, 94, 49, 15]","A) [75, 50, 94, 49, 15, 95]","In one pass of bubble sort, each pair of adjacent elements is compared and swapped if out of order, resulting in [75, 50, 94, 49, 15, 95].",Algorithms & Data Structures,Sorting
"Using binary search on the sorted array [32, 106, 109, 130, 184, 259, 353], how many comparisons are needed to find 106?",1,2,3,4,B) 2,Binary search halves the search space each comparison; finding 106 in this array takes 2 comparison(s).,Algorithms & Data Structures,Searching
A queue starts empty. After performing: enqueue(93); enqueue(24); dequeue(); enqueue(14); enqueue(75) — what is at the front of the queue?,46,61,24,49,C) 24,Following FIFO order through these operations leaves 24 at the front of the queue.,Algorithms & Data Structures,Queues
"Using binary search on the sorted array [103, 107, 109, 171, 218, 347, 402], how many comparisons are needed to find 402?",2,3,5,1,B) 3,Binary search halves the search space each comparison; finding 402 in this array takes 3 comparison(s).,Algorithms & Data Structures,Searching
A queue starts empty. After performing: enqueue(30); dequeue(); enqueue(4); enqueue(5) — what is at the front of the queue?,33,39,4,16,C) 4,Following FIFO order through these operations leaves 4 at the front of the queue.,Algorithms & Data Structures,Queues
A queue starts empty. After performing: enqueue(55); enqueue(87); enqueue(56); enqueue(39) — what is at the front of the queue?,61,55,64,36,B) 55,Following FIFO order through these operations leaves 55 at the front of the queue.,Algorithms & Data Structures,Queues
A stack starts empty. After performing: push(48); push(41); push(97); push(67); pop(); pop() — what is on top of the stack?,41,68,85,23,A) 41,Following LIFO order through these operations leaves 41 on top of the stack.,Algorithms & Data Structures,Stacks
A queue starts empty. After performing: enqueue(36); dequeue(); enqueue(3); enqueue(60) — what is at the front of the queue?,32,58,72,3,D) 3,Following FIFO order through these operations leaves 3 at the front of the queue.,Algorithms & Data Structures,Queues
"After one full pass of bubble sort on the array [22, 57, 20, 53, 17, 83], what does the array look like?","[83, 17, 53, 20, 57, 22]","[17, 20, 22, 53, 57, 83]","[22, 57, 20, 53, 17, 83]","[22, 20, 53, 17, 57, 83]","D) [22, 20, 53, 17, 57, 83]","In one pass of bubble sort, each pair of adjacent elements is compared and swapped if out of order, resulting in [22, 20, 53, 17, 57, 83].",Algorithms & Data Structures,Sorting
A stack starts empty. After performing: push(72); push(20); pop(); push(29); push(86); pop() — what is on top of the stack?,78,83,80,29,D) 29,Following LIFO order through these operations leaves 29 on top of the stack.,Algorithms & Data Structures,Stacks
"Using linear search, what is the index (0-based) of 145 in the array [4, 145, 170, 81, 188, 22, 37]?",1,2,0,3,A) 1,"Linear search checks each element in order; 145 is found at index 1 (0-based) in [4, 145, 170, 81, 188, 22, 37].",Algorithms & Data Structures,Searching
"After one full pass of bubble sort on the array [14, 89, 99, 46, 45], what does the array look like?","[14, 89, 46, 45, 99]","[14, 45, 46, 89, 99]","[45, 46, 99, 89, 14]","[14, 89, 99, 46, 45]","A) [14, 89, 46, 45, 99]","In one pass of bubble sort, each pair of adjacent elements is compared and swapped if out of order, resulting in [14, 89, 46, 45, 99].",Algorithms & Data Structures,Sorting
A stack starts empty. After performing: push(6); push(15); push(66); pop(); push(27); push(73) — what is on top of the stack?,67,73,75,19,B) 73,Following LIFO order through these operations leaves 73 on top of the stack.,Algorithms & Data Structures,Stacks
A stack starts empty. After performing: push(92); pop(); push(31); push(16) — what is on top of the stack?,29,78,76,16,D) 16,Following LIFO order through these operations leaves 16 on top of the stack.,Algorithms & Data Structures,Stacks
"After one full pass of bubble sort on the array [87, 52, 82, 78, 39], what does the array look like?","[39, 52, 78, 82, 87]","[87, 52, 82, 78, 39]","[52, 82, 78, 39, 87]","[39, 78, 82, 52, 87]","C) [52, 82, 78, 39, 87]","In one pass of bubble sort, each pair of adjacent elements is compared and swapped if out of order, resulting in [52, 82, 78, 39, 87].",Algorithms & Data Structures,Sorting
"Using binary search on the sorted array [19, 47, 104, 253, 341, 394, 488], how many comparisons are needed to find 488?",2,1,4,3,D) 3,Binary search halves the search space each comparison; finding 488 in this array takes 3 comparison(s).,Algorithms & Data Structures,Searching
A stack starts empty. After performing: push(24); push(57); push(11); push(64); push(27) — what is on top of the stack?,45,11,27,40,C) 27,Following LIFO order through these operations leaves 27 on top of the stack.,Algorithms & Data Structures,Stacks
"Using binary search on the sorted array [58, 80, 97, 98, 107, 109, 137, 141, 145, 148, 199, 219, 222, 228, 237, 253, 265, 291, 300, 302, 306, 323, 332, 365, 383, 398, 429, 430, 437, 451, 489], how many comparisons are needed to find 145?",5,4,3,7,A) 5,Binary search halves the search space each comparison; finding 145 in this array takes 5 comparison(s).,Algorithms & Data Structures,Searching
"After one full pass of bubble sort on the array [53, 28, 62, 72, 24, 46], what does the array look like?","[53, 28, 62, 72, 24, 46]","[24, 28, 46, 53, 62, 72]","[28, 53, 62, 24, 46, 72]","[46, 24, 72, 62, 28, 53]","C) [28, 53, 62, 24, 46, 72]","In one pass of bubble sort, each pair of adjacent elements is compared and swapped if out of order, resulting in [28, 53, 62, 24, 46, 72].",Algorithms & Data Structures,Sorting
"After one full pass of bubble sort on the array [14, 87, 28, 12, 43, 2, 40], what does the array look like?","[14, 87, 28, 12, 43, 2, 40]","[40, 2, 43, 12, 28, 87, 14]","[2, 12, 14, 28, 40, 43, 87]","[14, 28, 12, 43, 2, 40, 87]","D) [14, 28, 12, 43, 2, 40, 87]","In one pass of bubble sort, each pair of adjacent elements is compared and swapped if out of order, resulting in [14, 28, 12, 43, 2, 40, 87].",Algorithms & Data Structures,Sorting
A queue starts empty. After performing: enqueue(49); enqueue(42); dequeue(); enqueue(12); dequeue() — what is at the front of the queue?,12,2,2,74,A) 12,Following FIFO order through these operations leaves 12 at the front of the queue.,Algorithms & Data Structures,Queues
A queue starts empty. After performing: enqueue(72); enqueue(7); enqueue(27); enqueue(29) — what is at the front of the queue?,69,6,72,98,C) 72,Following FIFO order through these operations leaves 72 at the front of the queue.,Algorithms & Data Structures,Queues
A queue starts empty. After performing: enqueue(78); dequeue(); enqueue(92); dequeue(); enqueue(62); enqueue(69) — what is at the front of the queue?,20,74,78,62,D) 62,Following FIFO order through these operations leaves 62 at the front of the queue.,Algorithms & Data Structures,Queues
"Using linear search, what is the index (0-based) of 43 in the array [159, 163, 28, 182, 107, 43, 32]?",2,5,3,4,B) 5,"Linear search checks each element in order; 43 is found at index 5 (0-based) in [159, 163, 28, 182, 107, 43, 32].",Algorithms & Data Structures,Searching
A stack starts empty. After performing: push(54); push(72); pop(); push(10) — what is on top of the stack?,59,10,3,73,B) 10,Following LIFO order through these operations leaves 10 on top of the stack.,Algorithms & Data Structures,Stacks
A stack starts empty. After performing: push(1); push(89); pop(); pop() — what is on top of the stack?,49,Stack is empty,21,95,B) Stack is empty,Following LIFO order through these operations leaves Stack is empty on top of the stack.,Algorithms & Data Structures,Stacks
"After one full pass of bubble sort on the array [25, 49, 46, 35, 30], what does the array look like?","[25, 30, 35, 46, 49]","[25, 49, 46, 35, 30]","[30, 35, 46, 49, 25]","[25, 46, 35, 30, 49]","D) [25, 46, 35, 30, 49]","In one pass of bubble sort, each pair of adjacent elements is compared and swapped if out of order, resulting in [25, 46, 35, 30, 49].",Algorithms & Data Structures,Sorting
"After one full pass of bubble sort on the array [41, 3, 30, 12, 74, 75], what does the array look like?","[3, 12, 30, 41, 74, 75]","[41, 3, 30, 12, 74, 75]","[75, 74, 12, 30, 3, 41]","[3, 30, 12, 41, 74, 75]","D) [3, 30, 12, 41, 74, 75]","In one pass of bubble sort, each pair of adjacent elements is compared and swapped if out of order, resulting in [3, 30, 12, 41, 74, 75].",Algorithms & Data Structures,Sorting
"Using binary search on the sorted array [9, 99, 170, 183, 392, 400, 453], how many comparisons are needed to find 9?",1,4,5,3,D) 3,Binary search halves the search space each comparison; finding 9 in this array takes 3 comparison(s).,Algorithms & Data Structures,Searching
A queue starts empty. After performing: enqueue(83); enqueue(21); dequeue(); enqueue(64) — what is at the front of the queue?,26,21,19,77,B) 21,Following FIFO order through these operations leaves 21 at the front of the queue.,Algorithms & Data Structures,Queues
A queue starts empty. After performing: enqueue(82); dequeue(); enqueue(69); dequeue() — what is at the front of the queue?,38,78,Queue is empty,40,C) Queue is empty,Following FIFO order through these operations leaves Queue is empty at the front of the queue.,Algorithms & Data Structures,Queues
"Using binary search on the sorted array [18, 19, 33, 49, 57, 71, 73, 83, 117, 160, 164, 182, 185, 208, 238, 254, 261, 287, 293, 300, 310, 354, 356, 376, 404, 415, 418, 433, 439, 488, 496], how many comparisons are needed to find 261?",5,4,3,6,A) 5,Binary search halves the search space each comparison; finding 261 in this array takes 5 comparison(s).,Algorithms & Data Structures,Searching
"After one full pass of bubble sort on the array [79, 51, 90, 57, 70, 87], what does the array look like?","[87, 70, 57, 90, 51, 79]","[51, 79, 57, 70, 87, 90]","[51, 57, 70, 79, 87, 90]","[79, 51, 90, 57, 70, 87]","B) [51, 79, 57, 70, 87, 90]","In one pass of bubble sort, each pair of adjacent elements is compared and swapped if out of order, resulting in [51, 79, 57, 70, 87, 90].",Algorithms & Data Structures,Sorting
"Using binary search on the sorted array [42, 63, 73, 125, 153, 154, 242, 247, 257, 293, 365, 416, 425, 439, 478], how many comparisons are needed to find 425?",5,4,6,3,B) 4,Binary search halves the search space each comparison; finding 425 in this array takes 4 comparison(s).,Algorithms & Data Structures,Searching
A stack starts empty. After performing: push(64); pop(); push(73); push(9) — what is on top of the stack?,56,91,9,4,C) 9,Following LIFO order through these operations leaves 9 on top of the stack.,Algorithms & Data Structures,Stacks
"Using linear search, what is the index (0-based) of 21 in the array [9, 125, 59, 43, 21, 46]?",3,1,4,7,C) 4,"Linear search checks each element in order; 21 is found at index 4 (0-based) in [9, 125, 59, 43, 21, 46].",Algorithms & Data Structures,Searching
"Using binary search on the sorted array [86, 208, 212, 334, 469, 491, 499], how many comparisons are needed to find 212?",3,2,1,5,A) 3,Binary search halves the search space each comparison; finding 212 in this array takes 3 comparison(s).,Algorithms & Data Structures,Searching
A stack starts empty. After performing: push(95); pop(); push(1); push(62) — what is on top of the stack?,32,14,62,79,C) 62,Following LIFO order through these operations leaves 62 on top of the stack.,Algorithms & Data Structures,Stacks
A queue starts empty. After performing: enqueue(19); dequeue(); enqueue(6); dequeue(); enqueue(66); enqueue(37) — what is at the front of the queue?,30,66,28,59,B) 66,Following FIFO order through these operations leaves 66 at the front of the queue.,Algorithms & Data Structures,Queues
"Using linear search, what is the index (0-based) of 109 in the array [75, 109, 181, 157, 66, 64, 84, 14, 74, 174, 176, 76]?",4,2,1,3,C) 1,"Linear search checks each element in order; 109 is found at index 1 (0-based) in [75, 109, 181, 157, 66, 64, 84, 14, 74, 174, 176, 76].",Algorithms & Data Structures,Searching
A stack starts empty. After performing: push(70); pop(); push(30); push(87); push(82); pop() — what is on top of the stack?,51,88,87,38,C) 87,Following LIFO order through these operations leaves 87 on top of the stack.,Algorithms & Data Structures,Stacks
"After one full pass of bubble sort on the array [91, 22, 97, 86], what does the array look like?","[22, 91, 86, 97]","[91, 22, 97, 86]","[86, 97, 22, 91]","[22, 86, 91, 97]","A) [22, 91, 86, 97]","In one pass of bubble sort, each pair of adjacent elements is compared and swapped if out of order, resulting in [22, 91, 86, 97].",Algorithms & Data Structures,Sorting
"Using linear search, what is the index (0-based) of 115 in the array [192, 115, 102, 1, 59, 96, 184, 106, 89, 182, 63]?",2,1,0,3,B) 1,"Linear search checks each element in order; 115 is found at index 1 (0-based) in [192, 115, 102, 1, 59, 96, 184, 106, 89, 182, 63].",Algorithms & Data Structures,Searching
"Using linear search, what is the index (0-based) of 132 in the array [132, 158, 67, 136, 109, 43, 165, 105, 115, 101]?",1,0,3,2,B) 0,"Linear search checks each element in order; 132 is found at index 0 (0-based) in [132, 158, 67, 136, 109, 43, 165, 105, 115, 101].",Algorithms & Data Structures,Searching
"Using linear search, what is the index (0-based) of 9 in the array [142, 9, 61, 148, 94]?",3,2,1,0,C) 1,"Linear search checks each element in order; 9 is found at index 1 (0-based) in [142, 9, 61, 148, 94].",Algorithms & Data Structures,Searching
"Using linear search, what is the index (0-based) of 183 in the array [112, 78, 140, 52, 122, 57, 99, 183]?",10,4,7,9,C) 7,"Linear search checks each element in order; 183 is found at index 7 (0-based) in [112, 78, 140, 52, 122, 57, 99, 183].",Algorithms & Data Structures,Searching
A stack starts empty. After performing: push(11); pop(); push(82); pop() — what is on top of the stack?,5,Stack is empty,87,13,B) Stack is empty,Following LIFO order through these operations leaves Stack is empty on top of the stack.,Algorithms & Data Structures,Stacks
A stack starts empty. After performing: push(92); pop(); push(48); pop(); push(45); pop() — what is on top of the stack?,58,63,Stack is empty,59,C) Stack is empty,Following LIFO order through these operations leaves Stack is empty on top of the stack.,Algorithms & Data Structures,Stacks
"After one full pass of bubble sort on the array [74, 69, 21, 11], what does the array look like?","[11, 21, 69, 74]","[69, 21, 11, 74]","[74, 69, 21, 11]","[11, 21, 69, 74]","B) [69, 21, 11, 74]","In one pass of bubble sort, each pair of adjacent elements is compared and swapped if out of order, resulting in [69, 21, 11, 74].",Algorithms & Data Structures,Sorting
"Using binary search on the sorted array [44, 45, 64, 66, 69, 76, 140, 142, 149, 159, 163, 176, 181, 190, 191, 207, 208, 238, 268, 321, 323, 331, 335, 339, 360, 375, 387, 396, 430, 457, 485], how many comparisons are needed to find 375?",5,4,3,6,B) 4,Binary search halves the search space each comparison; finding 375 in this array takes 4 comparison(s).,Algorithms & Data Structures,Searching
A stack starts empty. After performing: push(95); pop(); push(94); push(73) — what is on top of the stack?,31,20,61,73,D) 73,Following LIFO order through these operations leaves 73 on top of the stack.,Algorithms & Data Structures,Stacks
"After one full pass of bubble sort on the array [6, 33, 7, 11], what does the array look like?","[6, 7, 11, 33]","[11, 7, 33, 6]","[6, 7, 11, 33]","[6, 33, 7, 11]","A) [6, 7, 11, 33]","In one pass of bubble sort, each pair of adjacent elements is compared and swapped if out of order, resulting in [6, 7, 11, 33].",Algorithms & Data Structures,Sorting
A stack starts empty. After performing: push(15); push(78); push(36); pop() — what is on top of the stack?,79,1,78,5,C) 78,Following LIFO order through these operations leaves 78 on top of the stack.,Algorithms & Data Structures,Stacks
"Using linear search, what is the index (0-based) of 191 in the array [157, 13, 159, 186, 182, 164, 168, 175, 191, 49, 29, 163]?",9,10,7,8,D) 8,"Linear search checks each element in order; 191 is found at index 8 (0-based) in [157, 13, 159, 186, 182, 164, 168, 175, 191, 49, 29, 163].",Algorithms & Data Structures,Searching
"After one full pass of bubble sort on the array [30, 3, 38, 93, 57], what does the array look like?","[3, 30, 38, 57, 93]","[57, 93, 38, 3, 30]","[30, 3, 38, 93, 57]","[3, 30, 38, 57, 93]","A) [3, 30, 38, 57, 93]","In one pass of bubble sort, each pair of adjacent elements is compared and swapped if out of order, resulting in [3, 30, 38, 57, 93].",Algorithms & Data Structures,Sorting
"After one full pass of bubble sort on the array [20, 97, 52, 7, 77, 31, 56], what does the array look like?","[56, 31, 77, 7, 52, 97, 20]","[20, 52, 7, 77, 31, 56, 97]","[20, 97, 52, 7, 77, 31, 56]","[7, 20, 31, 52, 56, 77, 97]","B) [20, 52, 7, 77, 31, 56, 97]","In one pass of bubble sort, each pair of adjacent elements is compared and swapped if out of order, resulting in [20, 52, 7, 77, 31, 56, 97].",Algorithms & Data Structures,Sorting
What is an edge (graph)?,A collection of elements stored at contiguous memory locations,A data structure that follows First-In-First-Out (FIFO) order,A sorting algorithm that builds a sorted list one item at a time,A connection between two nodes (vertices) in a graph,D) A connection between two nodes (vertices) in a graph,An edge is a connection between two vertices (nodes) in a graph data structure.,Algorithms & Data Structures,Graphs
A queue starts empty. After performing: enqueue(25); enqueue(46); dequeue(); enqueue(43); dequeue() — what is at the front of the queue?,41,42,43,23,C) 43,Following FIFO order through these operations leaves 43 at the front of the queue.,Algorithms & Data Structures,Queues
"After one full pass of bubble sort on the array [88, 8, 12, 7, 75, 70], what does the array look like?","[88, 8, 12, 7, 75, 70]","[7, 8, 12, 70, 75, 88]","[70, 75, 7, 12, 8, 88]","[8, 12, 7, 75, 70, 88]","D) [8, 12, 7, 75, 70, 88]","In one pass of bubble sort, each pair of adjacent elements is compared and swapped if out of order, resulting in [8, 12, 7, 75, 70, 88].",Algorithms & Data Structures,Sorting
A stack starts empty. After performing: push(18); pop(); push(67); pop() — what is on top of the stack?,13,32,Stack is empty,8,C) Stack is empty,Following LIFO order through these operations leaves Stack is empty on top of the stack.,Algorithms & Data Structures,Stacks
"After one full pass of bubble sort on the array [90, 20, 46, 10], what does the array look like?","[20, 46, 10, 90]","[10, 46, 20, 90]","[10, 20, 46, 90]","[90, 20, 46, 10]","A) [20, 46, 10, 90]","In one pass of bubble sort, each pair of adjacent elements is compared and swapped if out of order, resulting in [20, 46, 10, 90].",Algorithms & Data Structures,Sorting
"After one full pass of bubble sort on the array [17, 74, 98, 10, 88, 16, 81], what does the array look like?","[17, 74, 98, 10, 88, 16, 81]","[17, 74, 10, 88, 16, 81, 98]","[81, 16, 88, 10, 98, 74, 17]","[10, 16, 17, 74, 81, 88, 98]","B) [17, 74, 10, 88, 16, 81, 98]","In one pass of bubble sort, each pair of adjacent elements is compared and swapped if out of order, resulting in [17, 74, 10, 88, 16, 81, 98].",Algorithms & Data Structures,Sorting
A stack starts empty. After performing: push(27); push(12); pop(); push(86); push(45) — what is on top of the stack?,45,59,5,29,A) 45,Following LIFO order through these operations leaves 45 on top of the stack.,Algorithms & Data Structures,Stacks
"Using linear search, what is the index (0-based) of 144 in the array [110, 182, 148, 144, 49, 42, 169, 87, 178, 66, 4, 167]?",2,4,3,0,C) 3,"Linear search checks each element in order; 144 is found at index 3 (0-based) in [110, 182, 148, 144, 49, 42, 169, 87, 178, 66, 4, 167].",Algorithms & Data Structures,Searching
"Using linear search, what is the index (0-based) of 16 in the array [155, 130, 71, 16, 175, 145, 163, 107, 171]?",1,3,4,0,B) 3,"Linear search checks each element in order; 16 is found at index 3 (0-based) in [155, 130, 71, 16, 175, 145, 163, 107, 171].",Algorithms & Data Structures,Searching
"Using binary search on the sorted array [38, 57, 71, 74, 93, 113, 117, 154, 156, 157, 183, 200, 226, 245, 249, 254, 280, 289, 305, 335, 339, 362, 371, 385, 420, 425, 431, 439, 454, 467, 479], how many comparisons are needed to find 254?",4,2,1,3,C) 1,Binary search halves the search space each comparison; finding 254 in this array takes 1 comparison(s).,Algorithms & Data Structures,Searching
A stack starts empty. After performing: push(10); pop(); push(78); push(2); push(52) — what is on top of the stack?,81,52,14,6,B) 52,Following LIFO order through these operations leaves 52 on top of the stack.,Algorithms & Data Structures,Stacks
"After one full pass of bubble sort on the array [72, 7, 52, 70, 14, 3, 17], what does the array look like?","[7, 52, 70, 14, 3, 17, 72]","[3, 7, 14, 17, 52, 70, 72]","[72, 7, 52, 70, 14, 3, 17]","[17, 3, 14, 70, 52, 7, 72]","A) [7, 52, 70, 14, 3, 17, 72]","In one pass of bubble sort, each pair of adjacent elements is compared and swapped if out of order, resulting in [7, 52, 70, 14, 3, 17, 72].",Algorithms & Data Structures,Sorting
"Using binary search on the sorted array [89, 251, 268, 286, 322, 465, 473], how many comparisons are needed to find 268?",5,2,3,4,C) 3,Binary search halves the search space each comparison; finding 268 in this array takes 3 comparison(s).,Algorithms & Data Structures,Searching
"Using linear search, what is the index (0-based) of 8 in the array [44, 122, 14, 135, 175, 13, 8, 35, 47, 164, 62]?",6,9,7,8,A) 6,"Linear search checks each element in order; 8 is found at index 6 (0-based) in [44, 122, 14, 135, 175, 13, 8, 35, 47, 164, 62].",Algorithms & Data Structures,Searching
"Using binary search on the sorted array [38, 57, 72, 84, 151, 155, 225, 300, 311, 334, 343, 346, 354, 386, 445], how many comparisons are needed to find 334?",2,4,3,1,C) 3,Binary search halves the search space each comparison; finding 334 in this array takes 3 comparison(s).,Algorithms & Data Structures,Searching
"After one full pass of bubble sort on the array [48, 16, 21, 44, 77, 66], what does the array look like?","[48, 16, 21, 44, 77, 66]","[16, 21, 44, 48, 66, 77]","[16, 21, 44, 48, 66, 77]","[66, 77, 44, 21, 16, 48]","B) [16, 21, 44, 48, 66, 77]","In one pass of bubble sort, each pair of adjacent elements is compared and swapped if out of order, resulting in [16, 21, 44, 48, 66, 77].",Algorithms & Data Structures,Sorting
"Using linear search, what is the index (0-based) of 2 in the array [63, 111, 155, 2, 178, 27, 71, 78]?",1,4,6,3,D) 3,"Linear search checks each element in order; 2 is found at index 3 (0-based) in [63, 111, 155, 2, 178, 27, 71, 78].",Algorithms & Data Structures,Searching
A stack starts empty. After performing: push(34); push(96); pop(); push(54) — what is on top of the stack?,76,54,60,80,B) 54,Following LIFO order through these operations leaves 54 on top of the stack.,Algorithms & Data Structures,Stacks
"Using linear search, what is the index (0-based) of 99 in the array [27, 66, 99, 131, 177, 110, 135, 91]?",4,0,5,2,D) 2,"Linear search checks each element in order; 99 is found at index 2 (0-based) in [27, 66, 99, 131, 177, 110, 135, 91].",Algorithms & Data Structures,Searching
A stack starts empty. After performing: push(81); pop(); push(18); pop(); push(79); pop() — what is on top of the stack?,2,20,79,Stack is empty,D) Stack is empty,Following LIFO order through these operations leaves Stack is empty on top of the stack.,Algorithms & Data Structures,Stacks
"Using binary search on the sorted array [57, 75, 92, 131, 157, 177, 182, 310, 314, 326, 382, 437, 459, 466, 497], how many comparisons are needed to find 437?",2,1,4,3,A) 2,Binary search halves the search space each comparison; finding 437 in this array takes 2 comparison(s).,Algorithms & Data Structures,Searching
"Using linear search, what is the index (0-based) of 28 in the array [147, 28, 48, 36, 45, 119, 79, 148, 193, 103, 60]?",1,2,3,4,A) 1,"Linear search checks each element in order; 28 is found at index 1 (0-based) in [147, 28, 48, 36, 45, 119, 79, 148, 193, 103, 60].",Algorithms & Data Structures,Searching
What is sorting?,The process of arranging data in a particular order,An operation that removes an element from the front of a queue,A sequence of characters treated as a single data item,A sorting algorithm that repeatedly selects the minimum element and places it in order,A) The process of arranging data in a particular order,"Sorting is the process of arranging elements of a list or array into a specific order, such as ascending or descending.",Algorithms & Data Structures,Sorting
What is a graph (data structure)?,A measure of the resources (time or space) an algorithm requires,A node in a tree with no children,The process of arranging data in a particular order,A collection of nodes (vertices) connected by edges,D) A collection of nodes (vertices) connected by edges,"A graph is a data structure consisting of a set of nodes (vertices) connected by edges, which can be directed or undirected.",Algorithms & Data Structures,Graphs
"After one full pass of bubble sort on the array [45, 52, 2, 29, 28], what does the array look like?","[45, 2, 29, 28, 52]","[28, 29, 2, 52, 45]","[2, 28, 29, 45, 52]","[45, 52, 2, 29, 28]","A) [45, 2, 29, 28, 52]","In one pass of bubble sort, each pair of adjacent elements is compared and swapped if out of order, resulting in [45, 2, 29, 28, 52].",Algorithms & Data Structures,Sorting
A queue starts empty. After performing: enqueue(22); dequeue(); enqueue(2); dequeue(); enqueue(23) — what is at the front of the queue?,89,8,13,23,D) 23,Following FIFO order through these operations leaves 23 at the front of the queue.,Algorithms & Data Structures,Queues
"After one full pass of bubble sort on the array [19, 88, 33, 80, 13, 81], what does the array look like?","[81, 13, 80, 33, 88, 19]","[19, 88, 33, 80, 13, 81]","[13, 19, 33, 80, 81, 88]","[19, 33, 80, 13, 81, 88]","D) [19, 33, 80, 13, 81, 88]","In one pass of bubble sort, each pair of adjacent elements is compared and swapped if out of order, resulting in [19, 33, 80, 13, 81, 88].",Algorithms & Data Structures,Sorting
A queue starts empty. After performing: enqueue(62); dequeue(); enqueue(41); enqueue(29) — what is at the front of the queue?,31,41,51,70,B) 41,Following FIFO order through these operations leaves 41 at the front of the queue.,Algorithms & Data Structures,Queues
A queue starts empty. After performing: enqueue(89); dequeue(); enqueue(94); dequeue() — what is at the front of the queue?,73,Queue is empty,57,91,B) Queue is empty,Following FIFO order through these operations leaves Queue is empty at the front of the queue.,Algorithms & Data Structures,Queues
A stack starts empty. After performing: push(37); pop(); push(28); push(21); pop(); pop() — what is on top of the stack?,Stack is empty,24,79,62,A) Stack is empty,Following LIFO order through these operations leaves Stack is empty on top of the stack.,Algorithms & Data Structures,Stacks
"After one full pass of bubble sort on the array [20, 21, 95, 9, 26], what does the array look like?","[20, 21, 9, 26, 95]","[26, 9, 95, 21, 20]","[20, 21, 95, 9, 26]","[9, 20, 21, 26, 95]","A) [20, 21, 9, 26, 95]","In one pass of bubble sort, each pair of adjacent elements is compared and swapped if out of order, resulting in [20, 21, 9, 26, 95].",Algorithms & Data Structures,Sorting
"Using binary search on the sorted array [1, 4, 15, 22, 27, 75, 78, 85, 105, 110, 170, 173, 190, 205, 222, 224, 234, 266, 311, 321, 328, 352, 359, 367, 375, 396, 424, 468, 473, 486, 490], how many comparisons are needed to find 110?",2,4,6,5,B) 4,Binary search halves the search space each comparison; finding 110 in this array takes 4 comparison(s).,Algorithms & Data Structures,Searching
A stack starts empty. After performing: push(24); pop(); push(17); push(28) — what is on top of the stack?,21,95,33,28,D) 28,Following LIFO order through these operations leaves 28 on top of the stack.,Algorithms & Data Structures,Stacks
A queue starts empty. After performing: enqueue(34); enqueue(39); enqueue(41); enqueue(44) — what is at the front of the queue?,38,25,80,34,D) 34,Following FIFO order through these operations leaves 34 at the front of the queue.,Algorithms & Data Structures,Queues
"Using linear search, what is the index (0-based) of 83 in the array [94, 132, 114, 96, 119, 185, 14, 83, 95, 191]?",9,8,10,7,D) 7,"Linear search checks each element in order; 83 is found at index 7 (0-based) in [94, 132, 114, 96, 119, 185, 14, 83, 95, 191].",Algorithms & Data Structures,Searching
A queue starts empty. After performing: enqueue(50); enqueue(57); dequeue(); enqueue(27); enqueue(76); dequeue() — what is at the front of the queue?,27,78,53,62,A) 27,Following FIFO order through these operations leaves 27 at the front of the queue.,Algorithms & Data Structures,Queues
"After one full pass of bubble sort on the array [25, 7, 8, 73, 66, 9], what does the array look like?","[7, 8, 9, 25, 66, 73]","[7, 8, 25, 66, 9, 73]","[25, 7, 8, 73, 66, 9]","[9, 66, 73, 8, 7, 25]","B) [7, 8, 25, 66, 9, 73]","In one pass of bubble sort, each pair of adjacent elements is compared and swapped if out of order, resulting in [7, 8, 25, 66, 9, 73].",Algorithms & Data Structures,Sorting
"Using linear search, what is the index (0-based) of 173 in the array [13, 111, 173, 8, 46, 92, 180, 57, 102, 99, 176]?",4,3,2,0,C) 2,"Linear search checks each element in order; 173 is found at index 2 (0-based) in [13, 111, 173, 8, 46, 92, 180, 57, 102, 99, 176].",Algorithms & Data Structures,Searching
A queue starts empty. After performing: enqueue(86); dequeue(); enqueue(34); enqueue(52); enqueue(39); dequeue() — what is at the front of the queue?,64,71,99,52,D) 52,Following FIFO order through these operations leaves 52 at the front of the queue.,Algorithms & Data Structures,Queues
"Using linear search, what is the index (0-based) of 159 in the array [64, 92, 7, 159, 124, 179]?",0,2,1,3,D) 3,"Linear search checks each element in order; 159 is found at index 3 (0-based) in [64, 92, 7, 159, 124, 179].",Algorithms & Data Structures,Searching
A queue starts empty. After performing: enqueue(61); dequeue(); enqueue(92); dequeue() — what is at the front of the queue?,27,Queue is empty,29,46,B) Queue is empty,Following FIFO order through these operations leaves Queue is empty at the front of the queue.,Algorithms & Data Structures,Queues
"Using binary search on the sorted array [25, 53, 122, 197, 366, 380, 423], how many comparisons are needed to find 122?",5,3,1,4,B) 3,Binary search halves the search space each comparison; finding 122 in this array takes 3 comparison(s).,Algorithms & Data Structures,Searching
"Using linear search, what is the index (0-based) of 9 in the array [152, 123, 9, 13, 79, 81, 23, 94, 199, 20, 24]?",2,0,1,3,A) 2,"Linear search checks each element in order; 9 is found at index 2 (0-based) in [152, 123, 9, 13, 79, 81, 23, 94, 199, 20, 24].",Algorithms & Data Structures,Searching
"After one full pass of bubble sort on the array [16, 31, 85, 6, 22, 81], what does the array look like?","[16, 31, 6, 22, 81, 85]","[81, 22, 6, 85, 31, 16]","[6, 16, 22, 31, 81, 85]","[16, 31, 85, 6, 22, 81]","A) [16, 31, 6, 22, 81, 85]","In one pass of bubble sort, each pair of adjacent elements is compared and swapped if out of order, resulting in [16, 31, 6, 22, 81, 85].",Algorithms & Data Structures,Sorting
"After one full pass of bubble sort on the array [75, 60, 66, 13, 47, 41, 37], what does the array look like?","[75, 60, 66, 13, 47, 41, 37]","[13, 37, 41, 47, 60, 66, 75]","[37, 41, 47, 13, 66, 60, 75]","[60, 66, 13, 47, 41, 37, 75]","D) [60, 66, 13, 47, 41, 37, 75]","In one pass of bubble sort, each pair of adjacent elements is compared and swapped if out of order, resulting in [60, 66, 13, 47, 41, 37, 75].",Algorithms & Data Structures,Sorting
A queue starts empty. After performing: enqueue(5); dequeue(); enqueue(34); enqueue(54) — what is at the front of the queue?,82,34,51,8,B) 34,Following FIFO order through these operations leaves 34 at the front of the queue.,Algorithms & Data Structures,Queues
"Using linear search, what is the index (0-based) of 173 in the array [55, 187, 84, 157, 4, 63, 65, 199, 74, 173, 12]?",9,7,10,11,A) 9,"Linear search checks each element in order; 173 is found at index 9 (0-based) in [55, 187, 84, 157, 4, 63, 65, 199, 74, 173, 12].",Algorithms & Data Structures,Searching
"Using binary search on the sorted array [3, 24, 35, 65, 85, 96, 203, 216, 234, 286, 348, 358, 369, 380, 437], how many comparisons are needed to find 24?",2,4,3,1,C) 3,Binary search halves the search space each comparison; finding 24 in this array takes 3 comparison(s).,Algorithms & Data Structures,Searching
"After one full pass of bubble sort on the array [84, 56, 8, 29, 76, 83], what does the array look like?","[8, 29, 56, 76, 83, 84]","[83, 76, 29, 8, 56, 84]","[56, 8, 29, 76, 83, 84]","[84, 56, 8, 29, 76, 83]","C) [56, 8, 29, 76, 83, 84]","In one pass of bubble sort, each pair of adjacent elements is compared and swapped if out of order, resulting in [56, 8, 29, 76, 83, 84].",Algorithms & Data Structures,Sorting
A stack starts empty. After performing: push(62); push(51); pop(); push(29); push(64); push(23) — what is on top of the stack?,74,72,23,82,C) 23,Following LIFO order through these operations leaves 23 on top of the stack.,Algorithms & Data Structures,Stacks
"Using linear search, what is the index (0-based) of 39 in the array [113, 133, 130, 163, 34, 39]?",7,4,5,6,C) 5,"Linear search checks each element in order; 39 is found at index 5 (0-based) in [113, 133, 130, 163, 34, 39].",Algorithms & Data Structures,Searching
A stack starts empty. After performing: push(85); pop(); push(99); pop(); push(97) — what is on top of the stack?,23,28,15,97,D) 97,Following LIFO order through these operations leaves 97 on top of the stack.,Algorithms & Data Structures,Stacks
"Using binary search on the sorted array [27, 95, 111, 116, 202, 213, 255], how many comparisons are needed to find 27?",5,1,3,2,C) 3,Binary search halves the search space each comparison; finding 27 in this array takes 3 comparison(s).,Algorithms & Data Structures,Searching
A queue starts empty. After performing: enqueue(93); enqueue(23); enqueue(83); enqueue(3) — what is at the front of the queue?,45,65,33,93,D) 93,Following FIFO order through these operations leaves 93 at the front of the queue.,Algorithms & Data Structures,Queues
"After one full pass of bubble sort on the array [99, 22, 20, 58], what does the array look like?","[22, 20, 58, 99]","[20, 22, 58, 99]","[99, 22, 20, 58]","[58, 20, 22, 99]","A) [22, 20, 58, 99]","In one pass of bubble sort, each pair of adjacent elements is compared and swapped if out of order, resulting in [22, 20, 58, 99].",Algorithms & Data Structures,Sorting
"Using binary search on the sorted array [9, 192, 313, 351, 430, 435, 446], how many comparisons are needed to find 313?",3,1,2,5,A) 3,Binary search halves the search space each comparison; finding 313 in this array takes 3 comparison(s).,Algorithms & Data Structures,Searching
"Using binary search on the sorted array [8, 31, 49, 80, 95, 128, 201, 224, 247, 288, 396, 418, 434, 459, 472], how many comparisons are needed to find 80?",2,4,1,3,A) 2,Binary search halves the search space each comparison; finding 80 in this array takes 2 comparison(s).,Algorithms & Data Structures,Searching
"After one full pass of bubble sort on the array [60, 40, 76, 53, 12], what does the array look like?","[60, 40, 76, 53, 12]","[40, 60, 53, 12, 76]","[12, 40, 53, 60, 76]","[12, 53, 76, 40, 60]","B) [40, 60, 53, 12, 76]","In one pass of bubble sort, each pair of adjacent elements is compared and swapped if out of order, resulting in [40, 60, 53, 12, 76].",Algorithms & Data Structures,Sorting
"Using linear search, what is the index (0-based) of 194 in the array [104, 194, 93, 66, 131]?",3,1,2,4,B) 1,"Linear search checks each element in order; 194 is found at index 1 (0-based) in [104, 194, 93, 66, 131].",Algorithms & Data Structures,Searching
"After one full pass of bubble sort on the array [43, 27, 15, 17, 86, 35, 7], what does the array look like?","[7, 35, 86, 17, 15, 27, 43]","[43, 27, 15, 17, 86, 35, 7]","[7, 15, 17, 27, 35, 43, 86]","[27, 15, 17, 43, 35, 7, 86]","D) [27, 15, 17, 43, 35, 7, 86]","In one pass of bubble sort, each pair of adjacent elements is compared and swapped if out of order, resulting in [27, 15, 17, 43, 35, 7, 86].",Algorithms & Data Structures,Sorting
"After one full pass of bubble sort on the array [22, 3, 84, 97, 69], what does the array look like?","[22, 3, 84, 97, 69]","[69, 97, 84, 3, 22]","[3, 22, 69, 84, 97]","[3, 22, 84, 69, 97]","D) [3, 22, 84, 69, 97]","In one pass of bubble sort, each pair of adjacent elements is compared and swapped if out of order, resulting in [3, 22, 84, 69, 97].",Algorithms & Data Structures,Sorting
"After one full pass of bubble sort on the array [29, 43, 78, 93, 66, 72, 76], what does the array look like?","[29, 43, 78, 93, 66, 72, 76]","[29, 43, 66, 72, 76, 78, 93]","[29, 43, 78, 66, 72, 76, 93]","[76, 72, 66, 93, 78, 43, 29]","C) [29, 43, 78, 66, 72, 76, 93]","In one pass of bubble sort, each pair of adjacent elements is compared and swapped if out of order, resulting in [29, 43, 78, 66, 72, 76, 93].",Algorithms & Data Structures,Sorting
"Using linear search, what is the index (0-based) of 196 in the array [117, 113, 101, 106, 196, 47, 105, 112, 187, 183, 78, 84]?",6,4,5,3,B) 4,"Linear search checks each element in order; 196 is found at index 4 (0-based) in [117, 113, 101, 106, 196, 47, 105, 112, 187, 183, 78, 84].",Algorithms & Data Structures,Searching
"Using binary search on the sorted array [152, 154, 244, 249, 406, 435, 437], how many comparisons are needed to find 437?",4,5,3,2,C) 3,Binary search halves the search space each comparison; finding 437 in this array takes 3 comparison(s).,Algorithms & Data Structures,Searching
What is a node (in a data structure)?,The topmost node in a tree data structure,A linear data structure where elements are linked using pointers,"A basic unit of a data structure, such as a linked list or tree, containing data",A collection of nodes (vertices) connected by edges,"C) A basic unit of a data structure, such as a linked list or tree, containing data","A node is a basic unit in structures like linked lists and trees, containing data and often a reference to other nodes.",Algorithms & Data Structures,Trees
"Using linear search, what is the index (0-based) of 197 in the array [197, 109, 80, 9, 55, 181]?",2,1,3,0,D) 0,"Linear search checks each element in order; 197 is found at index 0 (0-based) in [197, 109, 80, 9, 55, 181].",Algorithms & Data Structures,Searching
"After one full pass of bubble sort on the array [60, 97, 81, 1, 88], what does the array look like?","[60, 81, 1, 88, 97]","[1, 60, 81, 88, 97]","[88, 1, 81, 97, 60]","[60, 97, 81, 1, 88]","A) [60, 81, 1, 88, 97]","In one pass of bubble sort, each pair of adjacent elements is compared and swapped if out of order, resulting in [60, 81, 1, 88, 97].",Algorithms & Data Structures,Sorting
"Using binary search on the sorted array [159, 225, 268, 319, 360, 367, 416], how many comparisons are needed to find 360?",3,5,2,1,A) 3,Binary search halves the search space each comparison; finding 360 in this array takes 3 comparison(s).,Algorithms & Data Structures,Searching
"Using binary search on the sorted array [8, 36, 43, 51, 71, 80, 96, 111, 112, 114, 125, 127, 140, 178, 184, 230, 234, 235, 242, 248, 258, 289, 325, 336, 346, 348, 385, 387, 396, 414, 460], how many comparisons are needed to find 289?",4,6,2,5,A) 4,Binary search halves the search space each comparison; finding 289 in this array takes 4 comparison(s).,Algorithms & Data Structures,Searching
"After one full pass of bubble sort on the array [59, 64, 51, 67, 71, 26, 28], what does the array look like?","[59, 51, 64, 67, 26, 28, 71]","[26, 28, 51, 59, 64, 67, 71]","[59, 64, 51, 67, 71, 26, 28]","[28, 26, 71, 67, 51, 64, 59]","A) [59, 51, 64, 67, 26, 28, 71]","In one pass of bubble sort, each pair of adjacent elements is compared and swapped if out of order, resulting in [59, 51, 64, 67, 26, 28, 71].",Algorithms & Data Structures,Sorting
A queue starts empty. After performing: enqueue(99); enqueue(21); dequeue(); enqueue(86); dequeue(); enqueue(88) — what is at the front of the queue?,92,86,98,14,B) 86,Following FIFO order through these operations leaves 86 at the front of the queue.,Algorithms & Data Structures,Queues
A queue starts empty. After performing: enqueue(77); dequeue(); enqueue(20); dequeue() — what is at the front of the queue?,65,99,37,Queue is empty,D) Queue is empty,Following FIFO order through these operations leaves Queue is empty at the front of the queue.,Algorithms & Data Structures,Queues
A queue starts empty. After performing: enqueue(21); dequeue(); enqueue(11); enqueue(99); enqueue(30); enqueue(68) — what is at the front of the queue?,11,6,42,21,A) 11,Following FIFO order through these operations leaves 11 at the front of the queue.,Algorithms & Data Structures,Queues
"After one full pass of bubble sort on the array [54, 70, 63, 61], what does the array look like?","[54, 63, 61, 70]","[54, 70, 63, 61]","[61, 63, 70, 54]","[54, 61, 63, 70]","A) [54, 63, 61, 70]","In one pass of bubble sort, each pair of adjacent elements is compared and swapped if out of order, resulting in [54, 63, 61, 70].",Algorithms & Data Structures,Sorting
"After one full pass of bubble sort on the array [7, 73, 67, 10, 23, 28], what does the array look like?","[7, 73, 67, 10, 23, 28]","[7, 10, 23, 28, 67, 73]","[28, 23, 10, 67, 73, 7]","[7, 67, 10, 23, 28, 73]","D) [7, 67, 10, 23, 28, 73]","In one pass of bubble sort, each pair of adjacent elements is compared and swapped if out of order, resulting in [7, 67, 10, 23, 28, 73].",Algorithms & Data Structures,Sorting
A queue starts empty. After performing: enqueue(14); enqueue(90); enqueue(16); enqueue(1) — what is at the front of the queue?,14,17,33,52,A) 14,Following FIFO order through these operations leaves 14 at the front of the queue.,Algorithms & Data Structures,Queues
"Using linear search, what is the index (0-based) of 106 in the array [198, 106, 192, 121, 37]?",4,0,1,3,C) 1,"Linear search checks each element in order; 106 is found at index 1 (0-based) in [198, 106, 192, 121, 37].",Algorithms & Data Structures,Searching
A queue starts empty. After performing: enqueue(11); dequeue(); enqueue(46); dequeue(); enqueue(52); enqueue(97) — what is at the front of the queue?,73,52,19,59,B) 52,Following FIFO order through these operations leaves 52 at the front of the queue.,Algorithms & Data Structures,Queues
"Using linear search, what is the index (0-based) of 164 in the array [89, 36, 112, 164, 183, 84, 173, 157]?",3,0,1,4,A) 3,"Linear search checks each element in order; 164 is found at index 3 (0-based) in [89, 36, 112, 164, 183, 84, 173, 157].",Algorithms & Data Structures,Searching
"Using linear search, what is the index (0-based) of 116 in the array [142, 116, 141, 107, 51, 158]?",0,2,1,4,C) 1,"Linear search checks each element in order; 116 is found at index 1 (0-based) in [142, 116, 141, 107, 51, 158].",Algorithms & Data Structures,Searching
"Using linear search, what is the index (0-based) of 106 in the array [148, 34, 111, 81, 13, 170, 54, 199, 106]?",7,5,8,9,C) 8,"Linear search checks each element in order; 106 is found at index 8 (0-based) in [148, 34, 111, 81, 13, 170, 54, 199, 106].",Algorithms & Data Structures,Searching
A stack starts empty. After performing: push(29); pop(); push(98); pop(); push(92) — what is on top of the stack?,12,82,92,29,C) 92,Following LIFO order through these operations leaves 92 on top of the stack.,Algorithms & Data Structures,Stacks
"After one full pass of bubble sort on the array [84, 40, 91, 20], what does the array look like?","[40, 84, 20, 91]","[20, 91, 40, 84]","[84, 40, 91, 20]","[20, 40, 84, 91]","A) [40, 84, 20, 91]","In one pass of bubble sort, each pair of adjacent elements is compared and swapped if out of order, resulting in [40, 84, 20, 91].",Algorithms & Data Structures,Sorting
A queue starts empty. After performing: enqueue(28); dequeue(); enqueue(25); dequeue(); enqueue(4); enqueue(40) — what is at the front of the queue?,85,15,40,4,D) 4,Following FIFO order through these operations leaves 4 at the front of the queue.,Algorithms & Data Structures,Queues
A queue starts empty. After performing: enqueue(47); enqueue(34); enqueue(83); enqueue(71) — what is at the front of the queue?,47,66,99,27,A) 47,Following FIFO order through these operations leaves 47 at the front of the queue.,Algorithms & Data Structures,Queues
A queue starts empty. After performing: enqueue(71); enqueue(6); dequeue(); enqueue(75); dequeue() — what is at the front of the queue?,32,92,85,75,D) 75,Following FIFO order through these operations leaves 75 at the front of the queue.,Algorithms & Data Structures,Queues
A queue starts empty. After performing: enqueue(91); enqueue(51); enqueue(82); enqueue(2); enqueue(91); enqueue(8) — what is at the front of the queue?,62,91,56,9,B) 91,Following FIFO order through these operations leaves 91 at the front of the queue.,Algorithms & Data Structures,Queues
"Using linear search, what is the index (0-based) of 186 in the array [175, 22, 21, 11, 195, 197, 106, 79, 186, 121]?",8,10,9,5,A) 8,"Linear search checks each element in order; 186 is found at index 8 (0-based) in [175, 22, 21, 11, 195, 197, 106, 79, 186, 121].",Algorithms & Data Structures,Searching
"Using linear search, what is the index (0-based) of 199 in the array [130, 187, 81, 169, 177, 65, 110, 145, 3, 199, 88]?",12,9,11,7,B) 9,"Linear search checks each element in order; 199 is found at index 9 (0-based) in [130, 187, 81, 169, 177, 65, 110, 145, 3, 199, 88].",Algorithms & Data Structures,Searching
"Using binary search on the sorted array [16, 53, 129, 145, 190, 293, 457], how many comparisons are needed to find 457?",2,4,3,1,C) 3,Binary search halves the search space each comparison; finding 457 in this array takes 3 comparison(s).,Algorithms & Data Structures,Searching
"After one full pass of bubble sort on the array [37, 25, 43, 92, 91, 99, 82], what does the array look like?","[37, 25, 43, 92, 91, 99, 82]","[25, 37, 43, 82, 91, 92, 99]","[82, 99, 91, 92, 43, 25, 37]","[25, 37, 43, 91, 92, 82, 99]","D) [25, 37, 43, 91, 92, 82, 99]","In one pass of bubble sort, each pair of adjacent elements is compared and swapped if out of order, resulting in [25, 37, 43, 91, 92, 82, 99].",Algorithms & Data Structures,Sorting
"After one full pass of bubble sort on the array [24, 42, 8, 66], what does the array look like?","[66, 8, 42, 24]","[24, 8, 42, 66]","[24, 42, 8, 66]","[8, 24, 42, 66]","B) [24, 8, 42, 66]","In one pass of bubble sort, each pair of adjacent elements is compared and swapped if out of order, resulting in [24, 8, 42, 66].",Algorithms & Data Structures,Sorting
"After one full pass of bubble sort on the array [84, 78, 98, 14, 35, 77, 30], what does the array look like?","[84, 78, 98, 14, 35, 77, 30]","[78, 84, 14, 35, 77, 30, 98]","[14, 30, 35, 77, 78, 84, 98]","[30, 77, 35, 14, 98, 78, 84]","B) [78, 84, 14, 35, 77, 30, 98]","In one pass of bubble sort, each pair of adjacent elements is compared and swapped if out of order, resulting in [78, 84, 14, 35, 77, 30, 98].",Algorithms & Data Structures,Sorting
"Using linear search, what is the index (0-based) of 111 in the array [71, 175, 21, 125, 111, 145]?",5,7,4,2,C) 4,"Linear search checks each element in order; 111 is found at index 4 (0-based) in [71, 175, 21, 125, 111, 145].",Algorithms & Data Structures,Searching
"Using binary search on the sorted array [14, 209, 365, 405, 408, 439, 454], how many comparisons are needed to find 405?",4,1,2,3,B) 1,Binary search halves the search space each comparison; finding 405 in this array takes 1 comparison(s).,Algorithms & Data Structures,Searching
"After one full pass of bubble sort on the array [21, 68, 67, 63, 95, 88], what does the array look like?","[21, 68, 67, 63, 95, 88]","[21, 63, 67, 68, 88, 95]","[21, 67, 63, 68, 88, 95]","[88, 95, 63, 67, 68, 21]","C) [21, 67, 63, 68, 88, 95]","In one pass of bubble sort, each pair of adjacent elements is compared and swapped if out of order, resulting in [21, 67, 63, 68, 88, 95].",Algorithms & Data Structures,Sorting
A stack starts empty. After performing: push(52); pop(); push(77); push(96); pop(); pop() — what is on top of the stack?,64,68,35,Stack is empty,D) Stack is empty,Following LIFO order through these operations leaves Stack is empty on top of the stack.,Algorithms & Data Structures,Stacks
A stack starts empty. After performing: push(56); push(93); push(44); push(65); push(41); push(31) — what is on top of the stack?,45,60,60,31,D) 31,Following LIFO order through these operations leaves 31 on top of the stack.,Algorithms & Data Structures,Stacks
"Using linear search, what is the index (0-based) of 124 in the array [59, 68, 22, 124, 102, 92, 35, 26, 122, 170, 95]?",0,2,1,3,D) 3,"Linear search checks each element in order; 124 is found at index 3 (0-based) in [59, 68, 22, 124, 102, 92, 35, 26, 122, 170, 95].",Algorithms & Data Structures,Searching
"Using binary search on the sorted array [15, 19, 22, 32, 42, 61, 94, 99, 157, 216, 258, 272, 291, 295, 306, 322, 331, 337, 350, 355, 364, 370, 378, 380, 428, 441, 457, 462, 469, 472, 496], how many comparisons are needed to find 32?",3,5,2,4,A) 3,Binary search halves the search space each comparison; finding 32 in this array takes 3 comparison(s).,Algorithms & Data Structures,Searching
A queue starts empty. After performing: enqueue(39); enqueue(20); dequeue(); dequeue() — what is at the front of the queue?,75,85,Queue is empty,20,C) Queue is empty,Following FIFO order through these operations leaves Queue is empty at the front of the queue.,Algorithms & Data Structures,Queues
A queue starts empty. After performing: enqueue(17); dequeue(); enqueue(56); dequeue(); enqueue(9) — what is at the front of the queue?,68,9,65,29,B) 9,Following FIFO order through these operations leaves 9 at the front of the queue.,Algorithms & Data Structures,Queues
"After one full pass of bubble sort on the array [75, 27, 70, 37, 95], what does the array look like?","[27, 70, 37, 75, 95]","[27, 37, 70, 75, 95]","[75, 27, 70, 37, 95]","[95, 37, 70, 27, 75]","A) [27, 70, 37, 75, 95]","In one pass of bubble sort, each pair of adjacent elements is compared and swapped if out of order, resulting in [27, 70, 37, 75, 95].",Algorithms & Data Structures,Sorting
A queue starts empty. After performing: enqueue(85); enqueue(4); enqueue(66); dequeue(); dequeue() — what is at the front of the queue?,98,66,61,49,B) 66,Following FIFO order through these operations leaves 66 at the front of the queue.,Algorithms & Data Structures,Queues
"Using linear search, what is the index (0-based) of 136 in the array [179, 136, 145, 2, 45, 44]?",2,3,1,4,C) 1,"Linear search checks each element in order; 136 is found at index 1 (0-based) in [179, 136, 145, 2, 45, 44].",Algorithms & Data Structures,Searching
"Using binary search on the sorted array [93, 173, 189, 229, 369, 372, 429], how many comparisons are needed to find 369?",1,5,2,3,D) 3,Binary search halves the search space each comparison; finding 369 in this array takes 3 comparison(s).,Algorithms & Data Structures,Searching
A queue starts empty. After performing: enqueue(48); dequeue(); enqueue(16); enqueue(19); enqueue(82); enqueue(62) — what is at the front of the queue?,17,57,16,16,C) 16,Following FIFO order through these operations leaves 16 at the front of the queue.,Algorithms & Data Structures,Queues
A queue starts empty. After performing: enqueue(4); dequeue(); enqueue(66); enqueue(59) — what is at the front of the queue?,66,66,4,31,A) 66,Following FIFO order through these operations leaves 66 at the front of the queue.,Algorithms & Data Structures,Queues
A queue starts empty. After performing: enqueue(23); dequeue(); enqueue(81); enqueue(89) — what is at the front of the queue?,57,81,84,98,B) 81,Following FIFO order through these operations leaves 81 at the front of the queue.,Algorithms & Data Structures,Queues
A stack starts empty. After performing: push(18); push(33); push(35); push(86); push(24) — what is on top of the stack?,24,32,71,4,A) 24,Following LIFO order through these operations leaves 24 on top of the stack.,Algorithms & Data Structures,Stacks
A queue starts empty. After performing: enqueue(67); enqueue(48); enqueue(79); dequeue(); enqueue(35) — what is at the front of the queue?,95,48,50,12,B) 48,Following FIFO order through these operations leaves 48 at the front of the queue.,Algorithms & Data Structures,Queues
A stack starts empty. After performing: push(73); pop(); push(18); push(61); push(87); push(3) — what is on top of the stack?,37,3,16,58,B) 3,Following LIFO order through these operations leaves 3 on top of the stack.,Algorithms & Data Structures,Stacks
"After one full pass of bubble sort on the array [68, 37, 30, 46, 53, 29], what does the array look like?","[29, 30, 37, 46, 53, 68]","[29, 53, 46, 30, 37, 68]","[37, 30, 46, 53, 29, 68]","[68, 37, 30, 46, 53, 29]","C) [37, 30, 46, 53, 29, 68]","In one pass of bubble sort, each pair of adjacent elements is compared and swapped if out of order, resulting in [37, 30, 46, 53, 29, 68].",Algorithms & Data Structures,Sorting
"Using linear search, what is the index (0-based) of 194 in the array [117, 121, 8, 6, 72, 29, 194, 30, 38, 51, 82, 178]?",4,8,7,6,D) 6,"Linear search checks each element in order; 194 is found at index 6 (0-based) in [117, 121, 8, 6, 72, 29, 194, 30, 38, 51, 82, 178].",Algorithms & Data Structures,Searching
"After one full pass of bubble sort on the array [5, 79, 21, 12, 47, 35], what does the array look like?","[35, 47, 12, 21, 79, 5]","[5, 12, 21, 35, 47, 79]","[5, 21, 12, 47, 35, 79]","[5, 79, 21, 12, 47, 35]","C) [5, 21, 12, 47, 35, 79]","In one pass of bubble sort, each pair of adjacent elements is compared and swapped if out of order, resulting in [5, 21, 12, 47, 35, 79].",Algorithms & Data Structures,Sorting
"Using binary search on the sorted array [22, 100, 392, 400, 435, 460, 462], how many comparisons are needed to find 435?",2,4,3,1,C) 3,Binary search halves the search space each comparison; finding 435 in this array takes 3 comparison(s).,Algorithms & Data Structures,Searching
A stack starts empty. After performing: push(35); push(22); push(52); pop(); pop(); push(17) — what is on top of the stack?,3,17,64,17,B) 17,Following LIFO order through these operations leaves 17 on top of the stack.,Algorithms & Data Structures,Stacks
"Using binary search on the sorted array [5, 27, 35, 44, 76, 81, 99, 100, 120, 126, 155, 217, 238, 245, 248, 254, 271, 279, 301, 326, 342, 352, 361, 405, 409, 430, 438, 443, 445, 465, 496], how many comparisons are needed to find 44?",2,3,4,1,B) 3,Binary search halves the search space each comparison; finding 44 in this array takes 3 comparison(s).,Algorithms & Data Structures,Searching
"After one full pass of bubble sort on the array [66, 19, 17, 5], what does the array look like?","[5, 17, 19, 66]","[66, 19, 17, 5]","[19, 17, 5, 66]","[5, 17, 19, 66]","C) [19, 17, 5, 66]","In one pass of bubble sort, each pair of adjacent elements is compared and swapped if out of order, resulting in [19, 17, 5, 66].",Algorithms & Data Structures,Sorting
"After one full pass of bubble sort on the array [75, 88, 34, 96, 94], what does the array look like?","[75, 88, 34, 96, 94]","[75, 34, 88, 94, 96]","[34, 75, 88, 94, 96]","[94, 96, 34, 88, 75]","B) [75, 34, 88, 94, 96]","In one pass of bubble sort, each pair of adjacent elements is compared and swapped if out of order, resulting in [75, 34, 88, 94, 96].",Algorithms & Data Structures,Sorting
A stack starts empty. After performing: push(98); push(12); push(88); push(62) — what is on top of the stack?,10,66,62,63,C) 62,Following LIFO order through these operations leaves 62 on top of the stack.,Algorithms & Data Structures,Stacks
A queue starts empty. After performing: enqueue(45); dequeue(); enqueue(59); dequeue(); enqueue(2); dequeue() — what is at the front of the queue?,46,83,6,Queue is empty,D) Queue is empty,Following FIFO order through these operations leaves Queue is empty at the front of the queue.,Algorithms & Data Structures,Queues
A stack starts empty. After performing: push(42); push(9); pop(); push(49); pop() — what is on top of the stack?,5,15,42,79,C) 42,Following LIFO order through these operations leaves 42 on top of the stack.,Algorithms & Data Structures,Stacks
A stack starts empty. After performing: push(89); push(65); push(18); pop(); pop(); pop() — what is on top of the stack?,75,8,Stack is empty,10,C) Stack is empty,Following LIFO order through these operations leaves Stack is empty on top of the stack.,Algorithms & Data Structures,Stacks
Which of the following best describes binary search?,An operation that adds an element to the back of a queue,A search algorithm that repeatedly divides a sorted list in half,A measure of the resources (time or space) an algorithm requires,A sequence of characters treated as a single data item,B) A search algorithm that repeatedly divides a sorted list in half,"Binary search repeatedly divides a sorted list in half, comparing the target to the middle element to narrow the search.",Algorithms & Data Structures,Searching
"Using linear search, what is the index (0-based) of 87 in the array [164, 11, 153, 185, 87, 67, 192, 64]?",4,3,1,5,A) 4,"Linear search checks each element in order; 87 is found at index 4 (0-based) in [164, 11, 153, 185, 87, 67, 192, 64].",Algorithms & Data Structures,Searching
"Using linear search, what is the index (0-based) of 194 in the array [124, 28, 35, 108, 138, 98, 190, 114, 194, 43, 26]?",5,7,9,8,D) 8,"Linear search checks each element in order; 194 is found at index 8 (0-based) in [124, 28, 35, 108, 138, 98, 190, 114, 194, 43, 26].",Algorithms & Data Structures,Searching
"After one full pass of bubble sort on the array [86, 56, 82, 77, 83], what does the array look like?","[56, 82, 77, 83, 86]","[86, 56, 82, 77, 83]","[56, 77, 82, 83, 86]","[83, 77, 82, 56, 86]","A) [56, 82, 77, 83, 86]","In one pass of bubble sort, each pair of adjacent elements is compared and swapped if out of order, resulting in [56, 82, 77, 83, 86].",Algorithms & Data Structures,Sorting
"Using linear search, what is the index (0-based) of 34 in the array [132, 62, 34, 189, 21, 16, 187, 64, 96, 131, 65]?",5,3,2,4,C) 2,"Linear search checks each element in order; 34 is found at index 2 (0-based) in [132, 62, 34, 189, 21, 16, 187, 64, 96, 131, 65].",Algorithms & Data Structures,Searching
A queue starts empty. After performing: enqueue(96); dequeue(); enqueue(52); enqueue(32); dequeue() — what is at the front of the queue?,48,32,67,72,B) 32,Following FIFO order through these operations leaves 32 at the front of the queue.,Algorithms & Data Structures,Queues
A stack starts empty. After performing: push(40); push(83); push(7); pop(); push(65) — what is on top of the stack?,83,91,28,65,D) 65,Following LIFO order through these operations leaves 65 on top of the stack.,Algorithms & Data Structures,Stacks
A stack starts empty. After performing: push(33); pop(); push(34); push(12); pop(); push(92) — what is on top of the stack?,77,63,92,28,C) 92,Following LIFO order through these operations leaves 92 on top of the stack.,Algorithms & Data Structures,Stacks
A queue starts empty. After performing: enqueue(16); enqueue(65); enqueue(16); dequeue() — what is at the front of the queue?,32,20,65,70,C) 65,Following FIFO order through these operations leaves 65 at the front of the queue.,Algorithms & Data Structures,Queues
"Using binary search on the sorted array [23, 37, 146, 216, 254, 316, 448], how many comparisons are needed to find 448?",4,2,3,1,C) 3,Binary search halves the search space each comparison; finding 448 in this array takes 3 comparison(s).,Algorithms & Data Structures,Searching
A stack starts empty. After performing: push(54); pop(); push(5); push(21); push(43); pop() — what is on top of the stack?,77,34,21,95,C) 21,Following LIFO order through these operations leaves 21 on top of the stack.,Algorithms & Data Structures,Stacks
A queue starts empty. After performing: enqueue(17); dequeue(); enqueue(75); enqueue(44); enqueue(49); enqueue(6) — what is at the front of the queue?,60,75,74,43,B) 75,Following FIFO order through these operations leaves 75 at the front of the queue.,Algorithms & Data Structures,Queues
"Using linear search, what is the index (0-based) of 114 in the array [6, 166, 114, 5, 128]?",0,2,1,5,B) 2,"Linear search checks each element in order; 114 is found at index 2 (0-based) in [6, 166, 114, 5, 128].",Algorithms & Data Structures,Searching
"Using linear search, what is the index (0-based) of 54 in the array [165, 167, 178, 113, 142, 166, 7, 54, 63, 140, 4]?",6,8,7,10,C) 7,"Linear search checks each element in order; 54 is found at index 7 (0-based) in [165, 167, 178, 113, 142, 166, 7, 54, 63, 140, 4].",Algorithms & Data Structures,Searching
A stack starts empty. After performing: push(36); push(39); push(49); push(73) — what is on top of the stack?,45,35,73,64,C) 73,Following LIFO order through these operations leaves 73 on top of the stack.,Algorithms & Data Structures,Stacks
"Using binary search on the sorted array [23, 70, 168, 177, 380, 427, 435], how many comparisons are needed to find 427?",2,3,1,4,A) 2,Binary search halves the search space each comparison; finding 427 in this array takes 2 comparison(s).,Algorithms & Data Structures,Searching
"After one full pass of bubble sort on the array [29, 90, 89, 31, 19, 86, 70], what does the array look like?","[29, 90, 89, 31, 19, 86, 70]","[29, 89, 31, 19, 86, 70, 90]","[19, 29, 31, 70, 86, 89, 90]","[70, 86, 19, 31, 89, 90, 29]","B) [29, 89, 31, 19, 86, 70, 90]","In one pass of bubble sort, each pair of adjacent elements is compared and swapped if out of order, resulting in [29, 89, 31, 19, 86, 70, 90].",Algorithms & Data Structures,Sorting
A stack starts empty. After performing: push(91); pop(); push(88); push(21); push(79); pop() — what is on top of the stack?,77,21,59,90,B) 21,Following LIFO order through these operations leaves 21 on top of the stack.,Algorithms & Data Structures,Stacks
A stack starts empty. After performing: push(17); pop(); push(63); push(14) — what is on top of the stack?,25,70,14,61,C) 14,Following LIFO order through these operations leaves 14 on top of the stack.,Algorithms & Data Structures,Stacks
"Using linear search, what is the index (0-based) of 129 in the array [23, 190, 100, 79, 119, 129, 96, 105]?",5,6,4,3,A) 5,"Linear search checks each element in order; 129 is found at index 5 (0-based) in [23, 190, 100, 79, 119, 129, 96, 105].",Algorithms & Data Structures,Searching
"Using linear search, what is the index (0-based) of 45 in the array [45, 147, 179, 10, 54]?",0,2,1,3,A) 0,"Linear search checks each element in order; 45 is found at index 0 (0-based) in [45, 147, 179, 10, 54].",Algorithms & Data Structures,Searching
"Using linear search, what is the index (0-based) of 104 in the array [46, 128, 135, 162, 190, 104]?",7,5,6,2,B) 5,"Linear search checks each element in order; 104 is found at index 5 (0-based) in [46, 128, 135, 162, 190, 104].",Algorithms & Data Structures,Searching
A queue starts empty. After performing: enqueue(24); dequeue(); enqueue(15); dequeue(); enqueue(90); enqueue(46) — what is at the front of the queue?,90,54,11,51,A) 90,Following FIFO order through these operations leaves 90 at the front of the queue.,Algorithms & Data Structures,Queues
"Using linear search, what is the index (0-based) of 174 in the array [124, 126, 150, 40, 100, 56, 180, 183, 159, 48, 62, 174]?",9,12,11,8,C) 11,"Linear search checks each element in order; 174 is found at index 11 (0-based) in [124, 126, 150, 40, 100, 56, 180, 183, 159, 48, 62, 174].",Algorithms & Data Structures,Searching
"Using binary search on the sorted array [30, 37, 39, 83, 85, 87, 119, 135, 172, 174, 183, 186, 192, 220, 231, 245, 267, 301, 321, 329, 334, 338, 344, 351, 354, 380, 390, 394, 417, 463, 492], how many comparisons are needed to find 334?",3,7,4,5,D) 5,Binary search halves the search space each comparison; finding 334 in this array takes 5 comparison(s).,Algorithms & Data Structures,Searching
"After one full pass of bubble sort on the array [66, 80, 42, 57], what does the array look like?","[66, 80, 42, 57]","[42, 57, 66, 80]","[66, 42, 57, 80]","[57, 42, 80, 66]","C) [66, 42, 57, 80]","In one pass of bubble sort, each pair of adjacent elements is compared and swapped if out of order, resulting in [66, 42, 57, 80].",Algorithms & Data Structures,Sorting
"Using linear search, what is the index (0-based) of 183 in the array [38, 85, 183, 182, 29, 168, 25]?",3,1,2,4,C) 2,"Linear search checks each element in order; 183 is found at index 2 (0-based) in [38, 85, 183, 182, 29, 168, 25].",Algorithms & Data Structures,Searching
"After one full pass of bubble sort on the array [67, 55, 66, 28], what does the array look like?","[28, 55, 66, 67]","[67, 55, 66, 28]","[28, 66, 55, 67]","[55, 66, 28, 67]","D) [55, 66, 28, 67]","In one pass of bubble sort, each pair of adjacent elements is compared and swapped if out of order, resulting in [55, 66, 28, 67].",Algorithms & Data Structures,Sorting
"Using linear search, what is the index (0-based) of 73 in the array [76, 43, 73, 80, 89, 105, 3, 102, 46, 30, 52]?",2,1,5,4,A) 2,"Linear search checks each element in order; 73 is found at index 2 (0-based) in [76, 43, 73, 80, 89, 105, 3, 102, 46, 30, 52].",Algorithms & Data Structures,Searching
"Using linear search, what is the index (0-based) of 118 in the array [184, 167, 119, 40, 118]?",3,4,6,5,B) 4,"Linear search checks each element in order; 118 is found at index 4 (0-based) in [184, 167, 119, 40, 118].",Algorithms & Data Structures,Searching
A queue starts empty. After performing: enqueue(95); dequeue(); enqueue(50); enqueue(54) — what is at the front of the queue?,50,29,68,99,A) 50,Following FIFO order through these operations leaves 50 at the front of the queue.,Algorithms & Data Structures,Queues
A queue starts empty. After performing: enqueue(76); enqueue(2); dequeue(); enqueue(22); enqueue(38) — what is at the front of the queue?,42,2,81,9,B) 2,Following FIFO order through these operations leaves 2 at the front of the queue.,Algorithms & Data Structures,Queues
"Using linear search, what is the index (0-based) of 158 in the array [194, 120, 140, 28, 89, 189, 158, 44, 9, 45, 106, 88]?",5,9,3,6,D) 6,"Linear search checks each element in order; 158 is found at index 6 (0-based) in [194, 120, 140, 28, 89, 189, 158, 44, 9, 45, 106, 88].",Algorithms & Data Structures,Searching
"Using binary search on the sorted array [69, 76, 97, 102, 134, 139, 169, 178, 185, 192, 212, 230, 309, 323, 433], how many comparisons are needed to find 185?",3,4,6,5,B) 4,Binary search halves the search space each comparison; finding 185 in this array takes 4 comparison(s).,Algorithms & Data Structures,Searching
"Using binary search on the sorted array [89, 98, 126, 148, 222, 391, 416], how many comparisons are needed to find 222?",5,2,4,3,D) 3,Binary search halves the search space each comparison; finding 222 in this array takes 3 comparison(s).,Algorithms & Data Structures,Searching
A queue starts empty. After performing: enqueue(28); dequeue(); enqueue(63); enqueue(92) — what is at the front of the queue?,60,39,22,63,D) 63,Following FIFO order through these operations leaves 63 at the front of the queue.,Algorithms & Data Structures,Queues
A queue starts empty. After performing: enqueue(85); dequeue(); enqueue(28); dequeue(); enqueue(3) — what is at the front of the queue?,61,3,3,55,B) 3,Following FIFO order through these operations leaves 3 at the front of the queue.,Algorithms & Data Structures,Queues
"After one full pass of bubble sort on the array [25, 75, 46, 21, 83, 73], what does the array look like?","[73, 83, 21, 46, 75, 25]","[21, 25, 46, 73, 75, 83]","[25, 46, 21, 75, 73, 83]","[25, 75, 46, 21, 83, 73]","C) [25, 46, 21, 75, 73, 83]","In one pass of bubble sort, each pair of adjacent elements is compared and swapped if out of order, resulting in [25, 46, 21, 75, 73, 83].",Algorithms & Data Structures,Sorting
"Using linear search, what is the index (0-based) of 153 in the array [7, 22, 48, 105, 197, 9, 184, 75, 153, 179, 124]?",10,6,8,7,C) 8,"Linear search checks each element in order; 153 is found at index 8 (0-based) in [7, 22, 48, 105, 197, 9, 184, 75, 153, 179, 124].",Algorithms & Data Structures,Searching
A queue starts empty. After performing: enqueue(87); enqueue(8); enqueue(56); enqueue(88) — what is at the front of the queue?,87,21,31,98,A) 87,Following FIFO order through these operations leaves 87 at the front of the queue.,Algorithms & Data Structures,Queues
A queue starts empty. After performing: enqueue(10); dequeue(); enqueue(94); enqueue(25) — what is at the front of the queue?,94,48,59,96,A) 94,Following FIFO order through these operations leaves 94 at the front of the queue.,Algorithms & Data Structures,Queues
"Using binary search on the sorted array [89, 105, 382, 472, 492, 495, 498], how many comparisons are needed to find 472?",2,1,3,4,B) 1,Binary search halves the search space each comparison; finding 472 in this array takes 1 comparison(s).,Algorithms & Data Structures,Searching
A queue starts empty. After performing: enqueue(75); enqueue(54); dequeue(); enqueue(13) — what is at the front of the queue?,76,68,32,54,D) 54,Following FIFO order through these operations leaves 54 at the front of the queue.,Algorithms & Data Structures,Queues
A queue starts empty. After performing: enqueue(50); enqueue(91); enqueue(79); enqueue(10); enqueue(47) — what is at the front of the queue?,2,4,50,45,C) 50,Following FIFO order through these operations leaves 50 at the front of the queue.,Algorithms & Data Structures,Queues
A stack starts empty. After performing: push(8); push(34); pop(); push(73); push(68) — what is on top of the stack?,76,66,68,93,C) 68,Following LIFO order through these operations leaves 68 on top of the stack.,Algorithms & Data Structures,Stacks
"Using binary search on the sorted array [28, 87, 102, 104, 107, 163, 189, 238, 266, 323, 330, 432, 447, 485, 489], how many comparisons are needed to find 189?",5,3,4,6,C) 4,Binary search halves the search space each comparison; finding 189 in this array takes 4 comparison(s).,Algorithms & Data Structures,Searching
"After one full pass of bubble sort on the array [96, 2, 47, 56, 98], what does the array look like?","[96, 2, 47, 56, 98]","[2, 47, 56, 96, 98]","[2, 47, 56, 96, 98]","[98, 56, 47, 2, 96]","B) [2, 47, 56, 96, 98]","In one pass of bubble sort, each pair of adjacent elements is compared and swapped if out of order, resulting in [2, 47, 56, 96, 98].",Algorithms & Data Structures,Sorting
A stack starts empty. After performing: push(29); push(88); push(69); pop(); pop() — what is on top of the stack?,10,14,29,9,C) 29,Following LIFO order through these operations leaves 29 on top of the stack.,Algorithms & Data Structures,Stacks
"Using binary search on the sorted array [43, 57, 70, 91, 191, 279, 302, 320, 348, 368, 414, 426, 435, 441, 478], how many comparisons are needed to find 279?",1,3,5,4,B) 3,Binary search halves the search space each comparison; finding 279 in this array takes 3 comparison(s).,Algorithms & Data Structures,Searching
"Using linear search, what is the index (0-based) of 19 in the array [157, 19, 8, 21, 129, 128, 108, 64, 177, 89]?",4,2,1,3,C) 1,"Linear search checks each element in order; 19 is found at index 1 (0-based) in [157, 19, 8, 21, 129, 128, 108, 64, 177, 89].",Algorithms & Data Structures,Searching
"After one full pass of bubble sort on the array [75, 53, 66, 35], what does the array look like?","[75, 53, 66, 35]","[35, 53, 66, 75]","[35, 66, 53, 75]","[53, 66, 35, 75]","D) [53, 66, 35, 75]","In one pass of bubble sort, each pair of adjacent elements is compared and swapped if out of order, resulting in [53, 66, 35, 75].",Algorithms & Data Structures,Sorting
"Using linear search, what is the index (0-based) of 137 in the array [58, 115, 195, 161, 137, 143, 36, 112, 193, 184]?",4,3,6,1,A) 4,"Linear search checks each element in order; 137 is found at index 4 (0-based) in [58, 115, 195, 161, 137, 143, 36, 112, 193, 184].",Algorithms & Data Structures,Searching
"Using linear search, what is the index (0-based) of 32 in the array [198, 17, 95, 32, 98, 103, 144, 65]?",3,5,6,4,A) 3,"Linear search checks each element in order; 32 is found at index 3 (0-based) in [198, 17, 95, 32, 98, 103, 144, 65].",Algorithms & Data Structures,Searching
"After one full pass of bubble sort on the array [48, 75, 17, 58, 82, 19], what does the array look like?","[17, 19, 48, 58, 75, 82]","[48, 75, 17, 58, 82, 19]","[19, 82, 58, 17, 75, 48]","[48, 17, 58, 75, 19, 82]","D) [48, 17, 58, 75, 19, 82]","In one pass of bubble sort, each pair of adjacent elements is compared and swapped if out of order, resulting in [48, 17, 58, 75, 19, 82].",Algorithms & Data Structures,Sorting
A stack starts empty. After performing: push(90); push(67); pop(); push(86); push(57) — what is on top of the stack?,18,68,63,57,D) 57,Following LIFO order through these operations leaves 57 on top of the stack.,Algorithms & Data Structures,Stacks
A queue starts empty. After performing: enqueue(62); enqueue(76); dequeue(); dequeue(); enqueue(18); enqueue(44) — what is at the front of the queue?,18,10,1,48,A) 18,Following FIFO order through these operations leaves 18 at the front of the queue.,Algorithms & Data Structures,Queues
A stack starts empty. After performing: push(89); pop(); push(48); push(78) — what is on top of the stack?,56,78,2,40,B) 78,Following LIFO order through these operations leaves 78 on top of the stack.,Algorithms & Data Structures,Stacks
A queue starts empty. After performing: enqueue(60); dequeue(); enqueue(4); dequeue(); enqueue(11); enqueue(87) — what is at the front of the queue?,58,3,11,43,C) 11,Following FIFO order through these operations leaves 11 at the front of the queue.,Algorithms & Data Structures,Queues
"After one full pass of bubble sort on the array [73, 82, 35, 10, 54], what does the array look like?","[10, 35, 54, 73, 82]","[73, 35, 10, 54, 82]","[54, 10, 35, 82, 73]","[73, 82, 35, 10, 54]","B) [73, 35, 10, 54, 82]","In one pass of bubble sort, each pair of adjacent elements is compared and swapped if out of order, resulting in [73, 35, 10, 54, 82].",Algorithms & Data Structures,Sorting
"After one full pass of bubble sort on the array [20, 23, 73, 3, 19, 68], what does the array look like?","[3, 19, 20, 23, 68, 73]","[20, 23, 73, 3, 19, 68]","[68, 19, 3, 73, 23, 20]","[20, 23, 3, 19, 68, 73]","D) [20, 23, 3, 19, 68, 73]","In one pass of bubble sort, each pair of adjacent elements is compared and swapped if out of order, resulting in [20, 23, 3, 19, 68, 73].",Algorithms & Data Structures,Sorting
"After one full pass of bubble sort on the array [93, 34, 25, 63, 18, 88], what does the array look like?","[88, 18, 63, 25, 34, 93]","[18, 25, 34, 63, 88, 93]","[93, 34, 25, 63, 18, 88]","[34, 25, 63, 18, 88, 93]","D) [34, 25, 63, 18, 88, 93]","In one pass of bubble sort, each pair of adjacent elements is compared and swapped if out of order, resulting in [34, 25, 63, 18, 88, 93].",Algorithms & Data Structures,Sorting
"After one full pass of bubble sort on the array [66, 15, 41, 18, 57, 70, 79], what does the array look like?","[15, 41, 18, 57, 66, 70, 79]","[15, 18, 41, 57, 66, 70, 79]","[66, 15, 41, 18, 57, 70, 79]","[79, 70, 57, 18, 41, 15, 66]","A) [15, 41, 18, 57, 66, 70, 79]","In one pass of bubble sort, each pair of adjacent elements is compared and swapped if out of order, resulting in [15, 41, 18, 57, 66, 70, 79].",Algorithms & Data Structures,Sorting
"Using binary search on the sorted array [13, 25, 42, 46, 51, 73, 84, 112, 130, 150, 152, 154, 178, 181, 197, 248, 292, 295, 301, 310, 327, 336, 365, 374, 383, 385, 397, 402, 404, 412, 420], how many comparisons are needed to find 292?",6,4,3,5,D) 5,Binary search halves the search space each comparison; finding 292 in this array takes 5 comparison(s).,Algorithms & Data Structures,Searching
"After one full pass of bubble sort on the array [5, 6, 58, 32], what does the array look like?","[32, 58, 6, 5]","[5, 6, 58, 32]","[5, 6, 32, 58]","[5, 6, 32, 58]","C) [5, 6, 32, 58]","In one pass of bubble sort, each pair of adjacent elements is compared and swapped if out of order, resulting in [5, 6, 32, 58].",Algorithms & Data Structures,Sorting
What is selection sort?,A sorting algorithm that repeatedly selects the minimum element and places it in order,A simple sorting algorithm that repeatedly swaps adjacent elements if out of order,The process of finding a specific element within a data structure,A search algorithm that repeatedly divides a sorted list in half,A) A sorting algorithm that repeatedly selects the minimum element and places it in order,Selection sort repeatedly finds the minimum element from the unsorted part and moves it to the sorted part.,Algorithms & Data Structures,Sorting
A queue starts empty. After performing: enqueue(99); dequeue(); enqueue(77); enqueue(12); enqueue(45); enqueue(29) — what is at the front of the queue?,7,77,41,23,B) 77,Following FIFO order through these operations leaves 77 at the front of the queue.,Algorithms & Data Structures,Queues
A stack starts empty. After performing: push(87); push(99); push(93); pop() — what is on top of the stack?,99,23,79,64,A) 99,Following LIFO order through these operations leaves 99 on top of the stack.,Algorithms & Data Structures,Stacks
A queue starts empty. After performing: enqueue(70); enqueue(16); dequeue(); enqueue(83) — what is at the front of the queue?,71,60,36,16,D) 16,Following FIFO order through these operations leaves 16 at the front of the queue.,Algorithms & Data Structures,Queues
A queue starts empty. After performing: enqueue(47); enqueue(8); enqueue(39); enqueue(92); dequeue(); enqueue(79) — what is at the front of the queue?,3,8,7,6,B) 8,Following FIFO order through these operations leaves 8 at the front of the queue.,Algorithms & Data Structures,Queues
"After one full pass of bubble sort on the array [5, 71, 59, 41, 2], what does the array look like?","[2, 41, 59, 71, 5]","[2, 5, 41, 59, 71]","[5, 59, 41, 2, 71]","[5, 71, 59, 41, 2]","C) [5, 59, 41, 2, 71]","In one pass of bubble sort, each pair of adjacent elements is compared and swapped if out of order, resulting in [5, 59, 41, 2, 71].",Algorithms & Data Structures,Sorting
"After one full pass of bubble sort on the array [64, 21, 87, 71, 31], what does the array look like?","[31, 71, 87, 21, 64]","[64, 21, 87, 71, 31]","[21, 31, 64, 71, 87]","[21, 64, 71, 31, 87]","D) [21, 64, 71, 31, 87]","In one pass of bubble sort, each pair of adjacent elements is compared and swapped if out of order, resulting in [21, 64, 71, 31, 87].",Algorithms & Data Structures,Sorting
A stack starts empty. After performing: push(13); push(9); push(75); pop() — what is on top of the stack?,72,74,9,59,C) 9,Following LIFO order through these operations leaves 9 on top of the stack.,Algorithms & Data Structures,Stacks
"Using linear search, what is the index (0-based) of 140 in the array [79, 48, 166, 21, 73, 20, 12, 140, 11]?",8,9,7,6,C) 7,"Linear search checks each element in order; 140 is found at index 7 (0-based) in [79, 48, 166, 21, 73, 20, 12, 140, 11].",Algorithms & Data Structures,Searching
A queue starts empty. After performing: enqueue(99); enqueue(40); enqueue(52); dequeue(); dequeue(); dequeue() — what is at the front of the queue?,31,2,44,Queue is empty,D) Queue is empty,Following FIFO order through these operations leaves Queue is empty at the front of the queue.,Algorithms & Data Structures,Queues
"Using binary search on the sorted array [2, 36, 42, 127, 134, 374, 464], how many comparisons are needed to find 374?",2,3,4,1,A) 2,Binary search halves the search space each comparison; finding 374 in this array takes 2 comparison(s).,Algorithms & Data Structures,Searching
A stack starts empty. After performing: push(41); push(89); push(29); push(62) — what is on top of the stack?,62,9,36,85,A) 62,Following LIFO order through these operations leaves 62 on top of the stack.,Algorithms & Data Structures,Stacks
"Using binary search on the sorted array [14, 17, 45, 181, 201, 260, 261, 290, 321, 325, 388, 395, 434, 493, 499], how many comparisons are needed to find 499?",4,2,6,3,A) 4,Binary search halves the search space each comparison; finding 499 in this array takes 4 comparison(s).,Algorithms & Data Structures,Searching
A queue starts empty. After performing: enqueue(18); enqueue(36); enqueue(20); enqueue(51); dequeue() — what is at the front of the queue?,36,18,53,93,A) 36,Following FIFO order through these operations leaves 36 at the front of the queue.,Algorithms & Data Structures,Queues
"Using binary search on the sorted array [11, 14, 18, 43, 62, 66, 78, 84, 90, 106, 129, 139, 157, 170, 183, 202, 204, 220, 227, 311, 344, 352, 354, 370, 395, 401, 416, 419, 460, 476, 499], how many comparisons are needed to find 401?",6,4,5,2,B) 4,Binary search halves the search space each comparison; finding 401 in this array takes 4 comparison(s).,Algorithms & Data Structures,Searching
"After one full pass of bubble sort on the array [71, 10, 26, 21, 67], what does the array look like?","[10, 21, 26, 67, 71]","[10, 26, 21, 67, 71]","[67, 21, 26, 10, 71]","[71, 10, 26, 21, 67]","B) [10, 26, 21, 67, 71]","In one pass of bubble sort, each pair of adjacent elements is compared and swapped if out of order, resulting in [10, 26, 21, 67, 71].",Algorithms & Data Structures,Sorting
"After one full pass of bubble sort on the array [21, 96, 48, 30, 23, 49, 11], what does the array look like?","[21, 48, 30, 23, 49, 11, 96]","[11, 49, 23, 30, 48, 96, 21]","[21, 96, 48, 30, 23, 49, 11]","[11, 21, 23, 30, 48, 49, 96]","A) [21, 48, 30, 23, 49, 11, 96]","In one pass of bubble sort, each pair of adjacent elements is compared and swapped if out of order, resulting in [21, 48, 30, 23, 49, 11, 96].",Algorithms & Data Structures,Sorting
A queue starts empty. After performing: enqueue(27); enqueue(15); enqueue(16); enqueue(60) — what is at the front of the queue?,55,24,68,27,D) 27,Following FIFO order through these operations leaves 27 at the front of the queue.,Algorithms & Data Structures,Queues
"Using linear search, what is the index (0-based) of 34 in the array [69, 12, 68, 53, 34]?",3,7,4,1,C) 4,"Linear search checks each element in order; 34 is found at index 4 (0-based) in [69, 12, 68, 53, 34].",Algorithms & Data Structures,Searching
A stack starts empty. After performing: push(5); push(68); pop(); push(28) — what is on top of the stack?,99,28,26,94,B) 28,Following LIFO order through these operations leaves 28 on top of the stack.,Algorithms & Data Structures,Stacks
A stack starts empty. After performing: push(40); push(38); pop(); push(97) — what is on top of the stack?,97,68,55,68,A) 97,Following LIFO order through these operations leaves 97 on top of the stack.,Algorithms & Data Structures,Stacks
A queue starts empty. After performing: enqueue(34); dequeue(); enqueue(11); enqueue(57); dequeue(); enqueue(82) — what is at the front of the queue?,57,11,94,20,A) 57,Following FIFO order through these operations leaves 57 at the front of the queue.,Algorithms & Data Structures,Queues
"Using binary search on the sorted array [97, 119, 126, 360, 407, 452, 470], how many comparisons are needed to find 407?",1,5,3,2,C) 3,Binary search halves the search space each comparison; finding 407 in this array takes 3 comparison(s).,Algorithms & Data Structures,Searching
A stack starts empty. After performing: push(89); push(21); pop(); push(23); push(33) — what is on top of the stack?,33,66,51,44,A) 33,Following LIFO order through these operations leaves 33 on top of the stack.,Algorithms & Data Structures,Stacks
A queue starts empty. After performing: enqueue(81); enqueue(11); dequeue(); enqueue(93) — what is at the front of the queue?,26,64,11,40,C) 11,Following FIFO order through these operations leaves 11 at the front of the queue.,Algorithms & Data Structures,Queues
"After one full pass of bubble sort on the array [45, 24, 60, 7, 84, 88, 37], what does the array look like?","[7, 24, 37, 45, 60, 84, 88]","[24, 45, 7, 60, 84, 37, 88]","[37, 88, 84, 7, 60, 24, 45]","[45, 24, 60, 7, 84, 88, 37]","B) [24, 45, 7, 60, 84, 37, 88]","In one pass of bubble sort, each pair of adjacent elements is compared and swapped if out of order, resulting in [24, 45, 7, 60, 84, 37, 88].",Algorithms & Data Structures,Sorting
A stack starts empty. After performing: push(62); pop(); push(93); push(89); push(37) — what is on top of the stack?,37,62,62,33,A) 37,Following LIFO order through these operations leaves 37 on top of the stack.,Algorithms & Data Structures,Stacks
A stack starts empty. After performing: push(76); pop(); push(88); push(74); push(78); pop() — what is on top of the stack?,53,13,72,74,D) 74,Following LIFO order through these operations leaves 74 on top of the stack.,Algorithms & Data Structures,Stacks
"Using linear search, what is the index (0-based) of 72 in the array [30, 156, 165, 72, 67, 152, 187, 180, 6, 48, 79]?",4,2,5,3,D) 3,"Linear search checks each element in order; 72 is found at index 3 (0-based) in [30, 156, 165, 72, 67, 152, 187, 180, 6, 48, 79].",Algorithms & Data Structures,Searching
"Using binary search on the sorted array [9, 10, 30, 70, 99, 106, 110, 114, 162, 166, 208, 268, 271, 273, 294, 310, 317, 318, 325, 340, 346, 355, 361, 365, 393, 404, 408, 441, 444, 491, 498], how many comparisons are needed to find 365?",2,3,4,1,A) 2,Binary search halves the search space each comparison; finding 365 in this array takes 2 comparison(s).,Algorithms & Data Structures,Searching
"Using binary search on the sorted array [47, 260, 274, 279, 281, 330, 404], how many comparisons are needed to find 260?",3,4,1,2,D) 2,Binary search halves the search space each comparison; finding 260 in this array takes 2 comparison(s).,Algorithms & Data Structures,Searching
"Using linear search, what is the index (0-based) of 136 in the array [138, 73, 176, 128, 84, 136, 182, 192, 157, 137, 32, 111]?",4,5,7,6,B) 5,"Linear search checks each element in order; 136 is found at index 5 (0-based) in [138, 73, 176, 128, 84, 136, 182, 192, 157, 137, 32, 111].",Algorithms & Data Structures,Searching
"After one full pass of bubble sort on the array [92, 50, 10, 79, 94, 30, 48], what does the array look like?","[50, 10, 79, 92, 30, 48, 94]","[92, 50, 10, 79, 94, 30, 48]","[48, 30, 94, 79, 10, 50, 92]","[10, 30, 48, 50, 79, 92, 94]","A) [50, 10, 79, 92, 30, 48, 94]","In one pass of bubble sort, each pair of adjacent elements is compared and swapped if out of order, resulting in [50, 10, 79, 92, 30, 48, 94].",Algorithms & Data Structures,Sorting
"Using linear search, what is the index (0-based) of 143 in the array [21, 173, 36, 10, 143, 137]?",4,2,7,3,A) 4,"Linear search checks each element in order; 143 is found at index 4 (0-based) in [21, 173, 36, 10, 143, 137].",Algorithms & Data Structures,Searching
