Question,Option A,Option B,Option C,Option D,Correct Answer,Solution/Explanation,Category,Subcategory
Which option correctly answers this: Who directed the internationally acclaimed Indian film 'Pather Panchali' (1955)?,Satyajit Ray,Kollywood,Bollywood,Movie songs (film songs),A) Satyajit Ray,"Satyajit Ray directed 'Pather Panchali' (1955), a landmark of Indian and world cinema.",Cinema,Cinema History
Quiz question: What is the term for a film's total earnings from ticket sales?,Tollywood,Box office collection,The Academy Awards (Oscars),"A film created using techniques like drawings or computer graphics to simulate movement, rather than live actors",B) Box office collection,Box office collection refers to the total revenue a film earns from ticket sales.,Cinema,Box Office
Which option correctly answers this: What is the popular nickname for the Tamil-language film industry?,Movie songs (film songs),Kollywood,To oversee the creative and technical aspects of making a film,"A film created using techniques like drawings or computer graphics to simulate movement, rather than live actors",B) Kollywood,"Kollywood is the popular nickname for the Tamil-language film industry, based mainly in Chennai.",Cinema,Tamil Cinema
"What is the term for a movie's soundtrack songs, common in Indian cinema?",Movie songs (film songs),'RRR' (for the song 'Naatu Naatu'),Comedy,The International Film Festival of India (IFFI),A) Movie songs (film songs),"Movie songs, or film songs, are musical compositions included as part of a film's soundtrack, especially prominent in Indian cinema.",Cinema,Movie Songs
"Who directed the film 'Sholay' (1975), a landmark of Indian cinema?",Box office collection,To oversee the creative and technical aspects of making a film,"A brief appearance by a notable performer, often uncredited or in a small role",Ramesh Sippy,D) Ramesh Sippy,"Ramesh Sippy directed 'Sholay' (1975), one of the most iconic and commercially successful films in Indian cinema history.",Cinema,Bollywood
"Which option correctly answers this: Who played the character in a lead role of many iconic Kannada films and is often called a legendary figure of Sandalwood, honored with titles like 'Varanatha Tara'?",Dr. Rajkumar,Box office collection,A film that achieves exceptionally high box office success,Movie songs (film songs),A) Dr. Rajkumar,"Dr. Rajkumar is widely regarded as a legendary figure of Kannada cinema, celebrated for his extensive body of work.",Cinema,Kannada Cinema
"Choose the correct answer: What is the term for the process of adding sound, music, and effects to a film after shooting?",Post-production,The National Film Awards,CGI (computer-generated imagery) films,'RRR' (for the song 'Naatu Naatu'),A) Post-production,"Post-production is the phase after filming where editing, sound design, music, and visual effects are added to a film.",Cinema,Cinema History
Choose the correct answer: Which actor is widely known by the nickname 'Shahenshah of Bollywood'?,Bollywood,Amitabh Bachchan,Ramesh Sippy,"A film created using techniques like drawings or computer graphics to simulate movement, rather than live actors",B) Amitabh Bachchan,"Amitabh Bachchan is widely referred to by fans and media as the 'Shahenshah of Bollywood', among other honorifics.",Cinema,Actors
What is the role of a film director?,A film that continues the story of an earlier film,The National Film Awards,The International Film Festival of India (IFFI),To oversee the creative and technical aspects of making a film,D) To oversee the creative and technical aspects of making a film,"A film director oversees the creative and technical aspects of a film's production, guiding the cast and crew.",Cinema,Directors
"Choose the correct answer: Who directed the film 'Sholay' (1975), a landmark of Indian cinema?",Ramesh Sippy,Amitabh Bachchan,A film that portrays events occurring before an earlier film's story,Hollywood,A) Ramesh Sippy,"Ramesh Sippy directed 'Sholay' (1975), one of the most iconic and commercially successful films in Indian cinema history.",Cinema,Bollywood
Quiz question: What are the national film awards of India called?,The National Film Awards,A detective or mystery film,Kollywood,A family film,A) The National Film Awards,"The National Film Awards are India's most prestigious national film honors, established in 1954.",Cinema,Movie Awards
"Which option correctly answers this: What is the term for a movie's soundtrack songs, common in Indian cinema?",A film that continues the story of an earlier film,"A brief appearance by a notable performer, often uncredited or in a small role",Tollywood,Movie songs (film songs),D) Movie songs (film songs),"Movie songs, or film songs, are musical compositions included as part of a film's soundtrack, especially prominent in Indian cinema.",Cinema,Movie Songs
Which option correctly answers this: Which major Indian film festival is held annually in Goa?,The International Film Festival of India (IFFI),"A brief appearance by a notable performer, often uncredited or in a small role",The Academy Awards (Oscars),Post-production,A) The International Film Festival of India (IFFI),The International Film Festival of India (IFFI) is a major annual film festival held in Goa.,Cinema,Film Festivals
Which option correctly answers this: What is a 'prequel' in film terminology?,Ramesh Sippy,To manage the financial and logistical aspects of making a film,Satyajit Ray,A film that portrays events occurring before an earlier film's story,D) A film that portrays events occurring before an earlier film's story,A prequel portrays events that take place chronologically before the story of an earlier related film.,Cinema,Famous Films
What is the popular nickname for the Kannada-language film industry?,"A film created using techniques like drawings or computer graphics to simulate movement, rather than live actors",Sandalwood,A detective or mystery film,A film that portrays events occurring before an earlier film's story,B) Sandalwood,"Sandalwood is the popular nickname for the Kannada-language film industry, based in Karnataka.",Cinema,Kannada Cinema
What term describes an actor's first film role or debut?,The International Film Festival of India (IFFI),A debut,Kollywood,A film that portrays events occurring before an earlier film's story,B) A debut,A debut refers to an actor's or filmmaker's first professional appearance or work in a film.,Cinema,Actors
Quiz question: What is a 'prequel' in film terminology?,Dr. Rajkumar,The National Film Awards,A family film,A film that portrays events occurring before an earlier film's story,D) A film that portrays events occurring before an earlier film's story,A prequel portrays events that take place chronologically before the story of an earlier related film.,Cinema,Famous Films
Quiz question: What is the role of a film producer?,Movie songs (film songs),A film that continues the story of an earlier film,The National Film Awards,To manage the financial and logistical aspects of making a film,D) To manage the financial and logistical aspects of making a film,"A film producer manages the financial, logistical, and administrative aspects of a film's production.",Cinema,Producers
Which option correctly answers this: Which international film award is considered the most prestigious in the American film industry?,"A brief appearance by a notable performer, often uncredited or in a small role",Bollywood,Dr. Rajkumar,The Academy Awards (Oscars),D) The Academy Awards (Oscars),"The Academy Awards, commonly known as the Oscars, are considered the most prestigious awards in the American film industry.",Cinema,Movie Awards
"Choose the correct answer: What is the term for a movie's soundtrack songs, common in Indian cinema?",To manage the financial and logistical aspects of making a film,A family film,Movie songs (film songs),The International Film Festival of India (IFFI),C) Movie songs (film songs),"Movie songs, or film songs, are musical compositions included as part of a film's soundtrack, especially prominent in Indian cinema.",Cinema,Movie Songs
Which option correctly answers this: What is a 'blockbuster' in film terminology?,A family film,Dr. Rajkumar,The Cannes Film Festival,A film that achieves exceptionally high box office success,D) A film that achieves exceptionally high box office success,A blockbuster is a term used to describe a film that achieves exceptionally high commercial and box office success.,Cinema,Box Office
Which option correctly answers this: What genre of film typically centers on solving a crime or mystery?,"A film created using techniques like drawings or computer graphics to simulate movement, rather than live actors",Post-production,A film that achieves exceptionally high box office success,A detective or mystery film,D) A detective or mystery film,"Detective or mystery films typically center on solving a crime, uncovering secrets, or unraveling a mystery.",Cinema,Famous Films
Choose the correct answer: What term describes an actor's first film role or debut?,A debut,A detective or mystery film,Kollywood,Dr. Rajkumar,A) A debut,A debut refers to an actor's or filmmaker's first professional appearance or work in a film.,Cinema,Actors
What is the term for the genre of films focused primarily on making audiences laugh?,Satyajit Ray,The Academy Awards (Oscars),Kollywood,Comedy,D) Comedy,"Comedy is a film genre specifically focused on humor, designed primarily to entertain and amuse audiences.",Cinema,Famous Films
Choose the correct answer: What is the term for a film's total earnings from ticket sales?,To manage the financial and logistical aspects of making a film,Movie songs (film songs),Box office collection,Dr. Rajkumar,C) Box office collection,Box office collection refers to the total revenue a film earns from ticket sales.,Cinema,Box Office
Which option correctly answers this: What is the role of a film producer?,To manage the financial and logistical aspects of making a film,Ramesh Sippy,A film that portrays events occurring before an earlier film's story,The National Film Awards,A) To manage the financial and logistical aspects of making a film,"A film producer manages the financial, logistical, and administrative aspects of a film's production.",Cinema,Producers
Quiz question: What is the role of a film director?,Satyajit Ray,Box office collection,The Academy Awards (Oscars),To oversee the creative and technical aspects of making a film,D) To oversee the creative and technical aspects of making a film,"A film director oversees the creative and technical aspects of a film's production, guiding the cast and crew.",Cinema,Directors
"Quiz question: What is the term for the process of adding sound, music, and effects to a film after shooting?",Sandalwood,CGI (computer-generated imagery) films,Post-production,The International Film Festival of India (IFFI),C) Post-production,"Post-production is the phase after filming where editing, sound design, music, and visual effects are added to a film.",Cinema,Cinema History
Which option correctly answers this: What are the national film awards of India called?,The Academy Awards (Oscars),The National Film Awards,Hollywood,"A film created using techniques like drawings or computer graphics to simulate movement, rather than live actors",B) The National Film Awards,"The National Film Awards are India's most prestigious national film honors, established in 1954.",Cinema,Movie Awards
"Choose the correct answer: Which film festival is considered one of the most prestigious in the world, held annually in France?",The Cannes Film Festival,Dr. Rajkumar,A family film,The Academy Awards (Oscars),A) The Cannes Film Festival,"The Cannes Film Festival, held annually in France, is one of the most prestigious and influential film festivals in the world.",Cinema,Film Festivals
Quiz question: What is the role of a film producer?,The National Film Awards,The Academy Awards (Oscars),To manage the financial and logistical aspects of making a film,Post-production,C) To manage the financial and logistical aspects of making a film,"A film producer manages the financial, logistical, and administrative aspects of a film's production.",Cinema,Producers
"Quiz question: What is the term for a movie's soundtrack songs, common in Indian cinema?",A detective or mystery film,Ramesh Sippy,A film that continues the story of an earlier film,Movie songs (film songs),D) Movie songs (film songs),"Movie songs, or film songs, are musical compositions included as part of a film's soundtrack, especially prominent in Indian cinema.",Cinema,Movie Songs
"Choose the correct answer: Which Indian film became widely recognized internationally after winning major awards including at the 2023 Oscars, for its song?",Comedy,A debut,'RRR' (for the song 'Naatu Naatu'),Amitabh Bachchan,C) 'RRR' (for the song 'Naatu Naatu'),"'RRR' gained major international recognition, including winning the Oscar for Best Original Song for 'Naatu Naatu' at the 2023 Academy Awards.",Cinema,Movie Awards
What term describes an actor's first film role or debut?,'RRR' (for the song 'Naatu Naatu'),A debut,The International Film Festival of India (IFFI),The National Film Awards,B) A debut,A debut refers to an actor's or filmmaker's first professional appearance or work in a film.,Cinema,Actors
"Quiz question: Which film festival is considered one of the most prestigious in the world, held annually in France?",Amitabh Bachchan,'RRR' (for the song 'Naatu Naatu'),The Cannes Film Festival,A detective or mystery film,C) The Cannes Film Festival,"The Cannes Film Festival, held annually in France, is one of the most prestigious and influential film festivals in the world.",Cinema,Film Festivals
What term describes films made using computer-generated imagery for visual effects?,Box office collection,CGI (computer-generated imagery) films,Hollywood,Post-production,B) CGI (computer-generated imagery) films,"CGI films use computer-generated imagery extensively to create visual effects, characters, or entire animated worlds.",Cinema,Cinema History
Choose the correct answer: What is the role of a film director?,Satyajit Ray,A detective or mystery film,To oversee the creative and technical aspects of making a film,"A film created using techniques like drawings or computer graphics to simulate movement, rather than live actors",C) To oversee the creative and technical aspects of making a film,"A film director oversees the creative and technical aspects of a film's production, guiding the cast and crew.",Cinema,Directors
Which option correctly answers this: What is the popular nickname for the Kannada-language film industry?,Satyajit Ray,Sandalwood,A family film,CGI (computer-generated imagery) films,B) Sandalwood,"Sandalwood is the popular nickname for the Kannada-language film industry, based in Karnataka.",Cinema,Kannada Cinema
"Which option correctly answers this: What is the term for a movie's soundtrack songs, common in Indian cinema?",The National Film Awards,Movie songs (film songs),"A brief appearance by a notable performer, often uncredited or in a small role",A film that portrays events occurring before an earlier film's story,B) Movie songs (film songs),"Movie songs, or film songs, are musical compositions included as part of a film's soundtrack, especially prominent in Indian cinema.",Cinema,Movie Songs
Choose the correct answer: What is the term for a film's total earnings from ticket sales?,To oversee the creative and technical aspects of making a film,Box office collection,Kollywood,A detective or mystery film,B) Box office collection,Box office collection refers to the total revenue a film earns from ticket sales.,Cinema,Box Office
What is the term for a film's total earnings from ticket sales?,The International Film Festival of India (IFFI),'RRR' (for the song 'Naatu Naatu'),CGI (computer-generated imagery) films,Box office collection,D) Box office collection,Box office collection refers to the total revenue a film earns from ticket sales.,Cinema,Box Office
Which option correctly answers this: Who directed the internationally acclaimed Indian film 'Pather Panchali' (1955)?,A film that continues the story of an earlier film,Satyajit Ray,Comedy,The National Film Awards,B) Satyajit Ray,"Satyajit Ray directed 'Pather Panchali' (1955), a landmark of Indian and world cinema.",Cinema,Cinema History
Choose the correct answer: What does the term 'cameo' mean in film?,Sandalwood,"A brief appearance by a notable performer, often uncredited or in a small role",A detective or mystery film,Bollywood,"B) A brief appearance by a notable performer, often uncredited or in a small role","A cameo refers to a brief appearance in a film by a notable performer, often in a small or uncredited role.",Cinema,Movie Characters
What is the popular nickname for the Telugu-language film industry?,Tollywood,Post-production,A detective or mystery film,Movie songs (film songs),A) Tollywood,Tollywood is the popular nickname for the Telugu-language film industry.,Cinema,Telugu Cinema
Which option correctly answers this: What is the role of a film director?,To oversee the creative and technical aspects of making a film,Sandalwood,A debut,The Academy Awards (Oscars),A) To oversee the creative and technical aspects of making a film,"A film director oversees the creative and technical aspects of a film's production, guiding the cast and crew.",Cinema,Directors
Which option correctly answers this: What term describes films made using computer-generated imagery for visual effects?,Bollywood,A film that continues the story of an earlier film,Tollywood,CGI (computer-generated imagery) films,D) CGI (computer-generated imagery) films,"CGI films use computer-generated imagery extensively to create visual effects, characters, or entire animated worlds.",Cinema,Cinema History
Choose the correct answer: What genre of film typically centers on solving a crime or mystery?,Post-production,A detective or mystery film,A film that continues the story of an earlier film,"A brief appearance by a notable performer, often uncredited or in a small role",B) A detective or mystery film,"Detective or mystery films typically center on solving a crime, uncovering secrets, or unraveling a mystery.",Cinema,Famous Films
What is the term for a film's total earnings from ticket sales?,Amitabh Bachchan,Box office collection,Dr. Rajkumar,A film that achieves exceptionally high box office success,B) Box office collection,Box office collection refers to the total revenue a film earns from ticket sales.,Cinema,Box Office
Which option correctly answers this: Which actor is widely known by the nickname 'Shahenshah of Bollywood'?,Post-production,Movie songs (film songs),Dr. Rajkumar,Amitabh Bachchan,D) Amitabh Bachchan,"Amitabh Bachchan is widely referred to by fans and media as the 'Shahenshah of Bollywood', among other honorifics.",Cinema,Actors
Which option correctly answers this: Which international film award is considered the most prestigious in the American film industry?,The Academy Awards (Oscars),Movie songs (film songs),To manage the financial and logistical aspects of making a film,Comedy,A) The Academy Awards (Oscars),"The Academy Awards, commonly known as the Oscars, are considered the most prestigious awards in the American film industry.",Cinema,Movie Awards
"What is the term for the process of adding sound, music, and effects to a film after shooting?",A film that portrays events occurring before an earlier film's story,To oversee the creative and technical aspects of making a film,Post-production,The National Film Awards,C) Post-production,"Post-production is the phase after filming where editing, sound design, music, and visual effects are added to a film.",Cinema,Cinema History
Quiz question: What term describes films made using computer-generated imagery for visual effects?,Sandalwood,CGI (computer-generated imagery) films,A film that portrays events occurring before an earlier film's story,'RRR' (for the song 'Naatu Naatu'),B) CGI (computer-generated imagery) films,"CGI films use computer-generated imagery extensively to create visual effects, characters, or entire animated worlds.",Cinema,Cinema History
Choose the correct answer: What is the term for the genre of films focused primarily on making audiences laugh?,'RRR' (for the song 'Naatu Naatu'),A film that achieves exceptionally high box office success,Comedy,To oversee the creative and technical aspects of making a film,C) Comedy,"Comedy is a film genre specifically focused on humor, designed primarily to entertain and amuse audiences.",Cinema,Famous Films
Quiz question: Which major Indian film festival is held annually in Goa?,The International Film Festival of India (IFFI),"A brief appearance by a notable performer, often uncredited or in a small role",Post-production,Hollywood,A) The International Film Festival of India (IFFI),The International Film Festival of India (IFFI) is a major annual film festival held in Goa.,Cinema,Film Festivals
What is the role of a film producer?,A film that portrays events occurring before an earlier film's story,'RRR' (for the song 'Naatu Naatu'),Kollywood,To manage the financial and logistical aspects of making a film,D) To manage the financial and logistical aspects of making a film,"A film producer manages the financial, logistical, and administrative aspects of a film's production.",Cinema,Producers
Choose the correct answer: What is the popular nickname for the Telugu-language film industry?,A film that portrays events occurring before an earlier film's story,Tollywood,A film that continues the story of an earlier film,Kollywood,B) Tollywood,Tollywood is the popular nickname for the Telugu-language film industry.,Cinema,Telugu Cinema
What is the term for a film's total earnings from ticket sales?,"A film created using techniques like drawings or computer graphics to simulate movement, rather than live actors",Box office collection,Movie songs (film songs),Kollywood,B) Box office collection,Box office collection refers to the total revenue a film earns from ticket sales.,Cinema,Box Office
Which option correctly answers this: Which international film award is considered the most prestigious in the American film industry?,The National Film Awards,A family film,The Academy Awards (Oscars),A film that achieves exceptionally high box office success,C) The Academy Awards (Oscars),"The Academy Awards, commonly known as the Oscars, are considered the most prestigious awards in the American film industry.",Cinema,Movie Awards
Choose the correct answer: What is the term for a movie made specifically for children and family audiences?,Sandalwood,A film that portrays events occurring before an earlier film's story,Amitabh Bachchan,A family film,D) A family film,"A family film is created with content and themes suitable and appealing for audiences of all ages, especially children.",Cinema,Famous Films
Quiz question: What term describes an actor's first film role or debut?,A debut,To oversee the creative and technical aspects of making a film,The National Film Awards,To manage the financial and logistical aspects of making a film,A) A debut,A debut refers to an actor's or filmmaker's first professional appearance or work in a film.,Cinema,Actors
Which option correctly answers this: What is a 'prequel' in film terminology?,Post-production,A film that portrays events occurring before an earlier film's story,A family film,Bollywood,B) A film that portrays events occurring before an earlier film's story,A prequel portrays events that take place chronologically before the story of an earlier related film.,Cinema,Famous Films
What genre of film typically centers on solving a crime or mystery?,'RRR' (for the song 'Naatu Naatu'),To manage the financial and logistical aspects of making a film,The National Film Awards,A detective or mystery film,D) A detective or mystery film,"Detective or mystery films typically center on solving a crime, uncovering secrets, or unraveling a mystery.",Cinema,Famous Films
"Choose the correct answer: Who played the character in a lead role of many iconic Kannada films and is often called a legendary figure of Sandalwood, honored with titles like 'Varanatha Tara'?",Amitabh Bachchan,Dr. Rajkumar,The National Film Awards,Hollywood,B) Dr. Rajkumar,"Dr. Rajkumar is widely regarded as a legendary figure of Kannada cinema, celebrated for his extensive body of work.",Cinema,Kannada Cinema
Who directed the internationally acclaimed Indian film 'Pather Panchali' (1955)?,Satyajit Ray,A detective or mystery film,Ramesh Sippy,'RRR' (for the song 'Naatu Naatu'),A) Satyajit Ray,"Satyajit Ray directed 'Pather Panchali' (1955), a landmark of Indian and world cinema.",Cinema,Cinema History
What is the popular nickname for the Kannada-language film industry?,Sandalwood,Kollywood,The International Film Festival of India (IFFI),The National Film Awards,A) Sandalwood,"Sandalwood is the popular nickname for the Kannada-language film industry, based in Karnataka.",Cinema,Kannada Cinema
What does the term 'cameo' mean in film?,"A brief appearance by a notable performer, often uncredited or in a small role",A film that continues the story of an earlier film,To manage the financial and logistical aspects of making a film,"A film created using techniques like drawings or computer graphics to simulate movement, rather than live actors","A) A brief appearance by a notable performer, often uncredited or in a small role","A cameo refers to a brief appearance in a film by a notable performer, often in a small or uncredited role.",Cinema,Movie Characters
"Quiz question: Which Indian film became widely recognized internationally after winning major awards including at the 2023 Oscars, for its song?",A debut,'RRR' (for the song 'Naatu Naatu'),Ramesh Sippy,Hollywood,B) 'RRR' (for the song 'Naatu Naatu'),"'RRR' gained major international recognition, including winning the Oscar for Best Original Song for 'Naatu Naatu' at the 2023 Academy Awards.",Cinema,Movie Awards
What term describes films made using computer-generated imagery for visual effects?,A film that achieves exceptionally high box office success,CGI (computer-generated imagery) films,Movie songs (film songs),"A film created using techniques like drawings or computer graphics to simulate movement, rather than live actors",B) CGI (computer-generated imagery) films,"CGI films use computer-generated imagery extensively to create visual effects, characters, or entire animated worlds.",Cinema,Cinema History
What does the term 'cameo' mean in film?,The National Film Awards,CGI (computer-generated imagery) films,"A brief appearance by a notable performer, often uncredited or in a small role",Satyajit Ray,"C) A brief appearance by a notable performer, often uncredited or in a small role","A cameo refers to a brief appearance in a film by a notable performer, often in a small or uncredited role.",Cinema,Movie Characters
What is an animated film?,Comedy,CGI (computer-generated imagery) films,"A film created using techniques like drawings or computer graphics to simulate movement, rather than live actors","A brief appearance by a notable performer, often uncredited or in a small role","C) A film created using techniques like drawings or computer graphics to simulate movement, rather than live actors","An animated film is created using drawings, computer graphics, or other techniques to simulate motion, rather than filming live actors.",Cinema,Famous Films
Quiz question: What is the role of a film producer?,A film that portrays events occurring before an earlier film's story,To manage the financial and logistical aspects of making a film,Box office collection,A family film,B) To manage the financial and logistical aspects of making a film,"A film producer manages the financial, logistical, and administrative aspects of a film's production.",Cinema,Producers
"Choose the correct answer: What is the term for the process of adding sound, music, and effects to a film after shooting?",A film that continues the story of an earlier film,Post-production,The International Film Festival of India (IFFI),Dr. Rajkumar,B) Post-production,"Post-production is the phase after filming where editing, sound design, music, and visual effects are added to a film.",Cinema,Cinema History
What is a 'sequel' in film terminology?,Ramesh Sippy,A film that continues the story of an earlier film,A film that achieves exceptionally high box office success,Box office collection,B) A film that continues the story of an earlier film,A sequel is a film that continues or expands upon the story or characters introduced in an earlier film.,Cinema,Famous Films
"Quiz question: Who played the character in a lead role of many iconic Kannada films and is often called a legendary figure of Sandalwood, honored with titles like 'Varanatha Tara'?",A family film,Dr. Rajkumar,Movie songs (film songs),A film that continues the story of an earlier film,B) Dr. Rajkumar,"Dr. Rajkumar is widely regarded as a legendary figure of Kannada cinema, celebrated for his extensive body of work.",Cinema,Kannada Cinema
Quiz question: What genre of film typically centers on solving a crime or mystery?,Sandalwood,Hollywood,A detective or mystery film,A film that achieves exceptionally high box office success,C) A detective or mystery film,"Detective or mystery films typically center on solving a crime, uncovering secrets, or unraveling a mystery.",Cinema,Famous Films
Quiz question: What is the role of a film director?,To oversee the creative and technical aspects of making a film,To manage the financial and logistical aspects of making a film,Comedy,"A film created using techniques like drawings or computer graphics to simulate movement, rather than live actors",A) To oversee the creative and technical aspects of making a film,"A film director oversees the creative and technical aspects of a film's production, guiding the cast and crew.",Cinema,Directors
"Which option correctly answers this: What is the term for a movie's soundtrack songs, common in Indian cinema?",The Academy Awards (Oscars),Movie songs (film songs),Kollywood,'RRR' (for the song 'Naatu Naatu'),B) Movie songs (film songs),"Movie songs, or film songs, are musical compositions included as part of a film's soundtrack, especially prominent in Indian cinema.",Cinema,Movie Songs
Quiz question: Who directed the internationally acclaimed Indian film 'Pather Panchali' (1955)?,'RRR' (for the song 'Naatu Naatu'),A film that continues the story of an earlier film,Satyajit Ray,Amitabh Bachchan,C) Satyajit Ray,"Satyajit Ray directed 'Pather Panchali' (1955), a landmark of Indian and world cinema.",Cinema,Cinema History
Choose the correct answer: What is the term for a movie made specifically for children and family audiences?,The Cannes Film Festival,A family film,"A film created using techniques like drawings or computer graphics to simulate movement, rather than live actors",Tollywood,B) A family film,"A family film is created with content and themes suitable and appealing for audiences of all ages, especially children.",Cinema,Famous Films
Quiz question: Which international film award is considered the most prestigious in the American film industry?,Kollywood,Amitabh Bachchan,The Academy Awards (Oscars),Box office collection,C) The Academy Awards (Oscars),"The Academy Awards, commonly known as the Oscars, are considered the most prestigious awards in the American film industry.",Cinema,Movie Awards
Which option correctly answers this: What is the role of a film producer?,The National Film Awards,Satyajit Ray,Bollywood,To manage the financial and logistical aspects of making a film,D) To manage the financial and logistical aspects of making a film,"A film producer manages the financial, logistical, and administrative aspects of a film's production.",Cinema,Producers
"Which option correctly answers this: Who played the character in a lead role of many iconic Kannada films and is often called a legendary figure of Sandalwood, honored with titles like 'Varanatha Tara'?",Post-production,CGI (computer-generated imagery) films,Dr. Rajkumar,The Academy Awards (Oscars),C) Dr. Rajkumar,"Dr. Rajkumar is widely regarded as a legendary figure of Kannada cinema, celebrated for his extensive body of work.",Cinema,Kannada Cinema
What is a 'prequel' in film terminology?,Post-production,CGI (computer-generated imagery) films,A film that portrays events occurring before an earlier film's story,Amitabh Bachchan,C) A film that portrays events occurring before an earlier film's story,A prequel portrays events that take place chronologically before the story of an earlier related film.,Cinema,Famous Films
What is a 'sequel' in film terminology?,The International Film Festival of India (IFFI),The Cannes Film Festival,A film that continues the story of an earlier film,Sandalwood,C) A film that continues the story of an earlier film,A sequel is a film that continues or expands upon the story or characters introduced in an earlier film.,Cinema,Famous Films
Quiz question: What is the popular nickname for the Kannada-language film industry?,Satyajit Ray,Dr. Rajkumar,Kollywood,Sandalwood,D) Sandalwood,"Sandalwood is the popular nickname for the Kannada-language film industry, based in Karnataka.",Cinema,Kannada Cinema
Choose the correct answer: Which major Indian film festival is held annually in Goa?,The International Film Festival of India (IFFI),Sandalwood,Box office collection,Amitabh Bachchan,A) The International Film Festival of India (IFFI),The International Film Festival of India (IFFI) is a major annual film festival held in Goa.,Cinema,Film Festivals
What is a 'prequel' in film terminology?,A film that portrays events occurring before an earlier film's story,Hollywood,Satyajit Ray,Sandalwood,A) A film that portrays events occurring before an earlier film's story,A prequel portrays events that take place chronologically before the story of an earlier related film.,Cinema,Famous Films
Quiz question: Which major Indian film festival is held annually in Goa?,The International Film Festival of India (IFFI),To oversee the creative and technical aspects of making a film,Comedy,Kollywood,A) The International Film Festival of India (IFFI),The International Film Festival of India (IFFI) is a major annual film festival held in Goa.,Cinema,Film Festivals
Choose the correct answer: What term describes films made using computer-generated imagery for visual effects?,CGI (computer-generated imagery) films,Hollywood,The International Film Festival of India (IFFI),'RRR' (for the song 'Naatu Naatu'),A) CGI (computer-generated imagery) films,"CGI films use computer-generated imagery extensively to create visual effects, characters, or entire animated worlds.",Cinema,Cinema History
What are the national film awards of India called?,The National Film Awards,Comedy,Bollywood,The Academy Awards (Oscars),A) The National Film Awards,"The National Film Awards are India's most prestigious national film honors, established in 1954.",Cinema,Movie Awards
Which option correctly answers this: Which major Indian film festival is held annually in Goa?,Comedy,Tollywood,The International Film Festival of India (IFFI),A film that portrays events occurring before an earlier film's story,C) The International Film Festival of India (IFFI),The International Film Festival of India (IFFI) is a major annual film festival held in Goa.,Cinema,Film Festivals
"Which option correctly answers this: Which Indian film became widely recognized internationally after winning major awards including at the 2023 Oscars, for its song?",Bollywood,Hollywood,'RRR' (for the song 'Naatu Naatu'),The Academy Awards (Oscars),C) 'RRR' (for the song 'Naatu Naatu'),"'RRR' gained major international recognition, including winning the Oscar for Best Original Song for 'Naatu Naatu' at the 2023 Academy Awards.",Cinema,Movie Awards
Which option correctly answers this: What is the term for a movie made specifically for children and family audiences?,Amitabh Bachchan,A family film,The International Film Festival of India (IFFI),"A film created using techniques like drawings or computer graphics to simulate movement, rather than live actors",B) A family film,"A family film is created with content and themes suitable and appealing for audiences of all ages, especially children.",Cinema,Famous Films
Which option correctly answers this: What is the term for a movie made specifically for children and family audiences?,Dr. Rajkumar,Tollywood,Post-production,A family film,D) A family film,"A family film is created with content and themes suitable and appealing for audiences of all ages, especially children.",Cinema,Famous Films
Choose the correct answer: What is the role of a film director?,Dr. Rajkumar,Hollywood,To oversee the creative and technical aspects of making a film,Bollywood,C) To oversee the creative and technical aspects of making a film,"A film director oversees the creative and technical aspects of a film's production, guiding the cast and crew.",Cinema,Directors
Quiz question: What is a 'sequel' in film terminology?,Amitabh Bachchan,Sandalwood,A film that continues the story of an earlier film,A film that achieves exceptionally high box office success,C) A film that continues the story of an earlier film,A sequel is a film that continues or expands upon the story or characters introduced in an earlier film.,Cinema,Famous Films
What is the term for a movie made specifically for children and family audiences?,'RRR' (for the song 'Naatu Naatu'),A family film,A film that portrays events occurring before an earlier film's story,Satyajit Ray,B) A family film,"A family film is created with content and themes suitable and appealing for audiences of all ages, especially children.",Cinema,Famous Films
Choose the correct answer: What term describes an actor's first film role or debut?,CGI (computer-generated imagery) films,Amitabh Bachchan,A debut,To oversee the creative and technical aspects of making a film,C) A debut,A debut refers to an actor's or filmmaker's first professional appearance or work in a film.,Cinema,Actors
What is a 'blockbuster' in film terminology?,The Academy Awards (Oscars),"A brief appearance by a notable performer, often uncredited or in a small role",Dr. Rajkumar,A film that achieves exceptionally high box office success,D) A film that achieves exceptionally high box office success,A blockbuster is a term used to describe a film that achieves exceptionally high commercial and box office success.,Cinema,Box Office
Choose the correct answer: What is the popular nickname for the Telugu-language film industry?,A film that continues the story of an earlier film,Tollywood,Satyajit Ray,A film that achieves exceptionally high box office success,B) Tollywood,Tollywood is the popular nickname for the Telugu-language film industry.,Cinema,Telugu Cinema
"Choose the correct answer: Which film festival is considered one of the most prestigious in the world, held annually in France?",Box office collection,Amitabh Bachchan,The Cannes Film Festival,A family film,C) The Cannes Film Festival,"The Cannes Film Festival, held annually in France, is one of the most prestigious and influential film festivals in the world.",Cinema,Film Festivals
Quiz question: What does the term 'cameo' mean in film?,Ramesh Sippy,Hollywood,The International Film Festival of India (IFFI),"A brief appearance by a notable performer, often uncredited or in a small role","D) A brief appearance by a notable performer, often uncredited or in a small role","A cameo refers to a brief appearance in a film by a notable performer, often in a small or uncredited role.",Cinema,Movie Characters
What is the popular nickname for the Hindi-language film industry based in Mumbai?,Movie songs (film songs),A film that continues the story of an earlier film,Hollywood,Bollywood,D) Bollywood,"Bollywood is the popular nickname for India's Hindi-language film industry, based primarily in Mumbai.",Cinema,Bollywood
"Who directed the film 'Sholay' (1975), a landmark of Indian cinema?",The Cannes Film Festival,Ramesh Sippy,A film that achieves exceptionally high box office success,A detective or mystery film,B) Ramesh Sippy,"Ramesh Sippy directed 'Sholay' (1975), one of the most iconic and commercially successful films in Indian cinema history.",Cinema,Bollywood
Which option correctly answers this: What does the term 'cameo' mean in film?,"A brief appearance by a notable performer, often uncredited or in a small role",Tollywood,Comedy,Dr. Rajkumar,"A) A brief appearance by a notable performer, often uncredited or in a small role","A cameo refers to a brief appearance in a film by a notable performer, often in a small or uncredited role.",Cinema,Movie Characters
Which option correctly answers this: What is the popular nickname for the Telugu-language film industry?,Movie songs (film songs),Tollywood,Hollywood,A debut,B) Tollywood,Tollywood is the popular nickname for the Telugu-language film industry.,Cinema,Telugu Cinema
Which option correctly answers this: What is the term for the American film industry centered in Los Angeles?,A film that achieves exceptionally high box office success,A detective or mystery film,Hollywood,Bollywood,C) Hollywood,"Hollywood refers to the American film industry, historically centered in the Hollywood district of Los Angeles.",Cinema,Hollywood
Which option correctly answers this: Who directed the internationally acclaimed Indian film 'Pather Panchali' (1955)?,Post-production,To manage the financial and logistical aspects of making a film,Satyajit Ray,CGI (computer-generated imagery) films,C) Satyajit Ray,"Satyajit Ray directed 'Pather Panchali' (1955), a landmark of Indian and world cinema.",Cinema,Cinema History
"Which Indian film became widely recognized internationally after winning major awards including at the 2023 Oscars, for its song?",'RRR' (for the song 'Naatu Naatu'),"A brief appearance by a notable performer, often uncredited or in a small role",A film that portrays events occurring before an earlier film's story,Sandalwood,A) 'RRR' (for the song 'Naatu Naatu'),"'RRR' gained major international recognition, including winning the Oscar for Best Original Song for 'Naatu Naatu' at the 2023 Academy Awards.",Cinema,Movie Awards
Choose the correct answer: What is the term for a movie made specifically for children and family audiences?,To oversee the creative and technical aspects of making a film,Satyajit Ray,Dr. Rajkumar,A family film,D) A family film,"A family film is created with content and themes suitable and appealing for audiences of all ages, especially children.",Cinema,Famous Films
What is the popular nickname for the Tamil-language film industry?,Comedy,Bollywood,Kollywood,A film that achieves exceptionally high box office success,C) Kollywood,"Kollywood is the popular nickname for the Tamil-language film industry, based mainly in Chennai.",Cinema,Tamil Cinema
Choose the correct answer: What is the popular nickname for the Kannada-language film industry?,Sandalwood,Box office collection,CGI (computer-generated imagery) films,A film that continues the story of an earlier film,A) Sandalwood,"Sandalwood is the popular nickname for the Kannada-language film industry, based in Karnataka.",Cinema,Kannada Cinema
Quiz question: What are the national film awards of India called?,A family film,A film that achieves exceptionally high box office success,The National Film Awards,Amitabh Bachchan,C) The National Film Awards,"The National Film Awards are India's most prestigious national film honors, established in 1954.",Cinema,Movie Awards
"Which option correctly answers this: Who played the character in a lead role of many iconic Kannada films and is often called a legendary figure of Sandalwood, honored with titles like 'Varanatha Tara'?",A family film,CGI (computer-generated imagery) films,Ramesh Sippy,Dr. Rajkumar,D) Dr. Rajkumar,"Dr. Rajkumar is widely regarded as a legendary figure of Kannada cinema, celebrated for his extensive body of work.",Cinema,Kannada Cinema
Which option correctly answers this: Who directed the internationally acclaimed Indian film 'Pather Panchali' (1955)?,Comedy,A film that achieves exceptionally high box office success,Satyajit Ray,Post-production,C) Satyajit Ray,"Satyajit Ray directed 'Pather Panchali' (1955), a landmark of Indian and world cinema.",Cinema,Cinema History
What is the role of a film producer?,"A film created using techniques like drawings or computer graphics to simulate movement, rather than live actors",To manage the financial and logistical aspects of making a film,Satyajit Ray,Box office collection,B) To manage the financial and logistical aspects of making a film,"A film producer manages the financial, logistical, and administrative aspects of a film's production.",Cinema,Producers
"Quiz question: Which film festival is considered one of the most prestigious in the world, held annually in France?",A film that portrays events occurring before an earlier film's story,The Cannes Film Festival,A family film,Sandalwood,B) The Cannes Film Festival,"The Cannes Film Festival, held annually in France, is one of the most prestigious and influential film festivals in the world.",Cinema,Film Festivals
Choose the correct answer: What is a 'prequel' in film terminology?,A family film,Satyajit Ray,Bollywood,A film that portrays events occurring before an earlier film's story,D) A film that portrays events occurring before an earlier film's story,A prequel portrays events that take place chronologically before the story of an earlier related film.,Cinema,Famous Films
"Which Indian film became widely recognized internationally after winning major awards including at the 2023 Oscars, for its song?",'RRR' (for the song 'Naatu Naatu'),Tollywood,"A film created using techniques like drawings or computer graphics to simulate movement, rather than live actors",Sandalwood,A) 'RRR' (for the song 'Naatu Naatu'),"'RRR' gained major international recognition, including winning the Oscar for Best Original Song for 'Naatu Naatu' at the 2023 Academy Awards.",Cinema,Movie Awards
Which option correctly answers this: What is a 'prequel' in film terminology?,A film that continues the story of an earlier film,Kollywood,A film that portrays events occurring before an earlier film's story,A film that achieves exceptionally high box office success,C) A film that portrays events occurring before an earlier film's story,A prequel portrays events that take place chronologically before the story of an earlier related film.,Cinema,Famous Films
Choose the correct answer: What is an animated film?,A detective or mystery film,Satyajit Ray,Post-production,"A film created using techniques like drawings or computer graphics to simulate movement, rather than live actors","D) A film created using techniques like drawings or computer graphics to simulate movement, rather than live actors","An animated film is created using drawings, computer graphics, or other techniques to simulate motion, rather than filming live actors.",Cinema,Famous Films
Quiz question: Which international film award is considered the most prestigious in the American film industry?,The Academy Awards (Oscars),A debut,Ramesh Sippy,Bollywood,A) The Academy Awards (Oscars),"The Academy Awards, commonly known as the Oscars, are considered the most prestigious awards in the American film industry.",Cinema,Movie Awards
Which option correctly answers this: Which international film award is considered the most prestigious in the American film industry?,To oversee the creative and technical aspects of making a film,A film that portrays events occurring before an earlier film's story,The Academy Awards (Oscars),Movie songs (film songs),C) The Academy Awards (Oscars),"The Academy Awards, commonly known as the Oscars, are considered the most prestigious awards in the American film industry.",Cinema,Movie Awards
What is the popular nickname for the Kannada-language film industry?,A film that continues the story of an earlier film,"A brief appearance by a notable performer, often uncredited or in a small role",Hollywood,Sandalwood,D) Sandalwood,"Sandalwood is the popular nickname for the Kannada-language film industry, based in Karnataka.",Cinema,Kannada Cinema
Which option correctly answers this: What term describes an actor's first film role or debut?,Amitabh Bachchan,The National Film Awards,A film that continues the story of an earlier film,A debut,D) A debut,A debut refers to an actor's or filmmaker's first professional appearance or work in a film.,Cinema,Actors
"Quiz question: Who played the character in a lead role of many iconic Kannada films and is often called a legendary figure of Sandalwood, honored with titles like 'Varanatha Tara'?",Satyajit Ray,The International Film Festival of India (IFFI),A debut,Dr. Rajkumar,D) Dr. Rajkumar,"Dr. Rajkumar is widely regarded as a legendary figure of Kannada cinema, celebrated for his extensive body of work.",Cinema,Kannada Cinema
Quiz question: What is the term for the genre of films focused primarily on making audiences laugh?,Comedy,The International Film Festival of India (IFFI),A film that continues the story of an earlier film,"A brief appearance by a notable performer, often uncredited or in a small role",A) Comedy,"Comedy is a film genre specifically focused on humor, designed primarily to entertain and amuse audiences.",Cinema,Famous Films
Choose the correct answer: What is an animated film?,A debut,Comedy,"A film created using techniques like drawings or computer graphics to simulate movement, rather than live actors",A film that achieves exceptionally high box office success,"C) A film created using techniques like drawings or computer graphics to simulate movement, rather than live actors","An animated film is created using drawings, computer graphics, or other techniques to simulate motion, rather than filming live actors.",Cinema,Famous Films
What is a 'prequel' in film terminology?,A film that portrays events occurring before an earlier film's story,Bollywood,Sandalwood,CGI (computer-generated imagery) films,A) A film that portrays events occurring before an earlier film's story,A prequel portrays events that take place chronologically before the story of an earlier related film.,Cinema,Famous Films
"Which option correctly answers this: Which Indian film became widely recognized internationally after winning major awards including at the 2023 Oscars, for its song?",To manage the financial and logistical aspects of making a film,Amitabh Bachchan,'RRR' (for the song 'Naatu Naatu'),Sandalwood,C) 'RRR' (for the song 'Naatu Naatu'),"'RRR' gained major international recognition, including winning the Oscar for Best Original Song for 'Naatu Naatu' at the 2023 Academy Awards.",Cinema,Movie Awards
Choose the correct answer: What is the role of a film producer?,Ramesh Sippy,Dr. Rajkumar,Hollywood,To manage the financial and logistical aspects of making a film,D) To manage the financial and logistical aspects of making a film,"A film producer manages the financial, logistical, and administrative aspects of a film's production.",Cinema,Producers
Who directed the internationally acclaimed Indian film 'Pather Panchali' (1955)?,A family film,Movie songs (film songs),Satyajit Ray,To oversee the creative and technical aspects of making a film,C) Satyajit Ray,"Satyajit Ray directed 'Pather Panchali' (1955), a landmark of Indian and world cinema.",Cinema,Cinema History
Quiz question: What is the term for the American film industry centered in Los Angeles?,Kollywood,The Cannes Film Festival,"A film created using techniques like drawings or computer graphics to simulate movement, rather than live actors",Hollywood,D) Hollywood,"Hollywood refers to the American film industry, historically centered in the Hollywood district of Los Angeles.",Cinema,Hollywood
Quiz question: What is an animated film?,Amitabh Bachchan,Comedy,"A film created using techniques like drawings or computer graphics to simulate movement, rather than live actors",To manage the financial and logistical aspects of making a film,"C) A film created using techniques like drawings or computer graphics to simulate movement, rather than live actors","An animated film is created using drawings, computer graphics, or other techniques to simulate motion, rather than filming live actors.",Cinema,Famous Films
What is a 'sequel' in film terminology?,A film that continues the story of an earlier film,A family film,The International Film Festival of India (IFFI),A film that achieves exceptionally high box office success,A) A film that continues the story of an earlier film,A sequel is a film that continues or expands upon the story or characters introduced in an earlier film.,Cinema,Famous Films
Quiz question: What is a 'sequel' in film terminology?,"A film created using techniques like drawings or computer graphics to simulate movement, rather than live actors",Post-production,Comedy,A film that continues the story of an earlier film,D) A film that continues the story of an earlier film,A sequel is a film that continues or expands upon the story or characters introduced in an earlier film.,Cinema,Famous Films
"Choose the correct answer: Which film festival is considered one of the most prestigious in the world, held annually in France?",Tollywood,"A film created using techniques like drawings or computer graphics to simulate movement, rather than live actors",Post-production,The Cannes Film Festival,D) The Cannes Film Festival,"The Cannes Film Festival, held annually in France, is one of the most prestigious and influential film festivals in the world.",Cinema,Film Festivals
Choose the correct answer: What term describes an actor's first film role or debut?,The Cannes Film Festival,A debut,A detective or mystery film,To manage the financial and logistical aspects of making a film,B) A debut,A debut refers to an actor's or filmmaker's first professional appearance or work in a film.,Cinema,Actors
Which option correctly answers this: What is the popular nickname for the Kannada-language film industry?,A detective or mystery film,CGI (computer-generated imagery) films,To oversee the creative and technical aspects of making a film,Sandalwood,D) Sandalwood,"Sandalwood is the popular nickname for the Kannada-language film industry, based in Karnataka.",Cinema,Kannada Cinema
"Who played the character in a lead role of many iconic Kannada films and is often called a legendary figure of Sandalwood, honored with titles like 'Varanatha Tara'?",The Cannes Film Festival,'RRR' (for the song 'Naatu Naatu'),Dr. Rajkumar,Hollywood,C) Dr. Rajkumar,"Dr. Rajkumar is widely regarded as a legendary figure of Kannada cinema, celebrated for his extensive body of work.",Cinema,Kannada Cinema
Which option correctly answers this: What is the term for a film's total earnings from ticket sales?,Tollywood,Amitabh Bachchan,Ramesh Sippy,Box office collection,D) Box office collection,Box office collection refers to the total revenue a film earns from ticket sales.,Cinema,Box Office
Which major Indian film festival is held annually in Goa?,Amitabh Bachchan,Post-production,A debut,The International Film Festival of India (IFFI),D) The International Film Festival of India (IFFI),The International Film Festival of India (IFFI) is a major annual film festival held in Goa.,Cinema,Film Festivals
Quiz question: What are the national film awards of India called?,A film that continues the story of an earlier film,To manage the financial and logistical aspects of making a film,A film that achieves exceptionally high box office success,The National Film Awards,D) The National Film Awards,"The National Film Awards are India's most prestigious national film honors, established in 1954.",Cinema,Movie Awards
Quiz question: What term describes an actor's first film role or debut?,"A film created using techniques like drawings or computer graphics to simulate movement, rather than live actors",A film that achieves exceptionally high box office success,A debut,Post-production,C) A debut,A debut refers to an actor's or filmmaker's first professional appearance or work in a film.,Cinema,Actors
Which option correctly answers this: What is the role of a film producer?,To manage the financial and logistical aspects of making a film,A family film,Dr. Rajkumar,Hollywood,A) To manage the financial and logistical aspects of making a film,"A film producer manages the financial, logistical, and administrative aspects of a film's production.",Cinema,Producers
Quiz question: What is a 'blockbuster' in film terminology?,A debut,A film that achieves exceptionally high box office success,'RRR' (for the song 'Naatu Naatu'),Sandalwood,B) A film that achieves exceptionally high box office success,A blockbuster is a term used to describe a film that achieves exceptionally high commercial and box office success.,Cinema,Box Office
Choose the correct answer: Who directed the internationally acclaimed Indian film 'Pather Panchali' (1955)?,Satyajit Ray,A film that portrays events occurring before an earlier film's story,Box office collection,The International Film Festival of India (IFFI),A) Satyajit Ray,"Satyajit Ray directed 'Pather Panchali' (1955), a landmark of Indian and world cinema.",Cinema,Cinema History
Which option correctly answers this: What is the term for a movie made specifically for children and family audiences?,A family film,A debut,CGI (computer-generated imagery) films,The Academy Awards (Oscars),A) A family film,"A family film is created with content and themes suitable and appealing for audiences of all ages, especially children.",Cinema,Famous Films
Quiz question: Which major Indian film festival is held annually in Goa?,Sandalwood,The Academy Awards (Oscars),Ramesh Sippy,The International Film Festival of India (IFFI),D) The International Film Festival of India (IFFI),The International Film Festival of India (IFFI) is a major annual film festival held in Goa.,Cinema,Film Festivals
Choose the correct answer: What is the popular nickname for the Tamil-language film industry?,Kollywood,A debut,'RRR' (for the song 'Naatu Naatu'),The International Film Festival of India (IFFI),A) Kollywood,"Kollywood is the popular nickname for the Tamil-language film industry, based mainly in Chennai.",Cinema,Tamil Cinema
"What is the term for the process of adding sound, music, and effects to a film after shooting?",A film that portrays events occurring before an earlier film's story,A detective or mystery film,The Cannes Film Festival,Post-production,D) Post-production,"Post-production is the phase after filming where editing, sound design, music, and visual effects are added to a film.",Cinema,Cinema History
Quiz question: What is the popular nickname for the Kannada-language film industry?,A film that portrays events occurring before an earlier film's story,Sandalwood,Comedy,Hollywood,B) Sandalwood,"Sandalwood is the popular nickname for the Kannada-language film industry, based in Karnataka.",Cinema,Kannada Cinema
Quiz question: What is the term for the genre of films focused primarily on making audiences laugh?,The National Film Awards,A film that achieves exceptionally high box office success,Comedy,Dr. Rajkumar,C) Comedy,"Comedy is a film genre specifically focused on humor, designed primarily to entertain and amuse audiences.",Cinema,Famous Films
"Which film festival is considered one of the most prestigious in the world, held annually in France?",The Cannes Film Festival,"A film created using techniques like drawings or computer graphics to simulate movement, rather than live actors","A brief appearance by a notable performer, often uncredited or in a small role",Tollywood,A) The Cannes Film Festival,"The Cannes Film Festival, held annually in France, is one of the most prestigious and influential film festivals in the world.",Cinema,Film Festivals
Quiz question: What term describes an actor's first film role or debut?,A debut,Tollywood,Movie songs (film songs),Dr. Rajkumar,A) A debut,A debut refers to an actor's or filmmaker's first professional appearance or work in a film.,Cinema,Actors
"Quiz question: Who played the character in a lead role of many iconic Kannada films and is often called a legendary figure of Sandalwood, honored with titles like 'Varanatha Tara'?",Comedy,Dr. Rajkumar,Movie songs (film songs),Post-production,B) Dr. Rajkumar,"Dr. Rajkumar is widely regarded as a legendary figure of Kannada cinema, celebrated for his extensive body of work.",Cinema,Kannada Cinema
Quiz question: What term describes an actor's first film role or debut?,A film that portrays events occurring before an earlier film's story,Dr. Rajkumar,Bollywood,A debut,D) A debut,A debut refers to an actor's or filmmaker's first professional appearance or work in a film.,Cinema,Actors
Which option correctly answers this: What is the popular nickname for the Hindi-language film industry based in Mumbai?,The Cannes Film Festival,Bollywood,Movie songs (film songs),Sandalwood,B) Bollywood,"Bollywood is the popular nickname for India's Hindi-language film industry, based primarily in Mumbai.",Cinema,Bollywood
Which option correctly answers this: What is the term for the American film industry centered in Los Angeles?,A family film,The Cannes Film Festival,Kollywood,Hollywood,D) Hollywood,"Hollywood refers to the American film industry, historically centered in the Hollywood district of Los Angeles.",Cinema,Hollywood
Quiz question: What is the popular nickname for the Hindi-language film industry based in Mumbai?,Bollywood,Dr. Rajkumar,A detective or mystery film,Hollywood,A) Bollywood,"Bollywood is the popular nickname for India's Hindi-language film industry, based primarily in Mumbai.",Cinema,Bollywood
What is the popular nickname for the Kannada-language film industry?,The Academy Awards (Oscars),Sandalwood,Bollywood,Hollywood,B) Sandalwood,"Sandalwood is the popular nickname for the Kannada-language film industry, based in Karnataka.",Cinema,Kannada Cinema
Choose the correct answer: Which major Indian film festival is held annually in Goa?,The International Film Festival of India (IFFI),Satyajit Ray,Amitabh Bachchan,Dr. Rajkumar,A) The International Film Festival of India (IFFI),The International Film Festival of India (IFFI) is a major annual film festival held in Goa.,Cinema,Film Festivals
Which option correctly answers this: What is a 'prequel' in film terminology?,A film that portrays events occurring before an earlier film's story,A film that achieves exceptionally high box office success,Movie songs (film songs),A family film,A) A film that portrays events occurring before an earlier film's story,A prequel portrays events that take place chronologically before the story of an earlier related film.,Cinema,Famous Films
What is the role of a film director?,Hollywood,Ramesh Sippy,To oversee the creative and technical aspects of making a film,Sandalwood,C) To oversee the creative and technical aspects of making a film,"A film director oversees the creative and technical aspects of a film's production, guiding the cast and crew.",Cinema,Directors
Which option correctly answers this: What is the role of a film director?,Satyajit Ray,To oversee the creative and technical aspects of making a film,"A film created using techniques like drawings or computer graphics to simulate movement, rather than live actors",A film that continues the story of an earlier film,B) To oversee the creative and technical aspects of making a film,"A film director oversees the creative and technical aspects of a film's production, guiding the cast and crew.",Cinema,Directors
Choose the correct answer: What is the popular nickname for the Tamil-language film industry?,Ramesh Sippy,CGI (computer-generated imagery) films,Comedy,Kollywood,D) Kollywood,"Kollywood is the popular nickname for the Tamil-language film industry, based mainly in Chennai.",Cinema,Tamil Cinema
Choose the correct answer: What is the popular nickname for the Tamil-language film industry?,A detective or mystery film,Kollywood,Box office collection,The Academy Awards (Oscars),B) Kollywood,"Kollywood is the popular nickname for the Tamil-language film industry, based mainly in Chennai.",Cinema,Tamil Cinema
Choose the correct answer: What is the role of a film producer?,Movie songs (film songs),Bollywood,To manage the financial and logistical aspects of making a film,A debut,C) To manage the financial and logistical aspects of making a film,"A film producer manages the financial, logistical, and administrative aspects of a film's production.",Cinema,Producers
Quiz question: What is the popular nickname for the Tamil-language film industry?,Post-production,Satyajit Ray,Kollywood,The Academy Awards (Oscars),C) Kollywood,"Kollywood is the popular nickname for the Tamil-language film industry, based mainly in Chennai.",Cinema,Tamil Cinema
Which actor is widely known by the nickname 'Shahenshah of Bollywood'?,'RRR' (for the song 'Naatu Naatu'),Amitabh Bachchan,A detective or mystery film,To manage the financial and logistical aspects of making a film,B) Amitabh Bachchan,"Amitabh Bachchan is widely referred to by fans and media as the 'Shahenshah of Bollywood', among other honorifics.",Cinema,Actors
Quiz question: Which international film award is considered the most prestigious in the American film industry?,To manage the financial and logistical aspects of making a film,Tollywood,A family film,The Academy Awards (Oscars),D) The Academy Awards (Oscars),"The Academy Awards, commonly known as the Oscars, are considered the most prestigious awards in the American film industry.",Cinema,Movie Awards
Which option correctly answers this: What is the term for the genre of films focused primarily on making audiences laugh?,A film that portrays events occurring before an earlier film's story,To oversee the creative and technical aspects of making a film,Sandalwood,Comedy,D) Comedy,"Comedy is a film genre specifically focused on humor, designed primarily to entertain and amuse audiences.",Cinema,Famous Films
Which major Indian film festival is held annually in Goa?,The International Film Festival of India (IFFI),A debut,Amitabh Bachchan,Sandalwood,A) The International Film Festival of India (IFFI),The International Film Festival of India (IFFI) is a major annual film festival held in Goa.,Cinema,Film Festivals
Which option correctly answers this: What is the popular nickname for the Tamil-language film industry?,Kollywood,Dr. Rajkumar,A debut,The Cannes Film Festival,A) Kollywood,"Kollywood is the popular nickname for the Tamil-language film industry, based mainly in Chennai.",Cinema,Tamil Cinema
Which option correctly answers this: What genre of film typically centers on solving a crime or mystery?,A detective or mystery film,Box office collection,Hollywood,Ramesh Sippy,A) A detective or mystery film,"Detective or mystery films typically center on solving a crime, uncovering secrets, or unraveling a mystery.",Cinema,Famous Films
"Quiz question: Who directed the film 'Sholay' (1975), a landmark of Indian cinema?",A film that continues the story of an earlier film,Ramesh Sippy,Movie songs (film songs),Hollywood,B) Ramesh Sippy,"Ramesh Sippy directed 'Sholay' (1975), one of the most iconic and commercially successful films in Indian cinema history.",Cinema,Bollywood
Which option correctly answers this: What is a 'blockbuster' in film terminology?,A debut,Ramesh Sippy,A family film,A film that achieves exceptionally high box office success,D) A film that achieves exceptionally high box office success,A blockbuster is a term used to describe a film that achieves exceptionally high commercial and box office success.,Cinema,Box Office
Choose the correct answer: What are the national film awards of India called?,Ramesh Sippy,A film that continues the story of an earlier film,The National Film Awards,The Cannes Film Festival,C) The National Film Awards,"The National Film Awards are India's most prestigious national film honors, established in 1954.",Cinema,Movie Awards
Choose the correct answer: What does the term 'cameo' mean in film?,The National Film Awards,"A brief appearance by a notable performer, often uncredited or in a small role",Hollywood,Post-production,"B) A brief appearance by a notable performer, often uncredited or in a small role","A cameo refers to a brief appearance in a film by a notable performer, often in a small or uncredited role.",Cinema,Movie Characters
Choose the correct answer: What does the term 'cameo' mean in film?,"A brief appearance by a notable performer, often uncredited or in a small role",To oversee the creative and technical aspects of making a film,A film that continues the story of an earlier film,A film that portrays events occurring before an earlier film's story,"A) A brief appearance by a notable performer, often uncredited or in a small role","A cameo refers to a brief appearance in a film by a notable performer, often in a small or uncredited role.",Cinema,Movie Characters
Which major Indian film festival is held annually in Goa?,Tollywood,A debut,The International Film Festival of India (IFFI),Ramesh Sippy,C) The International Film Festival of India (IFFI),The International Film Festival of India (IFFI) is a major annual film festival held in Goa.,Cinema,Film Festivals
Quiz question: What is the term for the genre of films focused primarily on making audiences laugh?,Post-production,Tollywood,Comedy,A film that achieves exceptionally high box office success,C) Comedy,"Comedy is a film genre specifically focused on humor, designed primarily to entertain and amuse audiences.",Cinema,Famous Films
Quiz question: What is a 'prequel' in film terminology?,Tollywood,The Academy Awards (Oscars),Sandalwood,A film that portrays events occurring before an earlier film's story,D) A film that portrays events occurring before an earlier film's story,A prequel portrays events that take place chronologically before the story of an earlier related film.,Cinema,Famous Films
"Which option correctly answers this: Who played the character in a lead role of many iconic Kannada films and is often called a legendary figure of Sandalwood, honored with titles like 'Varanatha Tara'?",'RRR' (for the song 'Naatu Naatu'),Post-production,Dr. Rajkumar,A film that continues the story of an earlier film,C) Dr. Rajkumar,"Dr. Rajkumar is widely regarded as a legendary figure of Kannada cinema, celebrated for his extensive body of work.",Cinema,Kannada Cinema
Who directed the internationally acclaimed Indian film 'Pather Panchali' (1955)?,A detective or mystery film,The Cannes Film Festival,A family film,Satyajit Ray,D) Satyajit Ray,"Satyajit Ray directed 'Pather Panchali' (1955), a landmark of Indian and world cinema.",Cinema,Cinema History
What is a 'sequel' in film terminology?,A film that portrays events occurring before an earlier film's story,The Academy Awards (Oscars),A film that continues the story of an earlier film,Kollywood,C) A film that continues the story of an earlier film,A sequel is a film that continues or expands upon the story or characters introduced in an earlier film.,Cinema,Famous Films
"Which film festival is considered one of the most prestigious in the world, held annually in France?",A detective or mystery film,Post-production,The National Film Awards,The Cannes Film Festival,D) The Cannes Film Festival,"The Cannes Film Festival, held annually in France, is one of the most prestigious and influential film festivals in the world.",Cinema,Film Festivals
Which option correctly answers this: Which actor is widely known by the nickname 'Shahenshah of Bollywood'?,To oversee the creative and technical aspects of making a film,Ramesh Sippy,Amitabh Bachchan,The National Film Awards,C) Amitabh Bachchan,"Amitabh Bachchan is widely referred to by fans and media as the 'Shahenshah of Bollywood', among other honorifics.",Cinema,Actors
Choose the correct answer: What is the term for the American film industry centered in Los Angeles?,Comedy,Amitabh Bachchan,Hollywood,The International Film Festival of India (IFFI),C) Hollywood,"Hollywood refers to the American film industry, historically centered in the Hollywood district of Los Angeles.",Cinema,Hollywood
What are the national film awards of India called?,A film that portrays events occurring before an earlier film's story,The National Film Awards,Kollywood,Bollywood,B) The National Film Awards,"The National Film Awards are India's most prestigious national film honors, established in 1954.",Cinema,Movie Awards
Choose the correct answer: What is the role of a film producer?,Sandalwood,Comedy,Post-production,To manage the financial and logistical aspects of making a film,D) To manage the financial and logistical aspects of making a film,"A film producer manages the financial, logistical, and administrative aspects of a film's production.",Cinema,Producers
"Choose the correct answer: What is the term for the process of adding sound, music, and effects to a film after shooting?",Ramesh Sippy,The National Film Awards,Comedy,Post-production,D) Post-production,"Post-production is the phase after filming where editing, sound design, music, and visual effects are added to a film.",Cinema,Cinema History
"Quiz question: What is the term for a movie's soundtrack songs, common in Indian cinema?",Box office collection,Movie songs (film songs),To oversee the creative and technical aspects of making a film,The International Film Festival of India (IFFI),B) Movie songs (film songs),"Movie songs, or film songs, are musical compositions included as part of a film's soundtrack, especially prominent in Indian cinema.",Cinema,Movie Songs
What is the role of a film director?,The International Film Festival of India (IFFI),To oversee the creative and technical aspects of making a film,Hollywood,A film that continues the story of an earlier film,B) To oversee the creative and technical aspects of making a film,"A film director oversees the creative and technical aspects of a film's production, guiding the cast and crew.",Cinema,Directors
What is the popular nickname for the Kannada-language film industry?,Box office collection,Sandalwood,The International Film Festival of India (IFFI),Hollywood,B) Sandalwood,"Sandalwood is the popular nickname for the Kannada-language film industry, based in Karnataka.",Cinema,Kannada Cinema
Quiz question: What is the popular nickname for the Telugu-language film industry?,The International Film Festival of India (IFFI),Tollywood,Movie songs (film songs),Post-production,B) Tollywood,Tollywood is the popular nickname for the Telugu-language film industry.,Cinema,Telugu Cinema
Quiz question: Which international film award is considered the most prestigious in the American film industry?,The Academy Awards (Oscars),Tollywood,A debut,Sandalwood,A) The Academy Awards (Oscars),"The Academy Awards, commonly known as the Oscars, are considered the most prestigious awards in the American film industry.",Cinema,Movie Awards
Quiz question: What is the role of a film director?,Tollywood,The Cannes Film Festival,To oversee the creative and technical aspects of making a film,"A brief appearance by a notable performer, often uncredited or in a small role",C) To oversee the creative and technical aspects of making a film,"A film director oversees the creative and technical aspects of a film's production, guiding the cast and crew.",Cinema,Directors
What is a 'prequel' in film terminology?,A film that portrays events occurring before an earlier film's story,Movie songs (film songs),'RRR' (for the song 'Naatu Naatu'),A film that achieves exceptionally high box office success,A) A film that portrays events occurring before an earlier film's story,A prequel portrays events that take place chronologically before the story of an earlier related film.,Cinema,Famous Films
"Choose the correct answer: Which film festival is considered one of the most prestigious in the world, held annually in France?",Bollywood,Post-production,Dr. Rajkumar,The Cannes Film Festival,D) The Cannes Film Festival,"The Cannes Film Festival, held annually in France, is one of the most prestigious and influential film festivals in the world.",Cinema,Film Festivals
"Choose the correct answer: What is the term for a movie's soundtrack songs, common in Indian cinema?",A film that continues the story of an earlier film,A film that portrays events occurring before an earlier film's story,Movie songs (film songs),Box office collection,C) Movie songs (film songs),"Movie songs, or film songs, are musical compositions included as part of a film's soundtrack, especially prominent in Indian cinema.",Cinema,Movie Songs
Choose the correct answer: What is the popular nickname for the Telugu-language film industry?,"A brief appearance by a notable performer, often uncredited or in a small role",Movie songs (film songs),The National Film Awards,Tollywood,D) Tollywood,Tollywood is the popular nickname for the Telugu-language film industry.,Cinema,Telugu Cinema
What is the popular nickname for the Telugu-language film industry?,A family film,The Academy Awards (Oscars),Tollywood,A film that continues the story of an earlier film,C) Tollywood,Tollywood is the popular nickname for the Telugu-language film industry.,Cinema,Telugu Cinema
Choose the correct answer: What is a 'sequel' in film terminology?,Ramesh Sippy,Post-production,A film that continues the story of an earlier film,"A brief appearance by a notable performer, often uncredited or in a small role",C) A film that continues the story of an earlier film,A sequel is a film that continues or expands upon the story or characters introduced in an earlier film.,Cinema,Famous Films
Choose the correct answer: What is the term for a film's total earnings from ticket sales?,Sandalwood,A film that continues the story of an earlier film,A family film,Box office collection,D) Box office collection,Box office collection refers to the total revenue a film earns from ticket sales.,Cinema,Box Office
Quiz question: What is the popular nickname for the Kannada-language film industry?,Sandalwood,A detective or mystery film,Tollywood,The National Film Awards,A) Sandalwood,"Sandalwood is the popular nickname for the Kannada-language film industry, based in Karnataka.",Cinema,Kannada Cinema
"Which option correctly answers this: What is the term for the process of adding sound, music, and effects to a film after shooting?",Dr. Rajkumar,To oversee the creative and technical aspects of making a film,Ramesh Sippy,Post-production,D) Post-production,"Post-production is the phase after filming where editing, sound design, music, and visual effects are added to a film.",Cinema,Cinema History
Quiz question: What is a 'blockbuster' in film terminology?,A film that achieves exceptionally high box office success,The Cannes Film Festival,"A brief appearance by a notable performer, often uncredited or in a small role",CGI (computer-generated imagery) films,A) A film that achieves exceptionally high box office success,A blockbuster is a term used to describe a film that achieves exceptionally high commercial and box office success.,Cinema,Box Office
Which option correctly answers this: What term describes films made using computer-generated imagery for visual effects?,Satyajit Ray,Box office collection,"A brief appearance by a notable performer, often uncredited or in a small role",CGI (computer-generated imagery) films,D) CGI (computer-generated imagery) films,"CGI films use computer-generated imagery extensively to create visual effects, characters, or entire animated worlds.",Cinema,Cinema History
Quiz question: Which international film award is considered the most prestigious in the American film industry?,Amitabh Bachchan,The Academy Awards (Oscars),A detective or mystery film,"A film created using techniques like drawings or computer graphics to simulate movement, rather than live actors",B) The Academy Awards (Oscars),"The Academy Awards, commonly known as the Oscars, are considered the most prestigious awards in the American film industry.",Cinema,Movie Awards
Quiz question: What is the term for a movie made specifically for children and family audiences?,A family film,A film that continues the story of an earlier film,Kollywood,The Academy Awards (Oscars),A) A family film,"A family film is created with content and themes suitable and appealing for audiences of all ages, especially children.",Cinema,Famous Films
Quiz question: Which major Indian film festival is held annually in Goa?,Hollywood,The International Film Festival of India (IFFI),Comedy,A film that continues the story of an earlier film,B) The International Film Festival of India (IFFI),The International Film Festival of India (IFFI) is a major annual film festival held in Goa.,Cinema,Film Festivals
Which option correctly answers this: What is the popular nickname for the Hindi-language film industry based in Mumbai?,Kollywood,A film that achieves exceptionally high box office success,Satyajit Ray,Bollywood,D) Bollywood,"Bollywood is the popular nickname for India's Hindi-language film industry, based primarily in Mumbai.",Cinema,Bollywood
What is the popular nickname for the Tamil-language film industry?,Kollywood,A film that continues the story of an earlier film,The Cannes Film Festival,Hollywood,A) Kollywood,"Kollywood is the popular nickname for the Tamil-language film industry, based mainly in Chennai.",Cinema,Tamil Cinema
Quiz question: Which international film award is considered the most prestigious in the American film industry?,Amitabh Bachchan,A family film,The Academy Awards (Oscars),A film that portrays events occurring before an earlier film's story,C) The Academy Awards (Oscars),"The Academy Awards, commonly known as the Oscars, are considered the most prestigious awards in the American film industry.",Cinema,Movie Awards
Quiz question: What is the term for a film's total earnings from ticket sales?,'RRR' (for the song 'Naatu Naatu'),A detective or mystery film,"A film created using techniques like drawings or computer graphics to simulate movement, rather than live actors",Box office collection,D) Box office collection,Box office collection refers to the total revenue a film earns from ticket sales.,Cinema,Box Office
"Quiz question: What is the term for a movie's soundtrack songs, common in Indian cinema?",Movie songs (film songs),"A brief appearance by a notable performer, often uncredited or in a small role",Box office collection,A film that portrays events occurring before an earlier film's story,A) Movie songs (film songs),"Movie songs, or film songs, are musical compositions included as part of a film's soundtrack, especially prominent in Indian cinema.",Cinema,Movie Songs
Quiz question: What is the term for the genre of films focused primarily on making audiences laugh?,Tollywood,"A film created using techniques like drawings or computer graphics to simulate movement, rather than live actors",Comedy,A film that achieves exceptionally high box office success,C) Comedy,"Comedy is a film genre specifically focused on humor, designed primarily to entertain and amuse audiences.",Cinema,Famous Films
Quiz question: Who directed the internationally acclaimed Indian film 'Pather Panchali' (1955)?,To oversee the creative and technical aspects of making a film,A film that continues the story of an earlier film,Satyajit Ray,Kollywood,C) Satyajit Ray,"Satyajit Ray directed 'Pather Panchali' (1955), a landmark of Indian and world cinema.",Cinema,Cinema History
Quiz question: What term describes an actor's first film role or debut?,A film that portrays events occurring before an earlier film's story,A debut,Box office collection,A detective or mystery film,B) A debut,A debut refers to an actor's or filmmaker's first professional appearance or work in a film.,Cinema,Actors
Which option correctly answers this: What genre of film typically centers on solving a crime or mystery?,A detective or mystery film,Movie songs (film songs),A film that continues the story of an earlier film,The National Film Awards,A) A detective or mystery film,"Detective or mystery films typically center on solving a crime, uncovering secrets, or unraveling a mystery.",Cinema,Famous Films
Quiz question: What is the popular nickname for the Tamil-language film industry?,A film that achieves exceptionally high box office success,Bollywood,Kollywood,Hollywood,C) Kollywood,"Kollywood is the popular nickname for the Tamil-language film industry, based mainly in Chennai.",Cinema,Tamil Cinema
Which option correctly answers this: What is the term for the American film industry centered in Los Angeles?,Hollywood,To oversee the creative and technical aspects of making a film,Bollywood,Kollywood,A) Hollywood,"Hollywood refers to the American film industry, historically centered in the Hollywood district of Los Angeles.",Cinema,Hollywood
Quiz question: What is the term for the genre of films focused primarily on making audiences laugh?,Comedy,Box office collection,Hollywood,CGI (computer-generated imagery) films,A) Comedy,"Comedy is a film genre specifically focused on humor, designed primarily to entertain and amuse audiences.",Cinema,Famous Films
Quiz question: What is a 'prequel' in film terminology?,Kollywood,CGI (computer-generated imagery) films,A film that portrays events occurring before an earlier film's story,"A brief appearance by a notable performer, often uncredited or in a small role",C) A film that portrays events occurring before an earlier film's story,A prequel portrays events that take place chronologically before the story of an earlier related film.,Cinema,Famous Films
Which option correctly answers this: What is the role of a film director?,"A brief appearance by a notable performer, often uncredited or in a small role",To oversee the creative and technical aspects of making a film,"A film created using techniques like drawings or computer graphics to simulate movement, rather than live actors",'RRR' (for the song 'Naatu Naatu'),B) To oversee the creative and technical aspects of making a film,"A film director oversees the creative and technical aspects of a film's production, guiding the cast and crew.",Cinema,Directors
Quiz question: What is the term for the genre of films focused primarily on making audiences laugh?,The Academy Awards (Oscars),Kollywood,A film that continues the story of an earlier film,Comedy,D) Comedy,"Comedy is a film genre specifically focused on humor, designed primarily to entertain and amuse audiences.",Cinema,Famous Films
"Choose the correct answer: What is the term for a movie's soundtrack songs, common in Indian cinema?",A family film,'RRR' (for the song 'Naatu Naatu'),Movie songs (film songs),The Cannes Film Festival,C) Movie songs (film songs),"Movie songs, or film songs, are musical compositions included as part of a film's soundtrack, especially prominent in Indian cinema.",Cinema,Movie Songs
Quiz question: What is a 'blockbuster' in film terminology?,Kollywood,A film that achieves exceptionally high box office success,Comedy,"A film created using techniques like drawings or computer graphics to simulate movement, rather than live actors",B) A film that achieves exceptionally high box office success,A blockbuster is a term used to describe a film that achieves exceptionally high commercial and box office success.,Cinema,Box Office
Choose the correct answer: What term describes an actor's first film role or debut?,The International Film Festival of India (IFFI),The Cannes Film Festival,Tollywood,A debut,D) A debut,A debut refers to an actor's or filmmaker's first professional appearance or work in a film.,Cinema,Actors
Which option correctly answers this: What is the term for a film's total earnings from ticket sales?,Box office collection,Comedy,To oversee the creative and technical aspects of making a film,The International Film Festival of India (IFFI),A) Box office collection,Box office collection refers to the total revenue a film earns from ticket sales.,Cinema,Box Office
Choose the correct answer: What does the term 'cameo' mean in film?,The International Film Festival of India (IFFI),"A brief appearance by a notable performer, often uncredited or in a small role",Movie songs (film songs),Bollywood,"B) A brief appearance by a notable performer, often uncredited or in a small role","A cameo refers to a brief appearance in a film by a notable performer, often in a small or uncredited role.",Cinema,Movie Characters
"Who directed the film 'Sholay' (1975), a landmark of Indian cinema?",Satyajit Ray,Ramesh Sippy,Movie songs (film songs),A film that portrays events occurring before an earlier film's story,B) Ramesh Sippy,"Ramesh Sippy directed 'Sholay' (1975), one of the most iconic and commercially successful films in Indian cinema history.",Cinema,Bollywood
What is a 'sequel' in film terminology?,Post-production,To oversee the creative and technical aspects of making a film,Comedy,A film that continues the story of an earlier film,D) A film that continues the story of an earlier film,A sequel is a film that continues or expands upon the story or characters introduced in an earlier film.,Cinema,Famous Films
What is the role of a film director?,Satyajit Ray,The Academy Awards (Oscars),To oversee the creative and technical aspects of making a film,A film that achieves exceptionally high box office success,C) To oversee the creative and technical aspects of making a film,"A film director oversees the creative and technical aspects of a film's production, guiding the cast and crew.",Cinema,Directors
"Who directed the film 'Sholay' (1975), a landmark of Indian cinema?",The International Film Festival of India (IFFI),The Cannes Film Festival,Ramesh Sippy,To manage the financial and logistical aspects of making a film,C) Ramesh Sippy,"Ramesh Sippy directed 'Sholay' (1975), one of the most iconic and commercially successful films in Indian cinema history.",Cinema,Bollywood
"Which option correctly answers this: Who directed the film 'Sholay' (1975), a landmark of Indian cinema?",A film that achieves exceptionally high box office success,Ramesh Sippy,The National Film Awards,Bollywood,B) Ramesh Sippy,"Ramesh Sippy directed 'Sholay' (1975), one of the most iconic and commercially successful films in Indian cinema history.",Cinema,Bollywood
Choose the correct answer: Which actor is widely known by the nickname 'Shahenshah of Bollywood'?,A detective or mystery film,"A film created using techniques like drawings or computer graphics to simulate movement, rather than live actors",Amitabh Bachchan,Comedy,C) Amitabh Bachchan,"Amitabh Bachchan is widely referred to by fans and media as the 'Shahenshah of Bollywood', among other honorifics.",Cinema,Actors
Choose the correct answer: What is an animated film?,CGI (computer-generated imagery) films,"A film created using techniques like drawings or computer graphics to simulate movement, rather than live actors",Sandalwood,Dr. Rajkumar,"B) A film created using techniques like drawings or computer graphics to simulate movement, rather than live actors","An animated film is created using drawings, computer graphics, or other techniques to simulate motion, rather than filming live actors.",Cinema,Famous Films
Quiz question: What are the national film awards of India called?,A film that portrays events occurring before an earlier film's story,Ramesh Sippy,Kollywood,The National Film Awards,D) The National Film Awards,"The National Film Awards are India's most prestigious national film honors, established in 1954.",Cinema,Movie Awards
Quiz question: What does the term 'cameo' mean in film?,The Cannes Film Festival,The National Film Awards,"A film created using techniques like drawings or computer graphics to simulate movement, rather than live actors","A brief appearance by a notable performer, often uncredited or in a small role","D) A brief appearance by a notable performer, often uncredited or in a small role","A cameo refers to a brief appearance in a film by a notable performer, often in a small or uncredited role.",Cinema,Movie Characters
Choose the correct answer: Which actor is widely known by the nickname 'Shahenshah of Bollywood'?,Kollywood,A detective or mystery film,Amitabh Bachchan,CGI (computer-generated imagery) films,C) Amitabh Bachchan,"Amitabh Bachchan is widely referred to by fans and media as the 'Shahenshah of Bollywood', among other honorifics.",Cinema,Actors
Quiz question: What is the term for the American film industry centered in Los Angeles?,The National Film Awards,A debut,Hollywood,Post-production,C) Hollywood,"Hollywood refers to the American film industry, historically centered in the Hollywood district of Los Angeles.",Cinema,Hollywood
Choose the correct answer: What are the national film awards of India called?,A film that continues the story of an earlier film,The National Film Awards,A family film,Ramesh Sippy,B) The National Film Awards,"The National Film Awards are India's most prestigious national film honors, established in 1954.",Cinema,Movie Awards
What is the popular nickname for the Tamil-language film industry?,The National Film Awards,Kollywood,The International Film Festival of India (IFFI),Ramesh Sippy,B) Kollywood,"Kollywood is the popular nickname for the Tamil-language film industry, based mainly in Chennai.",Cinema,Tamil Cinema
"What is the term for a movie's soundtrack songs, common in Indian cinema?",Post-production,Movie songs (film songs),A film that achieves exceptionally high box office success,The National Film Awards,B) Movie songs (film songs),"Movie songs, or film songs, are musical compositions included as part of a film's soundtrack, especially prominent in Indian cinema.",Cinema,Movie Songs
Quiz question: What genre of film typically centers on solving a crime or mystery?,A detective or mystery film,"A film created using techniques like drawings or computer graphics to simulate movement, rather than live actors",Satyajit Ray,'RRR' (for the song 'Naatu Naatu'),A) A detective or mystery film,"Detective or mystery films typically center on solving a crime, uncovering secrets, or unraveling a mystery.",Cinema,Famous Films
Choose the correct answer: What term describes films made using computer-generated imagery for visual effects?,Kollywood,Ramesh Sippy,CGI (computer-generated imagery) films,Movie songs (film songs),C) CGI (computer-generated imagery) films,"CGI films use computer-generated imagery extensively to create visual effects, characters, or entire animated worlds.",Cinema,Cinema History
Quiz question: What is the term for a film's total earnings from ticket sales?,Box office collection,A film that achieves exceptionally high box office success,The Academy Awards (Oscars),A detective or mystery film,A) Box office collection,Box office collection refers to the total revenue a film earns from ticket sales.,Cinema,Box Office
"Choose the correct answer: Who directed the film 'Sholay' (1975), a landmark of Indian cinema?",Tollywood,Ramesh Sippy,Amitabh Bachchan,The Academy Awards (Oscars),B) Ramesh Sippy,"Ramesh Sippy directed 'Sholay' (1975), one of the most iconic and commercially successful films in Indian cinema history.",Cinema,Bollywood
What is the term for the genre of films focused primarily on making audiences laugh?,Comedy,Post-production,Dr. Rajkumar,The National Film Awards,A) Comedy,"Comedy is a film genre specifically focused on humor, designed primarily to entertain and amuse audiences.",Cinema,Famous Films
"Choose the correct answer: What is the term for the process of adding sound, music, and effects to a film after shooting?",A film that portrays events occurring before an earlier film's story,Post-production,'RRR' (for the song 'Naatu Naatu'),A film that achieves exceptionally high box office success,B) Post-production,"Post-production is the phase after filming where editing, sound design, music, and visual effects are added to a film.",Cinema,Cinema History
Which option correctly answers this: What term describes films made using computer-generated imagery for visual effects?,To manage the financial and logistical aspects of making a film,To oversee the creative and technical aspects of making a film,CGI (computer-generated imagery) films,A debut,C) CGI (computer-generated imagery) films,"CGI films use computer-generated imagery extensively to create visual effects, characters, or entire animated worlds.",Cinema,Cinema History
"Which film festival is considered one of the most prestigious in the world, held annually in France?",The Cannes Film Festival,Dr. Rajkumar,The Academy Awards (Oscars),Comedy,A) The Cannes Film Festival,"The Cannes Film Festival, held annually in France, is one of the most prestigious and influential film festivals in the world.",Cinema,Film Festivals
What does the term 'cameo' mean in film?,Satyajit Ray,"A brief appearance by a notable performer, often uncredited or in a small role",A film that continues the story of an earlier film,To manage the financial and logistical aspects of making a film,"B) A brief appearance by a notable performer, often uncredited or in a small role","A cameo refers to a brief appearance in a film by a notable performer, often in a small or uncredited role.",Cinema,Movie Characters
Choose the correct answer: What is a 'prequel' in film terminology?,A film that portrays events occurring before an earlier film's story,Comedy,"A film created using techniques like drawings or computer graphics to simulate movement, rather than live actors",Amitabh Bachchan,A) A film that portrays events occurring before an earlier film's story,A prequel portrays events that take place chronologically before the story of an earlier related film.,Cinema,Famous Films
"Choose the correct answer: Who directed the film 'Sholay' (1975), a landmark of Indian cinema?","A brief appearance by a notable performer, often uncredited or in a small role",A family film,Ramesh Sippy,Amitabh Bachchan,C) Ramesh Sippy,"Ramesh Sippy directed 'Sholay' (1975), one of the most iconic and commercially successful films in Indian cinema history.",Cinema,Bollywood
Choose the correct answer: What is an animated film?,Box office collection,The Academy Awards (Oscars),"A film created using techniques like drawings or computer graphics to simulate movement, rather than live actors",Satyajit Ray,"C) A film created using techniques like drawings or computer graphics to simulate movement, rather than live actors","An animated film is created using drawings, computer graphics, or other techniques to simulate motion, rather than filming live actors.",Cinema,Famous Films
Quiz question: What are the national film awards of India called?,The National Film Awards,Hollywood,Bollywood,Satyajit Ray,A) The National Film Awards,"The National Film Awards are India's most prestigious national film honors, established in 1954.",Cinema,Movie Awards
What is an animated film?,"A film created using techniques like drawings or computer graphics to simulate movement, rather than live actors",To oversee the creative and technical aspects of making a film,Comedy,A film that continues the story of an earlier film,"A) A film created using techniques like drawings or computer graphics to simulate movement, rather than live actors","An animated film is created using drawings, computer graphics, or other techniques to simulate motion, rather than filming live actors.",Cinema,Famous Films
Which option correctly answers this: What is an animated film?,"A film created using techniques like drawings or computer graphics to simulate movement, rather than live actors",To oversee the creative and technical aspects of making a film,Dr. Rajkumar,A film that portrays events occurring before an earlier film's story,"A) A film created using techniques like drawings or computer graphics to simulate movement, rather than live actors","An animated film is created using drawings, computer graphics, or other techniques to simulate motion, rather than filming live actors.",Cinema,Famous Films
Quiz question: What is the popular nickname for the Telugu-language film industry?,Tollywood,The Academy Awards (Oscars),Movie songs (film songs),Box office collection,A) Tollywood,Tollywood is the popular nickname for the Telugu-language film industry.,Cinema,Telugu Cinema
Which option correctly answers this: What is the term for the genre of films focused primarily on making audiences laugh?,A film that portrays events occurring before an earlier film's story,The Academy Awards (Oscars),Comedy,Satyajit Ray,C) Comedy,"Comedy is a film genre specifically focused on humor, designed primarily to entertain and amuse audiences.",Cinema,Famous Films
Which option correctly answers this: Which actor is widely known by the nickname 'Shahenshah of Bollywood'?,CGI (computer-generated imagery) films,Post-production,Amitabh Bachchan,'RRR' (for the song 'Naatu Naatu'),C) Amitabh Bachchan,"Amitabh Bachchan is widely referred to by fans and media as the 'Shahenshah of Bollywood', among other honorifics.",Cinema,Actors
What are the national film awards of India called?,CGI (computer-generated imagery) films,Sandalwood,Post-production,The National Film Awards,D) The National Film Awards,"The National Film Awards are India's most prestigious national film honors, established in 1954.",Cinema,Movie Awards
What is the popular nickname for the Tamil-language film industry?,To oversee the creative and technical aspects of making a film,Kollywood,Sandalwood,A film that portrays events occurring before an earlier film's story,B) Kollywood,"Kollywood is the popular nickname for the Tamil-language film industry, based mainly in Chennai.",Cinema,Tamil Cinema
"Quiz question: What is the term for the process of adding sound, music, and effects to a film after shooting?",The National Film Awards,To oversee the creative and technical aspects of making a film,Post-production,Sandalwood,C) Post-production,"Post-production is the phase after filming where editing, sound design, music, and visual effects are added to a film.",Cinema,Cinema History
Choose the correct answer: What is the term for the American film industry centered in Los Angeles?,Amitabh Bachchan,Movie songs (film songs),To oversee the creative and technical aspects of making a film,Hollywood,D) Hollywood,"Hollywood refers to the American film industry, historically centered in the Hollywood district of Los Angeles.",Cinema,Hollywood
Choose the correct answer: What is the term for the genre of films focused primarily on making audiences laugh?,Bollywood,Comedy,Tollywood,Kollywood,B) Comedy,"Comedy is a film genre specifically focused on humor, designed primarily to entertain and amuse audiences.",Cinema,Famous Films
Which option correctly answers this: What term describes films made using computer-generated imagery for visual effects?,"A brief appearance by a notable performer, often uncredited or in a small role",A film that achieves exceptionally high box office success,Amitabh Bachchan,CGI (computer-generated imagery) films,D) CGI (computer-generated imagery) films,"CGI films use computer-generated imagery extensively to create visual effects, characters, or entire animated worlds.",Cinema,Cinema History
Quiz question: Who directed the internationally acclaimed Indian film 'Pather Panchali' (1955)?,A film that achieves exceptionally high box office success,Satyajit Ray,The National Film Awards,Tollywood,B) Satyajit Ray,"Satyajit Ray directed 'Pather Panchali' (1955), a landmark of Indian and world cinema.",Cinema,Cinema History
Quiz question: What is the role of a film producer?,To manage the financial and logistical aspects of making a film,The Academy Awards (Oscars),A film that achieves exceptionally high box office success,A detective or mystery film,A) To manage the financial and logistical aspects of making a film,"A film producer manages the financial, logistical, and administrative aspects of a film's production.",Cinema,Producers
What are the national film awards of India called?,The International Film Festival of India (IFFI),Hollywood,A family film,The National Film Awards,D) The National Film Awards,"The National Film Awards are India's most prestigious national film honors, established in 1954.",Cinema,Movie Awards
What is the role of a film producer?,To manage the financial and logistical aspects of making a film,A family film,The International Film Festival of India (IFFI),Amitabh Bachchan,A) To manage the financial and logistical aspects of making a film,"A film producer manages the financial, logistical, and administrative aspects of a film's production.",Cinema,Producers
Which option correctly answers this: What is the term for the American film industry centered in Los Angeles?,To manage the financial and logistical aspects of making a film,Hollywood,Sandalwood,Bollywood,B) Hollywood,"Hollywood refers to the American film industry, historically centered in the Hollywood district of Los Angeles.",Cinema,Hollywood
Quiz question: What is the term for a movie made specifically for children and family audiences?,The National Film Awards,Dr. Rajkumar,A family film,Ramesh Sippy,C) A family film,"A family film is created with content and themes suitable and appealing for audiences of all ages, especially children.",Cinema,Famous Films
Choose the correct answer: What does the term 'cameo' mean in film?,"A brief appearance by a notable performer, often uncredited or in a small role",Amitabh Bachchan,Comedy,A family film,"A) A brief appearance by a notable performer, often uncredited or in a small role","A cameo refers to a brief appearance in a film by a notable performer, often in a small or uncredited role.",Cinema,Movie Characters
Quiz question: What genre of film typically centers on solving a crime or mystery?,A debut,Dr. Rajkumar,A detective or mystery film,Movie songs (film songs),C) A detective or mystery film,"Detective or mystery films typically center on solving a crime, uncovering secrets, or unraveling a mystery.",Cinema,Famous Films
"Choose the correct answer: Who played the character in a lead role of many iconic Kannada films and is often called a legendary figure of Sandalwood, honored with titles like 'Varanatha Tara'?",CGI (computer-generated imagery) films,Comedy,To oversee the creative and technical aspects of making a film,Dr. Rajkumar,D) Dr. Rajkumar,"Dr. Rajkumar is widely regarded as a legendary figure of Kannada cinema, celebrated for his extensive body of work.",Cinema,Kannada Cinema
Choose the correct answer: Which major Indian film festival is held annually in Goa?,The International Film Festival of India (IFFI),Sandalwood,A film that achieves exceptionally high box office success,Hollywood,A) The International Film Festival of India (IFFI),The International Film Festival of India (IFFI) is a major annual film festival held in Goa.,Cinema,Film Festivals
Choose the correct answer: What is a 'sequel' in film terminology?,The National Film Awards,A film that continues the story of an earlier film,Tollywood,A family film,B) A film that continues the story of an earlier film,A sequel is a film that continues or expands upon the story or characters introduced in an earlier film.,Cinema,Famous Films
Choose the correct answer: Which major Indian film festival is held annually in Goa?,Kollywood,The Academy Awards (Oscars),"A brief appearance by a notable performer, often uncredited or in a small role",The International Film Festival of India (IFFI),D) The International Film Festival of India (IFFI),The International Film Festival of India (IFFI) is a major annual film festival held in Goa.,Cinema,Film Festivals
Which actor is widely known by the nickname 'Shahenshah of Bollywood'?,A film that continues the story of an earlier film,Movie songs (film songs),Bollywood,Amitabh Bachchan,D) Amitabh Bachchan,"Amitabh Bachchan is widely referred to by fans and media as the 'Shahenshah of Bollywood', among other honorifics.",Cinema,Actors
Choose the correct answer: What genre of film typically centers on solving a crime or mystery?,A detective or mystery film,A debut,Bollywood,'RRR' (for the song 'Naatu Naatu'),A) A detective or mystery film,"Detective or mystery films typically center on solving a crime, uncovering secrets, or unraveling a mystery.",Cinema,Famous Films
Which option correctly answers this: What are the national film awards of India called?,The International Film Festival of India (IFFI),Amitabh Bachchan,The National Film Awards,The Academy Awards (Oscars),C) The National Film Awards,"The National Film Awards are India's most prestigious national film honors, established in 1954.",Cinema,Movie Awards
"Which Indian film became widely recognized internationally after winning major awards including at the 2023 Oscars, for its song?",'RRR' (for the song 'Naatu Naatu'),"A film created using techniques like drawings or computer graphics to simulate movement, rather than live actors",Movie songs (film songs),A film that portrays events occurring before an earlier film's story,A) 'RRR' (for the song 'Naatu Naatu'),"'RRR' gained major international recognition, including winning the Oscar for Best Original Song for 'Naatu Naatu' at the 2023 Academy Awards.",Cinema,Movie Awards
Choose the correct answer: What is the popular nickname for the Kannada-language film industry?,A film that achieves exceptionally high box office success,To manage the financial and logistical aspects of making a film,Sandalwood,A detective or mystery film,C) Sandalwood,"Sandalwood is the popular nickname for the Kannada-language film industry, based in Karnataka.",Cinema,Kannada Cinema
Choose the correct answer: What is a 'blockbuster' in film terminology?,Kollywood,CGI (computer-generated imagery) films,Box office collection,A film that achieves exceptionally high box office success,D) A film that achieves exceptionally high box office success,A blockbuster is a term used to describe a film that achieves exceptionally high commercial and box office success.,Cinema,Box Office
"Quiz question: What is the term for a movie's soundtrack songs, common in Indian cinema?",Movie songs (film songs),A film that continues the story of an earlier film,The International Film Festival of India (IFFI),A film that achieves exceptionally high box office success,A) Movie songs (film songs),"Movie songs, or film songs, are musical compositions included as part of a film's soundtrack, especially prominent in Indian cinema.",Cinema,Movie Songs
"Which Indian film became widely recognized internationally after winning major awards including at the 2023 Oscars, for its song?",Ramesh Sippy,Kollywood,CGI (computer-generated imagery) films,'RRR' (for the song 'Naatu Naatu'),D) 'RRR' (for the song 'Naatu Naatu'),"'RRR' gained major international recognition, including winning the Oscar for Best Original Song for 'Naatu Naatu' at the 2023 Academy Awards.",Cinema,Movie Awards
"Which option correctly answers this: Which Indian film became widely recognized internationally after winning major awards including at the 2023 Oscars, for its song?",'RRR' (for the song 'Naatu Naatu'),A detective or mystery film,Dr. Rajkumar,Ramesh Sippy,A) 'RRR' (for the song 'Naatu Naatu'),"'RRR' gained major international recognition, including winning the Oscar for Best Original Song for 'Naatu Naatu' at the 2023 Academy Awards.",Cinema,Movie Awards
Choose the correct answer: What is the popular nickname for the Hindi-language film industry based in Mumbai?,Bollywood,A debut,A film that portrays events occurring before an earlier film's story,A film that achieves exceptionally high box office success,A) Bollywood,"Bollywood is the popular nickname for India's Hindi-language film industry, based primarily in Mumbai.",Cinema,Bollywood
What is the popular nickname for the Kannada-language film industry?,A debut,A family film,Sandalwood,Movie songs (film songs),C) Sandalwood,"Sandalwood is the popular nickname for the Kannada-language film industry, based in Karnataka.",Cinema,Kannada Cinema
Choose the correct answer: What is a 'prequel' in film terminology?,A film that portrays events occurring before an earlier film's story,Ramesh Sippy,A debut,Box office collection,A) A film that portrays events occurring before an earlier film's story,A prequel portrays events that take place chronologically before the story of an earlier related film.,Cinema,Famous Films
"Which option correctly answers this: Who directed the film 'Sholay' (1975), a landmark of Indian cinema?",Ramesh Sippy,Amitabh Bachchan,'RRR' (for the song 'Naatu Naatu'),A detective or mystery film,A) Ramesh Sippy,"Ramesh Sippy directed 'Sholay' (1975), one of the most iconic and commercially successful films in Indian cinema history.",Cinema,Bollywood
Which major Indian film festival is held annually in Goa?,To oversee the creative and technical aspects of making a film,Amitabh Bachchan,Kollywood,The International Film Festival of India (IFFI),D) The International Film Festival of India (IFFI),The International Film Festival of India (IFFI) is a major annual film festival held in Goa.,Cinema,Film Festivals
Choose the correct answer: Which actor is widely known by the nickname 'Shahenshah of Bollywood'?,A family film,Amitabh Bachchan,To manage the financial and logistical aspects of making a film,"A brief appearance by a notable performer, often uncredited or in a small role",B) Amitabh Bachchan,"Amitabh Bachchan is widely referred to by fans and media as the 'Shahenshah of Bollywood', among other honorifics.",Cinema,Actors
Quiz question: What is the popular nickname for the Tamil-language film industry?,Satyajit Ray,Kollywood,Tollywood,The International Film Festival of India (IFFI),B) Kollywood,"Kollywood is the popular nickname for the Tamil-language film industry, based mainly in Chennai.",Cinema,Tamil Cinema
Choose the correct answer: What term describes an actor's first film role or debut?,A family film,Box office collection,Hollywood,A debut,D) A debut,A debut refers to an actor's or filmmaker's first professional appearance or work in a film.,Cinema,Actors
Choose the correct answer: What is the role of a film producer?,The International Film Festival of India (IFFI),To manage the financial and logistical aspects of making a film,"A film created using techniques like drawings or computer graphics to simulate movement, rather than live actors",A family film,B) To manage the financial and logistical aspects of making a film,"A film producer manages the financial, logistical, and administrative aspects of a film's production.",Cinema,Producers
Which option correctly answers this: Who directed the internationally acclaimed Indian film 'Pather Panchali' (1955)?,A film that portrays events occurring before an earlier film's story,Box office collection,Satyajit Ray,"A brief appearance by a notable performer, often uncredited or in a small role",C) Satyajit Ray,"Satyajit Ray directed 'Pather Panchali' (1955), a landmark of Indian and world cinema.",Cinema,Cinema History
"What is the term for a movie's soundtrack songs, common in Indian cinema?",Amitabh Bachchan,Movie songs (film songs),A debut,Satyajit Ray,B) Movie songs (film songs),"Movie songs, or film songs, are musical compositions included as part of a film's soundtrack, especially prominent in Indian cinema.",Cinema,Movie Songs
What is the term for a movie made specifically for children and family audiences?,The Academy Awards (Oscars),A family film,To oversee the creative and technical aspects of making a film,A debut,B) A family film,"A family film is created with content and themes suitable and appealing for audiences of all ages, especially children.",Cinema,Famous Films
"Quiz question: Who played the character in a lead role of many iconic Kannada films and is often called a legendary figure of Sandalwood, honored with titles like 'Varanatha Tara'?",Dr. Rajkumar,The Academy Awards (Oscars),Sandalwood,"A brief appearance by a notable performer, often uncredited or in a small role",A) Dr. Rajkumar,"Dr. Rajkumar is widely regarded as a legendary figure of Kannada cinema, celebrated for his extensive body of work.",Cinema,Kannada Cinema
Choose the correct answer: What is a 'blockbuster' in film terminology?,Movie songs (film songs),Bollywood,Sandalwood,A film that achieves exceptionally high box office success,D) A film that achieves exceptionally high box office success,A blockbuster is a term used to describe a film that achieves exceptionally high commercial and box office success.,Cinema,Box Office
Which option correctly answers this: What is the term for a movie made specifically for children and family audiences?,"A brief appearance by a notable performer, often uncredited or in a small role",Sandalwood,Post-production,A family film,D) A family film,"A family film is created with content and themes suitable and appealing for audiences of all ages, especially children.",Cinema,Famous Films
"Choose the correct answer: Who directed the film 'Sholay' (1975), a landmark of Indian cinema?",Ramesh Sippy,"A film created using techniques like drawings or computer graphics to simulate movement, rather than live actors",A detective or mystery film,Kollywood,A) Ramesh Sippy,"Ramesh Sippy directed 'Sholay' (1975), one of the most iconic and commercially successful films in Indian cinema history.",Cinema,Bollywood
What is the term for the genre of films focused primarily on making audiences laugh?,A film that continues the story of an earlier film,Amitabh Bachchan,Comedy,A family film,C) Comedy,"Comedy is a film genre specifically focused on humor, designed primarily to entertain and amuse audiences.",Cinema,Famous Films
Which option correctly answers this: What is the role of a film director?,A family film,Kollywood,Comedy,To oversee the creative and technical aspects of making a film,D) To oversee the creative and technical aspects of making a film,"A film director oversees the creative and technical aspects of a film's production, guiding the cast and crew.",Cinema,Directors
"Quiz question: What is the term for the process of adding sound, music, and effects to a film after shooting?",Movie songs (film songs),Tollywood,Post-production,Box office collection,C) Post-production,"Post-production is the phase after filming where editing, sound design, music, and visual effects are added to a film.",Cinema,Cinema History
Which option correctly answers this: What is the term for the American film industry centered in Los Angeles?,A debut,Movie songs (film songs),Comedy,Hollywood,D) Hollywood,"Hollywood refers to the American film industry, historically centered in the Hollywood district of Los Angeles.",Cinema,Hollywood
Quiz question: Which international film award is considered the most prestigious in the American film industry?,Post-production,The Academy Awards (Oscars),'RRR' (for the song 'Naatu Naatu'),A debut,B) The Academy Awards (Oscars),"The Academy Awards, commonly known as the Oscars, are considered the most prestigious awards in the American film industry.",Cinema,Movie Awards
"Choose the correct answer: Who played the character in a lead role of many iconic Kannada films and is often called a legendary figure of Sandalwood, honored with titles like 'Varanatha Tara'?",The Cannes Film Festival,Dr. Rajkumar,"A brief appearance by a notable performer, often uncredited or in a small role",The National Film Awards,B) Dr. Rajkumar,"Dr. Rajkumar is widely regarded as a legendary figure of Kannada cinema, celebrated for his extensive body of work.",Cinema,Kannada Cinema
Choose the correct answer: What is the popular nickname for the Telugu-language film industry?,Bollywood,Movie songs (film songs),Box office collection,Tollywood,D) Tollywood,Tollywood is the popular nickname for the Telugu-language film industry.,Cinema,Telugu Cinema
Quiz question: What is an animated film?,Tollywood,"A film created using techniques like drawings or computer graphics to simulate movement, rather than live actors",Ramesh Sippy,Satyajit Ray,"B) A film created using techniques like drawings or computer graphics to simulate movement, rather than live actors","An animated film is created using drawings, computer graphics, or other techniques to simulate motion, rather than filming live actors.",Cinema,Famous Films
Which major Indian film festival is held annually in Goa?,Amitabh Bachchan,The International Film Festival of India (IFFI),A family film,To oversee the creative and technical aspects of making a film,B) The International Film Festival of India (IFFI),The International Film Festival of India (IFFI) is a major annual film festival held in Goa.,Cinema,Film Festivals
Which option correctly answers this: Which international film award is considered the most prestigious in the American film industry?,Post-production,Satyajit Ray,The National Film Awards,The Academy Awards (Oscars),D) The Academy Awards (Oscars),"The Academy Awards, commonly known as the Oscars, are considered the most prestigious awards in the American film industry.",Cinema,Movie Awards
Choose the correct answer: Who directed the internationally acclaimed Indian film 'Pather Panchali' (1955)?,A detective or mystery film,Satyajit Ray,A debut,The International Film Festival of India (IFFI),B) Satyajit Ray,"Satyajit Ray directed 'Pather Panchali' (1955), a landmark of Indian and world cinema.",Cinema,Cinema History
Quiz question: What genre of film typically centers on solving a crime or mystery?,A detective or mystery film,Dr. Rajkumar,Amitabh Bachchan,Bollywood,A) A detective or mystery film,"Detective or mystery films typically center on solving a crime, uncovering secrets, or unraveling a mystery.",Cinema,Famous Films
"Which film festival is considered one of the most prestigious in the world, held annually in France?",Box office collection,'RRR' (for the song 'Naatu Naatu'),Ramesh Sippy,The Cannes Film Festival,D) The Cannes Film Festival,"The Cannes Film Festival, held annually in France, is one of the most prestigious and influential film festivals in the world.",Cinema,Film Festivals
"Which film festival is considered one of the most prestigious in the world, held annually in France?",The International Film Festival of India (IFFI),To oversee the creative and technical aspects of making a film,Kollywood,The Cannes Film Festival,D) The Cannes Film Festival,"The Cannes Film Festival, held annually in France, is one of the most prestigious and influential film festivals in the world.",Cinema,Film Festivals
Which option correctly answers this: Which international film award is considered the most prestigious in the American film industry?,The Academy Awards (Oscars),Box office collection,Amitabh Bachchan,Bollywood,A) The Academy Awards (Oscars),"The Academy Awards, commonly known as the Oscars, are considered the most prestigious awards in the American film industry.",Cinema,Movie Awards
Quiz question: What is a 'sequel' in film terminology?,Bollywood,A film that continues the story of an earlier film,Sandalwood,Ramesh Sippy,B) A film that continues the story of an earlier film,A sequel is a film that continues or expands upon the story or characters introduced in an earlier film.,Cinema,Famous Films
"Quiz question: What is the term for a movie's soundtrack songs, common in Indian cinema?",CGI (computer-generated imagery) films,A family film,Satyajit Ray,Movie songs (film songs),D) Movie songs (film songs),"Movie songs, or film songs, are musical compositions included as part of a film's soundtrack, especially prominent in Indian cinema.",Cinema,Movie Songs
What is the term for a movie made specifically for children and family audiences?,Box office collection,"A film created using techniques like drawings or computer graphics to simulate movement, rather than live actors",A family film,Bollywood,C) A family film,"A family film is created with content and themes suitable and appealing for audiences of all ages, especially children.",Cinema,Famous Films
Quiz question: What is the popular nickname for the Tamil-language film industry?,To manage the financial and logistical aspects of making a film,Post-production,CGI (computer-generated imagery) films,Kollywood,D) Kollywood,"Kollywood is the popular nickname for the Tamil-language film industry, based mainly in Chennai.",Cinema,Tamil Cinema
Quiz question: Which major Indian film festival is held annually in Goa?,Movie songs (film songs),A detective or mystery film,A family film,The International Film Festival of India (IFFI),D) The International Film Festival of India (IFFI),The International Film Festival of India (IFFI) is a major annual film festival held in Goa.,Cinema,Film Festivals
What does the term 'cameo' mean in film?,Satyajit Ray,Dr. Rajkumar,"A brief appearance by a notable performer, often uncredited or in a small role",A film that continues the story of an earlier film,"C) A brief appearance by a notable performer, often uncredited or in a small role","A cameo refers to a brief appearance in a film by a notable performer, often in a small or uncredited role.",Cinema,Movie Characters
Quiz question: Who directed the internationally acclaimed Indian film 'Pather Panchali' (1955)?,The Cannes Film Festival,Dr. Rajkumar,The National Film Awards,Satyajit Ray,D) Satyajit Ray,"Satyajit Ray directed 'Pather Panchali' (1955), a landmark of Indian and world cinema.",Cinema,Cinema History
Choose the correct answer: What is the role of a film producer?,Bollywood,A family film,To manage the financial and logistical aspects of making a film,The Academy Awards (Oscars),C) To manage the financial and logistical aspects of making a film,"A film producer manages the financial, logistical, and administrative aspects of a film's production.",Cinema,Producers
"Which option correctly answers this: What is the term for a movie's soundtrack songs, common in Indian cinema?",A family film,Hollywood,Movie songs (film songs),The Cannes Film Festival,C) Movie songs (film songs),"Movie songs, or film songs, are musical compositions included as part of a film's soundtrack, especially prominent in Indian cinema.",Cinema,Movie Songs
Choose the correct answer: What is the popular nickname for the Kannada-language film industry?,Sandalwood,Comedy,Tollywood,Movie songs (film songs),A) Sandalwood,"Sandalwood is the popular nickname for the Kannada-language film industry, based in Karnataka.",Cinema,Kannada Cinema
What is a 'prequel' in film terminology?,Bollywood,A film that portrays events occurring before an earlier film's story,Sandalwood,A debut,B) A film that portrays events occurring before an earlier film's story,A prequel portrays events that take place chronologically before the story of an earlier related film.,Cinema,Famous Films
What is the term for the genre of films focused primarily on making audiences laugh?,Comedy,To manage the financial and logistical aspects of making a film,The National Film Awards,A detective or mystery film,A) Comedy,"Comedy is a film genre specifically focused on humor, designed primarily to entertain and amuse audiences.",Cinema,Famous Films
Quiz question: What is the term for the American film industry centered in Los Angeles?,To manage the financial and logistical aspects of making a film,A family film,A film that achieves exceptionally high box office success,Hollywood,D) Hollywood,"Hollywood refers to the American film industry, historically centered in the Hollywood district of Los Angeles.",Cinema,Hollywood
Quiz question: What is the role of a film director?,To oversee the creative and technical aspects of making a film,Kollywood,Movie songs (film songs),Ramesh Sippy,A) To oversee the creative and technical aspects of making a film,"A film director oversees the creative and technical aspects of a film's production, guiding the cast and crew.",Cinema,Directors
What is an animated film?,CGI (computer-generated imagery) films,"A film created using techniques like drawings or computer graphics to simulate movement, rather than live actors",The National Film Awards,The International Film Festival of India (IFFI),"B) A film created using techniques like drawings or computer graphics to simulate movement, rather than live actors","An animated film is created using drawings, computer graphics, or other techniques to simulate motion, rather than filming live actors.",Cinema,Famous Films
Which option correctly answers this: What are the national film awards of India called?,The International Film Festival of India (IFFI),Post-production,The Cannes Film Festival,The National Film Awards,D) The National Film Awards,"The National Film Awards are India's most prestigious national film honors, established in 1954.",Cinema,Movie Awards
"Quiz question: Which Indian film became widely recognized internationally after winning major awards including at the 2023 Oscars, for its song?",To oversee the creative and technical aspects of making a film,Hollywood,'RRR' (for the song 'Naatu Naatu'),A film that achieves exceptionally high box office success,C) 'RRR' (for the song 'Naatu Naatu'),"'RRR' gained major international recognition, including winning the Oscar for Best Original Song for 'Naatu Naatu' at the 2023 Academy Awards.",Cinema,Movie Awards
Which international film award is considered the most prestigious in the American film industry?,Kollywood,To oversee the creative and technical aspects of making a film,The Academy Awards (Oscars),Sandalwood,C) The Academy Awards (Oscars),"The Academy Awards, commonly known as the Oscars, are considered the most prestigious awards in the American film industry.",Cinema,Movie Awards
Quiz question: What is the popular nickname for the Hindi-language film industry based in Mumbai?,Kollywood,Bollywood,A family film,To oversee the creative and technical aspects of making a film,B) Bollywood,"Bollywood is the popular nickname for India's Hindi-language film industry, based primarily in Mumbai.",Cinema,Bollywood
Choose the correct answer: What term describes films made using computer-generated imagery for visual effects?,Ramesh Sippy,Dr. Rajkumar,CGI (computer-generated imagery) films,The Academy Awards (Oscars),C) CGI (computer-generated imagery) films,"CGI films use computer-generated imagery extensively to create visual effects, characters, or entire animated worlds.",Cinema,Cinema History
Choose the correct answer: Which international film award is considered the most prestigious in the American film industry?,The Academy Awards (Oscars),Ramesh Sippy,Amitabh Bachchan,To manage the financial and logistical aspects of making a film,A) The Academy Awards (Oscars),"The Academy Awards, commonly known as the Oscars, are considered the most prestigious awards in the American film industry.",Cinema,Movie Awards
Quiz question: What is a 'prequel' in film terminology?,Sandalwood,To oversee the creative and technical aspects of making a film,A film that portrays events occurring before an earlier film's story,The Academy Awards (Oscars),C) A film that portrays events occurring before an earlier film's story,A prequel portrays events that take place chronologically before the story of an earlier related film.,Cinema,Famous Films
What term describes an actor's first film role or debut?,A debut,The National Film Awards,The International Film Festival of India (IFFI),To oversee the creative and technical aspects of making a film,A) A debut,A debut refers to an actor's or filmmaker's first professional appearance or work in a film.,Cinema,Actors
Which option correctly answers this: Which major Indian film festival is held annually in Goa?,A debut,A family film,The International Film Festival of India (IFFI),Bollywood,C) The International Film Festival of India (IFFI),The International Film Festival of India (IFFI) is a major annual film festival held in Goa.,Cinema,Film Festivals
What term describes films made using computer-generated imagery for visual effects?,A film that achieves exceptionally high box office success,Movie songs (film songs),Kollywood,CGI (computer-generated imagery) films,D) CGI (computer-generated imagery) films,"CGI films use computer-generated imagery extensively to create visual effects, characters, or entire animated worlds.",Cinema,Cinema History
Quiz question: What is the term for a movie made specifically for children and family audiences?,A detective or mystery film,Amitabh Bachchan,A family film,To manage the financial and logistical aspects of making a film,C) A family film,"A family film is created with content and themes suitable and appealing for audiences of all ages, especially children.",Cinema,Famous Films
What is an animated film?,Dr. Rajkumar,"A film created using techniques like drawings or computer graphics to simulate movement, rather than live actors",Movie songs (film songs),To manage the financial and logistical aspects of making a film,"B) A film created using techniques like drawings or computer graphics to simulate movement, rather than live actors","An animated film is created using drawings, computer graphics, or other techniques to simulate motion, rather than filming live actors.",Cinema,Famous Films
Quiz question: What does the term 'cameo' mean in film?,"A brief appearance by a notable performer, often uncredited or in a small role",Tollywood,A film that achieves exceptionally high box office success,'RRR' (for the song 'Naatu Naatu'),"A) A brief appearance by a notable performer, often uncredited or in a small role","A cameo refers to a brief appearance in a film by a notable performer, often in a small or uncredited role.",Cinema,Movie Characters
"Quiz question: Which film festival is considered one of the most prestigious in the world, held annually in France?",A film that portrays events occurring before an earlier film's story,Kollywood,The Cannes Film Festival,Hollywood,C) The Cannes Film Festival,"The Cannes Film Festival, held annually in France, is one of the most prestigious and influential film festivals in the world.",Cinema,Film Festivals
"Who directed the film 'Sholay' (1975), a landmark of Indian cinema?",Tollywood,Bollywood,Ramesh Sippy,Dr. Rajkumar,C) Ramesh Sippy,"Ramesh Sippy directed 'Sholay' (1975), one of the most iconic and commercially successful films in Indian cinema history.",Cinema,Bollywood
Which option correctly answers this: What term describes films made using computer-generated imagery for visual effects?,A debut,CGI (computer-generated imagery) films,Kollywood,Bollywood,B) CGI (computer-generated imagery) films,"CGI films use computer-generated imagery extensively to create visual effects, characters, or entire animated worlds.",Cinema,Cinema History
What term describes films made using computer-generated imagery for visual effects?,The International Film Festival of India (IFFI),CGI (computer-generated imagery) films,Ramesh Sippy,Bollywood,B) CGI (computer-generated imagery) films,"CGI films use computer-generated imagery extensively to create visual effects, characters, or entire animated worlds.",Cinema,Cinema History
Which option correctly answers this: What is a 'sequel' in film terminology?,To oversee the creative and technical aspects of making a film,Ramesh Sippy,A film that continues the story of an earlier film,The International Film Festival of India (IFFI),C) A film that continues the story of an earlier film,A sequel is a film that continues or expands upon the story or characters introduced in an earlier film.,Cinema,Famous Films
Choose the correct answer: What is the term for a film's total earnings from ticket sales?,Box office collection,Movie songs (film songs),To oversee the creative and technical aspects of making a film,A film that achieves exceptionally high box office success,A) Box office collection,Box office collection refers to the total revenue a film earns from ticket sales.,Cinema,Box Office
Which option correctly answers this: What are the national film awards of India called?,Kollywood,The National Film Awards,Bollywood,Amitabh Bachchan,B) The National Film Awards,"The National Film Awards are India's most prestigious national film honors, established in 1954.",Cinema,Movie Awards
Choose the correct answer: What is a 'sequel' in film terminology?,A film that continues the story of an earlier film,The Academy Awards (Oscars),A film that portrays events occurring before an earlier film's story,A debut,A) A film that continues the story of an earlier film,A sequel is a film that continues or expands upon the story or characters introduced in an earlier film.,Cinema,Famous Films
"Which Indian film became widely recognized internationally after winning major awards including at the 2023 Oscars, for its song?",The National Film Awards,'RRR' (for the song 'Naatu Naatu'),A family film,Post-production,B) 'RRR' (for the song 'Naatu Naatu'),"'RRR' gained major international recognition, including winning the Oscar for Best Original Song for 'Naatu Naatu' at the 2023 Academy Awards.",Cinema,Movie Awards
"Choose the correct answer: Which film festival is considered one of the most prestigious in the world, held annually in France?",Ramesh Sippy,Movie songs (film songs),The Cannes Film Festival,Satyajit Ray,C) The Cannes Film Festival,"The Cannes Film Festival, held annually in France, is one of the most prestigious and influential film festivals in the world.",Cinema,Film Festivals
Which option correctly answers this: Which major Indian film festival is held annually in Goa?,The International Film Festival of India (IFFI),Satyajit Ray,Movie songs (film songs),Amitabh Bachchan,A) The International Film Festival of India (IFFI),The International Film Festival of India (IFFI) is a major annual film festival held in Goa.,Cinema,Film Festivals
"Which option correctly answers this: What is the term for a movie's soundtrack songs, common in Indian cinema?",Movie songs (film songs),Amitabh Bachchan,The Cannes Film Festival,Comedy,A) Movie songs (film songs),"Movie songs, or film songs, are musical compositions included as part of a film's soundtrack, especially prominent in Indian cinema.",Cinema,Movie Songs
What genre of film typically centers on solving a crime or mystery?,Satyajit Ray,Amitabh Bachchan,A detective or mystery film,The International Film Festival of India (IFFI),C) A detective or mystery film,"Detective or mystery films typically center on solving a crime, uncovering secrets, or unraveling a mystery.",Cinema,Famous Films
Which option correctly answers this: What is the term for the genre of films focused primarily on making audiences laugh?,"A brief appearance by a notable performer, often uncredited or in a small role",Comedy,Movie songs (film songs),Amitabh Bachchan,B) Comedy,"Comedy is a film genre specifically focused on humor, designed primarily to entertain and amuse audiences.",Cinema,Famous Films
What is the role of a film producer?,To manage the financial and logistical aspects of making a film,The Academy Awards (Oscars),To oversee the creative and technical aspects of making a film,"A film created using techniques like drawings or computer graphics to simulate movement, rather than live actors",A) To manage the financial and logistical aspects of making a film,"A film producer manages the financial, logistical, and administrative aspects of a film's production.",Cinema,Producers
Quiz question: What is a 'blockbuster' in film terminology?,The International Film Festival of India (IFFI),Hollywood,Comedy,A film that achieves exceptionally high box office success,D) A film that achieves exceptionally high box office success,A blockbuster is a term used to describe a film that achieves exceptionally high commercial and box office success.,Cinema,Box Office
"Which option correctly answers this: What is the term for a movie's soundtrack songs, common in Indian cinema?",Tollywood,Amitabh Bachchan,A debut,Movie songs (film songs),D) Movie songs (film songs),"Movie songs, or film songs, are musical compositions included as part of a film's soundtrack, especially prominent in Indian cinema.",Cinema,Movie Songs
What is the role of a film director?,CGI (computer-generated imagery) films,'RRR' (for the song 'Naatu Naatu'),To oversee the creative and technical aspects of making a film,A film that achieves exceptionally high box office success,C) To oversee the creative and technical aspects of making a film,"A film director oversees the creative and technical aspects of a film's production, guiding the cast and crew.",Cinema,Directors
"Who directed the film 'Sholay' (1975), a landmark of Indian cinema?",Movie songs (film songs),"A film created using techniques like drawings or computer graphics to simulate movement, rather than live actors","A brief appearance by a notable performer, often uncredited or in a small role",Ramesh Sippy,D) Ramesh Sippy,"Ramesh Sippy directed 'Sholay' (1975), one of the most iconic and commercially successful films in Indian cinema history.",Cinema,Bollywood
Quiz question: What is a 'prequel' in film terminology?,The National Film Awards,To manage the financial and logistical aspects of making a film,Comedy,A film that portrays events occurring before an earlier film's story,D) A film that portrays events occurring before an earlier film's story,A prequel portrays events that take place chronologically before the story of an earlier related film.,Cinema,Famous Films
Quiz question: What is the term for a movie made specifically for children and family audiences?,A family film,A film that portrays events occurring before an earlier film's story,To oversee the creative and technical aspects of making a film,A film that continues the story of an earlier film,A) A family film,"A family film is created with content and themes suitable and appealing for audiences of all ages, especially children.",Cinema,Famous Films
Quiz question: What is a 'blockbuster' in film terminology?,A film that achieves exceptionally high box office success,Ramesh Sippy,Hollywood,Satyajit Ray,A) A film that achieves exceptionally high box office success,A blockbuster is a term used to describe a film that achieves exceptionally high commercial and box office success.,Cinema,Box Office
"Choose the correct answer: What is the term for a movie's soundtrack songs, common in Indian cinema?",The Academy Awards (Oscars),Box office collection,Movie songs (film songs),Bollywood,C) Movie songs (film songs),"Movie songs, or film songs, are musical compositions included as part of a film's soundtrack, especially prominent in Indian cinema.",Cinema,Movie Songs
Which option correctly answers this: What are the national film awards of India called?,The Academy Awards (Oscars),The National Film Awards,"A film created using techniques like drawings or computer graphics to simulate movement, rather than live actors",A film that portrays events occurring before an earlier film's story,B) The National Film Awards,"The National Film Awards are India's most prestigious national film honors, established in 1954.",Cinema,Movie Awards
"What is the term for the process of adding sound, music, and effects to a film after shooting?",Dr. Rajkumar,A film that continues the story of an earlier film,The National Film Awards,Post-production,D) Post-production,"Post-production is the phase after filming where editing, sound design, music, and visual effects are added to a film.",Cinema,Cinema History
Quiz question: What is the popular nickname for the Telugu-language film industry?,A family film,The Cannes Film Festival,Amitabh Bachchan,Tollywood,D) Tollywood,Tollywood is the popular nickname for the Telugu-language film industry.,Cinema,Telugu Cinema
Quiz question: What is the role of a film producer?,To manage the financial and logistical aspects of making a film,To oversee the creative and technical aspects of making a film,The Academy Awards (Oscars),Kollywood,A) To manage the financial and logistical aspects of making a film,"A film producer manages the financial, logistical, and administrative aspects of a film's production.",Cinema,Producers
Choose the correct answer: What term describes an actor's first film role or debut?,A debut,The National Film Awards,Tollywood,Box office collection,A) A debut,A debut refers to an actor's or filmmaker's first professional appearance or work in a film.,Cinema,Actors
Choose the correct answer: What is the role of a film producer?,The Cannes Film Festival,"A brief appearance by a notable performer, often uncredited or in a small role",CGI (computer-generated imagery) films,To manage the financial and logistical aspects of making a film,D) To manage the financial and logistical aspects of making a film,"A film producer manages the financial, logistical, and administrative aspects of a film's production.",Cinema,Producers
Quiz question: What is a 'sequel' in film terminology?,A detective or mystery film,A film that continues the story of an earlier film,Hollywood,CGI (computer-generated imagery) films,B) A film that continues the story of an earlier film,A sequel is a film that continues or expands upon the story or characters introduced in an earlier film.,Cinema,Famous Films
Choose the correct answer: What is a 'prequel' in film terminology?,A family film,A debut,To oversee the creative and technical aspects of making a film,A film that portrays events occurring before an earlier film's story,D) A film that portrays events occurring before an earlier film's story,A prequel portrays events that take place chronologically before the story of an earlier related film.,Cinema,Famous Films
Quiz question: What genre of film typically centers on solving a crime or mystery?,To manage the financial and logistical aspects of making a film,A detective or mystery film,'RRR' (for the song 'Naatu Naatu'),"A film created using techniques like drawings or computer graphics to simulate movement, rather than live actors",B) A detective or mystery film,"Detective or mystery films typically center on solving a crime, uncovering secrets, or unraveling a mystery.",Cinema,Famous Films
"Which film festival is considered one of the most prestigious in the world, held annually in France?",A debut,'RRR' (for the song 'Naatu Naatu'),Ramesh Sippy,The Cannes Film Festival,D) The Cannes Film Festival,"The Cannes Film Festival, held annually in France, is one of the most prestigious and influential film festivals in the world.",Cinema,Film Festivals
Which option correctly answers this: What is the popular nickname for the Kannada-language film industry?,Sandalwood,"A brief appearance by a notable performer, often uncredited or in a small role",Hollywood,Kollywood,A) Sandalwood,"Sandalwood is the popular nickname for the Kannada-language film industry, based in Karnataka.",Cinema,Kannada Cinema
Choose the correct answer: What is the term for the genre of films focused primarily on making audiences laugh?,Sandalwood,A detective or mystery film,Box office collection,Comedy,D) Comedy,"Comedy is a film genre specifically focused on humor, designed primarily to entertain and amuse audiences.",Cinema,Famous Films
Which option correctly answers this: What term describes films made using computer-generated imagery for visual effects?,Dr. Rajkumar,Post-production,CGI (computer-generated imagery) films,Bollywood,C) CGI (computer-generated imagery) films,"CGI films use computer-generated imagery extensively to create visual effects, characters, or entire animated worlds.",Cinema,Cinema History
Choose the correct answer: What genre of film typically centers on solving a crime or mystery?,A detective or mystery film,Ramesh Sippy,A film that continues the story of an earlier film,To manage the financial and logistical aspects of making a film,A) A detective or mystery film,"Detective or mystery films typically center on solving a crime, uncovering secrets, or unraveling a mystery.",Cinema,Famous Films
Choose the correct answer: What is the popular nickname for the Telugu-language film industry?,A debut,Tollywood,Comedy,To oversee the creative and technical aspects of making a film,B) Tollywood,Tollywood is the popular nickname for the Telugu-language film industry.,Cinema,Telugu Cinema
Choose the correct answer: What is the popular nickname for the Hindi-language film industry based in Mumbai?,Tollywood,Comedy,Bollywood,The National Film Awards,C) Bollywood,"Bollywood is the popular nickname for India's Hindi-language film industry, based primarily in Mumbai.",Cinema,Bollywood
Which option correctly answers this: Which major Indian film festival is held annually in Goa?,Comedy,The National Film Awards,CGI (computer-generated imagery) films,The International Film Festival of India (IFFI),D) The International Film Festival of India (IFFI),The International Film Festival of India (IFFI) is a major annual film festival held in Goa.,Cinema,Film Festivals
Quiz question: What term describes an actor's first film role or debut?,Hollywood,Ramesh Sippy,The Academy Awards (Oscars),A debut,D) A debut,A debut refers to an actor's or filmmaker's first professional appearance or work in a film.,Cinema,Actors
Quiz question: What is a 'prequel' in film terminology?,Comedy,CGI (computer-generated imagery) films,A debut,A film that portrays events occurring before an earlier film's story,D) A film that portrays events occurring before an earlier film's story,A prequel portrays events that take place chronologically before the story of an earlier related film.,Cinema,Famous Films
Choose the correct answer: Which international film award is considered the most prestigious in the American film industry?,A debut,To manage the financial and logistical aspects of making a film,CGI (computer-generated imagery) films,The Academy Awards (Oscars),D) The Academy Awards (Oscars),"The Academy Awards, commonly known as the Oscars, are considered the most prestigious awards in the American film industry.",Cinema,Movie Awards
"Which Indian film became widely recognized internationally after winning major awards including at the 2023 Oscars, for its song?",Ramesh Sippy,A debut,'RRR' (for the song 'Naatu Naatu'),Tollywood,C) 'RRR' (for the song 'Naatu Naatu'),"'RRR' gained major international recognition, including winning the Oscar for Best Original Song for 'Naatu Naatu' at the 2023 Academy Awards.",Cinema,Movie Awards
What is the popular nickname for the Telugu-language film industry?,Comedy,"A brief appearance by a notable performer, often uncredited or in a small role",Tollywood,The International Film Festival of India (IFFI),C) Tollywood,Tollywood is the popular nickname for the Telugu-language film industry.,Cinema,Telugu Cinema
What is a 'blockbuster' in film terminology?,A film that achieves exceptionally high box office success,Dr. Rajkumar,The International Film Festival of India (IFFI),Kollywood,A) A film that achieves exceptionally high box office success,A blockbuster is a term used to describe a film that achieves exceptionally high commercial and box office success.,Cinema,Box Office
Quiz question: What is a 'prequel' in film terminology?,A film that portrays events occurring before an earlier film's story,Movie songs (film songs),Post-production,Dr. Rajkumar,A) A film that portrays events occurring before an earlier film's story,A prequel portrays events that take place chronologically before the story of an earlier related film.,Cinema,Famous Films
"Which film festival is considered one of the most prestigious in the world, held annually in France?",Ramesh Sippy,To manage the financial and logistical aspects of making a film,The Cannes Film Festival,Kollywood,C) The Cannes Film Festival,"The Cannes Film Festival, held annually in France, is one of the most prestigious and influential film festivals in the world.",Cinema,Film Festivals
"Quiz question: What is the term for the process of adding sound, music, and effects to a film after shooting?",Comedy,Post-production,"A brief appearance by a notable performer, often uncredited or in a small role",A debut,B) Post-production,"Post-production is the phase after filming where editing, sound design, music, and visual effects are added to a film.",Cinema,Cinema History
Quiz question: Which actor is widely known by the nickname 'Shahenshah of Bollywood'?,Dr. Rajkumar,Amitabh Bachchan,Satyajit Ray,The Academy Awards (Oscars),B) Amitabh Bachchan,"Amitabh Bachchan is widely referred to by fans and media as the 'Shahenshah of Bollywood', among other honorifics.",Cinema,Actors
Quiz question: What is the popular nickname for the Telugu-language film industry?,Tollywood,A film that portrays events occurring before an earlier film's story,Satyajit Ray,Bollywood,A) Tollywood,Tollywood is the popular nickname for the Telugu-language film industry.,Cinema,Telugu Cinema
Which option correctly answers this: What is a 'prequel' in film terminology?,To oversee the creative and technical aspects of making a film,A film that portrays events occurring before an earlier film's story,To manage the financial and logistical aspects of making a film,A film that achieves exceptionally high box office success,B) A film that portrays events occurring before an earlier film's story,A prequel portrays events that take place chronologically before the story of an earlier related film.,Cinema,Famous Films
Choose the correct answer: Which international film award is considered the most prestigious in the American film industry?,Bollywood,To oversee the creative and technical aspects of making a film,The Academy Awards (Oscars),A detective or mystery film,C) The Academy Awards (Oscars),"The Academy Awards, commonly known as the Oscars, are considered the most prestigious awards in the American film industry.",Cinema,Movie Awards
Quiz question: What is the popular nickname for the Tamil-language film industry?,The National Film Awards,Kollywood,Ramesh Sippy,Movie songs (film songs),B) Kollywood,"Kollywood is the popular nickname for the Tamil-language film industry, based mainly in Chennai.",Cinema,Tamil Cinema
Which international film award is considered the most prestigious in the American film industry?,The Academy Awards (Oscars),'RRR' (for the song 'Naatu Naatu'),Kollywood,"A brief appearance by a notable performer, often uncredited or in a small role",A) The Academy Awards (Oscars),"The Academy Awards, commonly known as the Oscars, are considered the most prestigious awards in the American film industry.",Cinema,Movie Awards
Which option correctly answers this: What is a 'prequel' in film terminology?,CGI (computer-generated imagery) films,A film that portrays events occurring before an earlier film's story,Amitabh Bachchan,The National Film Awards,B) A film that portrays events occurring before an earlier film's story,A prequel portrays events that take place chronologically before the story of an earlier related film.,Cinema,Famous Films
Quiz question: What is the term for a film's total earnings from ticket sales?,Bollywood,To manage the financial and logistical aspects of making a film,Box office collection,Ramesh Sippy,C) Box office collection,Box office collection refers to the total revenue a film earns from ticket sales.,Cinema,Box Office
Quiz question: Who directed the internationally acclaimed Indian film 'Pather Panchali' (1955)?,"A film created using techniques like drawings or computer graphics to simulate movement, rather than live actors",Kollywood,Sandalwood,Satyajit Ray,D) Satyajit Ray,"Satyajit Ray directed 'Pather Panchali' (1955), a landmark of Indian and world cinema.",Cinema,Cinema History
Which option correctly answers this: What is the role of a film producer?,A family film,Box office collection,To manage the financial and logistical aspects of making a film,"A film created using techniques like drawings or computer graphics to simulate movement, rather than live actors",C) To manage the financial and logistical aspects of making a film,"A film producer manages the financial, logistical, and administrative aspects of a film's production.",Cinema,Producers
Quiz question: What term describes films made using computer-generated imagery for visual effects?,CGI (computer-generated imagery) films,Amitabh Bachchan,Box office collection,Comedy,A) CGI (computer-generated imagery) films,"CGI films use computer-generated imagery extensively to create visual effects, characters, or entire animated worlds.",Cinema,Cinema History
Quiz question: What term describes films made using computer-generated imagery for visual effects?,Hollywood,To oversee the creative and technical aspects of making a film,CGI (computer-generated imagery) films,Bollywood,C) CGI (computer-generated imagery) films,"CGI films use computer-generated imagery extensively to create visual effects, characters, or entire animated worlds.",Cinema,Cinema History
"Quiz question: Who directed the film 'Sholay' (1975), a landmark of Indian cinema?",To manage the financial and logistical aspects of making a film,Ramesh Sippy,The International Film Festival of India (IFFI),Satyajit Ray,B) Ramesh Sippy,"Ramesh Sippy directed 'Sholay' (1975), one of the most iconic and commercially successful films in Indian cinema history.",Cinema,Bollywood
Quiz question: What does the term 'cameo' mean in film?,"A brief appearance by a notable performer, often uncredited or in a small role",Post-production,A detective or mystery film,Comedy,"A) A brief appearance by a notable performer, often uncredited or in a small role","A cameo refers to a brief appearance in a film by a notable performer, often in a small or uncredited role.",Cinema,Movie Characters
"Which option correctly answers this: What is the term for the process of adding sound, music, and effects to a film after shooting?",'RRR' (for the song 'Naatu Naatu'),Post-production,Amitabh Bachchan,The Cannes Film Festival,B) Post-production,"Post-production is the phase after filming where editing, sound design, music, and visual effects are added to a film.",Cinema,Cinema History
Quiz question: What is a 'sequel' in film terminology?,Ramesh Sippy,A film that portrays events occurring before an earlier film's story,Box office collection,A film that continues the story of an earlier film,D) A film that continues the story of an earlier film,A sequel is a film that continues or expands upon the story or characters introduced in an earlier film.,Cinema,Famous Films
"Quiz question: Who played the character in a lead role of many iconic Kannada films and is often called a legendary figure of Sandalwood, honored with titles like 'Varanatha Tara'?",A detective or mystery film,Hollywood,Dr. Rajkumar,To manage the financial and logistical aspects of making a film,C) Dr. Rajkumar,"Dr. Rajkumar is widely regarded as a legendary figure of Kannada cinema, celebrated for his extensive body of work.",Cinema,Kannada Cinema
Which option correctly answers this: What is the popular nickname for the Hindi-language film industry based in Mumbai?,Hollywood,A family film,The National Film Awards,Bollywood,D) Bollywood,"Bollywood is the popular nickname for India's Hindi-language film industry, based primarily in Mumbai.",Cinema,Bollywood
Which option correctly answers this: What is the popular nickname for the Tamil-language film industry?,Kollywood,Amitabh Bachchan,CGI (computer-generated imagery) films,"A brief appearance by a notable performer, often uncredited or in a small role",A) Kollywood,"Kollywood is the popular nickname for the Tamil-language film industry, based mainly in Chennai.",Cinema,Tamil Cinema
"Which option correctly answers this: What is the term for a movie's soundtrack songs, common in Indian cinema?",The Cannes Film Festival,The Academy Awards (Oscars),Bollywood,Movie songs (film songs),D) Movie songs (film songs),"Movie songs, or film songs, are musical compositions included as part of a film's soundtrack, especially prominent in Indian cinema.",Cinema,Movie Songs
Choose the correct answer: What is the term for the American film industry centered in Los Angeles?,Comedy,The International Film Festival of India (IFFI),Hollywood,CGI (computer-generated imagery) films,C) Hollywood,"Hollywood refers to the American film industry, historically centered in the Hollywood district of Los Angeles.",Cinema,Hollywood
Which option correctly answers this: What is a 'sequel' in film terminology?,Post-production,A film that continues the story of an earlier film,A film that portrays events occurring before an earlier film's story,A film that achieves exceptionally high box office success,B) A film that continues the story of an earlier film,A sequel is a film that continues or expands upon the story or characters introduced in an earlier film.,Cinema,Famous Films
What is the term for the American film industry centered in Los Angeles?,CGI (computer-generated imagery) films,The Academy Awards (Oscars),Ramesh Sippy,Hollywood,D) Hollywood,"Hollywood refers to the American film industry, historically centered in the Hollywood district of Los Angeles.",Cinema,Hollywood
Quiz question: What is the popular nickname for the Hindi-language film industry based in Mumbai?,To manage the financial and logistical aspects of making a film,CGI (computer-generated imagery) films,A detective or mystery film,Bollywood,D) Bollywood,"Bollywood is the popular nickname for India's Hindi-language film industry, based primarily in Mumbai.",Cinema,Bollywood
Choose the correct answer: What term describes an actor's first film role or debut?,To oversee the creative and technical aspects of making a film,To manage the financial and logistical aspects of making a film,A film that portrays events occurring before an earlier film's story,A debut,D) A debut,A debut refers to an actor's or filmmaker's first professional appearance or work in a film.,Cinema,Actors
What genre of film typically centers on solving a crime or mystery?,A film that achieves exceptionally high box office success,A detective or mystery film,A film that continues the story of an earlier film,Movie songs (film songs),B) A detective or mystery film,"Detective or mystery films typically center on solving a crime, uncovering secrets, or unraveling a mystery.",Cinema,Famous Films
"Quiz question: What is the term for a movie's soundtrack songs, common in Indian cinema?",The Cannes Film Festival,Dr. Rajkumar,Movie songs (film songs),Sandalwood,C) Movie songs (film songs),"Movie songs, or film songs, are musical compositions included as part of a film's soundtrack, especially prominent in Indian cinema.",Cinema,Movie Songs
What term describes an actor's first film role or debut?,Post-production,A family film,A debut,Hollywood,C) A debut,A debut refers to an actor's or filmmaker's first professional appearance or work in a film.,Cinema,Actors
Quiz question: What is the popular nickname for the Kannada-language film industry?,Dr. Rajkumar,Sandalwood,"A brief appearance by a notable performer, often uncredited or in a small role",A detective or mystery film,B) Sandalwood,"Sandalwood is the popular nickname for the Kannada-language film industry, based in Karnataka.",Cinema,Kannada Cinema
What is a 'blockbuster' in film terminology?,Comedy,To oversee the creative and technical aspects of making a film,A film that achieves exceptionally high box office success,Sandalwood,C) A film that achieves exceptionally high box office success,A blockbuster is a term used to describe a film that achieves exceptionally high commercial and box office success.,Cinema,Box Office
"Who played the character in a lead role of many iconic Kannada films and is often called a legendary figure of Sandalwood, honored with titles like 'Varanatha Tara'?",Dr. Rajkumar,The Cannes Film Festival,Post-production,Movie songs (film songs),A) Dr. Rajkumar,"Dr. Rajkumar is widely regarded as a legendary figure of Kannada cinema, celebrated for his extensive body of work.",Cinema,Kannada Cinema
Which option correctly answers this: What is the popular nickname for the Kannada-language film industry?,The Academy Awards (Oscars),Comedy,A film that portrays events occurring before an earlier film's story,Sandalwood,D) Sandalwood,"Sandalwood is the popular nickname for the Kannada-language film industry, based in Karnataka.",Cinema,Kannada Cinema
"Which Indian film became widely recognized internationally after winning major awards including at the 2023 Oscars, for its song?",Kollywood,Sandalwood,A detective or mystery film,'RRR' (for the song 'Naatu Naatu'),D) 'RRR' (for the song 'Naatu Naatu'),"'RRR' gained major international recognition, including winning the Oscar for Best Original Song for 'Naatu Naatu' at the 2023 Academy Awards.",Cinema,Movie Awards
Which option correctly answers this: What genre of film typically centers on solving a crime or mystery?,A family film,Post-production,Amitabh Bachchan,A detective or mystery film,D) A detective or mystery film,"Detective or mystery films typically center on solving a crime, uncovering secrets, or unraveling a mystery.",Cinema,Famous Films
"Quiz question: What is the term for a movie's soundtrack songs, common in Indian cinema?",Tollywood,A debut,"A brief appearance by a notable performer, often uncredited or in a small role",Movie songs (film songs),D) Movie songs (film songs),"Movie songs, or film songs, are musical compositions included as part of a film's soundtrack, especially prominent in Indian cinema.",Cinema,Movie Songs
What is the popular nickname for the Kannada-language film industry?,A debut,A family film,Sandalwood,Post-production,C) Sandalwood,"Sandalwood is the popular nickname for the Kannada-language film industry, based in Karnataka.",Cinema,Kannada Cinema
Which option correctly answers this: What is a 'blockbuster' in film terminology?,Kollywood,Movie songs (film songs),A film that achieves exceptionally high box office success,Sandalwood,C) A film that achieves exceptionally high box office success,A blockbuster is a term used to describe a film that achieves exceptionally high commercial and box office success.,Cinema,Box Office
Quiz question: What does the term 'cameo' mean in film?,A debut,The National Film Awards,"A brief appearance by a notable performer, often uncredited or in a small role",A film that achieves exceptionally high box office success,"C) A brief appearance by a notable performer, often uncredited or in a small role","A cameo refers to a brief appearance in a film by a notable performer, often in a small or uncredited role.",Cinema,Movie Characters
Quiz question: What is a 'sequel' in film terminology?,Dr. Rajkumar,"A brief appearance by a notable performer, often uncredited or in a small role",A film that continues the story of an earlier film,Comedy,C) A film that continues the story of an earlier film,A sequel is a film that continues or expands upon the story or characters introduced in an earlier film.,Cinema,Famous Films
"What is the term for the process of adding sound, music, and effects to a film after shooting?",A film that continues the story of an earlier film,The National Film Awards,Post-production,To oversee the creative and technical aspects of making a film,C) Post-production,"Post-production is the phase after filming where editing, sound design, music, and visual effects are added to a film.",Cinema,Cinema History
"What is the term for a movie's soundtrack songs, common in Indian cinema?",Tollywood,A film that portrays events occurring before an earlier film's story,Movie songs (film songs),Comedy,C) Movie songs (film songs),"Movie songs, or film songs, are musical compositions included as part of a film's soundtrack, especially prominent in Indian cinema.",Cinema,Movie Songs
Which option correctly answers this: What is the popular nickname for the Telugu-language film industry?,Box office collection,Post-production,Tollywood,The Cannes Film Festival,C) Tollywood,Tollywood is the popular nickname for the Telugu-language film industry.,Cinema,Telugu Cinema
Who directed the internationally acclaimed Indian film 'Pather Panchali' (1955)?,Satyajit Ray,Tollywood,"A film created using techniques like drawings or computer graphics to simulate movement, rather than live actors",The Academy Awards (Oscars),A) Satyajit Ray,"Satyajit Ray directed 'Pather Panchali' (1955), a landmark of Indian and world cinema.",Cinema,Cinema History
"Which option correctly answers this: Which film festival is considered one of the most prestigious in the world, held annually in France?",The International Film Festival of India (IFFI),Ramesh Sippy,The Cannes Film Festival,Amitabh Bachchan,C) The Cannes Film Festival,"The Cannes Film Festival, held annually in France, is one of the most prestigious and influential film festivals in the world.",Cinema,Film Festivals
Quiz question: What is the popular nickname for the Telugu-language film industry?,CGI (computer-generated imagery) films,Dr. Rajkumar,Satyajit Ray,Tollywood,D) Tollywood,Tollywood is the popular nickname for the Telugu-language film industry.,Cinema,Telugu Cinema
Choose the correct answer: What genre of film typically centers on solving a crime or mystery?,Bollywood,A detective or mystery film,A film that achieves exceptionally high box office success,Post-production,B) A detective or mystery film,"Detective or mystery films typically center on solving a crime, uncovering secrets, or unraveling a mystery.",Cinema,Famous Films
What genre of film typically centers on solving a crime or mystery?,A detective or mystery film,'RRR' (for the song 'Naatu Naatu'),The National Film Awards,Dr. Rajkumar,A) A detective or mystery film,"Detective or mystery films typically center on solving a crime, uncovering secrets, or unraveling a mystery.",Cinema,Famous Films
Choose the correct answer: What is a 'sequel' in film terminology?,The International Film Festival of India (IFFI),A film that continues the story of an earlier film,To manage the financial and logistical aspects of making a film,Kollywood,B) A film that continues the story of an earlier film,A sequel is a film that continues or expands upon the story or characters introduced in an earlier film.,Cinema,Famous Films
Which option correctly answers this: What is a 'blockbuster' in film terminology?,Comedy,A film that achieves exceptionally high box office success,A debut,To oversee the creative and technical aspects of making a film,B) A film that achieves exceptionally high box office success,A blockbuster is a term used to describe a film that achieves exceptionally high commercial and box office success.,Cinema,Box Office
"Quiz question: Which film festival is considered one of the most prestigious in the world, held annually in France?","A brief appearance by a notable performer, often uncredited or in a small role",Box office collection,The Cannes Film Festival,To manage the financial and logistical aspects of making a film,C) The Cannes Film Festival,"The Cannes Film Festival, held annually in France, is one of the most prestigious and influential film festivals in the world.",Cinema,Film Festivals
"Which option correctly answers this: Who played the character in a lead role of many iconic Kannada films and is often called a legendary figure of Sandalwood, honored with titles like 'Varanatha Tara'?",Dr. Rajkumar,Ramesh Sippy,Box office collection,A debut,A) Dr. Rajkumar,"Dr. Rajkumar is widely regarded as a legendary figure of Kannada cinema, celebrated for his extensive body of work.",Cinema,Kannada Cinema
Quiz question: What genre of film typically centers on solving a crime or mystery?,CGI (computer-generated imagery) films,Post-production,Bollywood,A detective or mystery film,D) A detective or mystery film,"Detective or mystery films typically center on solving a crime, uncovering secrets, or unraveling a mystery.",Cinema,Famous Films
Choose the correct answer: What term describes an actor's first film role or debut?,The Academy Awards (Oscars),A debut,Post-production,Satyajit Ray,B) A debut,A debut refers to an actor's or filmmaker's first professional appearance or work in a film.,Cinema,Actors
"Who played the character in a lead role of many iconic Kannada films and is often called a legendary figure of Sandalwood, honored with titles like 'Varanatha Tara'?",A detective or mystery film,Dr. Rajkumar,Sandalwood,Post-production,B) Dr. Rajkumar,"Dr. Rajkumar is widely regarded as a legendary figure of Kannada cinema, celebrated for his extensive body of work.",Cinema,Kannada Cinema
Which option correctly answers this: What is the role of a film director?,To oversee the creative and technical aspects of making a film,A film that continues the story of an earlier film,Satyajit Ray,To manage the financial and logistical aspects of making a film,A) To oversee the creative and technical aspects of making a film,"A film director oversees the creative and technical aspects of a film's production, guiding the cast and crew.",Cinema,Directors
What is the term for a film's total earnings from ticket sales?,Box office collection,Hollywood,Comedy,CGI (computer-generated imagery) films,A) Box office collection,Box office collection refers to the total revenue a film earns from ticket sales.,Cinema,Box Office
What is a 'sequel' in film terminology?,Movie songs (film songs),A film that portrays events occurring before an earlier film's story,A film that continues the story of an earlier film,The International Film Festival of India (IFFI),C) A film that continues the story of an earlier film,A sequel is a film that continues or expands upon the story or characters introduced in an earlier film.,Cinema,Famous Films
"Who directed the film 'Sholay' (1975), a landmark of Indian cinema?",Ramesh Sippy,A debut,Box office collection,The Cannes Film Festival,A) Ramesh Sippy,"Ramesh Sippy directed 'Sholay' (1975), one of the most iconic and commercially successful films in Indian cinema history.",Cinema,Bollywood
Quiz question: What is the term for a film's total earnings from ticket sales?,Box office collection,Movie songs (film songs),CGI (computer-generated imagery) films,"A brief appearance by a notable performer, often uncredited or in a small role",A) Box office collection,Box office collection refers to the total revenue a film earns from ticket sales.,Cinema,Box Office
Which option correctly answers this: What is the popular nickname for the Kannada-language film industry?,A film that achieves exceptionally high box office success,To oversee the creative and technical aspects of making a film,Sandalwood,The National Film Awards,C) Sandalwood,"Sandalwood is the popular nickname for the Kannada-language film industry, based in Karnataka.",Cinema,Kannada Cinema
Which option correctly answers this: What are the national film awards of India called?,"A film created using techniques like drawings or computer graphics to simulate movement, rather than live actors",To manage the financial and logistical aspects of making a film,The National Film Awards,A detective or mystery film,C) The National Film Awards,"The National Film Awards are India's most prestigious national film honors, established in 1954.",Cinema,Movie Awards
What is the term for a movie made specifically for children and family audiences?,A family film,Tollywood,The Cannes Film Festival,To oversee the creative and technical aspects of making a film,A) A family film,"A family film is created with content and themes suitable and appealing for audiences of all ages, especially children.",Cinema,Famous Films
What is an animated film?,Satyajit Ray,The National Film Awards,A film that achieves exceptionally high box office success,"A film created using techniques like drawings or computer graphics to simulate movement, rather than live actors","D) A film created using techniques like drawings or computer graphics to simulate movement, rather than live actors","An animated film is created using drawings, computer graphics, or other techniques to simulate motion, rather than filming live actors.",Cinema,Famous Films
Choose the correct answer: What genre of film typically centers on solving a crime or mystery?,A film that portrays events occurring before an earlier film's story,A detective or mystery film,Bollywood,"A brief appearance by a notable performer, often uncredited or in a small role",B) A detective or mystery film,"Detective or mystery films typically center on solving a crime, uncovering secrets, or unraveling a mystery.",Cinema,Famous Films
What is the popular nickname for the Kannada-language film industry?,Sandalwood,Amitabh Bachchan,Kollywood,Post-production,A) Sandalwood,"Sandalwood is the popular nickname for the Kannada-language film industry, based in Karnataka.",Cinema,Kannada Cinema
Choose the correct answer: What term describes films made using computer-generated imagery for visual effects?,Box office collection,CGI (computer-generated imagery) films,A film that portrays events occurring before an earlier film's story,Satyajit Ray,B) CGI (computer-generated imagery) films,"CGI films use computer-generated imagery extensively to create visual effects, characters, or entire animated worlds.",Cinema,Cinema History
Quiz question: What is the popular nickname for the Hindi-language film industry based in Mumbai?,Bollywood,Dr. Rajkumar,Amitabh Bachchan,The Cannes Film Festival,A) Bollywood,"Bollywood is the popular nickname for India's Hindi-language film industry, based primarily in Mumbai.",Cinema,Bollywood
Which option correctly answers this: What is the term for a film's total earnings from ticket sales?,To manage the financial and logistical aspects of making a film,Box office collection,Bollywood,Movie songs (film songs),B) Box office collection,Box office collection refers to the total revenue a film earns from ticket sales.,Cinema,Box Office
Which option correctly answers this: What is a 'prequel' in film terminology?,A film that achieves exceptionally high box office success,'RRR' (for the song 'Naatu Naatu'),A debut,A film that portrays events occurring before an earlier film's story,D) A film that portrays events occurring before an earlier film's story,A prequel portrays events that take place chronologically before the story of an earlier related film.,Cinema,Famous Films
Quiz question: What is the term for the American film industry centered in Los Angeles?,A film that achieves exceptionally high box office success,Hollywood,CGI (computer-generated imagery) films,"A film created using techniques like drawings or computer graphics to simulate movement, rather than live actors",B) Hollywood,"Hollywood refers to the American film industry, historically centered in the Hollywood district of Los Angeles.",Cinema,Hollywood
Choose the correct answer: What is a 'sequel' in film terminology?,A film that continues the story of an earlier film,A family film,The National Film Awards,A film that achieves exceptionally high box office success,A) A film that continues the story of an earlier film,A sequel is a film that continues or expands upon the story or characters introduced in an earlier film.,Cinema,Famous Films
"Choose the correct answer: Which Indian film became widely recognized internationally after winning major awards including at the 2023 Oscars, for its song?",Post-production,The Cannes Film Festival,Tollywood,'RRR' (for the song 'Naatu Naatu'),D) 'RRR' (for the song 'Naatu Naatu'),"'RRR' gained major international recognition, including winning the Oscar for Best Original Song for 'Naatu Naatu' at the 2023 Academy Awards.",Cinema,Movie Awards
"Which Indian film became widely recognized internationally after winning major awards including at the 2023 Oscars, for its song?","A brief appearance by a notable performer, often uncredited or in a small role",'RRR' (for the song 'Naatu Naatu'),A film that continues the story of an earlier film,Comedy,B) 'RRR' (for the song 'Naatu Naatu'),"'RRR' gained major international recognition, including winning the Oscar for Best Original Song for 'Naatu Naatu' at the 2023 Academy Awards.",Cinema,Movie Awards
What is the role of a film director?,A family film,To oversee the creative and technical aspects of making a film,Post-production,Sandalwood,B) To oversee the creative and technical aspects of making a film,"A film director oversees the creative and technical aspects of a film's production, guiding the cast and crew.",Cinema,Directors
What term describes an actor's first film role or debut?,The International Film Festival of India (IFFI),Amitabh Bachchan,A debut,The National Film Awards,C) A debut,A debut refers to an actor's or filmmaker's first professional appearance or work in a film.,Cinema,Actors
Quiz question: What is the popular nickname for the Telugu-language film industry?,Tollywood,"A brief appearance by a notable performer, often uncredited or in a small role",'RRR' (for the song 'Naatu Naatu'),Hollywood,A) Tollywood,Tollywood is the popular nickname for the Telugu-language film industry.,Cinema,Telugu Cinema
Which option correctly answers this: What is the role of a film producer?,Dr. Rajkumar,A film that portrays events occurring before an earlier film's story,To manage the financial and logistical aspects of making a film,A film that achieves exceptionally high box office success,C) To manage the financial and logistical aspects of making a film,"A film producer manages the financial, logistical, and administrative aspects of a film's production.",Cinema,Producers
Choose the correct answer: What is the term for the American film industry centered in Los Angeles?,A detective or mystery film,A debut,"A film created using techniques like drawings or computer graphics to simulate movement, rather than live actors",Hollywood,D) Hollywood,"Hollywood refers to the American film industry, historically centered in the Hollywood district of Los Angeles.",Cinema,Hollywood
Choose the correct answer: What is a 'sequel' in film terminology?,"A film created using techniques like drawings or computer graphics to simulate movement, rather than live actors",A film that continues the story of an earlier film,Ramesh Sippy,The International Film Festival of India (IFFI),B) A film that continues the story of an earlier film,A sequel is a film that continues or expands upon the story or characters introduced in an earlier film.,Cinema,Famous Films
Which option correctly answers this: What term describes an actor's first film role or debut?,"A brief appearance by a notable performer, often uncredited or in a small role",A debut,"A film created using techniques like drawings or computer graphics to simulate movement, rather than live actors",Post-production,B) A debut,A debut refers to an actor's or filmmaker's first professional appearance or work in a film.,Cinema,Actors
What is the term for a film's total earnings from ticket sales?,Box office collection,Hollywood,Movie songs (film songs),Amitabh Bachchan,A) Box office collection,Box office collection refers to the total revenue a film earns from ticket sales.,Cinema,Box Office
"Which option correctly answers this: Which Indian film became widely recognized internationally after winning major awards including at the 2023 Oscars, for its song?",To oversee the creative and technical aspects of making a film,'RRR' (for the song 'Naatu Naatu'),Satyajit Ray,Sandalwood,B) 'RRR' (for the song 'Naatu Naatu'),"'RRR' gained major international recognition, including winning the Oscar for Best Original Song for 'Naatu Naatu' at the 2023 Academy Awards.",Cinema,Movie Awards
"Quiz question: Who played the character in a lead role of many iconic Kannada films and is often called a legendary figure of Sandalwood, honored with titles like 'Varanatha Tara'?",Sandalwood,A film that achieves exceptionally high box office success,Dr. Rajkumar,A film that portrays events occurring before an earlier film's story,C) Dr. Rajkumar,"Dr. Rajkumar is widely regarded as a legendary figure of Kannada cinema, celebrated for his extensive body of work.",Cinema,Kannada Cinema
Quiz question: What is the role of a film director?,Kollywood,Ramesh Sippy,A film that achieves exceptionally high box office success,To oversee the creative and technical aspects of making a film,D) To oversee the creative and technical aspects of making a film,"A film director oversees the creative and technical aspects of a film's production, guiding the cast and crew.",Cinema,Directors
Choose the correct answer: What is a 'blockbuster' in film terminology?,A film that achieves exceptionally high box office success,The Cannes Film Festival,A film that portrays events occurring before an earlier film's story,Movie songs (film songs),A) A film that achieves exceptionally high box office success,A blockbuster is a term used to describe a film that achieves exceptionally high commercial and box office success.,Cinema,Box Office
What does the term 'cameo' mean in film?,The Cannes Film Festival,To oversee the creative and technical aspects of making a film,"A brief appearance by a notable performer, often uncredited or in a small role",'RRR' (for the song 'Naatu Naatu'),"C) A brief appearance by a notable performer, often uncredited or in a small role","A cameo refers to a brief appearance in a film by a notable performer, often in a small or uncredited role.",Cinema,Movie Characters
What is a 'blockbuster' in film terminology?,A film that achieves exceptionally high box office success,Post-production,Tollywood,A family film,A) A film that achieves exceptionally high box office success,A blockbuster is a term used to describe a film that achieves exceptionally high commercial and box office success.,Cinema,Box Office
"Choose the correct answer: What is the term for the process of adding sound, music, and effects to a film after shooting?",Amitabh Bachchan,A family film,Post-production,Sandalwood,C) Post-production,"Post-production is the phase after filming where editing, sound design, music, and visual effects are added to a film.",Cinema,Cinema History
Choose the correct answer: What is the role of a film director?,To manage the financial and logistical aspects of making a film,Amitabh Bachchan,To oversee the creative and technical aspects of making a film,A film that achieves exceptionally high box office success,C) To oversee the creative and technical aspects of making a film,"A film director oversees the creative and technical aspects of a film's production, guiding the cast and crew.",Cinema,Directors
Which option correctly answers this: What term describes an actor's first film role or debut?,A detective or mystery film,A debut,Sandalwood,Kollywood,B) A debut,A debut refers to an actor's or filmmaker's first professional appearance or work in a film.,Cinema,Actors
Which option correctly answers this: What genre of film typically centers on solving a crime or mystery?,Kollywood,A detective or mystery film,The Academy Awards (Oscars),Movie songs (film songs),B) A detective or mystery film,"Detective or mystery films typically center on solving a crime, uncovering secrets, or unraveling a mystery.",Cinema,Famous Films
"Quiz question: Which Indian film became widely recognized internationally after winning major awards including at the 2023 Oscars, for its song?",To oversee the creative and technical aspects of making a film,Comedy,The Cannes Film Festival,'RRR' (for the song 'Naatu Naatu'),D) 'RRR' (for the song 'Naatu Naatu'),"'RRR' gained major international recognition, including winning the Oscar for Best Original Song for 'Naatu Naatu' at the 2023 Academy Awards.",Cinema,Movie Awards
Which international film award is considered the most prestigious in the American film industry?,Movie songs (film songs),Comedy,A detective or mystery film,The Academy Awards (Oscars),D) The Academy Awards (Oscars),"The Academy Awards, commonly known as the Oscars, are considered the most prestigious awards in the American film industry.",Cinema,Movie Awards
What is the term for the genre of films focused primarily on making audiences laugh?,Comedy,CGI (computer-generated imagery) films,Ramesh Sippy,"A brief appearance by a notable performer, often uncredited or in a small role",A) Comedy,"Comedy is a film genre specifically focused on humor, designed primarily to entertain and amuse audiences.",Cinema,Famous Films
Which option correctly answers this: What is the popular nickname for the Kannada-language film industry?,A film that continues the story of an earlier film,Sandalwood,Satyajit Ray,A debut,B) Sandalwood,"Sandalwood is the popular nickname for the Kannada-language film industry, based in Karnataka.",Cinema,Kannada Cinema
"Choose the correct answer: What is the term for a movie's soundtrack songs, common in Indian cinema?",A debut,Box office collection,Movie songs (film songs),Post-production,C) Movie songs (film songs),"Movie songs, or film songs, are musical compositions included as part of a film's soundtrack, especially prominent in Indian cinema.",Cinema,Movie Songs
Quiz question: What term describes an actor's first film role or debut?,CGI (computer-generated imagery) films,A debut,The International Film Festival of India (IFFI),"A brief appearance by a notable performer, often uncredited or in a small role",B) A debut,A debut refers to an actor's or filmmaker's first professional appearance or work in a film.,Cinema,Actors
What is the term for the genre of films focused primarily on making audiences laugh?,The Academy Awards (Oscars),Box office collection,The International Film Festival of India (IFFI),Comedy,D) Comedy,"Comedy is a film genre specifically focused on humor, designed primarily to entertain and amuse audiences.",Cinema,Famous Films
Choose the correct answer: What is the term for the American film industry centered in Los Angeles?,Hollywood,Post-production,'RRR' (for the song 'Naatu Naatu'),The Academy Awards (Oscars),A) Hollywood,"Hollywood refers to the American film industry, historically centered in the Hollywood district of Los Angeles.",Cinema,Hollywood
Choose the correct answer: What is the popular nickname for the Hindi-language film industry based in Mumbai?,Kollywood,A debut,A film that continues the story of an earlier film,Bollywood,D) Bollywood,"Bollywood is the popular nickname for India's Hindi-language film industry, based primarily in Mumbai.",Cinema,Bollywood
Which option correctly answers this: What is a 'sequel' in film terminology?,A film that continues the story of an earlier film,Comedy,To manage the financial and logistical aspects of making a film,"A film created using techniques like drawings or computer graphics to simulate movement, rather than live actors",A) A film that continues the story of an earlier film,A sequel is a film that continues or expands upon the story or characters introduced in an earlier film.,Cinema,Famous Films
Choose the correct answer: What term describes an actor's first film role or debut?,A debut,A family film,Comedy,Bollywood,A) A debut,A debut refers to an actor's or filmmaker's first professional appearance or work in a film.,Cinema,Actors
What is the term for the American film industry centered in Los Angeles?,To manage the financial and logistical aspects of making a film,Comedy,Hollywood,A detective or mystery film,C) Hollywood,"Hollywood refers to the American film industry, historically centered in the Hollywood district of Los Angeles.",Cinema,Hollywood
Quiz question: What is the popular nickname for the Tamil-language film industry?,Ramesh Sippy,Bollywood,CGI (computer-generated imagery) films,Kollywood,D) Kollywood,"Kollywood is the popular nickname for the Tamil-language film industry, based mainly in Chennai.",Cinema,Tamil Cinema
Which option correctly answers this: What genre of film typically centers on solving a crime or mystery?,Satyajit Ray,Box office collection,'RRR' (for the song 'Naatu Naatu'),A detective or mystery film,D) A detective or mystery film,"Detective or mystery films typically center on solving a crime, uncovering secrets, or unraveling a mystery.",Cinema,Famous Films
What is the role of a film producer?,To manage the financial and logistical aspects of making a film,CGI (computer-generated imagery) films,Kollywood,A film that achieves exceptionally high box office success,A) To manage the financial and logistical aspects of making a film,"A film producer manages the financial, logistical, and administrative aspects of a film's production.",Cinema,Producers
What is the popular nickname for the Hindi-language film industry based in Mumbai?,Sandalwood,Post-production,Hollywood,Bollywood,D) Bollywood,"Bollywood is the popular nickname for India's Hindi-language film industry, based primarily in Mumbai.",Cinema,Bollywood
Which option correctly answers this: What is the role of a film producer?,Sandalwood,"A film created using techniques like drawings or computer graphics to simulate movement, rather than live actors",A film that continues the story of an earlier film,To manage the financial and logistical aspects of making a film,D) To manage the financial and logistical aspects of making a film,"A film producer manages the financial, logistical, and administrative aspects of a film's production.",Cinema,Producers
Quiz question: What is a 'sequel' in film terminology?,Box office collection,A film that continues the story of an earlier film,The International Film Festival of India (IFFI),"A brief appearance by a notable performer, often uncredited or in a small role",B) A film that continues the story of an earlier film,A sequel is a film that continues or expands upon the story or characters introduced in an earlier film.,Cinema,Famous Films
Quiz question: What is a 'sequel' in film terminology?,Bollywood,Sandalwood,A film that continues the story of an earlier film,The International Film Festival of India (IFFI),C) A film that continues the story of an earlier film,A sequel is a film that continues or expands upon the story or characters introduced in an earlier film.,Cinema,Famous Films
What is a 'sequel' in film terminology?,A film that continues the story of an earlier film,Comedy,CGI (computer-generated imagery) films,Bollywood,A) A film that continues the story of an earlier film,A sequel is a film that continues or expands upon the story or characters introduced in an earlier film.,Cinema,Famous Films
"Which option correctly answers this: Which film festival is considered one of the most prestigious in the world, held annually in France?",A family film,A film that portrays events occurring before an earlier film's story,Ramesh Sippy,The Cannes Film Festival,D) The Cannes Film Festival,"The Cannes Film Festival, held annually in France, is one of the most prestigious and influential film festivals in the world.",Cinema,Film Festivals
Which option correctly answers this: What is the term for the genre of films focused primarily on making audiences laugh?,Comedy,To oversee the creative and technical aspects of making a film,Ramesh Sippy,Sandalwood,A) Comedy,"Comedy is a film genre specifically focused on humor, designed primarily to entertain and amuse audiences.",Cinema,Famous Films
Quiz question: What term describes films made using computer-generated imagery for visual effects?,Hollywood,The International Film Festival of India (IFFI),Ramesh Sippy,CGI (computer-generated imagery) films,D) CGI (computer-generated imagery) films,"CGI films use computer-generated imagery extensively to create visual effects, characters, or entire animated worlds.",Cinema,Cinema History
Quiz question: Who directed the internationally acclaimed Indian film 'Pather Panchali' (1955)?,Post-production,Satyajit Ray,Comedy,"A brief appearance by a notable performer, often uncredited or in a small role",B) Satyajit Ray,"Satyajit Ray directed 'Pather Panchali' (1955), a landmark of Indian and world cinema.",Cinema,Cinema History
What is the term for the American film industry centered in Los Angeles?,Comedy,Hollywood,Box office collection,CGI (computer-generated imagery) films,B) Hollywood,"Hollywood refers to the American film industry, historically centered in the Hollywood district of Los Angeles.",Cinema,Hollywood
Quiz question: What term describes an actor's first film role or debut?,Movie songs (film songs),The National Film Awards,A debut,A detective or mystery film,C) A debut,A debut refers to an actor's or filmmaker's first professional appearance or work in a film.,Cinema,Actors
"What is the term for the process of adding sound, music, and effects to a film after shooting?",Bollywood,Post-production,Sandalwood,To oversee the creative and technical aspects of making a film,B) Post-production,"Post-production is the phase after filming where editing, sound design, music, and visual effects are added to a film.",Cinema,Cinema History
Choose the correct answer: What is the term for the American film industry centered in Los Angeles?,Hollywood,A debut,A film that portrays events occurring before an earlier film's story,Dr. Rajkumar,A) Hollywood,"Hollywood refers to the American film industry, historically centered in the Hollywood district of Los Angeles.",Cinema,Hollywood
What does the term 'cameo' mean in film?,Tollywood,The International Film Festival of India (IFFI),A family film,"A brief appearance by a notable performer, often uncredited or in a small role","D) A brief appearance by a notable performer, often uncredited or in a small role","A cameo refers to a brief appearance in a film by a notable performer, often in a small or uncredited role.",Cinema,Movie Characters
What is the term for the American film industry centered in Los Angeles?,'RRR' (for the song 'Naatu Naatu'),Bollywood,A family film,Hollywood,D) Hollywood,"Hollywood refers to the American film industry, historically centered in the Hollywood district of Los Angeles.",Cinema,Hollywood
"Which option correctly answers this: Who played the character in a lead role of many iconic Kannada films and is often called a legendary figure of Sandalwood, honored with titles like 'Varanatha Tara'?",Hollywood,Dr. Rajkumar,"A brief appearance by a notable performer, often uncredited or in a small role",A family film,B) Dr. Rajkumar,"Dr. Rajkumar is widely regarded as a legendary figure of Kannada cinema, celebrated for his extensive body of work.",Cinema,Kannada Cinema
Quiz question: What is an animated film?,"A film created using techniques like drawings or computer graphics to simulate movement, rather than live actors",To manage the financial and logistical aspects of making a film,A debut,Hollywood,"A) A film created using techniques like drawings or computer graphics to simulate movement, rather than live actors","An animated film is created using drawings, computer graphics, or other techniques to simulate motion, rather than filming live actors.",Cinema,Famous Films
Which option correctly answers this: Who directed the internationally acclaimed Indian film 'Pather Panchali' (1955)?,"A film created using techniques like drawings or computer graphics to simulate movement, rather than live actors",Satyajit Ray,A detective or mystery film,The Academy Awards (Oscars),B) Satyajit Ray,"Satyajit Ray directed 'Pather Panchali' (1955), a landmark of Indian and world cinema.",Cinema,Cinema History
"Choose the correct answer: Which film festival is considered one of the most prestigious in the world, held annually in France?",Ramesh Sippy,'RRR' (for the song 'Naatu Naatu'),A film that achieves exceptionally high box office success,The Cannes Film Festival,D) The Cannes Film Festival,"The Cannes Film Festival, held annually in France, is one of the most prestigious and influential film festivals in the world.",Cinema,Film Festivals
Quiz question: What is the term for a film's total earnings from ticket sales?,Ramesh Sippy,Amitabh Bachchan,To manage the financial and logistical aspects of making a film,Box office collection,D) Box office collection,Box office collection refers to the total revenue a film earns from ticket sales.,Cinema,Box Office
"Quiz question: What is the term for the process of adding sound, music, and effects to a film after shooting?",Ramesh Sippy,Bollywood,Tollywood,Post-production,D) Post-production,"Post-production is the phase after filming where editing, sound design, music, and visual effects are added to a film.",Cinema,Cinema History
Choose the correct answer: What is the term for the genre of films focused primarily on making audiences laugh?,The Cannes Film Festival,Comedy,A detective or mystery film,The International Film Festival of India (IFFI),B) Comedy,"Comedy is a film genre specifically focused on humor, designed primarily to entertain and amuse audiences.",Cinema,Famous Films
What is a 'sequel' in film terminology?,Hollywood,A film that continues the story of an earlier film,A family film,"A film created using techniques like drawings or computer graphics to simulate movement, rather than live actors",B) A film that continues the story of an earlier film,A sequel is a film that continues or expands upon the story or characters introduced in an earlier film.,Cinema,Famous Films
Quiz question: What is a 'sequel' in film terminology?,A debut,A film that continues the story of an earlier film,A detective or mystery film,To oversee the creative and technical aspects of making a film,B) A film that continues the story of an earlier film,A sequel is a film that continues or expands upon the story or characters introduced in an earlier film.,Cinema,Famous Films
Which option correctly answers this: What term describes films made using computer-generated imagery for visual effects?,CGI (computer-generated imagery) films,The Cannes Film Festival,The Academy Awards (Oscars),To manage the financial and logistical aspects of making a film,A) CGI (computer-generated imagery) films,"CGI films use computer-generated imagery extensively to create visual effects, characters, or entire animated worlds.",Cinema,Cinema History
What is a 'prequel' in film terminology?,CGI (computer-generated imagery) films,A film that portrays events occurring before an earlier film's story,Kollywood,'RRR' (for the song 'Naatu Naatu'),B) A film that portrays events occurring before an earlier film's story,A prequel portrays events that take place chronologically before the story of an earlier related film.,Cinema,Famous Films
Which option correctly answers this: What is the role of a film director?,Satyajit Ray,To oversee the creative and technical aspects of making a film,Post-production,A film that achieves exceptionally high box office success,B) To oversee the creative and technical aspects of making a film,"A film director oversees the creative and technical aspects of a film's production, guiding the cast and crew.",Cinema,Directors
Quiz question: Which international film award is considered the most prestigious in the American film industry?,The Academy Awards (Oscars),Amitabh Bachchan,The Cannes Film Festival,Sandalwood,A) The Academy Awards (Oscars),"The Academy Awards, commonly known as the Oscars, are considered the most prestigious awards in the American film industry.",Cinema,Movie Awards
What is a 'prequel' in film terminology?,'RRR' (for the song 'Naatu Naatu'),"A film created using techniques like drawings or computer graphics to simulate movement, rather than live actors",A film that portrays events occurring before an earlier film's story,Bollywood,C) A film that portrays events occurring before an earlier film's story,A prequel portrays events that take place chronologically before the story of an earlier related film.,Cinema,Famous Films
"Which option correctly answers this: What is the term for the process of adding sound, music, and effects to a film after shooting?",Amitabh Bachchan,Box office collection,Post-production,A film that achieves exceptionally high box office success,C) Post-production,"Post-production is the phase after filming where editing, sound design, music, and visual effects are added to a film.",Cinema,Cinema History
"Quiz question: What is the term for a movie's soundtrack songs, common in Indian cinema?",Movie songs (film songs),A debut,Satyajit Ray,Sandalwood,A) Movie songs (film songs),"Movie songs, or film songs, are musical compositions included as part of a film's soundtrack, especially prominent in Indian cinema.",Cinema,Movie Songs
"Quiz question: What is the term for the process of adding sound, music, and effects to a film after shooting?",Post-production,A film that continues the story of an earlier film,CGI (computer-generated imagery) films,The Academy Awards (Oscars),A) Post-production,"Post-production is the phase after filming where editing, sound design, music, and visual effects are added to a film.",Cinema,Cinema History
Which option correctly answers this: Which international film award is considered the most prestigious in the American film industry?,To oversee the creative and technical aspects of making a film,The Academy Awards (Oscars),A family film,Tollywood,B) The Academy Awards (Oscars),"The Academy Awards, commonly known as the Oscars, are considered the most prestigious awards in the American film industry.",Cinema,Movie Awards
Choose the correct answer: Who directed the internationally acclaimed Indian film 'Pather Panchali' (1955)?,"A brief appearance by a notable performer, often uncredited or in a small role",Box office collection,Satyajit Ray,Bollywood,C) Satyajit Ray,"Satyajit Ray directed 'Pather Panchali' (1955), a landmark of Indian and world cinema.",Cinema,Cinema History
Which option correctly answers this: What term describes films made using computer-generated imagery for visual effects?,The Cannes Film Festival,CGI (computer-generated imagery) films,"A film created using techniques like drawings or computer graphics to simulate movement, rather than live actors",A family film,B) CGI (computer-generated imagery) films,"CGI films use computer-generated imagery extensively to create visual effects, characters, or entire animated worlds.",Cinema,Cinema History
Quiz question: What is the term for the genre of films focused primarily on making audiences laugh?,Kollywood,Comedy,To oversee the creative and technical aspects of making a film,A detective or mystery film,B) Comedy,"Comedy is a film genre specifically focused on humor, designed primarily to entertain and amuse audiences.",Cinema,Famous Films
"Which Indian film became widely recognized internationally after winning major awards including at the 2023 Oscars, for its song?",Hollywood,The Cannes Film Festival,'RRR' (for the song 'Naatu Naatu'),To manage the financial and logistical aspects of making a film,C) 'RRR' (for the song 'Naatu Naatu'),"'RRR' gained major international recognition, including winning the Oscar for Best Original Song for 'Naatu Naatu' at the 2023 Academy Awards.",Cinema,Movie Awards
What is the term for a movie made specifically for children and family audiences?,A detective or mystery film,"A brief appearance by a notable performer, often uncredited or in a small role",Tollywood,A family film,D) A family film,"A family film is created with content and themes suitable and appealing for audiences of all ages, especially children.",Cinema,Famous Films
Quiz question: What is the popular nickname for the Kannada-language film industry?,Satyajit Ray,The National Film Awards,Dr. Rajkumar,Sandalwood,D) Sandalwood,"Sandalwood is the popular nickname for the Kannada-language film industry, based in Karnataka.",Cinema,Kannada Cinema
Choose the correct answer: What term describes films made using computer-generated imagery for visual effects?,"A film created using techniques like drawings or computer graphics to simulate movement, rather than live actors","A brief appearance by a notable performer, often uncredited or in a small role",A film that portrays events occurring before an earlier film's story,CGI (computer-generated imagery) films,D) CGI (computer-generated imagery) films,"CGI films use computer-generated imagery extensively to create visual effects, characters, or entire animated worlds.",Cinema,Cinema History
What term describes films made using computer-generated imagery for visual effects?,The International Film Festival of India (IFFI),Kollywood,CGI (computer-generated imagery) films,Dr. Rajkumar,C) CGI (computer-generated imagery) films,"CGI films use computer-generated imagery extensively to create visual effects, characters, or entire animated worlds.",Cinema,Cinema History
What are the national film awards of India called?,Dr. Rajkumar,The National Film Awards,"A film created using techniques like drawings or computer graphics to simulate movement, rather than live actors",A film that achieves exceptionally high box office success,B) The National Film Awards,"The National Film Awards are India's most prestigious national film honors, established in 1954.",Cinema,Movie Awards
Which option correctly answers this: What is an animated film?,Post-production,The International Film Festival of India (IFFI),Kollywood,"A film created using techniques like drawings or computer graphics to simulate movement, rather than live actors","D) A film created using techniques like drawings or computer graphics to simulate movement, rather than live actors","An animated film is created using drawings, computer graphics, or other techniques to simulate motion, rather than filming live actors.",Cinema,Famous Films
Quiz question: Who directed the internationally acclaimed Indian film 'Pather Panchali' (1955)?,Satyajit Ray,Ramesh Sippy,Amitabh Bachchan,Tollywood,A) Satyajit Ray,"Satyajit Ray directed 'Pather Panchali' (1955), a landmark of Indian and world cinema.",Cinema,Cinema History
Choose the correct answer: What term describes an actor's first film role or debut?,Tollywood,A debut,CGI (computer-generated imagery) films,Box office collection,B) A debut,A debut refers to an actor's or filmmaker's first professional appearance or work in a film.,Cinema,Actors
Quiz question: What is the term for a movie made specifically for children and family audiences?,Post-production,A detective or mystery film,Kollywood,A family film,D) A family film,"A family film is created with content and themes suitable and appealing for audiences of all ages, especially children.",Cinema,Famous Films
Choose the correct answer: What does the term 'cameo' mean in film?,The Cannes Film Festival,To oversee the creative and technical aspects of making a film,Movie songs (film songs),"A brief appearance by a notable performer, often uncredited or in a small role","D) A brief appearance by a notable performer, often uncredited or in a small role","A cameo refers to a brief appearance in a film by a notable performer, often in a small or uncredited role.",Cinema,Movie Characters
What is the popular nickname for the Hindi-language film industry based in Mumbai?,Satyajit Ray,Bollywood,Dr. Rajkumar,Movie songs (film songs),B) Bollywood,"Bollywood is the popular nickname for India's Hindi-language film industry, based primarily in Mumbai.",Cinema,Bollywood
Choose the correct answer: What is the term for the genre of films focused primarily on making audiences laugh?,Comedy,Movie songs (film songs),Box office collection,Ramesh Sippy,A) Comedy,"Comedy is a film genre specifically focused on humor, designed primarily to entertain and amuse audiences.",Cinema,Famous Films
What term describes films made using computer-generated imagery for visual effects?,CGI (computer-generated imagery) films,Kollywood,A detective or mystery film,Movie songs (film songs),A) CGI (computer-generated imagery) films,"CGI films use computer-generated imagery extensively to create visual effects, characters, or entire animated worlds.",Cinema,Cinema History
Which option correctly answers this: Which international film award is considered the most prestigious in the American film industry?,To oversee the creative and technical aspects of making a film,The Academy Awards (Oscars),A film that portrays events occurring before an earlier film's story,"A brief appearance by a notable performer, often uncredited or in a small role",B) The Academy Awards (Oscars),"The Academy Awards, commonly known as the Oscars, are considered the most prestigious awards in the American film industry.",Cinema,Movie Awards
What is the role of a film director?,Hollywood,CGI (computer-generated imagery) films,To oversee the creative and technical aspects of making a film,Movie songs (film songs),C) To oversee the creative and technical aspects of making a film,"A film director oversees the creative and technical aspects of a film's production, guiding the cast and crew.",Cinema,Directors
"Which option correctly answers this: Who played the character in a lead role of many iconic Kannada films and is often called a legendary figure of Sandalwood, honored with titles like 'Varanatha Tara'?",Post-production,Dr. Rajkumar,Bollywood,A detective or mystery film,B) Dr. Rajkumar,"Dr. Rajkumar is widely regarded as a legendary figure of Kannada cinema, celebrated for his extensive body of work.",Cinema,Kannada Cinema
Quiz question: What are the national film awards of India called?,The International Film Festival of India (IFFI),A family film,"A film created using techniques like drawings or computer graphics to simulate movement, rather than live actors",The National Film Awards,D) The National Film Awards,"The National Film Awards are India's most prestigious national film honors, established in 1954.",Cinema,Movie Awards
Quiz question: What is the role of a film director?,To oversee the creative and technical aspects of making a film,A detective or mystery film,The Academy Awards (Oscars),A film that achieves exceptionally high box office success,A) To oversee the creative and technical aspects of making a film,"A film director oversees the creative and technical aspects of a film's production, guiding the cast and crew.",Cinema,Directors
What does the term 'cameo' mean in film?,CGI (computer-generated imagery) films,The Academy Awards (Oscars),"A brief appearance by a notable performer, often uncredited or in a small role",Post-production,"C) A brief appearance by a notable performer, often uncredited or in a small role","A cameo refers to a brief appearance in a film by a notable performer, often in a small or uncredited role.",Cinema,Movie Characters
Which option correctly answers this: What is a 'sequel' in film terminology?,A film that continues the story of an earlier film,Sandalwood,The International Film Festival of India (IFFI),A detective or mystery film,A) A film that continues the story of an earlier film,A sequel is a film that continues or expands upon the story or characters introduced in an earlier film.,Cinema,Famous Films
Quiz question: What is the popular nickname for the Kannada-language film industry?,A film that portrays events occurring before an earlier film's story,Sandalwood,Movie songs (film songs),Amitabh Bachchan,B) Sandalwood,"Sandalwood is the popular nickname for the Kannada-language film industry, based in Karnataka.",Cinema,Kannada Cinema
Choose the correct answer: Who directed the internationally acclaimed Indian film 'Pather Panchali' (1955)?,A film that achieves exceptionally high box office success,Post-production,"A brief appearance by a notable performer, often uncredited or in a small role",Satyajit Ray,D) Satyajit Ray,"Satyajit Ray directed 'Pather Panchali' (1955), a landmark of Indian and world cinema.",Cinema,Cinema History
Quiz question: What does the term 'cameo' mean in film?,Kollywood,Post-production,"A brief appearance by a notable performer, often uncredited or in a small role",A detective or mystery film,"C) A brief appearance by a notable performer, often uncredited or in a small role","A cameo refers to a brief appearance in a film by a notable performer, often in a small or uncredited role.",Cinema,Movie Characters
Quiz question: What is a 'sequel' in film terminology?,To manage the financial and logistical aspects of making a film,A film that achieves exceptionally high box office success,A film that continues the story of an earlier film,Comedy,C) A film that continues the story of an earlier film,A sequel is a film that continues or expands upon the story or characters introduced in an earlier film.,Cinema,Famous Films
Choose the correct answer: What is the term for the genre of films focused primarily on making audiences laugh?,Movie songs (film songs),Comedy,A debut,A film that continues the story of an earlier film,B) Comedy,"Comedy is a film genre specifically focused on humor, designed primarily to entertain and amuse audiences.",Cinema,Famous Films
What does the term 'cameo' mean in film?,Comedy,"A brief appearance by a notable performer, often uncredited or in a small role",Box office collection,Amitabh Bachchan,"B) A brief appearance by a notable performer, often uncredited or in a small role","A cameo refers to a brief appearance in a film by a notable performer, often in a small or uncredited role.",Cinema,Movie Characters
"Which option correctly answers this: What is the term for the process of adding sound, music, and effects to a film after shooting?",Post-production,A film that achieves exceptionally high box office success,Tollywood,Sandalwood,A) Post-production,"Post-production is the phase after filming where editing, sound design, music, and visual effects are added to a film.",Cinema,Cinema History
"Quiz question: What is the term for the process of adding sound, music, and effects to a film after shooting?",A film that portrays events occurring before an earlier film's story,A film that continues the story of an earlier film,Sandalwood,Post-production,D) Post-production,"Post-production is the phase after filming where editing, sound design, music, and visual effects are added to a film.",Cinema,Cinema History
"Which option correctly answers this: What is the term for a movie's soundtrack songs, common in Indian cinema?","A film created using techniques like drawings or computer graphics to simulate movement, rather than live actors",Dr. Rajkumar,A detective or mystery film,Movie songs (film songs),D) Movie songs (film songs),"Movie songs, or film songs, are musical compositions included as part of a film's soundtrack, especially prominent in Indian cinema.",Cinema,Movie Songs
Which option correctly answers this: What is a 'prequel' in film terminology?,CGI (computer-generated imagery) films,A debut,Box office collection,A film that portrays events occurring before an earlier film's story,D) A film that portrays events occurring before an earlier film's story,A prequel portrays events that take place chronologically before the story of an earlier related film.,Cinema,Famous Films
Which option correctly answers this: Which major Indian film festival is held annually in Goa?,The International Film Festival of India (IFFI),Bollywood,'RRR' (for the song 'Naatu Naatu'),Movie songs (film songs),A) The International Film Festival of India (IFFI),The International Film Festival of India (IFFI) is a major annual film festival held in Goa.,Cinema,Film Festivals
Which option correctly answers this: What is the popular nickname for the Kannada-language film industry?,A film that portrays events occurring before an earlier film's story,Movie songs (film songs),Sandalwood,A family film,C) Sandalwood,"Sandalwood is the popular nickname for the Kannada-language film industry, based in Karnataka.",Cinema,Kannada Cinema
Choose the correct answer: What is the popular nickname for the Telugu-language film industry?,Tollywood,A film that achieves exceptionally high box office success,Sandalwood,Box office collection,A) Tollywood,Tollywood is the popular nickname for the Telugu-language film industry.,Cinema,Telugu Cinema
"Which film festival is considered one of the most prestigious in the world, held annually in France?",The International Film Festival of India (IFFI),Ramesh Sippy,The Cannes Film Festival,Post-production,C) The Cannes Film Festival,"The Cannes Film Festival, held annually in France, is one of the most prestigious and influential film festivals in the world.",Cinema,Film Festivals
What is a 'sequel' in film terminology?,A film that continues the story of an earlier film,Sandalwood,"A brief appearance by a notable performer, often uncredited or in a small role",CGI (computer-generated imagery) films,A) A film that continues the story of an earlier film,A sequel is a film that continues or expands upon the story or characters introduced in an earlier film.,Cinema,Famous Films
"Choose the correct answer: What is the term for a movie's soundtrack songs, common in Indian cinema?",Ramesh Sippy,Movie songs (film songs),A film that continues the story of an earlier film,Satyajit Ray,B) Movie songs (film songs),"Movie songs, or film songs, are musical compositions included as part of a film's soundtrack, especially prominent in Indian cinema.",Cinema,Movie Songs
Choose the correct answer: What is the term for a film's total earnings from ticket sales?,Comedy,The Academy Awards (Oscars),Hollywood,Box office collection,D) Box office collection,Box office collection refers to the total revenue a film earns from ticket sales.,Cinema,Box Office
Choose the correct answer: What is a 'sequel' in film terminology?,A film that achieves exceptionally high box office success,A film that continues the story of an earlier film,Movie songs (film songs),Sandalwood,B) A film that continues the story of an earlier film,A sequel is a film that continues or expands upon the story or characters introduced in an earlier film.,Cinema,Famous Films
"Choose the correct answer: Which film festival is considered one of the most prestigious in the world, held annually in France?",Dr. Rajkumar,The Cannes Film Festival,Box office collection,A film that portrays events occurring before an earlier film's story,B) The Cannes Film Festival,"The Cannes Film Festival, held annually in France, is one of the most prestigious and influential film festivals in the world.",Cinema,Film Festivals
What is the term for the genre of films focused primarily on making audiences laugh?,A film that portrays events occurring before an earlier film's story,Comedy,A family film,A debut,B) Comedy,"Comedy is a film genre specifically focused on humor, designed primarily to entertain and amuse audiences.",Cinema,Famous Films
Quiz question: What term describes films made using computer-generated imagery for visual effects?,A family film,CGI (computer-generated imagery) films,"A film created using techniques like drawings or computer graphics to simulate movement, rather than live actors",The National Film Awards,B) CGI (computer-generated imagery) films,"CGI films use computer-generated imagery extensively to create visual effects, characters, or entire animated worlds.",Cinema,Cinema History
What is the term for the genre of films focused primarily on making audiences laugh?,Movie songs (film songs),Comedy,Tollywood,Bollywood,B) Comedy,"Comedy is a film genre specifically focused on humor, designed primarily to entertain and amuse audiences.",Cinema,Famous Films
Quiz question: What is the term for the American film industry centered in Los Angeles?,Movie songs (film songs),A detective or mystery film,Post-production,Hollywood,D) Hollywood,"Hollywood refers to the American film industry, historically centered in the Hollywood district of Los Angeles.",Cinema,Hollywood
"What is the term for the process of adding sound, music, and effects to a film after shooting?",Hollywood,"A film created using techniques like drawings or computer graphics to simulate movement, rather than live actors",Post-production,Dr. Rajkumar,C) Post-production,"Post-production is the phase after filming where editing, sound design, music, and visual effects are added to a film.",Cinema,Cinema History
Which option correctly answers this: What is the term for the genre of films focused primarily on making audiences laugh?,A debut,'RRR' (for the song 'Naatu Naatu'),"A brief appearance by a notable performer, often uncredited or in a small role",Comedy,D) Comedy,"Comedy is a film genre specifically focused on humor, designed primarily to entertain and amuse audiences.",Cinema,Famous Films
Which option correctly answers this: Which actor is widely known by the nickname 'Shahenshah of Bollywood'?,Post-production,Bollywood,"A film created using techniques like drawings or computer graphics to simulate movement, rather than live actors",Amitabh Bachchan,D) Amitabh Bachchan,"Amitabh Bachchan is widely referred to by fans and media as the 'Shahenshah of Bollywood', among other honorifics.",Cinema,Actors
Which option correctly answers this: What is the popular nickname for the Hindi-language film industry based in Mumbai?,Bollywood,A detective or mystery film,Kollywood,To manage the financial and logistical aspects of making a film,A) Bollywood,"Bollywood is the popular nickname for India's Hindi-language film industry, based primarily in Mumbai.",Cinema,Bollywood
Quiz question: What is an animated film?,A detective or mystery film,"A brief appearance by a notable performer, often uncredited or in a small role",Sandalwood,"A film created using techniques like drawings or computer graphics to simulate movement, rather than live actors","D) A film created using techniques like drawings or computer graphics to simulate movement, rather than live actors","An animated film is created using drawings, computer graphics, or other techniques to simulate motion, rather than filming live actors.",Cinema,Famous Films
"Choose the correct answer: Who played the character in a lead role of many iconic Kannada films and is often called a legendary figure of Sandalwood, honored with titles like 'Varanatha Tara'?",A film that achieves exceptionally high box office success,Dr. Rajkumar,A family film,Tollywood,B) Dr. Rajkumar,"Dr. Rajkumar is widely regarded as a legendary figure of Kannada cinema, celebrated for his extensive body of work.",Cinema,Kannada Cinema
Quiz question: What are the national film awards of India called?,The National Film Awards,Satyajit Ray,"A film created using techniques like drawings or computer graphics to simulate movement, rather than live actors",To manage the financial and logistical aspects of making a film,A) The National Film Awards,"The National Film Awards are India's most prestigious national film honors, established in 1954.",Cinema,Movie Awards
Choose the correct answer: What are the national film awards of India called?,The National Film Awards,A detective or mystery film,The Cannes Film Festival,Sandalwood,A) The National Film Awards,"The National Film Awards are India's most prestigious national film honors, established in 1954.",Cinema,Movie Awards
Which option correctly answers this: What is a 'prequel' in film terminology?,Box office collection,Sandalwood,Dr. Rajkumar,A film that portrays events occurring before an earlier film's story,D) A film that portrays events occurring before an earlier film's story,A prequel portrays events that take place chronologically before the story of an earlier related film.,Cinema,Famous Films
Choose the correct answer: What is the role of a film producer?,To manage the financial and logistical aspects of making a film,Sandalwood,A family film,Ramesh Sippy,A) To manage the financial and logistical aspects of making a film,"A film producer manages the financial, logistical, and administrative aspects of a film's production.",Cinema,Producers
Choose the correct answer: Which international film award is considered the most prestigious in the American film industry?,The Cannes Film Festival,Amitabh Bachchan,Sandalwood,The Academy Awards (Oscars),D) The Academy Awards (Oscars),"The Academy Awards, commonly known as the Oscars, are considered the most prestigious awards in the American film industry.",Cinema,Movie Awards
Which option correctly answers this: What does the term 'cameo' mean in film?,To manage the financial and logistical aspects of making a film,Tollywood,A family film,"A brief appearance by a notable performer, often uncredited or in a small role","D) A brief appearance by a notable performer, often uncredited or in a small role","A cameo refers to a brief appearance in a film by a notable performer, often in a small or uncredited role.",Cinema,Movie Characters
What is the term for the American film industry centered in Los Angeles?,A film that achieves exceptionally high box office success,'RRR' (for the song 'Naatu Naatu'),Amitabh Bachchan,Hollywood,D) Hollywood,"Hollywood refers to the American film industry, historically centered in the Hollywood district of Los Angeles.",Cinema,Hollywood
Quiz question: What does the term 'cameo' mean in film?,Kollywood,Bollywood,The National Film Awards,"A brief appearance by a notable performer, often uncredited or in a small role","D) A brief appearance by a notable performer, often uncredited or in a small role","A cameo refers to a brief appearance in a film by a notable performer, often in a small or uncredited role.",Cinema,Movie Characters
Quiz question: What is a 'blockbuster' in film terminology?,The International Film Festival of India (IFFI),Post-production,A film that achieves exceptionally high box office success,'RRR' (for the song 'Naatu Naatu'),C) A film that achieves exceptionally high box office success,A blockbuster is a term used to describe a film that achieves exceptionally high commercial and box office success.,Cinema,Box Office
"Choose the correct answer: Which Indian film became widely recognized internationally after winning major awards including at the 2023 Oscars, for its song?","A film created using techniques like drawings or computer graphics to simulate movement, rather than live actors",'RRR' (for the song 'Naatu Naatu'),A film that continues the story of an earlier film,Movie songs (film songs),B) 'RRR' (for the song 'Naatu Naatu'),"'RRR' gained major international recognition, including winning the Oscar for Best Original Song for 'Naatu Naatu' at the 2023 Academy Awards.",Cinema,Movie Awards
Which actor is widely known by the nickname 'Shahenshah of Bollywood'?,Amitabh Bachchan,A family film,The Academy Awards (Oscars),Comedy,A) Amitabh Bachchan,"Amitabh Bachchan is widely referred to by fans and media as the 'Shahenshah of Bollywood', among other honorifics.",Cinema,Actors
Quiz question: What is a 'sequel' in film terminology?,A film that continues the story of an earlier film,"A film created using techniques like drawings or computer graphics to simulate movement, rather than live actors",Amitabh Bachchan,Bollywood,A) A film that continues the story of an earlier film,A sequel is a film that continues or expands upon the story or characters introduced in an earlier film.,Cinema,Famous Films
Which option correctly answers this: What is the popular nickname for the Telugu-language film industry?,A film that portrays events occurring before an earlier film's story,Ramesh Sippy,To oversee the creative and technical aspects of making a film,Tollywood,D) Tollywood,Tollywood is the popular nickname for the Telugu-language film industry.,Cinema,Telugu Cinema
Which option correctly answers this: What is a 'blockbuster' in film terminology?,A film that achieves exceptionally high box office success,Hollywood,Kollywood,Satyajit Ray,A) A film that achieves exceptionally high box office success,A blockbuster is a term used to describe a film that achieves exceptionally high commercial and box office success.,Cinema,Box Office
Which option correctly answers this: What is the role of a film producer?,Bollywood,Sandalwood,A debut,To manage the financial and logistical aspects of making a film,D) To manage the financial and logistical aspects of making a film,"A film producer manages the financial, logistical, and administrative aspects of a film's production.",Cinema,Producers
Quiz question: What term describes an actor's first film role or debut?,Kollywood,Tollywood,Hollywood,A debut,D) A debut,A debut refers to an actor's or filmmaker's first professional appearance or work in a film.,Cinema,Actors
Quiz question: What are the national film awards of India called?,The National Film Awards,A film that achieves exceptionally high box office success,Tollywood,Hollywood,A) The National Film Awards,"The National Film Awards are India's most prestigious national film honors, established in 1954.",Cinema,Movie Awards
"Which film festival is considered one of the most prestigious in the world, held annually in France?",A debut,The International Film Festival of India (IFFI),Ramesh Sippy,The Cannes Film Festival,D) The Cannes Film Festival,"The Cannes Film Festival, held annually in France, is one of the most prestigious and influential film festivals in the world.",Cinema,Film Festivals
Quiz question: What is a 'prequel' in film terminology?,A film that portrays events occurring before an earlier film's story,To manage the financial and logistical aspects of making a film,The Cannes Film Festival,To oversee the creative and technical aspects of making a film,A) A film that portrays events occurring before an earlier film's story,A prequel portrays events that take place chronologically before the story of an earlier related film.,Cinema,Famous Films
Choose the correct answer: Which major Indian film festival is held annually in Goa?,Ramesh Sippy,The International Film Festival of India (IFFI),Tollywood,Bollywood,B) The International Film Festival of India (IFFI),The International Film Festival of India (IFFI) is a major annual film festival held in Goa.,Cinema,Film Festivals
Choose the correct answer: What is the term for the American film industry centered in Los Angeles?,A film that portrays events occurring before an earlier film's story,The Cannes Film Festival,Hollywood,Movie songs (film songs),C) Hollywood,"Hollywood refers to the American film industry, historically centered in the Hollywood district of Los Angeles.",Cinema,Hollywood
"Quiz question: What is the term for a movie's soundtrack songs, common in Indian cinema?",Satyajit Ray,Movie songs (film songs),Sandalwood,Post-production,B) Movie songs (film songs),"Movie songs, or film songs, are musical compositions included as part of a film's soundtrack, especially prominent in Indian cinema.",Cinema,Movie Songs
Choose the correct answer: Which actor is widely known by the nickname 'Shahenshah of Bollywood'?,Kollywood,Amitabh Bachchan,The Cannes Film Festival,Dr. Rajkumar,B) Amitabh Bachchan,"Amitabh Bachchan is widely referred to by fans and media as the 'Shahenshah of Bollywood', among other honorifics.",Cinema,Actors
Which major Indian film festival is held annually in Goa?,The International Film Festival of India (IFFI),Box office collection,Kollywood,Bollywood,A) The International Film Festival of India (IFFI),The International Film Festival of India (IFFI) is a major annual film festival held in Goa.,Cinema,Film Festivals
Which major Indian film festival is held annually in Goa?,The International Film Festival of India (IFFI),A debut,Post-production,A film that achieves exceptionally high box office success,A) The International Film Festival of India (IFFI),The International Film Festival of India (IFFI) is a major annual film festival held in Goa.,Cinema,Film Festivals
Choose the correct answer: What is the role of a film producer?,Kollywood,Sandalwood,To manage the financial and logistical aspects of making a film,Bollywood,C) To manage the financial and logistical aspects of making a film,"A film producer manages the financial, logistical, and administrative aspects of a film's production.",Cinema,Producers
"Which option correctly answers this: Which film festival is considered one of the most prestigious in the world, held annually in France?",Movie songs (film songs),CGI (computer-generated imagery) films,Dr. Rajkumar,The Cannes Film Festival,D) The Cannes Film Festival,"The Cannes Film Festival, held annually in France, is one of the most prestigious and influential film festivals in the world.",Cinema,Film Festivals
Quiz question: What is a 'blockbuster' in film terminology?,Satyajit Ray,The National Film Awards,The International Film Festival of India (IFFI),A film that achieves exceptionally high box office success,D) A film that achieves exceptionally high box office success,A blockbuster is a term used to describe a film that achieves exceptionally high commercial and box office success.,Cinema,Box Office
Which option correctly answers this: What is the term for the genre of films focused primarily on making audiences laugh?,Sandalwood,To manage the financial and logistical aspects of making a film,Ramesh Sippy,Comedy,D) Comedy,"Comedy is a film genre specifically focused on humor, designed primarily to entertain and amuse audiences.",Cinema,Famous Films
"Choose the correct answer: What is the term for the process of adding sound, music, and effects to a film after shooting?",Post-production,To manage the financial and logistical aspects of making a film,Amitabh Bachchan,Sandalwood,A) Post-production,"Post-production is the phase after filming where editing, sound design, music, and visual effects are added to a film.",Cinema,Cinema History
Choose the correct answer: What is the popular nickname for the Kannada-language film industry?,Sandalwood,CGI (computer-generated imagery) films,The International Film Festival of India (IFFI),A debut,A) Sandalwood,"Sandalwood is the popular nickname for the Kannada-language film industry, based in Karnataka.",Cinema,Kannada Cinema
"What is the term for a movie's soundtrack songs, common in Indian cinema?",Movie songs (film songs),To manage the financial and logistical aspects of making a film,Post-production,"A brief appearance by a notable performer, often uncredited or in a small role",A) Movie songs (film songs),"Movie songs, or film songs, are musical compositions included as part of a film's soundtrack, especially prominent in Indian cinema.",Cinema,Movie Songs
Quiz question: What is the term for the genre of films focused primarily on making audiences laugh?,Comedy,Dr. Rajkumar,Ramesh Sippy,"A film created using techniques like drawings or computer graphics to simulate movement, rather than live actors",A) Comedy,"Comedy is a film genre specifically focused on humor, designed primarily to entertain and amuse audiences.",Cinema,Famous Films
"Choose the correct answer: Who directed the film 'Sholay' (1975), a landmark of Indian cinema?",The Cannes Film Festival,Tollywood,Ramesh Sippy,Amitabh Bachchan,C) Ramesh Sippy,"Ramesh Sippy directed 'Sholay' (1975), one of the most iconic and commercially successful films in Indian cinema history.",Cinema,Bollywood
Choose the correct answer: What are the national film awards of India called?,A film that portrays events occurring before an earlier film's story,Ramesh Sippy,The National Film Awards,"A brief appearance by a notable performer, often uncredited or in a small role",C) The National Film Awards,"The National Film Awards are India's most prestigious national film honors, established in 1954.",Cinema,Movie Awards
Which option correctly answers this: What is the term for a movie made specifically for children and family audiences?,Dr. Rajkumar,'RRR' (for the song 'Naatu Naatu'),A family film,A detective or mystery film,C) A family film,"A family film is created with content and themes suitable and appealing for audiences of all ages, especially children.",Cinema,Famous Films
"Quiz question: Which Indian film became widely recognized internationally after winning major awards including at the 2023 Oscars, for its song?",A film that portrays events occurring before an earlier film's story,The International Film Festival of India (IFFI),'RRR' (for the song 'Naatu Naatu'),Kollywood,C) 'RRR' (for the song 'Naatu Naatu'),"'RRR' gained major international recognition, including winning the Oscar for Best Original Song for 'Naatu Naatu' at the 2023 Academy Awards.",Cinema,Movie Awards
Quiz question: What are the national film awards of India called?,Movie songs (film songs),The National Film Awards,Sandalwood,"A brief appearance by a notable performer, often uncredited or in a small role",B) The National Film Awards,"The National Film Awards are India's most prestigious national film honors, established in 1954.",Cinema,Movie Awards
What does the term 'cameo' mean in film?,Box office collection,'RRR' (for the song 'Naatu Naatu'),Kollywood,"A brief appearance by a notable performer, often uncredited or in a small role","D) A brief appearance by a notable performer, often uncredited or in a small role","A cameo refers to a brief appearance in a film by a notable performer, often in a small or uncredited role.",Cinema,Movie Characters
Quiz question: What is the term for a film's total earnings from ticket sales?,A film that achieves exceptionally high box office success,Box office collection,A film that portrays events occurring before an earlier film's story,Bollywood,B) Box office collection,Box office collection refers to the total revenue a film earns from ticket sales.,Cinema,Box Office
Choose the correct answer: What are the national film awards of India called?,The National Film Awards,Tollywood,To manage the financial and logistical aspects of making a film,A film that continues the story of an earlier film,A) The National Film Awards,"The National Film Awards are India's most prestigious national film honors, established in 1954.",Cinema,Movie Awards
Quiz question: What is the role of a film director?,To oversee the creative and technical aspects of making a film,"A brief appearance by a notable performer, often uncredited or in a small role",Dr. Rajkumar,A film that portrays events occurring before an earlier film's story,A) To oversee the creative and technical aspects of making a film,"A film director oversees the creative and technical aspects of a film's production, guiding the cast and crew.",Cinema,Directors
What is the popular nickname for the Tamil-language film industry?,"A brief appearance by a notable performer, often uncredited or in a small role",'RRR' (for the song 'Naatu Naatu'),Kollywood,To oversee the creative and technical aspects of making a film,C) Kollywood,"Kollywood is the popular nickname for the Tamil-language film industry, based mainly in Chennai.",Cinema,Tamil Cinema
Quiz question: What is the role of a film producer?,To manage the financial and logistical aspects of making a film,The Cannes Film Festival,Post-production,Bollywood,A) To manage the financial and logistical aspects of making a film,"A film producer manages the financial, logistical, and administrative aspects of a film's production.",Cinema,Producers
Quiz question: What does the term 'cameo' mean in film?,'RRR' (for the song 'Naatu Naatu'),"A brief appearance by a notable performer, often uncredited or in a small role",Movie songs (film songs),To oversee the creative and technical aspects of making a film,"B) A brief appearance by a notable performer, often uncredited or in a small role","A cameo refers to a brief appearance in a film by a notable performer, often in a small or uncredited role.",Cinema,Movie Characters
Choose the correct answer: What is the popular nickname for the Kannada-language film industry?,Dr. Rajkumar,Amitabh Bachchan,Sandalwood,'RRR' (for the song 'Naatu Naatu'),C) Sandalwood,"Sandalwood is the popular nickname for the Kannada-language film industry, based in Karnataka.",Cinema,Kannada Cinema
Which option correctly answers this: What is the term for the American film industry centered in Los Angeles?,Hollywood,The Cannes Film Festival,Kollywood,Movie songs (film songs),A) Hollywood,"Hollywood refers to the American film industry, historically centered in the Hollywood district of Los Angeles.",Cinema,Hollywood
Choose the correct answer: What is the popular nickname for the Kannada-language film industry?,To oversee the creative and technical aspects of making a film,Sandalwood,'RRR' (for the song 'Naatu Naatu'),Comedy,B) Sandalwood,"Sandalwood is the popular nickname for the Kannada-language film industry, based in Karnataka.",Cinema,Kannada Cinema
"Which option correctly answers this: Who played the character in a lead role of many iconic Kannada films and is often called a legendary figure of Sandalwood, honored with titles like 'Varanatha Tara'?",Sandalwood,Dr. Rajkumar,Tollywood,A debut,B) Dr. Rajkumar,"Dr. Rajkumar is widely regarded as a legendary figure of Kannada cinema, celebrated for his extensive body of work.",Cinema,Kannada Cinema
Quiz question: What is a 'blockbuster' in film terminology?,The Academy Awards (Oscars),'RRR' (for the song 'Naatu Naatu'),A film that achieves exceptionally high box office success,The International Film Festival of India (IFFI),C) A film that achieves exceptionally high box office success,A blockbuster is a term used to describe a film that achieves exceptionally high commercial and box office success.,Cinema,Box Office
Choose the correct answer: What is the term for a film's total earnings from ticket sales?,Box office collection,Movie songs (film songs),Satyajit Ray,"A film created using techniques like drawings or computer graphics to simulate movement, rather than live actors",A) Box office collection,Box office collection refers to the total revenue a film earns from ticket sales.,Cinema,Box Office
What does the term 'cameo' mean in film?,Bollywood,Movie songs (film songs),The National Film Awards,"A brief appearance by a notable performer, often uncredited or in a small role","D) A brief appearance by a notable performer, often uncredited or in a small role","A cameo refers to a brief appearance in a film by a notable performer, often in a small or uncredited role.",Cinema,Movie Characters
"Quiz question: What is the term for the process of adding sound, music, and effects to a film after shooting?",Sandalwood,"A brief appearance by a notable performer, often uncredited or in a small role",The Cannes Film Festival,Post-production,D) Post-production,"Post-production is the phase after filming where editing, sound design, music, and visual effects are added to a film.",Cinema,Cinema History
"Choose the correct answer: Which Indian film became widely recognized internationally after winning major awards including at the 2023 Oscars, for its song?",'RRR' (for the song 'Naatu Naatu'),The International Film Festival of India (IFFI),Kollywood,The National Film Awards,A) 'RRR' (for the song 'Naatu Naatu'),"'RRR' gained major international recognition, including winning the Oscar for Best Original Song for 'Naatu Naatu' at the 2023 Academy Awards.",Cinema,Movie Awards
Choose the correct answer: Which international film award is considered the most prestigious in the American film industry?,The Academy Awards (Oscars),The Cannes Film Festival,"A brief appearance by a notable performer, often uncredited or in a small role",Comedy,A) The Academy Awards (Oscars),"The Academy Awards, commonly known as the Oscars, are considered the most prestigious awards in the American film industry.",Cinema,Movie Awards
Choose the correct answer: Which international film award is considered the most prestigious in the American film industry?,To oversee the creative and technical aspects of making a film,The Academy Awards (Oscars),CGI (computer-generated imagery) films,Hollywood,B) The Academy Awards (Oscars),"The Academy Awards, commonly known as the Oscars, are considered the most prestigious awards in the American film industry.",Cinema,Movie Awards
"Quiz question: Which film festival is considered one of the most prestigious in the world, held annually in France?",The Cannes Film Festival,The National Film Awards,A film that portrays events occurring before an earlier film's story,Hollywood,A) The Cannes Film Festival,"The Cannes Film Festival, held annually in France, is one of the most prestigious and influential film festivals in the world.",Cinema,Film Festivals
What is an animated film?,CGI (computer-generated imagery) films,Dr. Rajkumar,A film that achieves exceptionally high box office success,"A film created using techniques like drawings or computer graphics to simulate movement, rather than live actors","D) A film created using techniques like drawings or computer graphics to simulate movement, rather than live actors","An animated film is created using drawings, computer graphics, or other techniques to simulate motion, rather than filming live actors.",Cinema,Famous Films
"What is the term for a movie's soundtrack songs, common in Indian cinema?",A film that portrays events occurring before an earlier film's story,Tollywood,Movie songs (film songs),Ramesh Sippy,C) Movie songs (film songs),"Movie songs, or film songs, are musical compositions included as part of a film's soundtrack, especially prominent in Indian cinema.",Cinema,Movie Songs
Quiz question: What is a 'blockbuster' in film terminology?,The Cannes Film Festival,CGI (computer-generated imagery) films,To manage the financial and logistical aspects of making a film,A film that achieves exceptionally high box office success,D) A film that achieves exceptionally high box office success,A blockbuster is a term used to describe a film that achieves exceptionally high commercial and box office success.,Cinema,Box Office
What is the term for the genre of films focused primarily on making audiences laugh?,Bollywood,Comedy,'RRR' (for the song 'Naatu Naatu'),Movie songs (film songs),B) Comedy,"Comedy is a film genre specifically focused on humor, designed primarily to entertain and amuse audiences.",Cinema,Famous Films
Choose the correct answer: What is the popular nickname for the Hindi-language film industry based in Mumbai?,Bollywood,Amitabh Bachchan,A detective or mystery film,A family film,A) Bollywood,"Bollywood is the popular nickname for India's Hindi-language film industry, based primarily in Mumbai.",Cinema,Bollywood
"Quiz question: What is the term for the process of adding sound, music, and effects to a film after shooting?",To manage the financial and logistical aspects of making a film,To oversee the creative and technical aspects of making a film,Post-production,Kollywood,C) Post-production,"Post-production is the phase after filming where editing, sound design, music, and visual effects are added to a film.",Cinema,Cinema History
Quiz question: What is the term for a movie made specifically for children and family audiences?,The National Film Awards,A family film,Sandalwood,"A film created using techniques like drawings or computer graphics to simulate movement, rather than live actors",B) A family film,"A family film is created with content and themes suitable and appealing for audiences of all ages, especially children.",Cinema,Famous Films
Which option correctly answers this: What genre of film typically centers on solving a crime or mystery?,Tollywood,A detective or mystery film,'RRR' (for the song 'Naatu Naatu'),A film that achieves exceptionally high box office success,B) A detective or mystery film,"Detective or mystery films typically center on solving a crime, uncovering secrets, or unraveling a mystery.",Cinema,Famous Films
Choose the correct answer: What is the term for the American film industry centered in Los Angeles?,Movie songs (film songs),"A brief appearance by a notable performer, often uncredited or in a small role",To oversee the creative and technical aspects of making a film,Hollywood,D) Hollywood,"Hollywood refers to the American film industry, historically centered in the Hollywood district of Los Angeles.",Cinema,Hollywood
Which option correctly answers this: Which actor is widely known by the nickname 'Shahenshah of Bollywood'?,Comedy,Amitabh Bachchan,A film that portrays events occurring before an earlier film's story,A film that continues the story of an earlier film,B) Amitabh Bachchan,"Amitabh Bachchan is widely referred to by fans and media as the 'Shahenshah of Bollywood', among other honorifics.",Cinema,Actors
Quiz question: What term describes an actor's first film role or debut?,A debut,Kollywood,'RRR' (for the song 'Naatu Naatu'),Hollywood,A) A debut,A debut refers to an actor's or filmmaker's first professional appearance or work in a film.,Cinema,Actors
Which actor is widely known by the nickname 'Shahenshah of Bollywood'?,The Academy Awards (Oscars),A film that portrays events occurring before an earlier film's story,Amitabh Bachchan,Ramesh Sippy,C) Amitabh Bachchan,"Amitabh Bachchan is widely referred to by fans and media as the 'Shahenshah of Bollywood', among other honorifics.",Cinema,Actors
"Which option correctly answers this: What is the term for a movie's soundtrack songs, common in Indian cinema?",Movie songs (film songs),The Academy Awards (Oscars),The International Film Festival of India (IFFI),A film that portrays events occurring before an earlier film's story,A) Movie songs (film songs),"Movie songs, or film songs, are musical compositions included as part of a film's soundtrack, especially prominent in Indian cinema.",Cinema,Movie Songs
Who directed the internationally acclaimed Indian film 'Pather Panchali' (1955)?,A family film,CGI (computer-generated imagery) films,Satyajit Ray,A debut,C) Satyajit Ray,"Satyajit Ray directed 'Pather Panchali' (1955), a landmark of Indian and world cinema.",Cinema,Cinema History
What genre of film typically centers on solving a crime or mystery?,A film that portrays events occurring before an earlier film's story,A film that achieves exceptionally high box office success,A detective or mystery film,'RRR' (for the song 'Naatu Naatu'),C) A detective or mystery film,"Detective or mystery films typically center on solving a crime, uncovering secrets, or unraveling a mystery.",Cinema,Famous Films
Which option correctly answers this: What is a 'sequel' in film terminology?,Kollywood,A film that continues the story of an earlier film,"A film created using techniques like drawings or computer graphics to simulate movement, rather than live actors",A film that achieves exceptionally high box office success,B) A film that continues the story of an earlier film,A sequel is a film that continues or expands upon the story or characters introduced in an earlier film.,Cinema,Famous Films
Which option correctly answers this: What is the popular nickname for the Tamil-language film industry?,"A film created using techniques like drawings or computer graphics to simulate movement, rather than live actors",To oversee the creative and technical aspects of making a film,Ramesh Sippy,Kollywood,D) Kollywood,"Kollywood is the popular nickname for the Tamil-language film industry, based mainly in Chennai.",Cinema,Tamil Cinema
What is the popular nickname for the Kannada-language film industry?,Sandalwood,Post-production,A film that continues the story of an earlier film,Box office collection,A) Sandalwood,"Sandalwood is the popular nickname for the Kannada-language film industry, based in Karnataka.",Cinema,Kannada Cinema
"Quiz question: What is the term for the process of adding sound, music, and effects to a film after shooting?",Post-production,A film that achieves exceptionally high box office success,The International Film Festival of India (IFFI),"A brief appearance by a notable performer, often uncredited or in a small role",A) Post-production,"Post-production is the phase after filming where editing, sound design, music, and visual effects are added to a film.",Cinema,Cinema History
Choose the correct answer: What term describes an actor's first film role or debut?,Bollywood,Movie songs (film songs),Comedy,A debut,D) A debut,A debut refers to an actor's or filmmaker's first professional appearance or work in a film.,Cinema,Actors
Quiz question: What is a 'prequel' in film terminology?,Comedy,Ramesh Sippy,Sandalwood,A film that portrays events occurring before an earlier film's story,D) A film that portrays events occurring before an earlier film's story,A prequel portrays events that take place chronologically before the story of an earlier related film.,Cinema,Famous Films
Quiz question: What genre of film typically centers on solving a crime or mystery?,A film that portrays events occurring before an earlier film's story,To manage the financial and logistical aspects of making a film,The International Film Festival of India (IFFI),A detective or mystery film,D) A detective or mystery film,"Detective or mystery films typically center on solving a crime, uncovering secrets, or unraveling a mystery.",Cinema,Famous Films
What does the term 'cameo' mean in film?,Tollywood,"A brief appearance by a notable performer, often uncredited or in a small role",A film that continues the story of an earlier film,Kollywood,"B) A brief appearance by a notable performer, often uncredited or in a small role","A cameo refers to a brief appearance in a film by a notable performer, often in a small or uncredited role.",Cinema,Movie Characters
Which option correctly answers this: What is a 'blockbuster' in film terminology?,A debut,A film that achieves exceptionally high box office success,Movie songs (film songs),Sandalwood,B) A film that achieves exceptionally high box office success,A blockbuster is a term used to describe a film that achieves exceptionally high commercial and box office success.,Cinema,Box Office
Quiz question: Which major Indian film festival is held annually in Goa?,To oversee the creative and technical aspects of making a film,A film that continues the story of an earlier film,Box office collection,The International Film Festival of India (IFFI),D) The International Film Festival of India (IFFI),The International Film Festival of India (IFFI) is a major annual film festival held in Goa.,Cinema,Film Festivals
What is a 'blockbuster' in film terminology?,Dr. Rajkumar,"A film created using techniques like drawings or computer graphics to simulate movement, rather than live actors",A film that portrays events occurring before an earlier film's story,A film that achieves exceptionally high box office success,D) A film that achieves exceptionally high box office success,A blockbuster is a term used to describe a film that achieves exceptionally high commercial and box office success.,Cinema,Box Office
Which actor is widely known by the nickname 'Shahenshah of Bollywood'?,A family film,To manage the financial and logistical aspects of making a film,A film that portrays events occurring before an earlier film's story,Amitabh Bachchan,D) Amitabh Bachchan,"Amitabh Bachchan is widely referred to by fans and media as the 'Shahenshah of Bollywood', among other honorifics.",Cinema,Actors
Choose the correct answer: What genre of film typically centers on solving a crime or mystery?,A detective or mystery film,A film that continues the story of an earlier film,"A film created using techniques like drawings or computer graphics to simulate movement, rather than live actors",A film that achieves exceptionally high box office success,A) A detective or mystery film,"Detective or mystery films typically center on solving a crime, uncovering secrets, or unraveling a mystery.",Cinema,Famous Films
"Which Indian film became widely recognized internationally after winning major awards including at the 2023 Oscars, for its song?",'RRR' (for the song 'Naatu Naatu'),Sandalwood,A film that continues the story of an earlier film,"A film created using techniques like drawings or computer graphics to simulate movement, rather than live actors",A) 'RRR' (for the song 'Naatu Naatu'),"'RRR' gained major international recognition, including winning the Oscar for Best Original Song for 'Naatu Naatu' at the 2023 Academy Awards.",Cinema,Movie Awards
Choose the correct answer: What is the popular nickname for the Telugu-language film industry?,Post-production,Satyajit Ray,Comedy,Tollywood,D) Tollywood,Tollywood is the popular nickname for the Telugu-language film industry.,Cinema,Telugu Cinema
Choose the correct answer: What genre of film typically centers on solving a crime or mystery?,The International Film Festival of India (IFFI),"A brief appearance by a notable performer, often uncredited or in a small role",Sandalwood,A detective or mystery film,D) A detective or mystery film,"Detective or mystery films typically center on solving a crime, uncovering secrets, or unraveling a mystery.",Cinema,Famous Films
Choose the correct answer: What are the national film awards of India called?,"A brief appearance by a notable performer, often uncredited or in a small role",Ramesh Sippy,The National Film Awards,To manage the financial and logistical aspects of making a film,C) The National Film Awards,"The National Film Awards are India's most prestigious national film honors, established in 1954.",Cinema,Movie Awards
Which option correctly answers this: What is the popular nickname for the Hindi-language film industry based in Mumbai?,Ramesh Sippy,Bollywood,A film that achieves exceptionally high box office success,Kollywood,B) Bollywood,"Bollywood is the popular nickname for India's Hindi-language film industry, based primarily in Mumbai.",Cinema,Bollywood
What is the popular nickname for the Telugu-language film industry?,Tollywood,Box office collection,To oversee the creative and technical aspects of making a film,The International Film Festival of India (IFFI),A) Tollywood,Tollywood is the popular nickname for the Telugu-language film industry.,Cinema,Telugu Cinema
Quiz question: Which actor is widely known by the nickname 'Shahenshah of Bollywood'?,Amitabh Bachchan,A film that achieves exceptionally high box office success,'RRR' (for the song 'Naatu Naatu'),Post-production,A) Amitabh Bachchan,"Amitabh Bachchan is widely referred to by fans and media as the 'Shahenshah of Bollywood', among other honorifics.",Cinema,Actors
Which option correctly answers this: What is the role of a film director?,A family film,"A film created using techniques like drawings or computer graphics to simulate movement, rather than live actors",The International Film Festival of India (IFFI),To oversee the creative and technical aspects of making a film,D) To oversee the creative and technical aspects of making a film,"A film director oversees the creative and technical aspects of a film's production, guiding the cast and crew.",Cinema,Directors
Quiz question: What is the role of a film producer?,CGI (computer-generated imagery) films,Kollywood,A detective or mystery film,To manage the financial and logistical aspects of making a film,D) To manage the financial and logistical aspects of making a film,"A film producer manages the financial, logistical, and administrative aspects of a film's production.",Cinema,Producers
What are the national film awards of India called?,Tollywood,Satyajit Ray,Dr. Rajkumar,The National Film Awards,D) The National Film Awards,"The National Film Awards are India's most prestigious national film honors, established in 1954.",Cinema,Movie Awards
Choose the correct answer: Which actor is widely known by the nickname 'Shahenshah of Bollywood'?,The Academy Awards (Oscars),To manage the financial and logistical aspects of making a film,The International Film Festival of India (IFFI),Amitabh Bachchan,D) Amitabh Bachchan,"Amitabh Bachchan is widely referred to by fans and media as the 'Shahenshah of Bollywood', among other honorifics.",Cinema,Actors
What is an animated film?,Ramesh Sippy,Amitabh Bachchan,Hollywood,"A film created using techniques like drawings or computer graphics to simulate movement, rather than live actors","D) A film created using techniques like drawings or computer graphics to simulate movement, rather than live actors","An animated film is created using drawings, computer graphics, or other techniques to simulate motion, rather than filming live actors.",Cinema,Famous Films
Quiz question: What is the popular nickname for the Hindi-language film industry based in Mumbai?,Movie songs (film songs),A debut,Bollywood,"A brief appearance by a notable performer, often uncredited or in a small role",C) Bollywood,"Bollywood is the popular nickname for India's Hindi-language film industry, based primarily in Mumbai.",Cinema,Bollywood
Quiz question: What genre of film typically centers on solving a crime or mystery?,Kollywood,A debut,A detective or mystery film,Hollywood,C) A detective or mystery film,"Detective or mystery films typically center on solving a crime, uncovering secrets, or unraveling a mystery.",Cinema,Famous Films
Choose the correct answer: What are the national film awards of India called?,CGI (computer-generated imagery) films,Movie songs (film songs),A film that portrays events occurring before an earlier film's story,The National Film Awards,D) The National Film Awards,"The National Film Awards are India's most prestigious national film honors, established in 1954.",Cinema,Movie Awards
Quiz question: What is the term for the American film industry centered in Los Angeles?,A film that achieves exceptionally high box office success,Hollywood,Box office collection,Post-production,B) Hollywood,"Hollywood refers to the American film industry, historically centered in the Hollywood district of Los Angeles.",Cinema,Hollywood
Which option correctly answers this: What is the popular nickname for the Telugu-language film industry?,"A brief appearance by a notable performer, often uncredited or in a small role",Tollywood,The International Film Festival of India (IFFI),Amitabh Bachchan,B) Tollywood,Tollywood is the popular nickname for the Telugu-language film industry.,Cinema,Telugu Cinema
Quiz question: What is the popular nickname for the Tamil-language film industry?,'RRR' (for the song 'Naatu Naatu'),Box office collection,Kollywood,The National Film Awards,C) Kollywood,"Kollywood is the popular nickname for the Tamil-language film industry, based mainly in Chennai.",Cinema,Tamil Cinema
Which option correctly answers this: What is an animated film?,"A brief appearance by a notable performer, often uncredited or in a small role",Ramesh Sippy,The National Film Awards,"A film created using techniques like drawings or computer graphics to simulate movement, rather than live actors","D) A film created using techniques like drawings or computer graphics to simulate movement, rather than live actors","An animated film is created using drawings, computer graphics, or other techniques to simulate motion, rather than filming live actors.",Cinema,Famous Films
Quiz question: Which international film award is considered the most prestigious in the American film industry?,The Academy Awards (Oscars),Kollywood,A film that portrays events occurring before an earlier film's story,Movie songs (film songs),A) The Academy Awards (Oscars),"The Academy Awards, commonly known as the Oscars, are considered the most prestigious awards in the American film industry.",Cinema,Movie Awards
Choose the correct answer: What is a 'sequel' in film terminology?,Satyajit Ray,'RRR' (for the song 'Naatu Naatu'),A film that continues the story of an earlier film,To oversee the creative and technical aspects of making a film,C) A film that continues the story of an earlier film,A sequel is a film that continues or expands upon the story or characters introduced in an earlier film.,Cinema,Famous Films
"Quiz question: Which film festival is considered one of the most prestigious in the world, held annually in France?",The Cannes Film Festival,"A film created using techniques like drawings or computer graphics to simulate movement, rather than live actors",Kollywood,The Academy Awards (Oscars),A) The Cannes Film Festival,"The Cannes Film Festival, held annually in France, is one of the most prestigious and influential film festivals in the world.",Cinema,Film Festivals
Which option correctly answers this: What is a 'sequel' in film terminology?,"A film created using techniques like drawings or computer graphics to simulate movement, rather than live actors",The Academy Awards (Oscars),The Cannes Film Festival,A film that continues the story of an earlier film,D) A film that continues the story of an earlier film,A sequel is a film that continues or expands upon the story or characters introduced in an earlier film.,Cinema,Famous Films
"Which option correctly answers this: What is the term for the process of adding sound, music, and effects to a film after shooting?",CGI (computer-generated imagery) films,Hollywood,Box office collection,Post-production,D) Post-production,"Post-production is the phase after filming where editing, sound design, music, and visual effects are added to a film.",Cinema,Cinema History
What is the term for the American film industry centered in Los Angeles?,CGI (computer-generated imagery) films,The Academy Awards (Oscars),Hollywood,Sandalwood,C) Hollywood,"Hollywood refers to the American film industry, historically centered in the Hollywood district of Los Angeles.",Cinema,Hollywood
Choose the correct answer: Which actor is widely known by the nickname 'Shahenshah of Bollywood'?,To oversee the creative and technical aspects of making a film,Amitabh Bachchan,'RRR' (for the song 'Naatu Naatu'),Box office collection,B) Amitabh Bachchan,"Amitabh Bachchan is widely referred to by fans and media as the 'Shahenshah of Bollywood', among other honorifics.",Cinema,Actors
Choose the correct answer: What is the term for a movie made specifically for children and family audiences?,A detective or mystery film,A family film,The Cannes Film Festival,The International Film Festival of India (IFFI),B) A family film,"A family film is created with content and themes suitable and appealing for audiences of all ages, especially children.",Cinema,Famous Films
What is the popular nickname for the Hindi-language film industry based in Mumbai?,A film that portrays events occurring before an earlier film's story,Sandalwood,Bollywood,Dr. Rajkumar,C) Bollywood,"Bollywood is the popular nickname for India's Hindi-language film industry, based primarily in Mumbai.",Cinema,Bollywood
What is the popular nickname for the Hindi-language film industry based in Mumbai?,'RRR' (for the song 'Naatu Naatu'),Bollywood,Sandalwood,"A brief appearance by a notable performer, often uncredited or in a small role",B) Bollywood,"Bollywood is the popular nickname for India's Hindi-language film industry, based primarily in Mumbai.",Cinema,Bollywood
Which international film award is considered the most prestigious in the American film industry?,Kollywood,Dr. Rajkumar,The Cannes Film Festival,The Academy Awards (Oscars),D) The Academy Awards (Oscars),"The Academy Awards, commonly known as the Oscars, are considered the most prestigious awards in the American film industry.",Cinema,Movie Awards
Choose the correct answer: What term describes films made using computer-generated imagery for visual effects?,Movie songs (film songs),CGI (computer-generated imagery) films,Ramesh Sippy,Bollywood,B) CGI (computer-generated imagery) films,"CGI films use computer-generated imagery extensively to create visual effects, characters, or entire animated worlds.",Cinema,Cinema History
"Which film festival is considered one of the most prestigious in the world, held annually in France?",Satyajit Ray,A film that portrays events occurring before an earlier film's story,The Cannes Film Festival,CGI (computer-generated imagery) films,C) The Cannes Film Festival,"The Cannes Film Festival, held annually in France, is one of the most prestigious and influential film festivals in the world.",Cinema,Film Festivals
Which option correctly answers this: What are the national film awards of India called?,Bollywood,Amitabh Bachchan,The National Film Awards,CGI (computer-generated imagery) films,C) The National Film Awards,"The National Film Awards are India's most prestigious national film honors, established in 1954.",Cinema,Movie Awards
Who directed the internationally acclaimed Indian film 'Pather Panchali' (1955)?,Satyajit Ray,CGI (computer-generated imagery) films,Kollywood,Bollywood,A) Satyajit Ray,"Satyajit Ray directed 'Pather Panchali' (1955), a landmark of Indian and world cinema.",Cinema,Cinema History
"What is the term for the process of adding sound, music, and effects to a film after shooting?",The Academy Awards (Oscars),Ramesh Sippy,Post-production,The Cannes Film Festival,C) Post-production,"Post-production is the phase after filming where editing, sound design, music, and visual effects are added to a film.",Cinema,Cinema History
Which option correctly answers this: What is the term for the genre of films focused primarily on making audiences laugh?,Kollywood,Comedy,The Cannes Film Festival,Satyajit Ray,B) Comedy,"Comedy is a film genre specifically focused on humor, designed primarily to entertain and amuse audiences.",Cinema,Famous Films
"Choose the correct answer: Which Indian film became widely recognized internationally after winning major awards including at the 2023 Oscars, for its song?",Ramesh Sippy,Amitabh Bachchan,'RRR' (for the song 'Naatu Naatu'),A film that continues the story of an earlier film,C) 'RRR' (for the song 'Naatu Naatu'),"'RRR' gained major international recognition, including winning the Oscar for Best Original Song for 'Naatu Naatu' at the 2023 Academy Awards.",Cinema,Movie Awards
"Quiz question: What is the term for the process of adding sound, music, and effects to a film after shooting?",Amitabh Bachchan,Kollywood,Post-production,A film that achieves exceptionally high box office success,C) Post-production,"Post-production is the phase after filming where editing, sound design, music, and visual effects are added to a film.",Cinema,Cinema History
Quiz question: Which international film award is considered the most prestigious in the American film industry?,A family film,A detective or mystery film,The Academy Awards (Oscars),Bollywood,C) The Academy Awards (Oscars),"The Academy Awards, commonly known as the Oscars, are considered the most prestigious awards in the American film industry.",Cinema,Movie Awards
Choose the correct answer: What is the term for the genre of films focused primarily on making audiences laugh?,Dr. Rajkumar,Post-production,Comedy,Movie songs (film songs),C) Comedy,"Comedy is a film genre specifically focused on humor, designed primarily to entertain and amuse audiences.",Cinema,Famous Films
Which option correctly answers this: What term describes films made using computer-generated imagery for visual effects?,Comedy,The International Film Festival of India (IFFI),CGI (computer-generated imagery) films,'RRR' (for the song 'Naatu Naatu'),C) CGI (computer-generated imagery) films,"CGI films use computer-generated imagery extensively to create visual effects, characters, or entire animated worlds.",Cinema,Cinema History
"What is the term for a movie's soundtrack songs, common in Indian cinema?",The Academy Awards (Oscars),Sandalwood,Movie songs (film songs),The National Film Awards,C) Movie songs (film songs),"Movie songs, or film songs, are musical compositions included as part of a film's soundtrack, especially prominent in Indian cinema.",Cinema,Movie Songs
Which option correctly answers this: What is a 'sequel' in film terminology?,"A brief appearance by a notable performer, often uncredited or in a small role",Tollywood,A family film,A film that continues the story of an earlier film,D) A film that continues the story of an earlier film,A sequel is a film that continues or expands upon the story or characters introduced in an earlier film.,Cinema,Famous Films
"Quiz question: Who directed the film 'Sholay' (1975), a landmark of Indian cinema?",Dr. Rajkumar,Sandalwood,Box office collection,Ramesh Sippy,D) Ramesh Sippy,"Ramesh Sippy directed 'Sholay' (1975), one of the most iconic and commercially successful films in Indian cinema history.",Cinema,Bollywood
Choose the correct answer: Which international film award is considered the most prestigious in the American film industry?,The Cannes Film Festival,Bollywood,The Academy Awards (Oscars),To manage the financial and logistical aspects of making a film,C) The Academy Awards (Oscars),"The Academy Awards, commonly known as the Oscars, are considered the most prestigious awards in the American film industry.",Cinema,Movie Awards
"Choose the correct answer: Which film festival is considered one of the most prestigious in the world, held annually in France?",The Cannes Film Festival,Bollywood,The International Film Festival of India (IFFI),A film that achieves exceptionally high box office success,A) The Cannes Film Festival,"The Cannes Film Festival, held annually in France, is one of the most prestigious and influential film festivals in the world.",Cinema,Film Festivals
"Which option correctly answers this: Which Indian film became widely recognized internationally after winning major awards including at the 2023 Oscars, for its song?",Box office collection,The Cannes Film Festival,Movie songs (film songs),'RRR' (for the song 'Naatu Naatu'),D) 'RRR' (for the song 'Naatu Naatu'),"'RRR' gained major international recognition, including winning the Oscar for Best Original Song for 'Naatu Naatu' at the 2023 Academy Awards.",Cinema,Movie Awards
Which option correctly answers this: What is the term for a film's total earnings from ticket sales?,Hollywood,Post-production,Box office collection,Bollywood,C) Box office collection,Box office collection refers to the total revenue a film earns from ticket sales.,Cinema,Box Office
"What is the term for the process of adding sound, music, and effects to a film after shooting?",Post-production,Comedy,The Cannes Film Festival,Bollywood,A) Post-production,"Post-production is the phase after filming where editing, sound design, music, and visual effects are added to a film.",Cinema,Cinema History
Choose the correct answer: What is the term for the American film industry centered in Los Angeles?,The Academy Awards (Oscars),Post-production,Amitabh Bachchan,Hollywood,D) Hollywood,"Hollywood refers to the American film industry, historically centered in the Hollywood district of Los Angeles.",Cinema,Hollywood
Which option correctly answers this: What is the role of a film producer?,Bollywood,Ramesh Sippy,To manage the financial and logistical aspects of making a film,The National Film Awards,C) To manage the financial and logistical aspects of making a film,"A film producer manages the financial, logistical, and administrative aspects of a film's production.",Cinema,Producers
Which option correctly answers this: What are the national film awards of India called?,"A brief appearance by a notable performer, often uncredited or in a small role",Amitabh Bachchan,The National Film Awards,A film that achieves exceptionally high box office success,C) The National Film Awards,"The National Film Awards are India's most prestigious national film honors, established in 1954.",Cinema,Movie Awards
"Quiz question: What is the term for a movie's soundtrack songs, common in Indian cinema?",A film that portrays events occurring before an earlier film's story,A family film,Comedy,Movie songs (film songs),D) Movie songs (film songs),"Movie songs, or film songs, are musical compositions included as part of a film's soundtrack, especially prominent in Indian cinema.",Cinema,Movie Songs
Choose the correct answer: What is the term for a movie made specifically for children and family audiences?,A family film,Bollywood,A debut,The International Film Festival of India (IFFI),A) A family film,"A family film is created with content and themes suitable and appealing for audiences of all ages, especially children.",Cinema,Famous Films
Which actor is widely known by the nickname 'Shahenshah of Bollywood'?,Satyajit Ray,"A brief appearance by a notable performer, often uncredited or in a small role",Amitabh Bachchan,The Cannes Film Festival,C) Amitabh Bachchan,"Amitabh Bachchan is widely referred to by fans and media as the 'Shahenshah of Bollywood', among other honorifics.",Cinema,Actors
Which option correctly answers this: Who directed the internationally acclaimed Indian film 'Pather Panchali' (1955)?,The International Film Festival of India (IFFI),Box office collection,Satyajit Ray,To manage the financial and logistical aspects of making a film,C) Satyajit Ray,"Satyajit Ray directed 'Pather Panchali' (1955), a landmark of Indian and world cinema.",Cinema,Cinema History
Quiz question: What is the term for a movie made specifically for children and family audiences?,Amitabh Bachchan,A family film,Sandalwood,The Cannes Film Festival,B) A family film,"A family film is created with content and themes suitable and appealing for audiences of all ages, especially children.",Cinema,Famous Films
Which option correctly answers this: What is a 'blockbuster' in film terminology?,Ramesh Sippy,Satyajit Ray,A film that achieves exceptionally high box office success,Dr. Rajkumar,C) A film that achieves exceptionally high box office success,A blockbuster is a term used to describe a film that achieves exceptionally high commercial and box office success.,Cinema,Box Office
"Which film festival is considered one of the most prestigious in the world, held annually in France?",Satyajit Ray,A film that achieves exceptionally high box office success,Dr. Rajkumar,The Cannes Film Festival,D) The Cannes Film Festival,"The Cannes Film Festival, held annually in France, is one of the most prestigious and influential film festivals in the world.",Cinema,Film Festivals
What does the term 'cameo' mean in film?,Kollywood,A film that achieves exceptionally high box office success,Dr. Rajkumar,"A brief appearance by a notable performer, often uncredited or in a small role","D) A brief appearance by a notable performer, often uncredited or in a small role","A cameo refers to a brief appearance in a film by a notable performer, often in a small or uncredited role.",Cinema,Movie Characters
"Choose the correct answer: What is the term for the process of adding sound, music, and effects to a film after shooting?",Box office collection,Satyajit Ray,Post-production,Comedy,C) Post-production,"Post-production is the phase after filming where editing, sound design, music, and visual effects are added to a film.",Cinema,Cinema History
Choose the correct answer: What is the term for a film's total earnings from ticket sales?,"A film created using techniques like drawings or computer graphics to simulate movement, rather than live actors",Kollywood,To oversee the creative and technical aspects of making a film,Box office collection,D) Box office collection,Box office collection refers to the total revenue a film earns from ticket sales.,Cinema,Box Office
"Which option correctly answers this: Which Indian film became widely recognized internationally after winning major awards including at the 2023 Oscars, for its song?",Box office collection,Kollywood,A family film,'RRR' (for the song 'Naatu Naatu'),D) 'RRR' (for the song 'Naatu Naatu'),"'RRR' gained major international recognition, including winning the Oscar for Best Original Song for 'Naatu Naatu' at the 2023 Academy Awards.",Cinema,Movie Awards
Choose the correct answer: What is the role of a film producer?,Comedy,"A brief appearance by a notable performer, often uncredited or in a small role",A detective or mystery film,To manage the financial and logistical aspects of making a film,D) To manage the financial and logistical aspects of making a film,"A film producer manages the financial, logistical, and administrative aspects of a film's production.",Cinema,Producers
"Quiz question: Which Indian film became widely recognized internationally after winning major awards including at the 2023 Oscars, for its song?",'RRR' (for the song 'Naatu Naatu'),Bollywood,To oversee the creative and technical aspects of making a film,A family film,A) 'RRR' (for the song 'Naatu Naatu'),"'RRR' gained major international recognition, including winning the Oscar for Best Original Song for 'Naatu Naatu' at the 2023 Academy Awards.",Cinema,Movie Awards
"Choose the correct answer: What is the term for a movie's soundtrack songs, common in Indian cinema?",Movie songs (film songs),Kollywood,Dr. Rajkumar,Box office collection,A) Movie songs (film songs),"Movie songs, or film songs, are musical compositions included as part of a film's soundtrack, especially prominent in Indian cinema.",Cinema,Movie Songs
What is the role of a film producer?,A film that portrays events occurring before an earlier film's story,A detective or mystery film,To manage the financial and logistical aspects of making a film,Satyajit Ray,C) To manage the financial and logistical aspects of making a film,"A film producer manages the financial, logistical, and administrative aspects of a film's production.",Cinema,Producers
Which option correctly answers this: What is the term for a film's total earnings from ticket sales?,Sandalwood,A film that continues the story of an earlier film,The National Film Awards,Box office collection,D) Box office collection,Box office collection refers to the total revenue a film earns from ticket sales.,Cinema,Box Office
Quiz question: What is the term for the genre of films focused primarily on making audiences laugh?,Movie songs (film songs),CGI (computer-generated imagery) films,Comedy,To oversee the creative and technical aspects of making a film,C) Comedy,"Comedy is a film genre specifically focused on humor, designed primarily to entertain and amuse audiences.",Cinema,Famous Films
Quiz question: What term describes films made using computer-generated imagery for visual effects?,Dr. Rajkumar,CGI (computer-generated imagery) films,Box office collection,'RRR' (for the song 'Naatu Naatu'),B) CGI (computer-generated imagery) films,"CGI films use computer-generated imagery extensively to create visual effects, characters, or entire animated worlds.",Cinema,Cinema History
Quiz question: What is the term for a movie made specifically for children and family audiences?,Post-production,"A film created using techniques like drawings or computer graphics to simulate movement, rather than live actors",Box office collection,A family film,D) A family film,"A family film is created with content and themes suitable and appealing for audiences of all ages, especially children.",Cinema,Famous Films
"Choose the correct answer: Who directed the film 'Sholay' (1975), a landmark of Indian cinema?",Ramesh Sippy,A film that achieves exceptionally high box office success,"A brief appearance by a notable performer, often uncredited or in a small role",Dr. Rajkumar,A) Ramesh Sippy,"Ramesh Sippy directed 'Sholay' (1975), one of the most iconic and commercially successful films in Indian cinema history.",Cinema,Bollywood
"Choose the correct answer: Which Indian film became widely recognized internationally after winning major awards including at the 2023 Oscars, for its song?",The Academy Awards (Oscars),'RRR' (for the song 'Naatu Naatu'),Kollywood,Satyajit Ray,B) 'RRR' (for the song 'Naatu Naatu'),"'RRR' gained major international recognition, including winning the Oscar for Best Original Song for 'Naatu Naatu' at the 2023 Academy Awards.",Cinema,Movie Awards
"Quiz question: Which film festival is considered one of the most prestigious in the world, held annually in France?",Movie songs (film songs),To manage the financial and logistical aspects of making a film,The Cannes Film Festival,The Academy Awards (Oscars),C) The Cannes Film Festival,"The Cannes Film Festival, held annually in France, is one of the most prestigious and influential film festivals in the world.",Cinema,Film Festivals
Choose the correct answer: What is the popular nickname for the Kannada-language film industry?,Tollywood,Sandalwood,The National Film Awards,A detective or mystery film,B) Sandalwood,"Sandalwood is the popular nickname for the Kannada-language film industry, based in Karnataka.",Cinema,Kannada Cinema
"Choose the correct answer: Which Indian film became widely recognized internationally after winning major awards including at the 2023 Oscars, for its song?",'RRR' (for the song 'Naatu Naatu'),Sandalwood,To oversee the creative and technical aspects of making a film,To manage the financial and logistical aspects of making a film,A) 'RRR' (for the song 'Naatu Naatu'),"'RRR' gained major international recognition, including winning the Oscar for Best Original Song for 'Naatu Naatu' at the 2023 Academy Awards.",Cinema,Movie Awards
What term describes films made using computer-generated imagery for visual effects?,A film that achieves exceptionally high box office success,CGI (computer-generated imagery) films,Satyajit Ray,A film that continues the story of an earlier film,B) CGI (computer-generated imagery) films,"CGI films use computer-generated imagery extensively to create visual effects, characters, or entire animated worlds.",Cinema,Cinema History
"Quiz question: Which Indian film became widely recognized internationally after winning major awards including at the 2023 Oscars, for its song?",To manage the financial and logistical aspects of making a film,The Cannes Film Festival,A film that portrays events occurring before an earlier film's story,'RRR' (for the song 'Naatu Naatu'),D) 'RRR' (for the song 'Naatu Naatu'),"'RRR' gained major international recognition, including winning the Oscar for Best Original Song for 'Naatu Naatu' at the 2023 Academy Awards.",Cinema,Movie Awards
Which major Indian film festival is held annually in Goa?,The Academy Awards (Oscars),The International Film Festival of India (IFFI),Tollywood,Movie songs (film songs),B) The International Film Festival of India (IFFI),The International Film Festival of India (IFFI) is a major annual film festival held in Goa.,Cinema,Film Festivals
Which option correctly answers this: What is a 'prequel' in film terminology?,The National Film Awards,A detective or mystery film,Dr. Rajkumar,A film that portrays events occurring before an earlier film's story,D) A film that portrays events occurring before an earlier film's story,A prequel portrays events that take place chronologically before the story of an earlier related film.,Cinema,Famous Films
"What is the term for a movie's soundtrack songs, common in Indian cinema?",Box office collection,Tollywood,Comedy,Movie songs (film songs),D) Movie songs (film songs),"Movie songs, or film songs, are musical compositions included as part of a film's soundtrack, especially prominent in Indian cinema.",Cinema,Movie Songs
Which option correctly answers this: Which international film award is considered the most prestigious in the American film industry?,"A brief appearance by a notable performer, often uncredited or in a small role",Sandalwood,The Academy Awards (Oscars),A family film,C) The Academy Awards (Oscars),"The Academy Awards, commonly known as the Oscars, are considered the most prestigious awards in the American film industry.",Cinema,Movie Awards
"What is the term for the process of adding sound, music, and effects to a film after shooting?",Post-production,Movie songs (film songs),The Academy Awards (Oscars),A detective or mystery film,A) Post-production,"Post-production is the phase after filming where editing, sound design, music, and visual effects are added to a film.",Cinema,Cinema History
What is the popular nickname for the Telugu-language film industry?,A debut,Tollywood,Bollywood,Ramesh Sippy,B) Tollywood,Tollywood is the popular nickname for the Telugu-language film industry.,Cinema,Telugu Cinema
Quiz question: What is the term for a movie made specifically for children and family audiences?,A debut,The Cannes Film Festival,A family film,To manage the financial and logistical aspects of making a film,C) A family film,"A family film is created with content and themes suitable and appealing for audiences of all ages, especially children.",Cinema,Famous Films
Which option correctly answers this: What is the popular nickname for the Hindi-language film industry based in Mumbai?,A debut,Bollywood,To manage the financial and logistical aspects of making a film,Movie songs (film songs),B) Bollywood,"Bollywood is the popular nickname for India's Hindi-language film industry, based primarily in Mumbai.",Cinema,Bollywood
Which option correctly answers this: What term describes an actor's first film role or debut?,Amitabh Bachchan,A film that continues the story of an earlier film,Post-production,A debut,D) A debut,A debut refers to an actor's or filmmaker's first professional appearance or work in a film.,Cinema,Actors
"Quiz question: Who played the character in a lead role of many iconic Kannada films and is often called a legendary figure of Sandalwood, honored with titles like 'Varanatha Tara'?","A film created using techniques like drawings or computer graphics to simulate movement, rather than live actors",A film that continues the story of an earlier film,Dr. Rajkumar,Tollywood,C) Dr. Rajkumar,"Dr. Rajkumar is widely regarded as a legendary figure of Kannada cinema, celebrated for his extensive body of work.",Cinema,Kannada Cinema
Choose the correct answer: What does the term 'cameo' mean in film?,"A brief appearance by a notable performer, often uncredited or in a small role",CGI (computer-generated imagery) films,To oversee the creative and technical aspects of making a film,Comedy,"A) A brief appearance by a notable performer, often uncredited or in a small role","A cameo refers to a brief appearance in a film by a notable performer, often in a small or uncredited role.",Cinema,Movie Characters
Choose the correct answer: What is a 'prequel' in film terminology?,A film that portrays events occurring before an earlier film's story,Hollywood,Kollywood,CGI (computer-generated imagery) films,A) A film that portrays events occurring before an earlier film's story,A prequel portrays events that take place chronologically before the story of an earlier related film.,Cinema,Famous Films
What is an animated film?,Bollywood,"A film created using techniques like drawings or computer graphics to simulate movement, rather than live actors",A film that continues the story of an earlier film,Sandalwood,"B) A film created using techniques like drawings or computer graphics to simulate movement, rather than live actors","An animated film is created using drawings, computer graphics, or other techniques to simulate motion, rather than filming live actors.",Cinema,Famous Films
What is the term for the American film industry centered in Los Angeles?,Amitabh Bachchan,A detective or mystery film,Hollywood,To oversee the creative and technical aspects of making a film,C) Hollywood,"Hollywood refers to the American film industry, historically centered in the Hollywood district of Los Angeles.",Cinema,Hollywood
Which option correctly answers this: What term describes films made using computer-generated imagery for visual effects?,CGI (computer-generated imagery) films,Post-production,Sandalwood,Movie songs (film songs),A) CGI (computer-generated imagery) films,"CGI films use computer-generated imagery extensively to create visual effects, characters, or entire animated worlds.",Cinema,Cinema History
What is the role of a film producer?,To manage the financial and logistical aspects of making a film,A detective or mystery film,A film that portrays events occurring before an earlier film's story,Bollywood,A) To manage the financial and logistical aspects of making a film,"A film producer manages the financial, logistical, and administrative aspects of a film's production.",Cinema,Producers
What is the term for a film's total earnings from ticket sales?,The National Film Awards,A debut,Comedy,Box office collection,D) Box office collection,Box office collection refers to the total revenue a film earns from ticket sales.,Cinema,Box Office
What term describes an actor's first film role or debut?,Hollywood,Kollywood,To manage the financial and logistical aspects of making a film,A debut,D) A debut,A debut refers to an actor's or filmmaker's first professional appearance or work in a film.,Cinema,Actors
Which option correctly answers this: What term describes an actor's first film role or debut?,The International Film Festival of India (IFFI),The Academy Awards (Oscars),Movie songs (film songs),A debut,D) A debut,A debut refers to an actor's or filmmaker's first professional appearance or work in a film.,Cinema,Actors
What are the national film awards of India called?,The National Film Awards,Box office collection,Satyajit Ray,A film that continues the story of an earlier film,A) The National Film Awards,"The National Film Awards are India's most prestigious national film honors, established in 1954.",Cinema,Movie Awards
What is the popular nickname for the Tamil-language film industry?,Kollywood,Sandalwood,A debut,To oversee the creative and technical aspects of making a film,A) Kollywood,"Kollywood is the popular nickname for the Tamil-language film industry, based mainly in Chennai.",Cinema,Tamil Cinema
"What is the term for a movie's soundtrack songs, common in Indian cinema?",Movie songs (film songs),Box office collection,Post-production,Bollywood,A) Movie songs (film songs),"Movie songs, or film songs, are musical compositions included as part of a film's soundtrack, especially prominent in Indian cinema.",Cinema,Movie Songs
Choose the correct answer: What is an animated film?,Comedy,"A film created using techniques like drawings or computer graphics to simulate movement, rather than live actors",A film that portrays events occurring before an earlier film's story,The Academy Awards (Oscars),"B) A film created using techniques like drawings or computer graphics to simulate movement, rather than live actors","An animated film is created using drawings, computer graphics, or other techniques to simulate motion, rather than filming live actors.",Cinema,Famous Films
Quiz question: What does the term 'cameo' mean in film?,"A film created using techniques like drawings or computer graphics to simulate movement, rather than live actors",Box office collection,Hollywood,"A brief appearance by a notable performer, often uncredited or in a small role","D) A brief appearance by a notable performer, often uncredited or in a small role","A cameo refers to a brief appearance in a film by a notable performer, often in a small or uncredited role.",Cinema,Movie Characters
"Choose the correct answer: Who directed the film 'Sholay' (1975), a landmark of Indian cinema?",A detective or mystery film,CGI (computer-generated imagery) films,Ramesh Sippy,To oversee the creative and technical aspects of making a film,C) Ramesh Sippy,"Ramesh Sippy directed 'Sholay' (1975), one of the most iconic and commercially successful films in Indian cinema history.",Cinema,Bollywood
"Quiz question: Who played the character in a lead role of many iconic Kannada films and is often called a legendary figure of Sandalwood, honored with titles like 'Varanatha Tara'?",Dr. Rajkumar,Comedy,To oversee the creative and technical aspects of making a film,"A brief appearance by a notable performer, often uncredited or in a small role",A) Dr. Rajkumar,"Dr. Rajkumar is widely regarded as a legendary figure of Kannada cinema, celebrated for his extensive body of work.",Cinema,Kannada Cinema
What is the term for a film's total earnings from ticket sales?,A debut,Dr. Rajkumar,'RRR' (for the song 'Naatu Naatu'),Box office collection,D) Box office collection,Box office collection refers to the total revenue a film earns from ticket sales.,Cinema,Box Office
Quiz question: What is the term for a film's total earnings from ticket sales?,To manage the financial and logistical aspects of making a film,A detective or mystery film,The Cannes Film Festival,Box office collection,D) Box office collection,Box office collection refers to the total revenue a film earns from ticket sales.,Cinema,Box Office
Choose the correct answer: What is the role of a film director?,'RRR' (for the song 'Naatu Naatu'),To oversee the creative and technical aspects of making a film,The Cannes Film Festival,Tollywood,B) To oversee the creative and technical aspects of making a film,"A film director oversees the creative and technical aspects of a film's production, guiding the cast and crew.",Cinema,Directors
"Which option correctly answers this: Who played the character in a lead role of many iconic Kannada films and is often called a legendary figure of Sandalwood, honored with titles like 'Varanatha Tara'?",Post-production,Dr. Rajkumar,Box office collection,Amitabh Bachchan,B) Dr. Rajkumar,"Dr. Rajkumar is widely regarded as a legendary figure of Kannada cinema, celebrated for his extensive body of work.",Cinema,Kannada Cinema
Quiz question: What is the term for a film's total earnings from ticket sales?,Box office collection,Kollywood,The Cannes Film Festival,Comedy,A) Box office collection,Box office collection refers to the total revenue a film earns from ticket sales.,Cinema,Box Office
What is the role of a film producer?,To manage the financial and logistical aspects of making a film,Sandalwood,The National Film Awards,Dr. Rajkumar,A) To manage the financial and logistical aspects of making a film,"A film producer manages the financial, logistical, and administrative aspects of a film's production.",Cinema,Producers
Choose the correct answer: What is an animated film?,"A film created using techniques like drawings or computer graphics to simulate movement, rather than live actors",Amitabh Bachchan,A debut,Dr. Rajkumar,"A) A film created using techniques like drawings or computer graphics to simulate movement, rather than live actors","An animated film is created using drawings, computer graphics, or other techniques to simulate motion, rather than filming live actors.",Cinema,Famous Films
Which option correctly answers this: Who directed the internationally acclaimed Indian film 'Pather Panchali' (1955)?,A film that achieves exceptionally high box office success,To oversee the creative and technical aspects of making a film,Satyajit Ray,"A film created using techniques like drawings or computer graphics to simulate movement, rather than live actors",C) Satyajit Ray,"Satyajit Ray directed 'Pather Panchali' (1955), a landmark of Indian and world cinema.",Cinema,Cinema History
Choose the correct answer: What is the term for a film's total earnings from ticket sales?,Kollywood,Amitabh Bachchan,Box office collection,A family film,C) Box office collection,Box office collection refers to the total revenue a film earns from ticket sales.,Cinema,Box Office
Which option correctly answers this: What is an animated film?,The Cannes Film Festival,Comedy,Box office collection,"A film created using techniques like drawings or computer graphics to simulate movement, rather than live actors","D) A film created using techniques like drawings or computer graphics to simulate movement, rather than live actors","An animated film is created using drawings, computer graphics, or other techniques to simulate motion, rather than filming live actors.",Cinema,Famous Films
Which option correctly answers this: What is a 'prequel' in film terminology?,Post-production,A film that achieves exceptionally high box office success,Bollywood,A film that portrays events occurring before an earlier film's story,D) A film that portrays events occurring before an earlier film's story,A prequel portrays events that take place chronologically before the story of an earlier related film.,Cinema,Famous Films
What is a 'prequel' in film terminology?,"A film created using techniques like drawings or computer graphics to simulate movement, rather than live actors",A film that achieves exceptionally high box office success,A detective or mystery film,A film that portrays events occurring before an earlier film's story,D) A film that portrays events occurring before an earlier film's story,A prequel portrays events that take place chronologically before the story of an earlier related film.,Cinema,Famous Films
Quiz question: What genre of film typically centers on solving a crime or mystery?,A detective or mystery film,"A brief appearance by a notable performer, often uncredited or in a small role",'RRR' (for the song 'Naatu Naatu'),Ramesh Sippy,A) A detective or mystery film,"Detective or mystery films typically center on solving a crime, uncovering secrets, or unraveling a mystery.",Cinema,Famous Films
Which option correctly answers this: Who directed the internationally acclaimed Indian film 'Pather Panchali' (1955)?,Dr. Rajkumar,Satyajit Ray,The Cannes Film Festival,The National Film Awards,B) Satyajit Ray,"Satyajit Ray directed 'Pather Panchali' (1955), a landmark of Indian and world cinema.",Cinema,Cinema History
"Choose the correct answer: Who played the character in a lead role of many iconic Kannada films and is often called a legendary figure of Sandalwood, honored with titles like 'Varanatha Tara'?",Dr. Rajkumar,A detective or mystery film,A family film,'RRR' (for the song 'Naatu Naatu'),A) Dr. Rajkumar,"Dr. Rajkumar is widely regarded as a legendary figure of Kannada cinema, celebrated for his extensive body of work.",Cinema,Kannada Cinema
What are the national film awards of India called?,CGI (computer-generated imagery) films,The National Film Awards,Comedy,Amitabh Bachchan,B) The National Film Awards,"The National Film Awards are India's most prestigious national film honors, established in 1954.",Cinema,Movie Awards
Choose the correct answer: Which major Indian film festival is held annually in Goa?,The International Film Festival of India (IFFI),Bollywood,To oversee the creative and technical aspects of making a film,CGI (computer-generated imagery) films,A) The International Film Festival of India (IFFI),The International Film Festival of India (IFFI) is a major annual film festival held in Goa.,Cinema,Film Festivals
"Which option correctly answers this: What is the term for the process of adding sound, music, and effects to a film after shooting?",To oversee the creative and technical aspects of making a film,Post-production,Kollywood,The Cannes Film Festival,B) Post-production,"Post-production is the phase after filming where editing, sound design, music, and visual effects are added to a film.",Cinema,Cinema History
Quiz question: Which actor is widely known by the nickname 'Shahenshah of Bollywood'?,Sandalwood,The Academy Awards (Oscars),"A brief appearance by a notable performer, often uncredited or in a small role",Amitabh Bachchan,D) Amitabh Bachchan,"Amitabh Bachchan is widely referred to by fans and media as the 'Shahenshah of Bollywood', among other honorifics.",Cinema,Actors
Quiz question: Which major Indian film festival is held annually in Goa?,The International Film Festival of India (IFFI),A family film,Tollywood,A detective or mystery film,A) The International Film Festival of India (IFFI),The International Film Festival of India (IFFI) is a major annual film festival held in Goa.,Cinema,Film Festivals
"Choose the correct answer: What is the term for the process of adding sound, music, and effects to a film after shooting?",Post-production,The Cannes Film Festival,A film that achieves exceptionally high box office success,A film that portrays events occurring before an earlier film's story,A) Post-production,"Post-production is the phase after filming where editing, sound design, music, and visual effects are added to a film.",Cinema,Cinema History
Which option correctly answers this: What is the term for the genre of films focused primarily on making audiences laugh?,A detective or mystery film,To manage the financial and logistical aspects of making a film,Hollywood,Comedy,D) Comedy,"Comedy is a film genre specifically focused on humor, designed primarily to entertain and amuse audiences.",Cinema,Famous Films
"Choose the correct answer: What is the term for the process of adding sound, music, and effects to a film after shooting?",A family film,The Academy Awards (Oscars),Post-production,'RRR' (for the song 'Naatu Naatu'),C) Post-production,"Post-production is the phase after filming where editing, sound design, music, and visual effects are added to a film.",Cinema,Cinema History
Which option correctly answers this: What is a 'sequel' in film terminology?,To oversee the creative and technical aspects of making a film,CGI (computer-generated imagery) films,Ramesh Sippy,A film that continues the story of an earlier film,D) A film that continues the story of an earlier film,A sequel is a film that continues or expands upon the story or characters introduced in an earlier film.,Cinema,Famous Films
Which actor is widely known by the nickname 'Shahenshah of Bollywood'?,Movie songs (film songs),Kollywood,Tollywood,Amitabh Bachchan,D) Amitabh Bachchan,"Amitabh Bachchan is widely referred to by fans and media as the 'Shahenshah of Bollywood', among other honorifics.",Cinema,Actors
What term describes films made using computer-generated imagery for visual effects?,CGI (computer-generated imagery) films,Tollywood,Bollywood,"A film created using techniques like drawings or computer graphics to simulate movement, rather than live actors",A) CGI (computer-generated imagery) films,"CGI films use computer-generated imagery extensively to create visual effects, characters, or entire animated worlds.",Cinema,Cinema History
Choose the correct answer: What term describes films made using computer-generated imagery for visual effects?,The Academy Awards (Oscars),Kollywood,CGI (computer-generated imagery) films,"A film created using techniques like drawings or computer graphics to simulate movement, rather than live actors",C) CGI (computer-generated imagery) films,"CGI films use computer-generated imagery extensively to create visual effects, characters, or entire animated worlds.",Cinema,Cinema History
Which option correctly answers this: What is the term for a movie made specifically for children and family audiences?,To manage the financial and logistical aspects of making a film,To oversee the creative and technical aspects of making a film,A family film,A film that continues the story of an earlier film,C) A family film,"A family film is created with content and themes suitable and appealing for audiences of all ages, especially children.",Cinema,Famous Films
Which option correctly answers this: What is the popular nickname for the Hindi-language film industry based in Mumbai?,Bollywood,A family film,CGI (computer-generated imagery) films,Box office collection,A) Bollywood,"Bollywood is the popular nickname for India's Hindi-language film industry, based primarily in Mumbai.",Cinema,Bollywood
Choose the correct answer: What is the term for a film's total earnings from ticket sales?,To oversee the creative and technical aspects of making a film,Bollywood,Box office collection,Amitabh Bachchan,C) Box office collection,Box office collection refers to the total revenue a film earns from ticket sales.,Cinema,Box Office
"Which option correctly answers this: What is the term for a movie's soundtrack songs, common in Indian cinema?",Kollywood,Movie songs (film songs),Tollywood,A film that achieves exceptionally high box office success,B) Movie songs (film songs),"Movie songs, or film songs, are musical compositions included as part of a film's soundtrack, especially prominent in Indian cinema.",Cinema,Movie Songs
Choose the correct answer: What is the popular nickname for the Tamil-language film industry?,Kollywood,The Academy Awards (Oscars),"A film created using techniques like drawings or computer graphics to simulate movement, rather than live actors",Hollywood,A) Kollywood,"Kollywood is the popular nickname for the Tamil-language film industry, based mainly in Chennai.",Cinema,Tamil Cinema
What term describes an actor's first film role or debut?,CGI (computer-generated imagery) films,A debut,Comedy,Bollywood,B) A debut,A debut refers to an actor's or filmmaker's first professional appearance or work in a film.,Cinema,Actors
Choose the correct answer: What is the term for a film's total earnings from ticket sales?,To manage the financial and logistical aspects of making a film,"A brief appearance by a notable performer, often uncredited or in a small role",A film that continues the story of an earlier film,Box office collection,D) Box office collection,Box office collection refers to the total revenue a film earns from ticket sales.,Cinema,Box Office
Which option correctly answers this: What does the term 'cameo' mean in film?,A film that portrays events occurring before an earlier film's story,"A brief appearance by a notable performer, often uncredited or in a small role",A film that achieves exceptionally high box office success,Post-production,"B) A brief appearance by a notable performer, often uncredited or in a small role","A cameo refers to a brief appearance in a film by a notable performer, often in a small or uncredited role.",Cinema,Movie Characters
Choose the correct answer: What is an animated film?,Movie songs (film songs),"A film created using techniques like drawings or computer graphics to simulate movement, rather than live actors",CGI (computer-generated imagery) films,'RRR' (for the song 'Naatu Naatu'),"B) A film created using techniques like drawings or computer graphics to simulate movement, rather than live actors","An animated film is created using drawings, computer graphics, or other techniques to simulate motion, rather than filming live actors.",Cinema,Famous Films
"Choose the correct answer: Which Indian film became widely recognized internationally after winning major awards including at the 2023 Oscars, for its song?",The International Film Festival of India (IFFI),'RRR' (for the song 'Naatu Naatu'),Satyajit Ray,Amitabh Bachchan,B) 'RRR' (for the song 'Naatu Naatu'),"'RRR' gained major international recognition, including winning the Oscar for Best Original Song for 'Naatu Naatu' at the 2023 Academy Awards.",Cinema,Movie Awards
"What is the term for a movie's soundtrack songs, common in Indian cinema?",Movie songs (film songs),Comedy,To manage the financial and logistical aspects of making a film,Amitabh Bachchan,A) Movie songs (film songs),"Movie songs, or film songs, are musical compositions included as part of a film's soundtrack, especially prominent in Indian cinema.",Cinema,Movie Songs
What is the term for a film's total earnings from ticket sales?,"A film created using techniques like drawings or computer graphics to simulate movement, rather than live actors",Box office collection,The International Film Festival of India (IFFI),The Academy Awards (Oscars),B) Box office collection,Box office collection refers to the total revenue a film earns from ticket sales.,Cinema,Box Office
What is a 'blockbuster' in film terminology?,A film that achieves exceptionally high box office success,Amitabh Bachchan,The Cannes Film Festival,The National Film Awards,A) A film that achieves exceptionally high box office success,A blockbuster is a term used to describe a film that achieves exceptionally high commercial and box office success.,Cinema,Box Office
Quiz question: What is a 'prequel' in film terminology?,A film that portrays events occurring before an earlier film's story,Bollywood,Box office collection,Satyajit Ray,A) A film that portrays events occurring before an earlier film's story,A prequel portrays events that take place chronologically before the story of an earlier related film.,Cinema,Famous Films
"Choose the correct answer: Who played the character in a lead role of many iconic Kannada films and is often called a legendary figure of Sandalwood, honored with titles like 'Varanatha Tara'?",A family film,Dr. Rajkumar,The International Film Festival of India (IFFI),To manage the financial and logistical aspects of making a film,B) Dr. Rajkumar,"Dr. Rajkumar is widely regarded as a legendary figure of Kannada cinema, celebrated for his extensive body of work.",Cinema,Kannada Cinema
What is an animated film?,To manage the financial and logistical aspects of making a film,"A film created using techniques like drawings or computer graphics to simulate movement, rather than live actors",Amitabh Bachchan,Sandalwood,"B) A film created using techniques like drawings or computer graphics to simulate movement, rather than live actors","An animated film is created using drawings, computer graphics, or other techniques to simulate motion, rather than filming live actors.",Cinema,Famous Films
Which option correctly answers this: What is the popular nickname for the Hindi-language film industry based in Mumbai?,Hollywood,Bollywood,A film that continues the story of an earlier film,Dr. Rajkumar,B) Bollywood,"Bollywood is the popular nickname for India's Hindi-language film industry, based primarily in Mumbai.",Cinema,Bollywood
Which option correctly answers this: What is the term for the American film industry centered in Los Angeles?,Hollywood,Tollywood,'RRR' (for the song 'Naatu Naatu'),The International Film Festival of India (IFFI),A) Hollywood,"Hollywood refers to the American film industry, historically centered in the Hollywood district of Los Angeles.",Cinema,Hollywood
Quiz question: What is the popular nickname for the Telugu-language film industry?,Comedy,Tollywood,The National Film Awards,A film that achieves exceptionally high box office success,B) Tollywood,Tollywood is the popular nickname for the Telugu-language film industry.,Cinema,Telugu Cinema
What term describes films made using computer-generated imagery for visual effects?,The Cannes Film Festival,CGI (computer-generated imagery) films,"A brief appearance by a notable performer, often uncredited or in a small role",To manage the financial and logistical aspects of making a film,B) CGI (computer-generated imagery) films,"CGI films use computer-generated imagery extensively to create visual effects, characters, or entire animated worlds.",Cinema,Cinema History
Which actor is widely known by the nickname 'Shahenshah of Bollywood'?,Amitabh Bachchan,Satyajit Ray,A film that achieves exceptionally high box office success,Sandalwood,A) Amitabh Bachchan,"Amitabh Bachchan is widely referred to by fans and media as the 'Shahenshah of Bollywood', among other honorifics.",Cinema,Actors
Choose the correct answer: What is an animated film?,To manage the financial and logistical aspects of making a film,"A film created using techniques like drawings or computer graphics to simulate movement, rather than live actors",A film that achieves exceptionally high box office success,CGI (computer-generated imagery) films,"B) A film created using techniques like drawings or computer graphics to simulate movement, rather than live actors","An animated film is created using drawings, computer graphics, or other techniques to simulate motion, rather than filming live actors.",Cinema,Famous Films
What is a 'sequel' in film terminology?,A film that continues the story of an earlier film,To oversee the creative and technical aspects of making a film,Hollywood,Box office collection,A) A film that continues the story of an earlier film,A sequel is a film that continues or expands upon the story or characters introduced in an earlier film.,Cinema,Famous Films
"What is the term for a movie's soundtrack songs, common in Indian cinema?",Post-production,The Academy Awards (Oscars),A film that portrays events occurring before an earlier film's story,Movie songs (film songs),D) Movie songs (film songs),"Movie songs, or film songs, are musical compositions included as part of a film's soundtrack, especially prominent in Indian cinema.",Cinema,Movie Songs
Which option correctly answers this: What is the term for a movie made specifically for children and family audiences?,A family film,"A film created using techniques like drawings or computer graphics to simulate movement, rather than live actors",Kollywood,Movie songs (film songs),A) A family film,"A family film is created with content and themes suitable and appealing for audiences of all ages, especially children.",Cinema,Famous Films
Quiz question: Who directed the internationally acclaimed Indian film 'Pather Panchali' (1955)?,Satyajit Ray,A detective or mystery film,The Academy Awards (Oscars),The National Film Awards,A) Satyajit Ray,"Satyajit Ray directed 'Pather Panchali' (1955), a landmark of Indian and world cinema.",Cinema,Cinema History
Which option correctly answers this: What is the term for a movie made specifically for children and family audiences?,The Cannes Film Festival,CGI (computer-generated imagery) films,A family film,Satyajit Ray,C) A family film,"A family film is created with content and themes suitable and appealing for audiences of all ages, especially children.",Cinema,Famous Films
Which option correctly answers this: What term describes films made using computer-generated imagery for visual effects?,Satyajit Ray,CGI (computer-generated imagery) films,A film that portrays events occurring before an earlier film's story,A debut,B) CGI (computer-generated imagery) films,"CGI films use computer-generated imagery extensively to create visual effects, characters, or entire animated worlds.",Cinema,Cinema History
What is the popular nickname for the Hindi-language film industry based in Mumbai?,Kollywood,Tollywood,Bollywood,The Cannes Film Festival,C) Bollywood,"Bollywood is the popular nickname for India's Hindi-language film industry, based primarily in Mumbai.",Cinema,Bollywood
Quiz question: What is the popular nickname for the Telugu-language film industry?,Tollywood,'RRR' (for the song 'Naatu Naatu'),A detective or mystery film,Post-production,A) Tollywood,Tollywood is the popular nickname for the Telugu-language film industry.,Cinema,Telugu Cinema
Choose the correct answer: Which actor is widely known by the nickname 'Shahenshah of Bollywood'?,A detective or mystery film,Comedy,To oversee the creative and technical aspects of making a film,Amitabh Bachchan,D) Amitabh Bachchan,"Amitabh Bachchan is widely referred to by fans and media as the 'Shahenshah of Bollywood', among other honorifics.",Cinema,Actors
"Which option correctly answers this: What is the term for a movie's soundtrack songs, common in Indian cinema?",To manage the financial and logistical aspects of making a film,Sandalwood,Ramesh Sippy,Movie songs (film songs),D) Movie songs (film songs),"Movie songs, or film songs, are musical compositions included as part of a film's soundtrack, especially prominent in Indian cinema.",Cinema,Movie Songs
What is the role of a film producer?,To oversee the creative and technical aspects of making a film,The Academy Awards (Oscars),A detective or mystery film,To manage the financial and logistical aspects of making a film,D) To manage the financial and logistical aspects of making a film,"A film producer manages the financial, logistical, and administrative aspects of a film's production.",Cinema,Producers
"Choose the correct answer: Which Indian film became widely recognized internationally after winning major awards including at the 2023 Oscars, for its song?",A film that continues the story of an earlier film,A debut,'RRR' (for the song 'Naatu Naatu'),The Academy Awards (Oscars),C) 'RRR' (for the song 'Naatu Naatu'),"'RRR' gained major international recognition, including winning the Oscar for Best Original Song for 'Naatu Naatu' at the 2023 Academy Awards.",Cinema,Movie Awards
"Which option correctly answers this: Which Indian film became widely recognized internationally after winning major awards including at the 2023 Oscars, for its song?",'RRR' (for the song 'Naatu Naatu'),The Academy Awards (Oscars),Kollywood,"A film created using techniques like drawings or computer graphics to simulate movement, rather than live actors",A) 'RRR' (for the song 'Naatu Naatu'),"'RRR' gained major international recognition, including winning the Oscar for Best Original Song for 'Naatu Naatu' at the 2023 Academy Awards.",Cinema,Movie Awards
Which option correctly answers this: What is a 'sequel' in film terminology?,Sandalwood,A film that portrays events occurring before an earlier film's story,A film that continues the story of an earlier film,Bollywood,C) A film that continues the story of an earlier film,A sequel is a film that continues or expands upon the story or characters introduced in an earlier film.,Cinema,Famous Films
Choose the correct answer: Which major Indian film festival is held annually in Goa?,The International Film Festival of India (IFFI),Ramesh Sippy,Dr. Rajkumar,The National Film Awards,A) The International Film Festival of India (IFFI),The International Film Festival of India (IFFI) is a major annual film festival held in Goa.,Cinema,Film Festivals
"Who played the character in a lead role of many iconic Kannada films and is often called a legendary figure of Sandalwood, honored with titles like 'Varanatha Tara'?",Tollywood,A film that achieves exceptionally high box office success,Hollywood,Dr. Rajkumar,D) Dr. Rajkumar,"Dr. Rajkumar is widely regarded as a legendary figure of Kannada cinema, celebrated for his extensive body of work.",Cinema,Kannada Cinema
Choose the correct answer: What is a 'blockbuster' in film terminology?,The International Film Festival of India (IFFI),Bollywood,Post-production,A film that achieves exceptionally high box office success,D) A film that achieves exceptionally high box office success,A blockbuster is a term used to describe a film that achieves exceptionally high commercial and box office success.,Cinema,Box Office
What term describes an actor's first film role or debut?,Dr. Rajkumar,Amitabh Bachchan,A debut,A film that continues the story of an earlier film,C) A debut,A debut refers to an actor's or filmmaker's first professional appearance or work in a film.,Cinema,Actors
Choose the correct answer: What is the term for a film's total earnings from ticket sales?,Post-production,Ramesh Sippy,'RRR' (for the song 'Naatu Naatu'),Box office collection,D) Box office collection,Box office collection refers to the total revenue a film earns from ticket sales.,Cinema,Box Office
What genre of film typically centers on solving a crime or mystery?,The Cannes Film Festival,The Academy Awards (Oscars),'RRR' (for the song 'Naatu Naatu'),A detective or mystery film,D) A detective or mystery film,"Detective or mystery films typically center on solving a crime, uncovering secrets, or unraveling a mystery.",Cinema,Famous Films
Choose the correct answer: Who directed the internationally acclaimed Indian film 'Pather Panchali' (1955)?,"A brief appearance by a notable performer, often uncredited or in a small role",A debut,Box office collection,Satyajit Ray,D) Satyajit Ray,"Satyajit Ray directed 'Pather Panchali' (1955), a landmark of Indian and world cinema.",Cinema,Cinema History
"Which option correctly answers this: Which film festival is considered one of the most prestigious in the world, held annually in France?",The Cannes Film Festival,A detective or mystery film,The Academy Awards (Oscars),A debut,A) The Cannes Film Festival,"The Cannes Film Festival, held annually in France, is one of the most prestigious and influential film festivals in the world.",Cinema,Film Festivals
Choose the correct answer: Who directed the internationally acclaimed Indian film 'Pather Panchali' (1955)?,A family film,Satyajit Ray,A film that portrays events occurring before an earlier film's story,Ramesh Sippy,B) Satyajit Ray,"Satyajit Ray directed 'Pather Panchali' (1955), a landmark of Indian and world cinema.",Cinema,Cinema History
Choose the correct answer: What is a 'sequel' in film terminology?,Kollywood,A film that continues the story of an earlier film,Ramesh Sippy,To oversee the creative and technical aspects of making a film,B) A film that continues the story of an earlier film,A sequel is a film that continues or expands upon the story or characters introduced in an earlier film.,Cinema,Famous Films
Quiz question: What is the role of a film producer?,Box office collection,To manage the financial and logistical aspects of making a film,Post-production,A detective or mystery film,B) To manage the financial and logistical aspects of making a film,"A film producer manages the financial, logistical, and administrative aspects of a film's production.",Cinema,Producers
Quiz question: Who directed the internationally acclaimed Indian film 'Pather Panchali' (1955)?,Kollywood,A detective or mystery film,To manage the financial and logistical aspects of making a film,Satyajit Ray,D) Satyajit Ray,"Satyajit Ray directed 'Pather Panchali' (1955), a landmark of Indian and world cinema.",Cinema,Cinema History
Choose the correct answer: What is a 'sequel' in film terminology?,A film that achieves exceptionally high box office success,A film that continues the story of an earlier film,The National Film Awards,Post-production,B) A film that continues the story of an earlier film,A sequel is a film that continues or expands upon the story or characters introduced in an earlier film.,Cinema,Famous Films
"Which option correctly answers this: Who directed the film 'Sholay' (1975), a landmark of Indian cinema?",Comedy,Satyajit Ray,Ramesh Sippy,'RRR' (for the song 'Naatu Naatu'),C) Ramesh Sippy,"Ramesh Sippy directed 'Sholay' (1975), one of the most iconic and commercially successful films in Indian cinema history.",Cinema,Bollywood
"What is the term for a movie's soundtrack songs, common in Indian cinema?",Box office collection,Movie songs (film songs),Amitabh Bachchan,"A brief appearance by a notable performer, often uncredited or in a small role",B) Movie songs (film songs),"Movie songs, or film songs, are musical compositions included as part of a film's soundtrack, especially prominent in Indian cinema.",Cinema,Movie Songs
Which option correctly answers this: What term describes an actor's first film role or debut?,A debut,Dr. Rajkumar,A family film,The National Film Awards,A) A debut,A debut refers to an actor's or filmmaker's first professional appearance or work in a film.,Cinema,Actors
What is the popular nickname for the Telugu-language film industry?,CGI (computer-generated imagery) films,A debut,Tollywood,The Cannes Film Festival,C) Tollywood,Tollywood is the popular nickname for the Telugu-language film industry.,Cinema,Telugu Cinema
What is the term for a movie made specifically for children and family audiences?,A film that continues the story of an earlier film,A film that achieves exceptionally high box office success,Amitabh Bachchan,A family film,D) A family film,"A family film is created with content and themes suitable and appealing for audiences of all ages, especially children.",Cinema,Famous Films
Quiz question: Who directed the internationally acclaimed Indian film 'Pather Panchali' (1955)?,A family film,A film that continues the story of an earlier film,Kollywood,Satyajit Ray,D) Satyajit Ray,"Satyajit Ray directed 'Pather Panchali' (1955), a landmark of Indian and world cinema.",Cinema,Cinema History
Choose the correct answer: Which actor is widely known by the nickname 'Shahenshah of Bollywood'?,Amitabh Bachchan,A film that continues the story of an earlier film,To manage the financial and logistical aspects of making a film,Kollywood,A) Amitabh Bachchan,"Amitabh Bachchan is widely referred to by fans and media as the 'Shahenshah of Bollywood', among other honorifics.",Cinema,Actors
Who directed the internationally acclaimed Indian film 'Pather Panchali' (1955)?,Ramesh Sippy,Satyajit Ray,'RRR' (for the song 'Naatu Naatu'),Kollywood,B) Satyajit Ray,"Satyajit Ray directed 'Pather Panchali' (1955), a landmark of Indian and world cinema.",Cinema,Cinema History
Which option correctly answers this: What is the role of a film director?,Sandalwood,A film that achieves exceptionally high box office success,To manage the financial and logistical aspects of making a film,To oversee the creative and technical aspects of making a film,D) To oversee the creative and technical aspects of making a film,"A film director oversees the creative and technical aspects of a film's production, guiding the cast and crew.",Cinema,Directors
"Choose the correct answer: Who directed the film 'Sholay' (1975), a landmark of Indian cinema?",Tollywood,Hollywood,Sandalwood,Ramesh Sippy,D) Ramesh Sippy,"Ramesh Sippy directed 'Sholay' (1975), one of the most iconic and commercially successful films in Indian cinema history.",Cinema,Bollywood
Which option correctly answers this: Which actor is widely known by the nickname 'Shahenshah of Bollywood'?,Amitabh Bachchan,A film that achieves exceptionally high box office success,Ramesh Sippy,Movie songs (film songs),A) Amitabh Bachchan,"Amitabh Bachchan is widely referred to by fans and media as the 'Shahenshah of Bollywood', among other honorifics.",Cinema,Actors
What genre of film typically centers on solving a crime or mystery?,Amitabh Bachchan,A detective or mystery film,A debut,Sandalwood,B) A detective or mystery film,"Detective or mystery films typically center on solving a crime, uncovering secrets, or unraveling a mystery.",Cinema,Famous Films
Quiz question: What genre of film typically centers on solving a crime or mystery?,The Cannes Film Festival,The National Film Awards,The Academy Awards (Oscars),A detective or mystery film,D) A detective or mystery film,"Detective or mystery films typically center on solving a crime, uncovering secrets, or unraveling a mystery.",Cinema,Famous Films
Choose the correct answer: What genre of film typically centers on solving a crime or mystery?,A detective or mystery film,Hollywood,Kollywood,Post-production,A) A detective or mystery film,"Detective or mystery films typically center on solving a crime, uncovering secrets, or unraveling a mystery.",Cinema,Famous Films
What is the term for the genre of films focused primarily on making audiences laugh?,Comedy,Box office collection,A film that achieves exceptionally high box office success,The Academy Awards (Oscars),A) Comedy,"Comedy is a film genre specifically focused on humor, designed primarily to entertain and amuse audiences.",Cinema,Famous Films
Choose the correct answer: What is the popular nickname for the Tamil-language film industry?,Kollywood,A film that portrays events occurring before an earlier film's story,Amitabh Bachchan,A film that achieves exceptionally high box office success,A) Kollywood,"Kollywood is the popular nickname for the Tamil-language film industry, based mainly in Chennai.",Cinema,Tamil Cinema
Quiz question: What term describes an actor's first film role or debut?,A detective or mystery film,A debut,The Cannes Film Festival,Movie songs (film songs),B) A debut,A debut refers to an actor's or filmmaker's first professional appearance or work in a film.,Cinema,Actors
Quiz question: Who directed the internationally acclaimed Indian film 'Pather Panchali' (1955)?,The Cannes Film Festival,A detective or mystery film,Satyajit Ray,A film that portrays events occurring before an earlier film's story,C) Satyajit Ray,"Satyajit Ray directed 'Pather Panchali' (1955), a landmark of Indian and world cinema.",Cinema,Cinema History
What is the popular nickname for the Telugu-language film industry?,Amitabh Bachchan,CGI (computer-generated imagery) films,A film that portrays events occurring before an earlier film's story,Tollywood,D) Tollywood,Tollywood is the popular nickname for the Telugu-language film industry.,Cinema,Telugu Cinema
Which option correctly answers this: What does the term 'cameo' mean in film?,Sandalwood,Post-production,To oversee the creative and technical aspects of making a film,"A brief appearance by a notable performer, often uncredited or in a small role","D) A brief appearance by a notable performer, often uncredited or in a small role","A cameo refers to a brief appearance in a film by a notable performer, often in a small or uncredited role.",Cinema,Movie Characters
What term describes an actor's first film role or debut?,Sandalwood,Box office collection,A debut,The Cannes Film Festival,C) A debut,A debut refers to an actor's or filmmaker's first professional appearance or work in a film.,Cinema,Actors
Choose the correct answer: Who directed the internationally acclaimed Indian film 'Pather Panchali' (1955)?,Bollywood,Satyajit Ray,To oversee the creative and technical aspects of making a film,The Academy Awards (Oscars),B) Satyajit Ray,"Satyajit Ray directed 'Pather Panchali' (1955), a landmark of Indian and world cinema.",Cinema,Cinema History
Which option correctly answers this: What is the term for the American film industry centered in Los Angeles?,To oversee the creative and technical aspects of making a film,Sandalwood,Box office collection,Hollywood,D) Hollywood,"Hollywood refers to the American film industry, historically centered in the Hollywood district of Los Angeles.",Cinema,Hollywood
"Which option correctly answers this: Which Indian film became widely recognized internationally after winning major awards including at the 2023 Oscars, for its song?",Amitabh Bachchan,'RRR' (for the song 'Naatu Naatu'),Dr. Rajkumar,Post-production,B) 'RRR' (for the song 'Naatu Naatu'),"'RRR' gained major international recognition, including winning the Oscar for Best Original Song for 'Naatu Naatu' at the 2023 Academy Awards.",Cinema,Movie Awards
What is the term for the genre of films focused primarily on making audiences laugh?,Comedy,"A brief appearance by a notable performer, often uncredited or in a small role",The National Film Awards,To manage the financial and logistical aspects of making a film,A) Comedy,"Comedy is a film genre specifically focused on humor, designed primarily to entertain and amuse audiences.",Cinema,Famous Films
"Which option correctly answers this: Which film festival is considered one of the most prestigious in the world, held annually in France?",Comedy,"A film created using techniques like drawings or computer graphics to simulate movement, rather than live actors",The Cannes Film Festival,Post-production,C) The Cannes Film Festival,"The Cannes Film Festival, held annually in France, is one of the most prestigious and influential film festivals in the world.",Cinema,Film Festivals
What is a 'blockbuster' in film terminology?,Dr. Rajkumar,To manage the financial and logistical aspects of making a film,To oversee the creative and technical aspects of making a film,A film that achieves exceptionally high box office success,D) A film that achieves exceptionally high box office success,A blockbuster is a term used to describe a film that achieves exceptionally high commercial and box office success.,Cinema,Box Office
Quiz question: What is a 'prequel' in film terminology?,The Academy Awards (Oscars),A film that portrays events occurring before an earlier film's story,Movie songs (film songs),'RRR' (for the song 'Naatu Naatu'),B) A film that portrays events occurring before an earlier film's story,A prequel portrays events that take place chronologically before the story of an earlier related film.,Cinema,Famous Films
Quiz question: What is the term for the genre of films focused primarily on making audiences laugh?,Tollywood,A family film,Satyajit Ray,Comedy,D) Comedy,"Comedy is a film genre specifically focused on humor, designed primarily to entertain and amuse audiences.",Cinema,Famous Films
Which option correctly answers this: What does the term 'cameo' mean in film?,To manage the financial and logistical aspects of making a film,"A brief appearance by a notable performer, often uncredited or in a small role",Movie songs (film songs),A detective or mystery film,"B) A brief appearance by a notable performer, often uncredited or in a small role","A cameo refers to a brief appearance in a film by a notable performer, often in a small or uncredited role.",Cinema,Movie Characters
What is the popular nickname for the Telugu-language film industry?,Tollywood,Box office collection,Dr. Rajkumar,CGI (computer-generated imagery) films,A) Tollywood,Tollywood is the popular nickname for the Telugu-language film industry.,Cinema,Telugu Cinema
Choose the correct answer: Which actor is widely known by the nickname 'Shahenshah of Bollywood'?,A film that continues the story of an earlier film,Hollywood,Amitabh Bachchan,The National Film Awards,C) Amitabh Bachchan,"Amitabh Bachchan is widely referred to by fans and media as the 'Shahenshah of Bollywood', among other honorifics.",Cinema,Actors
Quiz question: What genre of film typically centers on solving a crime or mystery?,A detective or mystery film,Comedy,Amitabh Bachchan,Hollywood,A) A detective or mystery film,"Detective or mystery films typically center on solving a crime, uncovering secrets, or unraveling a mystery.",Cinema,Famous Films
What is the popular nickname for the Hindi-language film industry based in Mumbai?,Bollywood,Hollywood,The National Film Awards,Sandalwood,A) Bollywood,"Bollywood is the popular nickname for India's Hindi-language film industry, based primarily in Mumbai.",Cinema,Bollywood
Quiz question: Which actor is widely known by the nickname 'Shahenshah of Bollywood'?,Hollywood,Amitabh Bachchan,"A brief appearance by a notable performer, often uncredited or in a small role",Movie songs (film songs),B) Amitabh Bachchan,"Amitabh Bachchan is widely referred to by fans and media as the 'Shahenshah of Bollywood', among other honorifics.",Cinema,Actors
What term describes films made using computer-generated imagery for visual effects?,A film that achieves exceptionally high box office success,The Academy Awards (Oscars),CGI (computer-generated imagery) films,Tollywood,C) CGI (computer-generated imagery) films,"CGI films use computer-generated imagery extensively to create visual effects, characters, or entire animated worlds.",Cinema,Cinema History
What is the role of a film producer?,A film that portrays events occurring before an earlier film's story,To manage the financial and logistical aspects of making a film,Kollywood,A film that continues the story of an earlier film,B) To manage the financial and logistical aspects of making a film,"A film producer manages the financial, logistical, and administrative aspects of a film's production.",Cinema,Producers
Which option correctly answers this: What is the role of a film director?,To oversee the creative and technical aspects of making a film,CGI (computer-generated imagery) films,Amitabh Bachchan,A debut,A) To oversee the creative and technical aspects of making a film,"A film director oversees the creative and technical aspects of a film's production, guiding the cast and crew.",Cinema,Directors
Choose the correct answer: What is the popular nickname for the Hindi-language film industry based in Mumbai?,'RRR' (for the song 'Naatu Naatu'),Ramesh Sippy,To oversee the creative and technical aspects of making a film,Bollywood,D) Bollywood,"Bollywood is the popular nickname for India's Hindi-language film industry, based primarily in Mumbai.",Cinema,Bollywood
Quiz question: What is the popular nickname for the Tamil-language film industry?,Kollywood,A detective or mystery film,'RRR' (for the song 'Naatu Naatu'),Satyajit Ray,A) Kollywood,"Kollywood is the popular nickname for the Tamil-language film industry, based mainly in Chennai.",Cinema,Tamil Cinema
Which international film award is considered the most prestigious in the American film industry?,"A brief appearance by a notable performer, often uncredited or in a small role",The Academy Awards (Oscars),Satyajit Ray,A family film,B) The Academy Awards (Oscars),"The Academy Awards, commonly known as the Oscars, are considered the most prestigious awards in the American film industry.",Cinema,Movie Awards
Which option correctly answers this: What is the popular nickname for the Telugu-language film industry?,Bollywood,"A film created using techniques like drawings or computer graphics to simulate movement, rather than live actors",Tollywood,The Academy Awards (Oscars),C) Tollywood,Tollywood is the popular nickname for the Telugu-language film industry.,Cinema,Telugu Cinema
Quiz question: What is the popular nickname for the Hindi-language film industry based in Mumbai?,'RRR' (for the song 'Naatu Naatu'),A family film,A detective or mystery film,Bollywood,D) Bollywood,"Bollywood is the popular nickname for India's Hindi-language film industry, based primarily in Mumbai.",Cinema,Bollywood
"Quiz question: What is the term for the process of adding sound, music, and effects to a film after shooting?",Box office collection,Post-production,A film that continues the story of an earlier film,Movie songs (film songs),B) Post-production,"Post-production is the phase after filming where editing, sound design, music, and visual effects are added to a film.",Cinema,Cinema History
What is a 'sequel' in film terminology?,A film that continues the story of an earlier film,Dr. Rajkumar,To manage the financial and logistical aspects of making a film,To oversee the creative and technical aspects of making a film,A) A film that continues the story of an earlier film,A sequel is a film that continues or expands upon the story or characters introduced in an earlier film.,Cinema,Famous Films
Quiz question: What is an animated film?,Movie songs (film songs),Amitabh Bachchan,Box office collection,"A film created using techniques like drawings or computer graphics to simulate movement, rather than live actors","D) A film created using techniques like drawings or computer graphics to simulate movement, rather than live actors","An animated film is created using drawings, computer graphics, or other techniques to simulate motion, rather than filming live actors.",Cinema,Famous Films
Choose the correct answer: What is the term for a movie made specifically for children and family audiences?,Movie songs (film songs),To oversee the creative and technical aspects of making a film,A family film,Comedy,C) A family film,"A family film is created with content and themes suitable and appealing for audiences of all ages, especially children.",Cinema,Famous Films
"Which Indian film became widely recognized internationally after winning major awards including at the 2023 Oscars, for its song?",'RRR' (for the song 'Naatu Naatu'),A family film,A film that continues the story of an earlier film,A film that portrays events occurring before an earlier film's story,A) 'RRR' (for the song 'Naatu Naatu'),"'RRR' gained major international recognition, including winning the Oscar for Best Original Song for 'Naatu Naatu' at the 2023 Academy Awards.",Cinema,Movie Awards
"Choose the correct answer: What is the term for a movie's soundtrack songs, common in Indian cinema?",The International Film Festival of India (IFFI),Movie songs (film songs),Comedy,"A film created using techniques like drawings or computer graphics to simulate movement, rather than live actors",B) Movie songs (film songs),"Movie songs, or film songs, are musical compositions included as part of a film's soundtrack, especially prominent in Indian cinema.",Cinema,Movie Songs
Which option correctly answers this: What genre of film typically centers on solving a crime or mystery?,Hollywood,A debut,Dr. Rajkumar,A detective or mystery film,D) A detective or mystery film,"Detective or mystery films typically center on solving a crime, uncovering secrets, or unraveling a mystery.",Cinema,Famous Films
Choose the correct answer: Which major Indian film festival is held annually in Goa?,Hollywood,Bollywood,The International Film Festival of India (IFFI),Movie songs (film songs),C) The International Film Festival of India (IFFI),The International Film Festival of India (IFFI) is a major annual film festival held in Goa.,Cinema,Film Festivals
Quiz question: Which actor is widely known by the nickname 'Shahenshah of Bollywood'?,Amitabh Bachchan,Satyajit Ray,A film that achieves exceptionally high box office success,CGI (computer-generated imagery) films,A) Amitabh Bachchan,"Amitabh Bachchan is widely referred to by fans and media as the 'Shahenshah of Bollywood', among other honorifics.",Cinema,Actors
"Which option correctly answers this: Who played the character in a lead role of many iconic Kannada films and is often called a legendary figure of Sandalwood, honored with titles like 'Varanatha Tara'?",Dr. Rajkumar,Satyajit Ray,"A brief appearance by a notable performer, often uncredited or in a small role",The Academy Awards (Oscars),A) Dr. Rajkumar,"Dr. Rajkumar is widely regarded as a legendary figure of Kannada cinema, celebrated for his extensive body of work.",Cinema,Kannada Cinema
"Which film festival is considered one of the most prestigious in the world, held annually in France?",A family film,The Cannes Film Festival,Movie songs (film songs),A film that achieves exceptionally high box office success,B) The Cannes Film Festival,"The Cannes Film Festival, held annually in France, is one of the most prestigious and influential film festivals in the world.",Cinema,Film Festivals
What is the popular nickname for the Kannada-language film industry?,Sandalwood,Tollywood,A film that achieves exceptionally high box office success,A detective or mystery film,A) Sandalwood,"Sandalwood is the popular nickname for the Kannada-language film industry, based in Karnataka.",Cinema,Kannada Cinema
"Choose the correct answer: Which film festival is considered one of the most prestigious in the world, held annually in France?",The Cannes Film Festival,Dr. Rajkumar,A film that continues the story of an earlier film,'RRR' (for the song 'Naatu Naatu'),A) The Cannes Film Festival,"The Cannes Film Festival, held annually in France, is one of the most prestigious and influential film festivals in the world.",Cinema,Film Festivals
Which option correctly answers this: What is a 'prequel' in film terminology?,A film that portrays events occurring before an earlier film's story,The National Film Awards,Bollywood,The Academy Awards (Oscars),A) A film that portrays events occurring before an earlier film's story,A prequel portrays events that take place chronologically before the story of an earlier related film.,Cinema,Famous Films
"Which option correctly answers this: Which film festival is considered one of the most prestigious in the world, held annually in France?",The Cannes Film Festival,Comedy,Box office collection,'RRR' (for the song 'Naatu Naatu'),A) The Cannes Film Festival,"The Cannes Film Festival, held annually in France, is one of the most prestigious and influential film festivals in the world.",Cinema,Film Festivals
"Choose the correct answer: Who played the character in a lead role of many iconic Kannada films and is often called a legendary figure of Sandalwood, honored with titles like 'Varanatha Tara'?",The National Film Awards,A debut,Satyajit Ray,Dr. Rajkumar,D) Dr. Rajkumar,"Dr. Rajkumar is widely regarded as a legendary figure of Kannada cinema, celebrated for his extensive body of work.",Cinema,Kannada Cinema
Which option correctly answers this: Which international film award is considered the most prestigious in the American film industry?,The Academy Awards (Oscars),A family film,A detective or mystery film,Post-production,A) The Academy Awards (Oscars),"The Academy Awards, commonly known as the Oscars, are considered the most prestigious awards in the American film industry.",Cinema,Movie Awards
"Quiz question: Who directed the film 'Sholay' (1975), a landmark of Indian cinema?",Ramesh Sippy,The Cannes Film Festival,Bollywood,CGI (computer-generated imagery) films,A) Ramesh Sippy,"Ramesh Sippy directed 'Sholay' (1975), one of the most iconic and commercially successful films in Indian cinema history.",Cinema,Bollywood
"Which film festival is considered one of the most prestigious in the world, held annually in France?",A detective or mystery film,The Cannes Film Festival,The Academy Awards (Oscars),To manage the financial and logistical aspects of making a film,B) The Cannes Film Festival,"The Cannes Film Festival, held annually in France, is one of the most prestigious and influential film festivals in the world.",Cinema,Film Festivals
Which option correctly answers this: Which actor is widely known by the nickname 'Shahenshah of Bollywood'?,"A film created using techniques like drawings or computer graphics to simulate movement, rather than live actors",Amitabh Bachchan,A film that continues the story of an earlier film,Bollywood,B) Amitabh Bachchan,"Amitabh Bachchan is widely referred to by fans and media as the 'Shahenshah of Bollywood', among other honorifics.",Cinema,Actors
"Choose the correct answer: Which film festival is considered one of the most prestigious in the world, held annually in France?","A brief appearance by a notable performer, often uncredited or in a small role",Tollywood,A family film,The Cannes Film Festival,D) The Cannes Film Festival,"The Cannes Film Festival, held annually in France, is one of the most prestigious and influential film festivals in the world.",Cinema,Film Festivals
"Which option correctly answers this: Who played the character in a lead role of many iconic Kannada films and is often called a legendary figure of Sandalwood, honored with titles like 'Varanatha Tara'?",Bollywood,Dr. Rajkumar,Post-production,The Cannes Film Festival,B) Dr. Rajkumar,"Dr. Rajkumar is widely regarded as a legendary figure of Kannada cinema, celebrated for his extensive body of work.",Cinema,Kannada Cinema
"Choose the correct answer: Which Indian film became widely recognized internationally after winning major awards including at the 2023 Oscars, for its song?","A brief appearance by a notable performer, often uncredited or in a small role",Post-production,Sandalwood,'RRR' (for the song 'Naatu Naatu'),D) 'RRR' (for the song 'Naatu Naatu'),"'RRR' gained major international recognition, including winning the Oscar for Best Original Song for 'Naatu Naatu' at the 2023 Academy Awards.",Cinema,Movie Awards
"Which film festival is considered one of the most prestigious in the world, held annually in France?",The Cannes Film Festival,A debut,A film that achieves exceptionally high box office success,To oversee the creative and technical aspects of making a film,A) The Cannes Film Festival,"The Cannes Film Festival, held annually in France, is one of the most prestigious and influential film festivals in the world.",Cinema,Film Festivals
"Quiz question: Who directed the film 'Sholay' (1975), a landmark of Indian cinema?",A film that achieves exceptionally high box office success,A detective or mystery film,Ramesh Sippy,The Academy Awards (Oscars),C) Ramesh Sippy,"Ramesh Sippy directed 'Sholay' (1975), one of the most iconic and commercially successful films in Indian cinema history.",Cinema,Bollywood
Which option correctly answers this: What is the popular nickname for the Tamil-language film industry?,The National Film Awards,Satyajit Ray,Kollywood,"A brief appearance by a notable performer, often uncredited or in a small role",C) Kollywood,"Kollywood is the popular nickname for the Tamil-language film industry, based mainly in Chennai.",Cinema,Tamil Cinema
Which option correctly answers this: Which major Indian film festival is held annually in Goa?,Satyajit Ray,A film that continues the story of an earlier film,Box office collection,The International Film Festival of India (IFFI),D) The International Film Festival of India (IFFI),The International Film Festival of India (IFFI) is a major annual film festival held in Goa.,Cinema,Film Festivals
Which major Indian film festival is held annually in Goa?,The National Film Awards,Satyajit Ray,The International Film Festival of India (IFFI),A film that achieves exceptionally high box office success,C) The International Film Festival of India (IFFI),The International Film Festival of India (IFFI) is a major annual film festival held in Goa.,Cinema,Film Festivals
Choose the correct answer: What is the role of a film producer?,Movie songs (film songs),Dr. Rajkumar,To manage the financial and logistical aspects of making a film,The Academy Awards (Oscars),C) To manage the financial and logistical aspects of making a film,"A film producer manages the financial, logistical, and administrative aspects of a film's production.",Cinema,Producers
Which option correctly answers this: Which actor is widely known by the nickname 'Shahenshah of Bollywood'?,Amitabh Bachchan,Kollywood,Comedy,The Cannes Film Festival,A) Amitabh Bachchan,"Amitabh Bachchan is widely referred to by fans and media as the 'Shahenshah of Bollywood', among other honorifics.",Cinema,Actors
What is a 'blockbuster' in film terminology?,Ramesh Sippy,Hollywood,Post-production,A film that achieves exceptionally high box office success,D) A film that achieves exceptionally high box office success,A blockbuster is a term used to describe a film that achieves exceptionally high commercial and box office success.,Cinema,Box Office
Quiz question: What is the term for a film's total earnings from ticket sales?,To manage the financial and logistical aspects of making a film,'RRR' (for the song 'Naatu Naatu'),Box office collection,To oversee the creative and technical aspects of making a film,C) Box office collection,Box office collection refers to the total revenue a film earns from ticket sales.,Cinema,Box Office
Choose the correct answer: What is the term for the genre of films focused primarily on making audiences laugh?,Comedy,Dr. Rajkumar,The National Film Awards,"A film created using techniques like drawings or computer graphics to simulate movement, rather than live actors",A) Comedy,"Comedy is a film genre specifically focused on humor, designed primarily to entertain and amuse audiences.",Cinema,Famous Films
Which option correctly answers this: What is the popular nickname for the Kannada-language film industry?,The International Film Festival of India (IFFI),Bollywood,Sandalwood,Post-production,C) Sandalwood,"Sandalwood is the popular nickname for the Kannada-language film industry, based in Karnataka.",Cinema,Kannada Cinema
Which option correctly answers this: What is the term for a film's total earnings from ticket sales?,Dr. Rajkumar,Box office collection,To manage the financial and logistical aspects of making a film,Comedy,B) Box office collection,Box office collection refers to the total revenue a film earns from ticket sales.,Cinema,Box Office
Which option correctly answers this: Who directed the internationally acclaimed Indian film 'Pather Panchali' (1955)?,"A film created using techniques like drawings or computer graphics to simulate movement, rather than live actors",'RRR' (for the song 'Naatu Naatu'),A detective or mystery film,Satyajit Ray,D) Satyajit Ray,"Satyajit Ray directed 'Pather Panchali' (1955), a landmark of Indian and world cinema.",Cinema,Cinema History
"Who played the character in a lead role of many iconic Kannada films and is often called a legendary figure of Sandalwood, honored with titles like 'Varanatha Tara'?",A film that achieves exceptionally high box office success,Dr. Rajkumar,The Academy Awards (Oscars),Box office collection,B) Dr. Rajkumar,"Dr. Rajkumar is widely regarded as a legendary figure of Kannada cinema, celebrated for his extensive body of work.",Cinema,Kannada Cinema
Which option correctly answers this: What is the popular nickname for the Hindi-language film industry based in Mumbai?,Bollywood,CGI (computer-generated imagery) films,A debut,Kollywood,A) Bollywood,"Bollywood is the popular nickname for India's Hindi-language film industry, based primarily in Mumbai.",Cinema,Bollywood
Quiz question: What is a 'prequel' in film terminology?,A film that portrays events occurring before an earlier film's story,Movie songs (film songs),Dr. Rajkumar,Bollywood,A) A film that portrays events occurring before an earlier film's story,A prequel portrays events that take place chronologically before the story of an earlier related film.,Cinema,Famous Films
"Quiz question: What is the term for a movie's soundtrack songs, common in Indian cinema?",Movie songs (film songs),Bollywood,A film that portrays events occurring before an earlier film's story,Kollywood,A) Movie songs (film songs),"Movie songs, or film songs, are musical compositions included as part of a film's soundtrack, especially prominent in Indian cinema.",Cinema,Movie Songs
Quiz question: What is a 'blockbuster' in film terminology?,'RRR' (for the song 'Naatu Naatu'),Sandalwood,A family film,A film that achieves exceptionally high box office success,D) A film that achieves exceptionally high box office success,A blockbuster is a term used to describe a film that achieves exceptionally high commercial and box office success.,Cinema,Box Office
What is the popular nickname for the Tamil-language film industry?,Comedy,Box office collection,Kollywood,The Cannes Film Festival,C) Kollywood,"Kollywood is the popular nickname for the Tamil-language film industry, based mainly in Chennai.",Cinema,Tamil Cinema
Quiz question: What are the national film awards of India called?,Satyajit Ray,Kollywood,A detective or mystery film,The National Film Awards,D) The National Film Awards,"The National Film Awards are India's most prestigious national film honors, established in 1954.",Cinema,Movie Awards
Quiz question: What is an animated film?,"A brief appearance by a notable performer, often uncredited or in a small role",Kollywood,"A film created using techniques like drawings or computer graphics to simulate movement, rather than live actors",A film that continues the story of an earlier film,"C) A film created using techniques like drawings or computer graphics to simulate movement, rather than live actors","An animated film is created using drawings, computer graphics, or other techniques to simulate motion, rather than filming live actors.",Cinema,Famous Films
"Which option correctly answers this: Which film festival is considered one of the most prestigious in the world, held annually in France?",Comedy,A film that achieves exceptionally high box office success,A debut,The Cannes Film Festival,D) The Cannes Film Festival,"The Cannes Film Festival, held annually in France, is one of the most prestigious and influential film festivals in the world.",Cinema,Film Festivals
Choose the correct answer: What is the popular nickname for the Hindi-language film industry based in Mumbai?,A film that achieves exceptionally high box office success,Bollywood,A film that continues the story of an earlier film,'RRR' (for the song 'Naatu Naatu'),B) Bollywood,"Bollywood is the popular nickname for India's Hindi-language film industry, based primarily in Mumbai.",Cinema,Bollywood
"Which option correctly answers this: Who played the character in a lead role of many iconic Kannada films and is often called a legendary figure of Sandalwood, honored with titles like 'Varanatha Tara'?",The Cannes Film Festival,A film that portrays events occurring before an earlier film's story,Dr. Rajkumar,The Academy Awards (Oscars),C) Dr. Rajkumar,"Dr. Rajkumar is widely regarded as a legendary figure of Kannada cinema, celebrated for his extensive body of work.",Cinema,Kannada Cinema
What is the popular nickname for the Tamil-language film industry?,Comedy,Movie songs (film songs),Kollywood,A film that continues the story of an earlier film,C) Kollywood,"Kollywood is the popular nickname for the Tamil-language film industry, based mainly in Chennai.",Cinema,Tamil Cinema
What term describes films made using computer-generated imagery for visual effects?,"A brief appearance by a notable performer, often uncredited or in a small role",Satyajit Ray,CGI (computer-generated imagery) films,The Academy Awards (Oscars),C) CGI (computer-generated imagery) films,"CGI films use computer-generated imagery extensively to create visual effects, characters, or entire animated worlds.",Cinema,Cinema History
"What is the term for the process of adding sound, music, and effects to a film after shooting?",'RRR' (for the song 'Naatu Naatu'),A film that continues the story of an earlier film,Sandalwood,Post-production,D) Post-production,"Post-production is the phase after filming where editing, sound design, music, and visual effects are added to a film.",Cinema,Cinema History
What is a 'prequel' in film terminology?,A detective or mystery film,A film that portrays events occurring before an earlier film's story,Hollywood,The Academy Awards (Oscars),B) A film that portrays events occurring before an earlier film's story,A prequel portrays events that take place chronologically before the story of an earlier related film.,Cinema,Famous Films
Choose the correct answer: What is the popular nickname for the Kannada-language film industry?,A film that portrays events occurring before an earlier film's story,The International Film Festival of India (IFFI),The National Film Awards,Sandalwood,D) Sandalwood,"Sandalwood is the popular nickname for the Kannada-language film industry, based in Karnataka.",Cinema,Kannada Cinema
Choose the correct answer: What is an animated film?,'RRR' (for the song 'Naatu Naatu'),Movie songs (film songs),"A film created using techniques like drawings or computer graphics to simulate movement, rather than live actors",A film that continues the story of an earlier film,"C) A film created using techniques like drawings or computer graphics to simulate movement, rather than live actors","An animated film is created using drawings, computer graphics, or other techniques to simulate motion, rather than filming live actors.",Cinema,Famous Films
What is the popular nickname for the Hindi-language film industry based in Mumbai?,Comedy,The National Film Awards,Bollywood,Box office collection,C) Bollywood,"Bollywood is the popular nickname for India's Hindi-language film industry, based primarily in Mumbai.",Cinema,Bollywood
What are the national film awards of India called?,Movie songs (film songs),Bollywood,To manage the financial and logistical aspects of making a film,The National Film Awards,D) The National Film Awards,"The National Film Awards are India's most prestigious national film honors, established in 1954.",Cinema,Movie Awards
Which option correctly answers this: What are the national film awards of India called?,A family film,The National Film Awards,Dr. Rajkumar,A film that achieves exceptionally high box office success,B) The National Film Awards,"The National Film Awards are India's most prestigious national film honors, established in 1954.",Cinema,Movie Awards
Which option correctly answers this: What is the popular nickname for the Tamil-language film industry?,Hollywood,The International Film Festival of India (IFFI),Kollywood,To oversee the creative and technical aspects of making a film,C) Kollywood,"Kollywood is the popular nickname for the Tamil-language film industry, based mainly in Chennai.",Cinema,Tamil Cinema
What is a 'blockbuster' in film terminology?,A film that achieves exceptionally high box office success,To oversee the creative and technical aspects of making a film,Comedy,A family film,A) A film that achieves exceptionally high box office success,A blockbuster is a term used to describe a film that achieves exceptionally high commercial and box office success.,Cinema,Box Office
"Choose the correct answer: Which Indian film became widely recognized internationally after winning major awards including at the 2023 Oscars, for its song?",Dr. Rajkumar,A family film,'RRR' (for the song 'Naatu Naatu'),Box office collection,C) 'RRR' (for the song 'Naatu Naatu'),"'RRR' gained major international recognition, including winning the Oscar for Best Original Song for 'Naatu Naatu' at the 2023 Academy Awards.",Cinema,Movie Awards
Which actor is widely known by the nickname 'Shahenshah of Bollywood'?,A family film,Amitabh Bachchan,Tollywood,Movie songs (film songs),B) Amitabh Bachchan,"Amitabh Bachchan is widely referred to by fans and media as the 'Shahenshah of Bollywood', among other honorifics.",Cinema,Actors
"Who played the character in a lead role of many iconic Kannada films and is often called a legendary figure of Sandalwood, honored with titles like 'Varanatha Tara'?",A film that continues the story of an earlier film,The International Film Festival of India (IFFI),The National Film Awards,Dr. Rajkumar,D) Dr. Rajkumar,"Dr. Rajkumar is widely regarded as a legendary figure of Kannada cinema, celebrated for his extensive body of work.",Cinema,Kannada Cinema
Quiz question: Which major Indian film festival is held annually in Goa?,"A brief appearance by a notable performer, often uncredited or in a small role","A film created using techniques like drawings or computer graphics to simulate movement, rather than live actors",The International Film Festival of India (IFFI),'RRR' (for the song 'Naatu Naatu'),C) The International Film Festival of India (IFFI),The International Film Festival of India (IFFI) is a major annual film festival held in Goa.,Cinema,Film Festivals
Which option correctly answers this: What is the popular nickname for the Hindi-language film industry based in Mumbai?,Hollywood,To manage the financial and logistical aspects of making a film,Sandalwood,Bollywood,D) Bollywood,"Bollywood is the popular nickname for India's Hindi-language film industry, based primarily in Mumbai.",Cinema,Bollywood
"Who directed the film 'Sholay' (1975), a landmark of Indian cinema?",CGI (computer-generated imagery) films,A film that portrays events occurring before an earlier film's story,The Cannes Film Festival,Ramesh Sippy,D) Ramesh Sippy,"Ramesh Sippy directed 'Sholay' (1975), one of the most iconic and commercially successful films in Indian cinema history.",Cinema,Bollywood
What is the popular nickname for the Telugu-language film industry?,A debut,A family film,Tollywood,Kollywood,C) Tollywood,Tollywood is the popular nickname for the Telugu-language film industry.,Cinema,Telugu Cinema
Which option correctly answers this: Who directed the internationally acclaimed Indian film 'Pather Panchali' (1955)?,A detective or mystery film,The Academy Awards (Oscars),Satyajit Ray,To oversee the creative and technical aspects of making a film,C) Satyajit Ray,"Satyajit Ray directed 'Pather Panchali' (1955), a landmark of Indian and world cinema.",Cinema,Cinema History
Which option correctly answers this: What is the role of a film director?,To oversee the creative and technical aspects of making a film,Amitabh Bachchan,The Academy Awards (Oscars),Hollywood,A) To oversee the creative and technical aspects of making a film,"A film director oversees the creative and technical aspects of a film's production, guiding the cast and crew.",Cinema,Directors
Which option correctly answers this: What is the popular nickname for the Tamil-language film industry?,Movie songs (film songs),A detective or mystery film,Kollywood,Box office collection,C) Kollywood,"Kollywood is the popular nickname for the Tamil-language film industry, based mainly in Chennai.",Cinema,Tamil Cinema
"Which option correctly answers this: Who directed the film 'Sholay' (1975), a landmark of Indian cinema?",Sandalwood,A debut,To manage the financial and logistical aspects of making a film,Ramesh Sippy,D) Ramesh Sippy,"Ramesh Sippy directed 'Sholay' (1975), one of the most iconic and commercially successful films in Indian cinema history.",Cinema,Bollywood
Which option correctly answers this: What is the term for the American film industry centered in Los Angeles?,To manage the financial and logistical aspects of making a film,Movie songs (film songs),Sandalwood,Hollywood,D) Hollywood,"Hollywood refers to the American film industry, historically centered in the Hollywood district of Los Angeles.",Cinema,Hollywood
"Quiz question: Who directed the film 'Sholay' (1975), a landmark of Indian cinema?",Ramesh Sippy,Box office collection,To manage the financial and logistical aspects of making a film,Amitabh Bachchan,A) Ramesh Sippy,"Ramesh Sippy directed 'Sholay' (1975), one of the most iconic and commercially successful films in Indian cinema history.",Cinema,Bollywood
"Choose the correct answer: Who played the character in a lead role of many iconic Kannada films and is often called a legendary figure of Sandalwood, honored with titles like 'Varanatha Tara'?",Sandalwood,Satyajit Ray,Hollywood,Dr. Rajkumar,D) Dr. Rajkumar,"Dr. Rajkumar is widely regarded as a legendary figure of Kannada cinema, celebrated for his extensive body of work.",Cinema,Kannada Cinema
Choose the correct answer: What is the term for a movie made specifically for children and family audiences?,The International Film Festival of India (IFFI),Bollywood,A family film,A film that achieves exceptionally high box office success,C) A family film,"A family film is created with content and themes suitable and appealing for audiences of all ages, especially children.",Cinema,Famous Films
Which option correctly answers this: What is the popular nickname for the Kannada-language film industry?,To oversee the creative and technical aspects of making a film,Sandalwood,Box office collection,"A brief appearance by a notable performer, often uncredited or in a small role",B) Sandalwood,"Sandalwood is the popular nickname for the Kannada-language film industry, based in Karnataka.",Cinema,Kannada Cinema
What is the term for a film's total earnings from ticket sales?,A debut,The International Film Festival of India (IFFI),Box office collection,Satyajit Ray,C) Box office collection,Box office collection refers to the total revenue a film earns from ticket sales.,Cinema,Box Office
"Quiz question: Which Indian film became widely recognized internationally after winning major awards including at the 2023 Oscars, for its song?",Post-production,'RRR' (for the song 'Naatu Naatu'),Amitabh Bachchan,Hollywood,B) 'RRR' (for the song 'Naatu Naatu'),"'RRR' gained major international recognition, including winning the Oscar for Best Original Song for 'Naatu Naatu' at the 2023 Academy Awards.",Cinema,Movie Awards
Quiz question: What is the term for the genre of films focused primarily on making audiences laugh?,A film that portrays events occurring before an earlier film's story,Comedy,Kollywood,CGI (computer-generated imagery) films,B) Comedy,"Comedy is a film genre specifically focused on humor, designed primarily to entertain and amuse audiences.",Cinema,Famous Films
Which option correctly answers this: Which international film award is considered the most prestigious in the American film industry?,Sandalwood,CGI (computer-generated imagery) films,To manage the financial and logistical aspects of making a film,The Academy Awards (Oscars),D) The Academy Awards (Oscars),"The Academy Awards, commonly known as the Oscars, are considered the most prestigious awards in the American film industry.",Cinema,Movie Awards
Choose the correct answer: What is the popular nickname for the Kannada-language film industry?,A detective or mystery film,Satyajit Ray,Sandalwood,A film that continues the story of an earlier film,C) Sandalwood,"Sandalwood is the popular nickname for the Kannada-language film industry, based in Karnataka.",Cinema,Kannada Cinema
What is an animated film?,The National Film Awards,A debut,Satyajit Ray,"A film created using techniques like drawings or computer graphics to simulate movement, rather than live actors","D) A film created using techniques like drawings or computer graphics to simulate movement, rather than live actors","An animated film is created using drawings, computer graphics, or other techniques to simulate motion, rather than filming live actors.",Cinema,Famous Films
Quiz question: Which actor is widely known by the nickname 'Shahenshah of Bollywood'?,Amitabh Bachchan,A family film,Dr. Rajkumar,Box office collection,A) Amitabh Bachchan,"Amitabh Bachchan is widely referred to by fans and media as the 'Shahenshah of Bollywood', among other honorifics.",Cinema,Actors
Choose the correct answer: What is the popular nickname for the Tamil-language film industry?,Tollywood,Kollywood,The Academy Awards (Oscars),'RRR' (for the song 'Naatu Naatu'),B) Kollywood,"Kollywood is the popular nickname for the Tamil-language film industry, based mainly in Chennai.",Cinema,Tamil Cinema
Choose the correct answer: What is the term for the American film industry centered in Los Angeles?,Dr. Rajkumar,'RRR' (for the song 'Naatu Naatu'),A family film,Hollywood,D) Hollywood,"Hollywood refers to the American film industry, historically centered in the Hollywood district of Los Angeles.",Cinema,Hollywood
Quiz question: What is the term for the genre of films focused primarily on making audiences laugh?,"A film created using techniques like drawings or computer graphics to simulate movement, rather than live actors",The International Film Festival of India (IFFI),Comedy,To manage the financial and logistical aspects of making a film,C) Comedy,"Comedy is a film genre specifically focused on humor, designed primarily to entertain and amuse audiences.",Cinema,Famous Films
"Choose the correct answer: What is the term for a movie's soundtrack songs, common in Indian cinema?",CGI (computer-generated imagery) films,Movie songs (film songs),The Academy Awards (Oscars),A detective or mystery film,B) Movie songs (film songs),"Movie songs, or film songs, are musical compositions included as part of a film's soundtrack, especially prominent in Indian cinema.",Cinema,Movie Songs
Choose the correct answer: Who directed the internationally acclaimed Indian film 'Pather Panchali' (1955)?,CGI (computer-generated imagery) films,Satyajit Ray,A film that portrays events occurring before an earlier film's story,The Academy Awards (Oscars),B) Satyajit Ray,"Satyajit Ray directed 'Pather Panchali' (1955), a landmark of Indian and world cinema.",Cinema,Cinema History
What is a 'prequel' in film terminology?,Satyajit Ray,A film that portrays events occurring before an earlier film's story,'RRR' (for the song 'Naatu Naatu'),A film that achieves exceptionally high box office success,B) A film that portrays events occurring before an earlier film's story,A prequel portrays events that take place chronologically before the story of an earlier related film.,Cinema,Famous Films
Quiz question: What is the popular nickname for the Kannada-language film industry?,Sandalwood,Amitabh Bachchan,To manage the financial and logistical aspects of making a film,The Academy Awards (Oscars),A) Sandalwood,"Sandalwood is the popular nickname for the Kannada-language film industry, based in Karnataka.",Cinema,Kannada Cinema
Which option correctly answers this: What is the popular nickname for the Kannada-language film industry?,The Cannes Film Festival,Sandalwood,To oversee the creative and technical aspects of making a film,The National Film Awards,B) Sandalwood,"Sandalwood is the popular nickname for the Kannada-language film industry, based in Karnataka.",Cinema,Kannada Cinema
What term describes films made using computer-generated imagery for visual effects?,To oversee the creative and technical aspects of making a film,To manage the financial and logistical aspects of making a film,The Academy Awards (Oscars),CGI (computer-generated imagery) films,D) CGI (computer-generated imagery) films,"CGI films use computer-generated imagery extensively to create visual effects, characters, or entire animated worlds.",Cinema,Cinema History
What is the popular nickname for the Hindi-language film industry based in Mumbai?,Bollywood,Tollywood,"A film created using techniques like drawings or computer graphics to simulate movement, rather than live actors",Movie songs (film songs),A) Bollywood,"Bollywood is the popular nickname for India's Hindi-language film industry, based primarily in Mumbai.",Cinema,Bollywood
What is a 'blockbuster' in film terminology?,A detective or mystery film,The Academy Awards (Oscars),A film that achieves exceptionally high box office success,To manage the financial and logistical aspects of making a film,C) A film that achieves exceptionally high box office success,A blockbuster is a term used to describe a film that achieves exceptionally high commercial and box office success.,Cinema,Box Office
Choose the correct answer: What genre of film typically centers on solving a crime or mystery?,A detective or mystery film,To manage the financial and logistical aspects of making a film,To oversee the creative and technical aspects of making a film,The National Film Awards,A) A detective or mystery film,"Detective or mystery films typically center on solving a crime, uncovering secrets, or unraveling a mystery.",Cinema,Famous Films
What genre of film typically centers on solving a crime or mystery?,A film that achieves exceptionally high box office success,A detective or mystery film,"A brief appearance by a notable performer, often uncredited or in a small role",Satyajit Ray,B) A detective or mystery film,"Detective or mystery films typically center on solving a crime, uncovering secrets, or unraveling a mystery.",Cinema,Famous Films
"Which option correctly answers this: What is the term for a movie's soundtrack songs, common in Indian cinema?",CGI (computer-generated imagery) films,A family film,A film that portrays events occurring before an earlier film's story,Movie songs (film songs),D) Movie songs (film songs),"Movie songs, or film songs, are musical compositions included as part of a film's soundtrack, especially prominent in Indian cinema.",Cinema,Movie Songs
Which option correctly answers this: What is the popular nickname for the Tamil-language film industry?,Box office collection,Kollywood,Post-production,The Cannes Film Festival,B) Kollywood,"Kollywood is the popular nickname for the Tamil-language film industry, based mainly in Chennai.",Cinema,Tamil Cinema
Quiz question: What is the role of a film director?,To oversee the creative and technical aspects of making a film,Dr. Rajkumar,Satyajit Ray,A film that portrays events occurring before an earlier film's story,A) To oversee the creative and technical aspects of making a film,"A film director oversees the creative and technical aspects of a film's production, guiding the cast and crew.",Cinema,Directors
Choose the correct answer: What is the popular nickname for the Tamil-language film industry?,Kollywood,A film that continues the story of an earlier film,Box office collection,A family film,A) Kollywood,"Kollywood is the popular nickname for the Tamil-language film industry, based mainly in Chennai.",Cinema,Tamil Cinema
"Which option correctly answers this: What is the term for the process of adding sound, music, and effects to a film after shooting?",To manage the financial and logistical aspects of making a film,Post-production,The Academy Awards (Oscars),CGI (computer-generated imagery) films,B) Post-production,"Post-production is the phase after filming where editing, sound design, music, and visual effects are added to a film.",Cinema,Cinema History
Choose the correct answer: Which international film award is considered the most prestigious in the American film industry?,Post-production,The Academy Awards (Oscars),Amitabh Bachchan,The International Film Festival of India (IFFI),B) The Academy Awards (Oscars),"The Academy Awards, commonly known as the Oscars, are considered the most prestigious awards in the American film industry.",Cinema,Movie Awards
"Quiz question: Which film festival is considered one of the most prestigious in the world, held annually in France?",Movie songs (film songs),Comedy,The Cannes Film Festival,CGI (computer-generated imagery) films,C) The Cannes Film Festival,"The Cannes Film Festival, held annually in France, is one of the most prestigious and influential film festivals in the world.",Cinema,Film Festivals
Choose the correct answer: What term describes films made using computer-generated imagery for visual effects?,The Cannes Film Festival,'RRR' (for the song 'Naatu Naatu'),Box office collection,CGI (computer-generated imagery) films,D) CGI (computer-generated imagery) films,"CGI films use computer-generated imagery extensively to create visual effects, characters, or entire animated worlds.",Cinema,Cinema History
Which option correctly answers this: What is the term for a film's total earnings from ticket sales?,Box office collection,The Academy Awards (Oscars),A family film,Post-production,A) Box office collection,Box office collection refers to the total revenue a film earns from ticket sales.,Cinema,Box Office
Which option correctly answers this: What term describes an actor's first film role or debut?,CGI (computer-generated imagery) films,A debut,A family film,Tollywood,B) A debut,A debut refers to an actor's or filmmaker's first professional appearance or work in a film.,Cinema,Actors
Which option correctly answers this: What is the popular nickname for the Hindi-language film industry based in Mumbai?,Bollywood,Dr. Rajkumar,The Academy Awards (Oscars),A film that portrays events occurring before an earlier film's story,A) Bollywood,"Bollywood is the popular nickname for India's Hindi-language film industry, based primarily in Mumbai.",Cinema,Bollywood
Quiz question: What is the popular nickname for the Telugu-language film industry?,Box office collection,Dr. Rajkumar,Tollywood,Kollywood,C) Tollywood,Tollywood is the popular nickname for the Telugu-language film industry.,Cinema,Telugu Cinema
Which major Indian film festival is held annually in Goa?,The International Film Festival of India (IFFI),Dr. Rajkumar,The National Film Awards,Ramesh Sippy,A) The International Film Festival of India (IFFI),The International Film Festival of India (IFFI) is a major annual film festival held in Goa.,Cinema,Film Festivals
Which option correctly answers this: What is the role of a film producer?,The National Film Awards,Sandalwood,To manage the financial and logistical aspects of making a film,Amitabh Bachchan,C) To manage the financial and logistical aspects of making a film,"A film producer manages the financial, logistical, and administrative aspects of a film's production.",Cinema,Producers
Quiz question: What is the role of a film producer?,To manage the financial and logistical aspects of making a film,Movie songs (film songs),Satyajit Ray,Hollywood,A) To manage the financial and logistical aspects of making a film,"A film producer manages the financial, logistical, and administrative aspects of a film's production.",Cinema,Producers
Which option correctly answers this: What is a 'blockbuster' in film terminology?,Post-production,A film that achieves exceptionally high box office success,The National Film Awards,Movie songs (film songs),B) A film that achieves exceptionally high box office success,A blockbuster is a term used to describe a film that achieves exceptionally high commercial and box office success.,Cinema,Box Office
Choose the correct answer: What is the role of a film director?,The National Film Awards,To oversee the creative and technical aspects of making a film,Tollywood,Amitabh Bachchan,B) To oversee the creative and technical aspects of making a film,"A film director oversees the creative and technical aspects of a film's production, guiding the cast and crew.",Cinema,Directors
Choose the correct answer: What is the role of a film director?,The Cannes Film Festival,Satyajit Ray,To oversee the creative and technical aspects of making a film,Movie songs (film songs),C) To oversee the creative and technical aspects of making a film,"A film director oversees the creative and technical aspects of a film's production, guiding the cast and crew.",Cinema,Directors
Choose the correct answer: What is the popular nickname for the Hindi-language film industry based in Mumbai?,"A brief appearance by a notable performer, often uncredited or in a small role",A debut,Bollywood,The National Film Awards,C) Bollywood,"Bollywood is the popular nickname for India's Hindi-language film industry, based primarily in Mumbai.",Cinema,Bollywood
"Which Indian film became widely recognized internationally after winning major awards including at the 2023 Oscars, for its song?",Dr. Rajkumar,"A film created using techniques like drawings or computer graphics to simulate movement, rather than live actors",'RRR' (for the song 'Naatu Naatu'),Box office collection,C) 'RRR' (for the song 'Naatu Naatu'),"'RRR' gained major international recognition, including winning the Oscar for Best Original Song for 'Naatu Naatu' at the 2023 Academy Awards.",Cinema,Movie Awards
What is a 'sequel' in film terminology?,A film that continues the story of an earlier film,"A film created using techniques like drawings or computer graphics to simulate movement, rather than live actors",'RRR' (for the song 'Naatu Naatu'),Movie songs (film songs),A) A film that continues the story of an earlier film,A sequel is a film that continues or expands upon the story or characters introduced in an earlier film.,Cinema,Famous Films
Quiz question: What genre of film typically centers on solving a crime or mystery?,Satyajit Ray,A film that continues the story of an earlier film,"A film created using techniques like drawings or computer graphics to simulate movement, rather than live actors",A detective or mystery film,D) A detective or mystery film,"Detective or mystery films typically center on solving a crime, uncovering secrets, or unraveling a mystery.",Cinema,Famous Films
Which option correctly answers this: Which major Indian film festival is held annually in Goa?,A film that achieves exceptionally high box office success,Comedy,To oversee the creative and technical aspects of making a film,The International Film Festival of India (IFFI),D) The International Film Festival of India (IFFI),The International Film Festival of India (IFFI) is a major annual film festival held in Goa.,Cinema,Film Festivals
What is a 'prequel' in film terminology?,To manage the financial and logistical aspects of making a film,A debut,A film that portrays events occurring before an earlier film's story,To oversee the creative and technical aspects of making a film,C) A film that portrays events occurring before an earlier film's story,A prequel portrays events that take place chronologically before the story of an earlier related film.,Cinema,Famous Films
Choose the correct answer: What is an animated film?,A family film,A film that continues the story of an earlier film,"A film created using techniques like drawings or computer graphics to simulate movement, rather than live actors",Comedy,"C) A film created using techniques like drawings or computer graphics to simulate movement, rather than live actors","An animated film is created using drawings, computer graphics, or other techniques to simulate motion, rather than filming live actors.",Cinema,Famous Films
Which option correctly answers this: What term describes an actor's first film role or debut?,Ramesh Sippy,Tollywood,Comedy,A debut,D) A debut,A debut refers to an actor's or filmmaker's first professional appearance or work in a film.,Cinema,Actors
Quiz question: Which actor is widely known by the nickname 'Shahenshah of Bollywood'?,Amitabh Bachchan,A debut,Sandalwood,'RRR' (for the song 'Naatu Naatu'),A) Amitabh Bachchan,"Amitabh Bachchan is widely referred to by fans and media as the 'Shahenshah of Bollywood', among other honorifics.",Cinema,Actors
Quiz question: What term describes films made using computer-generated imagery for visual effects?,Ramesh Sippy,Satyajit Ray,CGI (computer-generated imagery) films,Comedy,C) CGI (computer-generated imagery) films,"CGI films use computer-generated imagery extensively to create visual effects, characters, or entire animated worlds.",Cinema,Cinema History
Choose the correct answer: What is the role of a film director?,A debut,To oversee the creative and technical aspects of making a film,"A film created using techniques like drawings or computer graphics to simulate movement, rather than live actors","A brief appearance by a notable performer, often uncredited or in a small role",B) To oversee the creative and technical aspects of making a film,"A film director oversees the creative and technical aspects of a film's production, guiding the cast and crew.",Cinema,Directors
"Who directed the film 'Sholay' (1975), a landmark of Indian cinema?",Ramesh Sippy,The Cannes Film Festival,Post-production,Amitabh Bachchan,A) Ramesh Sippy,"Ramesh Sippy directed 'Sholay' (1975), one of the most iconic and commercially successful films in Indian cinema history.",Cinema,Bollywood
Quiz question: What genre of film typically centers on solving a crime or mystery?,A detective or mystery film,Satyajit Ray,Movie songs (film songs),To manage the financial and logistical aspects of making a film,A) A detective or mystery film,"Detective or mystery films typically center on solving a crime, uncovering secrets, or unraveling a mystery.",Cinema,Famous Films
"Which option correctly answers this: What is the term for the process of adding sound, music, and effects to a film after shooting?",The National Film Awards,"A film created using techniques like drawings or computer graphics to simulate movement, rather than live actors",Post-production,The Cannes Film Festival,C) Post-production,"Post-production is the phase after filming where editing, sound design, music, and visual effects are added to a film.",Cinema,Cinema History
Quiz question: What is the term for the American film industry centered in Los Angeles?,Hollywood,Ramesh Sippy,Amitabh Bachchan,Satyajit Ray,A) Hollywood,"Hollywood refers to the American film industry, historically centered in the Hollywood district of Los Angeles.",Cinema,Hollywood
Which option correctly answers this: Which international film award is considered the most prestigious in the American film industry?,A detective or mystery film,The Cannes Film Festival,The Academy Awards (Oscars),To manage the financial and logistical aspects of making a film,C) The Academy Awards (Oscars),"The Academy Awards, commonly known as the Oscars, are considered the most prestigious awards in the American film industry.",Cinema,Movie Awards
What is the popular nickname for the Kannada-language film industry?,Hollywood,The National Film Awards,Sandalwood,Movie songs (film songs),C) Sandalwood,"Sandalwood is the popular nickname for the Kannada-language film industry, based in Karnataka.",Cinema,Kannada Cinema
Choose the correct answer: What is the popular nickname for the Kannada-language film industry?,Sandalwood,To oversee the creative and technical aspects of making a film,Post-production,Comedy,A) Sandalwood,"Sandalwood is the popular nickname for the Kannada-language film industry, based in Karnataka.",Cinema,Kannada Cinema
Which option correctly answers this: What is the role of a film director?,To oversee the creative and technical aspects of making a film,Post-production,A film that portrays events occurring before an earlier film's story,CGI (computer-generated imagery) films,A) To oversee the creative and technical aspects of making a film,"A film director oversees the creative and technical aspects of a film's production, guiding the cast and crew.",Cinema,Directors
Which option correctly answers this: What is the term for a movie made specifically for children and family audiences?,The Academy Awards (Oscars),"A brief appearance by a notable performer, often uncredited or in a small role",A family film,A film that continues the story of an earlier film,C) A family film,"A family film is created with content and themes suitable and appealing for audiences of all ages, especially children.",Cinema,Famous Films
Choose the correct answer: What is the popular nickname for the Telugu-language film industry?,To manage the financial and logistical aspects of making a film,Tollywood,A family film,The Cannes Film Festival,B) Tollywood,Tollywood is the popular nickname for the Telugu-language film industry.,Cinema,Telugu Cinema
Quiz question: What is the popular nickname for the Tamil-language film industry?,Kollywood,Ramesh Sippy,Comedy,"A brief appearance by a notable performer, often uncredited or in a small role",A) Kollywood,"Kollywood is the popular nickname for the Tamil-language film industry, based mainly in Chennai.",Cinema,Tamil Cinema
Which option correctly answers this: Who directed the internationally acclaimed Indian film 'Pather Panchali' (1955)?,A detective or mystery film,Post-production,Satyajit Ray,Amitabh Bachchan,C) Satyajit Ray,"Satyajit Ray directed 'Pather Panchali' (1955), a landmark of Indian and world cinema.",Cinema,Cinema History
Choose the correct answer: What is a 'blockbuster' in film terminology?,A detective or mystery film,A film that achieves exceptionally high box office success,Post-production,Comedy,B) A film that achieves exceptionally high box office success,A blockbuster is a term used to describe a film that achieves exceptionally high commercial and box office success.,Cinema,Box Office
"Choose the correct answer: Which film festival is considered one of the most prestigious in the world, held annually in France?",The Cannes Film Festival,The Academy Awards (Oscars),A film that continues the story of an earlier film,A film that portrays events occurring before an earlier film's story,A) The Cannes Film Festival,"The Cannes Film Festival, held annually in France, is one of the most prestigious and influential film festivals in the world.",Cinema,Film Festivals
"Which option correctly answers this: Which film festival is considered one of the most prestigious in the world, held annually in France?",Dr. Rajkumar,A detective or mystery film,Comedy,The Cannes Film Festival,D) The Cannes Film Festival,"The Cannes Film Festival, held annually in France, is one of the most prestigious and influential film festivals in the world.",Cinema,Film Festivals
Which option correctly answers this: Which major Indian film festival is held annually in Goa?,Amitabh Bachchan,The International Film Festival of India (IFFI),A film that continues the story of an earlier film,The Cannes Film Festival,B) The International Film Festival of India (IFFI),The International Film Festival of India (IFFI) is a major annual film festival held in Goa.,Cinema,Film Festivals
"Quiz question: Which Indian film became widely recognized internationally after winning major awards including at the 2023 Oscars, for its song?",The Cannes Film Festival,'RRR' (for the song 'Naatu Naatu'),A film that continues the story of an earlier film,Comedy,B) 'RRR' (for the song 'Naatu Naatu'),"'RRR' gained major international recognition, including winning the Oscar for Best Original Song for 'Naatu Naatu' at the 2023 Academy Awards.",Cinema,Movie Awards
Choose the correct answer: What term describes films made using computer-generated imagery for visual effects?,A film that achieves exceptionally high box office success,The Cannes Film Festival,CGI (computer-generated imagery) films,The Academy Awards (Oscars),C) CGI (computer-generated imagery) films,"CGI films use computer-generated imagery extensively to create visual effects, characters, or entire animated worlds.",Cinema,Cinema History
"Quiz question: Which Indian film became widely recognized internationally after winning major awards including at the 2023 Oscars, for its song?",Amitabh Bachchan,'RRR' (for the song 'Naatu Naatu'),Post-production,The Academy Awards (Oscars),B) 'RRR' (for the song 'Naatu Naatu'),"'RRR' gained major international recognition, including winning the Oscar for Best Original Song for 'Naatu Naatu' at the 2023 Academy Awards.",Cinema,Movie Awards
Choose the correct answer: What is the term for a movie made specifically for children and family audiences?,A detective or mystery film,"A film created using techniques like drawings or computer graphics to simulate movement, rather than live actors",The National Film Awards,A family film,D) A family film,"A family film is created with content and themes suitable and appealing for audiences of all ages, especially children.",Cinema,Famous Films
Quiz question: What is the popular nickname for the Tamil-language film industry?,Dr. Rajkumar,A film that portrays events occurring before an earlier film's story,Kollywood,Tollywood,C) Kollywood,"Kollywood is the popular nickname for the Tamil-language film industry, based mainly in Chennai.",Cinema,Tamil Cinema
"Choose the correct answer: Who directed the film 'Sholay' (1975), a landmark of Indian cinema?",Movie songs (film songs),The International Film Festival of India (IFFI),"A film created using techniques like drawings or computer graphics to simulate movement, rather than live actors",Ramesh Sippy,D) Ramesh Sippy,"Ramesh Sippy directed 'Sholay' (1975), one of the most iconic and commercially successful films in Indian cinema history.",Cinema,Bollywood
Choose the correct answer: Which major Indian film festival is held annually in Goa?,Bollywood,A family film,The International Film Festival of India (IFFI),A film that portrays events occurring before an earlier film's story,C) The International Film Festival of India (IFFI),The International Film Festival of India (IFFI) is a major annual film festival held in Goa.,Cinema,Film Festivals
Quiz question: What is a 'prequel' in film terminology?,A film that portrays events occurring before an earlier film's story,A film that achieves exceptionally high box office success,Dr. Rajkumar,"A film created using techniques like drawings or computer graphics to simulate movement, rather than live actors",A) A film that portrays events occurring before an earlier film's story,A prequel portrays events that take place chronologically before the story of an earlier related film.,Cinema,Famous Films
Which option correctly answers this: Which major Indian film festival is held annually in Goa?,A film that portrays events occurring before an earlier film's story,The International Film Festival of India (IFFI),A film that continues the story of an earlier film,The Cannes Film Festival,B) The International Film Festival of India (IFFI),The International Film Festival of India (IFFI) is a major annual film festival held in Goa.,Cinema,Film Festivals
What term describes films made using computer-generated imagery for visual effects?,Sandalwood,CGI (computer-generated imagery) films,Dr. Rajkumar,To manage the financial and logistical aspects of making a film,B) CGI (computer-generated imagery) films,"CGI films use computer-generated imagery extensively to create visual effects, characters, or entire animated worlds.",Cinema,Cinema History
Quiz question: What is an animated film?,Movie songs (film songs),A film that continues the story of an earlier film,"A film created using techniques like drawings or computer graphics to simulate movement, rather than live actors",Sandalwood,"C) A film created using techniques like drawings or computer graphics to simulate movement, rather than live actors","An animated film is created using drawings, computer graphics, or other techniques to simulate motion, rather than filming live actors.",Cinema,Famous Films
Quiz question: What is the popular nickname for the Kannada-language film industry?,The Cannes Film Festival,To oversee the creative and technical aspects of making a film,Sandalwood,'RRR' (for the song 'Naatu Naatu'),C) Sandalwood,"Sandalwood is the popular nickname for the Kannada-language film industry, based in Karnataka.",Cinema,Kannada Cinema
"What is the term for a movie's soundtrack songs, common in Indian cinema?",Post-production,Amitabh Bachchan,Tollywood,Movie songs (film songs),D) Movie songs (film songs),"Movie songs, or film songs, are musical compositions included as part of a film's soundtrack, especially prominent in Indian cinema.",Cinema,Movie Songs
What is the term for the genre of films focused primarily on making audiences laugh?,Comedy,A film that continues the story of an earlier film,A detective or mystery film,Satyajit Ray,A) Comedy,"Comedy is a film genre specifically focused on humor, designed primarily to entertain and amuse audiences.",Cinema,Famous Films
Quiz question: What is the role of a film producer?,A debut,To manage the financial and logistical aspects of making a film,To oversee the creative and technical aspects of making a film,The Academy Awards (Oscars),B) To manage the financial and logistical aspects of making a film,"A film producer manages the financial, logistical, and administrative aspects of a film's production.",Cinema,Producers
Quiz question: What genre of film typically centers on solving a crime or mystery?,A detective or mystery film,A family film,The National Film Awards,"A brief appearance by a notable performer, often uncredited or in a small role",A) A detective or mystery film,"Detective or mystery films typically center on solving a crime, uncovering secrets, or unraveling a mystery.",Cinema,Famous Films
"Quiz question: Which film festival is considered one of the most prestigious in the world, held annually in France?",Kollywood,A debut,The Cannes Film Festival,Movie songs (film songs),C) The Cannes Film Festival,"The Cannes Film Festival, held annually in France, is one of the most prestigious and influential film festivals in the world.",Cinema,Film Festivals
Choose the correct answer: What is the popular nickname for the Telugu-language film industry?,To manage the financial and logistical aspects of making a film,Tollywood,Box office collection,A film that portrays events occurring before an earlier film's story,B) Tollywood,Tollywood is the popular nickname for the Telugu-language film industry.,Cinema,Telugu Cinema
What is the popular nickname for the Tamil-language film industry?,Kollywood,The Cannes Film Festival,Post-production,Comedy,A) Kollywood,"Kollywood is the popular nickname for the Tamil-language film industry, based mainly in Chennai.",Cinema,Tamil Cinema
Choose the correct answer: What are the national film awards of India called?,The National Film Awards,Hollywood,A film that achieves exceptionally high box office success,Kollywood,A) The National Film Awards,"The National Film Awards are India's most prestigious national film honors, established in 1954.",Cinema,Movie Awards
Quiz question: What is the popular nickname for the Hindi-language film industry based in Mumbai?,A debut,Bollywood,The National Film Awards,A film that portrays events occurring before an earlier film's story,B) Bollywood,"Bollywood is the popular nickname for India's Hindi-language film industry, based primarily in Mumbai.",Cinema,Bollywood
What is the popular nickname for the Telugu-language film industry?,Tollywood,The International Film Festival of India (IFFI),Dr. Rajkumar,Hollywood,A) Tollywood,Tollywood is the popular nickname for the Telugu-language film industry.,Cinema,Telugu Cinema
Quiz question: What is the popular nickname for the Hindi-language film industry based in Mumbai?,Bollywood,A debut,"A brief appearance by a notable performer, often uncredited or in a small role",Satyajit Ray,A) Bollywood,"Bollywood is the popular nickname for India's Hindi-language film industry, based primarily in Mumbai.",Cinema,Bollywood
"Choose the correct answer: Which film festival is considered one of the most prestigious in the world, held annually in France?",A debut,The National Film Awards,The Cannes Film Festival,The International Film Festival of India (IFFI),C) The Cannes Film Festival,"The Cannes Film Festival, held annually in France, is one of the most prestigious and influential film festivals in the world.",Cinema,Film Festivals
Quiz question: What is the popular nickname for the Telugu-language film industry?,Tollywood,Bollywood,The National Film Awards,To manage the financial and logistical aspects of making a film,A) Tollywood,Tollywood is the popular nickname for the Telugu-language film industry.,Cinema,Telugu Cinema
"Who played the character in a lead role of many iconic Kannada films and is often called a legendary figure of Sandalwood, honored with titles like 'Varanatha Tara'?",Dr. Rajkumar,The Cannes Film Festival,Box office collection,Hollywood,A) Dr. Rajkumar,"Dr. Rajkumar is widely regarded as a legendary figure of Kannada cinema, celebrated for his extensive body of work.",Cinema,Kannada Cinema
Which option correctly answers this: What is the role of a film producer?,Kollywood,To manage the financial and logistical aspects of making a film,Amitabh Bachchan,To oversee the creative and technical aspects of making a film,B) To manage the financial and logistical aspects of making a film,"A film producer manages the financial, logistical, and administrative aspects of a film's production.",Cinema,Producers
Which option correctly answers this: What are the national film awards of India called?,Sandalwood,CGI (computer-generated imagery) films,The National Film Awards,Box office collection,C) The National Film Awards,"The National Film Awards are India's most prestigious national film honors, established in 1954.",Cinema,Movie Awards
Quiz question: What is the term for a movie made specifically for children and family audiences?,A film that achieves exceptionally high box office success,Comedy,A family film,Ramesh Sippy,C) A family film,"A family film is created with content and themes suitable and appealing for audiences of all ages, especially children.",Cinema,Famous Films
Quiz question: What is a 'prequel' in film terminology?,Dr. Rajkumar,A film that portrays events occurring before an earlier film's story,Comedy,Hollywood,B) A film that portrays events occurring before an earlier film's story,A prequel portrays events that take place chronologically before the story of an earlier related film.,Cinema,Famous Films
What term describes films made using computer-generated imagery for visual effects?,CGI (computer-generated imagery) films,Tollywood,Movie songs (film songs),A detective or mystery film,A) CGI (computer-generated imagery) films,"CGI films use computer-generated imagery extensively to create visual effects, characters, or entire animated worlds.",Cinema,Cinema History
Who directed the internationally acclaimed Indian film 'Pather Panchali' (1955)?,Satyajit Ray,Hollywood,A film that continues the story of an earlier film,A detective or mystery film,A) Satyajit Ray,"Satyajit Ray directed 'Pather Panchali' (1955), a landmark of Indian and world cinema.",Cinema,Cinema History
Which option correctly answers this: What is an animated film?,A debut,Sandalwood,"A film created using techniques like drawings or computer graphics to simulate movement, rather than live actors",CGI (computer-generated imagery) films,"C) A film created using techniques like drawings or computer graphics to simulate movement, rather than live actors","An animated film is created using drawings, computer graphics, or other techniques to simulate motion, rather than filming live actors.",Cinema,Famous Films
Choose the correct answer: What is the term for the genre of films focused primarily on making audiences laugh?,Comedy,Movie songs (film songs),Tollywood,Post-production,A) Comedy,"Comedy is a film genre specifically focused on humor, designed primarily to entertain and amuse audiences.",Cinema,Famous Films
"Which option correctly answers this: What is the term for the process of adding sound, music, and effects to a film after shooting?",The Cannes Film Festival,Bollywood,Post-production,To oversee the creative and technical aspects of making a film,C) Post-production,"Post-production is the phase after filming where editing, sound design, music, and visual effects are added to a film.",Cinema,Cinema History
Which option correctly answers this: What term describes an actor's first film role or debut?,Satyajit Ray,A debut,Tollywood,Amitabh Bachchan,B) A debut,A debut refers to an actor's or filmmaker's first professional appearance or work in a film.,Cinema,Actors
Which option correctly answers this: What term describes an actor's first film role or debut?,Post-production,A debut,The Academy Awards (Oscars),CGI (computer-generated imagery) films,B) A debut,A debut refers to an actor's or filmmaker's first professional appearance or work in a film.,Cinema,Actors
What genre of film typically centers on solving a crime or mystery?,To oversee the creative and technical aspects of making a film,The Cannes Film Festival,A film that continues the story of an earlier film,A detective or mystery film,D) A detective or mystery film,"Detective or mystery films typically center on solving a crime, uncovering secrets, or unraveling a mystery.",Cinema,Famous Films
What is the popular nickname for the Hindi-language film industry based in Mumbai?,Bollywood,"A film created using techniques like drawings or computer graphics to simulate movement, rather than live actors",Box office collection,Tollywood,A) Bollywood,"Bollywood is the popular nickname for India's Hindi-language film industry, based primarily in Mumbai.",Cinema,Bollywood
What is a 'prequel' in film terminology?,Kollywood,"A film created using techniques like drawings or computer graphics to simulate movement, rather than live actors",A film that portrays events occurring before an earlier film's story,Ramesh Sippy,C) A film that portrays events occurring before an earlier film's story,A prequel portrays events that take place chronologically before the story of an earlier related film.,Cinema,Famous Films
Which international film award is considered the most prestigious in the American film industry?,Dr. Rajkumar,Bollywood,The Academy Awards (Oscars),The National Film Awards,C) The Academy Awards (Oscars),"The Academy Awards, commonly known as the Oscars, are considered the most prestigious awards in the American film industry.",Cinema,Movie Awards
"Choose the correct answer: Who played the character in a lead role of many iconic Kannada films and is often called a legendary figure of Sandalwood, honored with titles like 'Varanatha Tara'?",'RRR' (for the song 'Naatu Naatu'),Dr. Rajkumar,A film that continues the story of an earlier film,A film that achieves exceptionally high box office success,B) Dr. Rajkumar,"Dr. Rajkumar is widely regarded as a legendary figure of Kannada cinema, celebrated for his extensive body of work.",Cinema,Kannada Cinema
Which option correctly answers this: Which major Indian film festival is held annually in Goa?,A film that achieves exceptionally high box office success,A family film,The International Film Festival of India (IFFI),Hollywood,C) The International Film Festival of India (IFFI),The International Film Festival of India (IFFI) is a major annual film festival held in Goa.,Cinema,Film Festivals
Choose the correct answer: What genre of film typically centers on solving a crime or mystery?,A detective or mystery film,Post-production,A film that portrays events occurring before an earlier film's story,To oversee the creative and technical aspects of making a film,A) A detective or mystery film,"Detective or mystery films typically center on solving a crime, uncovering secrets, or unraveling a mystery.",Cinema,Famous Films
What is the popular nickname for the Hindi-language film industry based in Mumbai?,Amitabh Bachchan,A film that continues the story of an earlier film,A family film,Bollywood,D) Bollywood,"Bollywood is the popular nickname for India's Hindi-language film industry, based primarily in Mumbai.",Cinema,Bollywood
Which option correctly answers this: Which major Indian film festival is held annually in Goa?,Amitabh Bachchan,The International Film Festival of India (IFFI),A film that portrays events occurring before an earlier film's story,Bollywood,B) The International Film Festival of India (IFFI),The International Film Festival of India (IFFI) is a major annual film festival held in Goa.,Cinema,Film Festivals
Choose the correct answer: What is the term for a film's total earnings from ticket sales?,The International Film Festival of India (IFFI),A family film,Hollywood,Box office collection,D) Box office collection,Box office collection refers to the total revenue a film earns from ticket sales.,Cinema,Box Office
"Which Indian film became widely recognized internationally after winning major awards including at the 2023 Oscars, for its song?",'RRR' (for the song 'Naatu Naatu'),Post-production,Comedy,Ramesh Sippy,A) 'RRR' (for the song 'Naatu Naatu'),"'RRR' gained major international recognition, including winning the Oscar for Best Original Song for 'Naatu Naatu' at the 2023 Academy Awards.",Cinema,Movie Awards
What term describes an actor's first film role or debut?,To manage the financial and logistical aspects of making a film,The International Film Festival of India (IFFI),A debut,The National Film Awards,C) A debut,A debut refers to an actor's or filmmaker's first professional appearance or work in a film.,Cinema,Actors
Choose the correct answer: Which international film award is considered the most prestigious in the American film industry?,Comedy,'RRR' (for the song 'Naatu Naatu'),"A brief appearance by a notable performer, often uncredited or in a small role",The Academy Awards (Oscars),D) The Academy Awards (Oscars),"The Academy Awards, commonly known as the Oscars, are considered the most prestigious awards in the American film industry.",Cinema,Movie Awards
Which option correctly answers this: Which actor is widely known by the nickname 'Shahenshah of Bollywood'?,To manage the financial and logistical aspects of making a film,Bollywood,Amitabh Bachchan,Satyajit Ray,C) Amitabh Bachchan,"Amitabh Bachchan is widely referred to by fans and media as the 'Shahenshah of Bollywood', among other honorifics.",Cinema,Actors
Quiz question: What is the popular nickname for the Tamil-language film industry?,Kollywood,Post-production,A family film,Satyajit Ray,A) Kollywood,"Kollywood is the popular nickname for the Tamil-language film industry, based mainly in Chennai.",Cinema,Tamil Cinema
Which option correctly answers this: What is a 'blockbuster' in film terminology?,"A film created using techniques like drawings or computer graphics to simulate movement, rather than live actors",A film that achieves exceptionally high box office success,Ramesh Sippy,The National Film Awards,B) A film that achieves exceptionally high box office success,A blockbuster is a term used to describe a film that achieves exceptionally high commercial and box office success.,Cinema,Box Office
Choose the correct answer: What is the popular nickname for the Telugu-language film industry?,Tollywood,To manage the financial and logistical aspects of making a film,"A brief appearance by a notable performer, often uncredited or in a small role",A film that continues the story of an earlier film,A) Tollywood,Tollywood is the popular nickname for the Telugu-language film industry.,Cinema,Telugu Cinema
Quiz question: What is an animated film?,Dr. Rajkumar,A film that portrays events occurring before an earlier film's story,Ramesh Sippy,"A film created using techniques like drawings or computer graphics to simulate movement, rather than live actors","D) A film created using techniques like drawings or computer graphics to simulate movement, rather than live actors","An animated film is created using drawings, computer graphics, or other techniques to simulate motion, rather than filming live actors.",Cinema,Famous Films
What is a 'prequel' in film terminology?,A debut,A film that portrays events occurring before an earlier film's story,"A film created using techniques like drawings or computer graphics to simulate movement, rather than live actors",Comedy,B) A film that portrays events occurring before an earlier film's story,A prequel portrays events that take place chronologically before the story of an earlier related film.,Cinema,Famous Films
Which option correctly answers this: Which international film award is considered the most prestigious in the American film industry?,"A brief appearance by a notable performer, often uncredited or in a small role",Movie songs (film songs),The Academy Awards (Oscars),Post-production,C) The Academy Awards (Oscars),"The Academy Awards, commonly known as the Oscars, are considered the most prestigious awards in the American film industry.",Cinema,Movie Awards
"Quiz question: Which Indian film became widely recognized internationally after winning major awards including at the 2023 Oscars, for its song?",A detective or mystery film,The International Film Festival of India (IFFI),To oversee the creative and technical aspects of making a film,'RRR' (for the song 'Naatu Naatu'),D) 'RRR' (for the song 'Naatu Naatu'),"'RRR' gained major international recognition, including winning the Oscar for Best Original Song for 'Naatu Naatu' at the 2023 Academy Awards.",Cinema,Movie Awards
"Choose the correct answer: What is the term for a movie's soundtrack songs, common in Indian cinema?",Comedy,Bollywood,Ramesh Sippy,Movie songs (film songs),D) Movie songs (film songs),"Movie songs, or film songs, are musical compositions included as part of a film's soundtrack, especially prominent in Indian cinema.",Cinema,Movie Songs
"Choose the correct answer: Which film festival is considered one of the most prestigious in the world, held annually in France?",Satyajit Ray,The Cannes Film Festival,The National Film Awards,"A film created using techniques like drawings or computer graphics to simulate movement, rather than live actors",B) The Cannes Film Festival,"The Cannes Film Festival, held annually in France, is one of the most prestigious and influential film festivals in the world.",Cinema,Film Festivals
"Choose the correct answer: Who directed the film 'Sholay' (1975), a landmark of Indian cinema?",Tollywood,Ramesh Sippy,The Cannes Film Festival,A detective or mystery film,B) Ramesh Sippy,"Ramesh Sippy directed 'Sholay' (1975), one of the most iconic and commercially successful films in Indian cinema history.",Cinema,Bollywood
Which actor is widely known by the nickname 'Shahenshah of Bollywood'?,Box office collection,'RRR' (for the song 'Naatu Naatu'),To manage the financial and logistical aspects of making a film,Amitabh Bachchan,D) Amitabh Bachchan,"Amitabh Bachchan is widely referred to by fans and media as the 'Shahenshah of Bollywood', among other honorifics.",Cinema,Actors
What is the term for the genre of films focused primarily on making audiences laugh?,Comedy,A family film,To oversee the creative and technical aspects of making a film,"A film created using techniques like drawings or computer graphics to simulate movement, rather than live actors",A) Comedy,"Comedy is a film genre specifically focused on humor, designed primarily to entertain and amuse audiences.",Cinema,Famous Films
"Quiz question: Which Indian film became widely recognized internationally after winning major awards including at the 2023 Oscars, for its song?",To manage the financial and logistical aspects of making a film,'RRR' (for the song 'Naatu Naatu'),A film that achieves exceptionally high box office success,Hollywood,B) 'RRR' (for the song 'Naatu Naatu'),"'RRR' gained major international recognition, including winning the Oscar for Best Original Song for 'Naatu Naatu' at the 2023 Academy Awards.",Cinema,Movie Awards
Which option correctly answers this: What is a 'prequel' in film terminology?,"A film created using techniques like drawings or computer graphics to simulate movement, rather than live actors",Hollywood,A film that portrays events occurring before an earlier film's story,The Academy Awards (Oscars),C) A film that portrays events occurring before an earlier film's story,A prequel portrays events that take place chronologically before the story of an earlier related film.,Cinema,Famous Films
Quiz question: Which actor is widely known by the nickname 'Shahenshah of Bollywood'?,A debut,A film that continues the story of an earlier film,Amitabh Bachchan,A film that portrays events occurring before an earlier film's story,C) Amitabh Bachchan,"Amitabh Bachchan is widely referred to by fans and media as the 'Shahenshah of Bollywood', among other honorifics.",Cinema,Actors
"Choose the correct answer: What is the term for a movie's soundtrack songs, common in Indian cinema?",The International Film Festival of India (IFFI),Ramesh Sippy,Box office collection,Movie songs (film songs),D) Movie songs (film songs),"Movie songs, or film songs, are musical compositions included as part of a film's soundtrack, especially prominent in Indian cinema.",Cinema,Movie Songs
Choose the correct answer: What is the popular nickname for the Tamil-language film industry?,A debut,Kollywood,To oversee the creative and technical aspects of making a film,A detective or mystery film,B) Kollywood,"Kollywood is the popular nickname for the Tamil-language film industry, based mainly in Chennai.",Cinema,Tamil Cinema
Choose the correct answer: What is the role of a film director?,Ramesh Sippy,Box office collection,The National Film Awards,To oversee the creative and technical aspects of making a film,D) To oversee the creative and technical aspects of making a film,"A film director oversees the creative and technical aspects of a film's production, guiding the cast and crew.",Cinema,Directors
What is the role of a film director?,To oversee the creative and technical aspects of making a film,A detective or mystery film,The Academy Awards (Oscars),A film that continues the story of an earlier film,A) To oversee the creative and technical aspects of making a film,"A film director oversees the creative and technical aspects of a film's production, guiding the cast and crew.",Cinema,Directors
Quiz question: What is the popular nickname for the Kannada-language film industry?,Sandalwood,Kollywood,To manage the financial and logistical aspects of making a film,A film that continues the story of an earlier film,A) Sandalwood,"Sandalwood is the popular nickname for the Kannada-language film industry, based in Karnataka.",Cinema,Kannada Cinema
"What is the term for the process of adding sound, music, and effects to a film after shooting?",The National Film Awards,Box office collection,Satyajit Ray,Post-production,D) Post-production,"Post-production is the phase after filming where editing, sound design, music, and visual effects are added to a film.",Cinema,Cinema History
Choose the correct answer: What genre of film typically centers on solving a crime or mystery?,The National Film Awards,The Cannes Film Festival,Box office collection,A detective or mystery film,D) A detective or mystery film,"Detective or mystery films typically center on solving a crime, uncovering secrets, or unraveling a mystery.",Cinema,Famous Films
Quiz question: What does the term 'cameo' mean in film?,Comedy,The National Film Awards,CGI (computer-generated imagery) films,"A brief appearance by a notable performer, often uncredited or in a small role","D) A brief appearance by a notable performer, often uncredited or in a small role","A cameo refers to a brief appearance in a film by a notable performer, often in a small or uncredited role.",Cinema,Movie Characters
What are the national film awards of India called?,The National Film Awards,Sandalwood,Amitabh Bachchan,The Cannes Film Festival,A) The National Film Awards,"The National Film Awards are India's most prestigious national film honors, established in 1954.",Cinema,Movie Awards
Quiz question: What are the national film awards of India called?,"A film created using techniques like drawings or computer graphics to simulate movement, rather than live actors",Post-production,Box office collection,The National Film Awards,D) The National Film Awards,"The National Film Awards are India's most prestigious national film honors, established in 1954.",Cinema,Movie Awards
What is a 'sequel' in film terminology?,Ramesh Sippy,Post-production,Box office collection,A film that continues the story of an earlier film,D) A film that continues the story of an earlier film,A sequel is a film that continues or expands upon the story or characters introduced in an earlier film.,Cinema,Famous Films
Which international film award is considered the most prestigious in the American film industry?,A film that portrays events occurring before an earlier film's story,The Academy Awards (Oscars),Comedy,To manage the financial and logistical aspects of making a film,B) The Academy Awards (Oscars),"The Academy Awards, commonly known as the Oscars, are considered the most prestigious awards in the American film industry.",Cinema,Movie Awards
Choose the correct answer: What is the role of a film producer?,CGI (computer-generated imagery) films,Amitabh Bachchan,To manage the financial and logistical aspects of making a film,Comedy,C) To manage the financial and logistical aspects of making a film,"A film producer manages the financial, logistical, and administrative aspects of a film's production.",Cinema,Producers
Quiz question: What is the role of a film director?,"A brief appearance by a notable performer, often uncredited or in a small role",To oversee the creative and technical aspects of making a film,A family film,Bollywood,B) To oversee the creative and technical aspects of making a film,"A film director oversees the creative and technical aspects of a film's production, guiding the cast and crew.",Cinema,Directors
Quiz question: What does the term 'cameo' mean in film?,Ramesh Sippy,"A brief appearance by a notable performer, often uncredited or in a small role",Bollywood,Hollywood,"B) A brief appearance by a notable performer, often uncredited or in a small role","A cameo refers to a brief appearance in a film by a notable performer, often in a small or uncredited role.",Cinema,Movie Characters
Quiz question: Who directed the internationally acclaimed Indian film 'Pather Panchali' (1955)?,Satyajit Ray,Sandalwood,A debut,Bollywood,A) Satyajit Ray,"Satyajit Ray directed 'Pather Panchali' (1955), a landmark of Indian and world cinema.",Cinema,Cinema History
"Choose the correct answer: Who directed the film 'Sholay' (1975), a landmark of Indian cinema?",To manage the financial and logistical aspects of making a film,Ramesh Sippy,A film that continues the story of an earlier film,"A film created using techniques like drawings or computer graphics to simulate movement, rather than live actors",B) Ramesh Sippy,"Ramesh Sippy directed 'Sholay' (1975), one of the most iconic and commercially successful films in Indian cinema history.",Cinema,Bollywood
Quiz question: What is the term for a film's total earnings from ticket sales?,Satyajit Ray,The National Film Awards,"A brief appearance by a notable performer, often uncredited or in a small role",Box office collection,D) Box office collection,Box office collection refers to the total revenue a film earns from ticket sales.,Cinema,Box Office
Which major Indian film festival is held annually in Goa?,The International Film Festival of India (IFFI),Post-production,A film that continues the story of an earlier film,Box office collection,A) The International Film Festival of India (IFFI),The International Film Festival of India (IFFI) is a major annual film festival held in Goa.,Cinema,Film Festivals
"Quiz question: Who played the character in a lead role of many iconic Kannada films and is often called a legendary figure of Sandalwood, honored with titles like 'Varanatha Tara'?",To manage the financial and logistical aspects of making a film,Dr. Rajkumar,Kollywood,The Cannes Film Festival,B) Dr. Rajkumar,"Dr. Rajkumar is widely regarded as a legendary figure of Kannada cinema, celebrated for his extensive body of work.",Cinema,Kannada Cinema
What is the term for the American film industry centered in Los Angeles?,Ramesh Sippy,"A film created using techniques like drawings or computer graphics to simulate movement, rather than live actors",A film that portrays events occurring before an earlier film's story,Hollywood,D) Hollywood,"Hollywood refers to the American film industry, historically centered in the Hollywood district of Los Angeles.",Cinema,Hollywood
What is the term for a movie made specifically for children and family audiences?,Bollywood,Post-production,Sandalwood,A family film,D) A family film,"A family film is created with content and themes suitable and appealing for audiences of all ages, especially children.",Cinema,Famous Films
"Choose the correct answer: Who played the character in a lead role of many iconic Kannada films and is often called a legendary figure of Sandalwood, honored with titles like 'Varanatha Tara'?",A film that achieves exceptionally high box office success,Dr. Rajkumar,To manage the financial and logistical aspects of making a film,A debut,B) Dr. Rajkumar,"Dr. Rajkumar is widely regarded as a legendary figure of Kannada cinema, celebrated for his extensive body of work.",Cinema,Kannada Cinema
"Quiz question: Who directed the film 'Sholay' (1975), a landmark of Indian cinema?",Hollywood,'RRR' (for the song 'Naatu Naatu'),Sandalwood,Ramesh Sippy,D) Ramesh Sippy,"Ramesh Sippy directed 'Sholay' (1975), one of the most iconic and commercially successful films in Indian cinema history.",Cinema,Bollywood
Which option correctly answers this: What term describes films made using computer-generated imagery for visual effects?,CGI (computer-generated imagery) films,A family film,Kollywood,Ramesh Sippy,A) CGI (computer-generated imagery) films,"CGI films use computer-generated imagery extensively to create visual effects, characters, or entire animated worlds.",Cinema,Cinema History
Quiz question: What is the term for the American film industry centered in Los Angeles?,Hollywood,To oversee the creative and technical aspects of making a film,Movie songs (film songs),CGI (computer-generated imagery) films,A) Hollywood,"Hollywood refers to the American film industry, historically centered in the Hollywood district of Los Angeles.",Cinema,Hollywood
Choose the correct answer: What is the popular nickname for the Tamil-language film industry?,Movie songs (film songs),'RRR' (for the song 'Naatu Naatu'),Kollywood,"A brief appearance by a notable performer, often uncredited or in a small role",C) Kollywood,"Kollywood is the popular nickname for the Tamil-language film industry, based mainly in Chennai.",Cinema,Tamil Cinema
"Which option correctly answers this: Which film festival is considered one of the most prestigious in the world, held annually in France?",The National Film Awards,Kollywood,'RRR' (for the song 'Naatu Naatu'),The Cannes Film Festival,D) The Cannes Film Festival,"The Cannes Film Festival, held annually in France, is one of the most prestigious and influential film festivals in the world.",Cinema,Film Festivals
What is the term for a film's total earnings from ticket sales?,Bollywood,Post-production,Box office collection,Tollywood,C) Box office collection,Box office collection refers to the total revenue a film earns from ticket sales.,Cinema,Box Office
Quiz question: What is an animated film?,To manage the financial and logistical aspects of making a film,To oversee the creative and technical aspects of making a film,Movie songs (film songs),"A film created using techniques like drawings or computer graphics to simulate movement, rather than live actors","D) A film created using techniques like drawings or computer graphics to simulate movement, rather than live actors","An animated film is created using drawings, computer graphics, or other techniques to simulate motion, rather than filming live actors.",Cinema,Famous Films
Which option correctly answers this: What is the popular nickname for the Hindi-language film industry based in Mumbai?,Satyajit Ray,Bollywood,CGI (computer-generated imagery) films,Post-production,B) Bollywood,"Bollywood is the popular nickname for India's Hindi-language film industry, based primarily in Mumbai.",Cinema,Bollywood
What is the popular nickname for the Telugu-language film industry?,'RRR' (for the song 'Naatu Naatu'),The International Film Festival of India (IFFI),"A brief appearance by a notable performer, often uncredited or in a small role",Tollywood,D) Tollywood,Tollywood is the popular nickname for the Telugu-language film industry.,Cinema,Telugu Cinema
Which option correctly answers this: What is the popular nickname for the Hindi-language film industry based in Mumbai?,CGI (computer-generated imagery) films,Bollywood,Comedy,Tollywood,B) Bollywood,"Bollywood is the popular nickname for India's Hindi-language film industry, based primarily in Mumbai.",Cinema,Bollywood
Quiz question: Which actor is widely known by the nickname 'Shahenshah of Bollywood'?,"A film created using techniques like drawings or computer graphics to simulate movement, rather than live actors",Amitabh Bachchan,CGI (computer-generated imagery) films,Post-production,B) Amitabh Bachchan,"Amitabh Bachchan is widely referred to by fans and media as the 'Shahenshah of Bollywood', among other honorifics.",Cinema,Actors
Quiz question: What is the popular nickname for the Hindi-language film industry based in Mumbai?,Kollywood,Bollywood,A film that achieves exceptionally high box office success,"A brief appearance by a notable performer, often uncredited or in a small role",B) Bollywood,"Bollywood is the popular nickname for India's Hindi-language film industry, based primarily in Mumbai.",Cinema,Bollywood
Quiz question: What is the term for the American film industry centered in Los Angeles?,Hollywood,A detective or mystery film,CGI (computer-generated imagery) films,To manage the financial and logistical aspects of making a film,A) Hollywood,"Hollywood refers to the American film industry, historically centered in the Hollywood district of Los Angeles.",Cinema,Hollywood
Quiz question: What is the popular nickname for the Tamil-language film industry?,"A brief appearance by a notable performer, often uncredited or in a small role",A debut,Kollywood,Movie songs (film songs),C) Kollywood,"Kollywood is the popular nickname for the Tamil-language film industry, based mainly in Chennai.",Cinema,Tamil Cinema
Quiz question: What does the term 'cameo' mean in film?,A family film,Dr. Rajkumar,"A brief appearance by a notable performer, often uncredited or in a small role",A film that achieves exceptionally high box office success,"C) A brief appearance by a notable performer, often uncredited or in a small role","A cameo refers to a brief appearance in a film by a notable performer, often in a small or uncredited role.",Cinema,Movie Characters
What is a 'sequel' in film terminology?,A film that continues the story of an earlier film,A film that achieves exceptionally high box office success,"A brief appearance by a notable performer, often uncredited or in a small role",Tollywood,A) A film that continues the story of an earlier film,A sequel is a film that continues or expands upon the story or characters introduced in an earlier film.,Cinema,Famous Films
Quiz question: Which international film award is considered the most prestigious in the American film industry?,Movie songs (film songs),To oversee the creative and technical aspects of making a film,A film that achieves exceptionally high box office success,The Academy Awards (Oscars),D) The Academy Awards (Oscars),"The Academy Awards, commonly known as the Oscars, are considered the most prestigious awards in the American film industry.",Cinema,Movie Awards
What does the term 'cameo' mean in film?,The National Film Awards,"A brief appearance by a notable performer, often uncredited or in a small role",A film that achieves exceptionally high box office success,The Cannes Film Festival,"B) A brief appearance by a notable performer, often uncredited or in a small role","A cameo refers to a brief appearance in a film by a notable performer, often in a small or uncredited role.",Cinema,Movie Characters
What does the term 'cameo' mean in film?,"A brief appearance by a notable performer, often uncredited or in a small role",The Academy Awards (Oscars),The International Film Festival of India (IFFI),Box office collection,"A) A brief appearance by a notable performer, often uncredited or in a small role","A cameo refers to a brief appearance in a film by a notable performer, often in a small or uncredited role.",Cinema,Movie Characters
What term describes an actor's first film role or debut?,A debut,Sandalwood,Amitabh Bachchan,To manage the financial and logistical aspects of making a film,A) A debut,A debut refers to an actor's or filmmaker's first professional appearance or work in a film.,Cinema,Actors
Quiz question: What is the term for a film's total earnings from ticket sales?,Box office collection,A film that continues the story of an earlier film,Amitabh Bachchan,The National Film Awards,A) Box office collection,Box office collection refers to the total revenue a film earns from ticket sales.,Cinema,Box Office
"Quiz question: What is the term for the process of adding sound, music, and effects to a film after shooting?",Dr. Rajkumar,Satyajit Ray,Post-production,To oversee the creative and technical aspects of making a film,C) Post-production,"Post-production is the phase after filming where editing, sound design, music, and visual effects are added to a film.",Cinema,Cinema History
Which option correctly answers this: What is the popular nickname for the Kannada-language film industry?,Sandalwood,The Cannes Film Festival,A family film,"A brief appearance by a notable performer, often uncredited or in a small role",A) Sandalwood,"Sandalwood is the popular nickname for the Kannada-language film industry, based in Karnataka.",Cinema,Kannada Cinema
Quiz question: What is the popular nickname for the Hindi-language film industry based in Mumbai?,Bollywood,A family film,CGI (computer-generated imagery) films,A detective or mystery film,A) Bollywood,"Bollywood is the popular nickname for India's Hindi-language film industry, based primarily in Mumbai.",Cinema,Bollywood
Which major Indian film festival is held annually in Goa?,To oversee the creative and technical aspects of making a film,Ramesh Sippy,The International Film Festival of India (IFFI),Movie songs (film songs),C) The International Film Festival of India (IFFI),The International Film Festival of India (IFFI) is a major annual film festival held in Goa.,Cinema,Film Festivals
What is the term for a film's total earnings from ticket sales?,Hollywood,Box office collection,Dr. Rajkumar,Movie songs (film songs),B) Box office collection,Box office collection refers to the total revenue a film earns from ticket sales.,Cinema,Box Office
Quiz question: What is the role of a film director?,Tollywood,"A film created using techniques like drawings or computer graphics to simulate movement, rather than live actors",To oversee the creative and technical aspects of making a film,Dr. Rajkumar,C) To oversee the creative and technical aspects of making a film,"A film director oversees the creative and technical aspects of a film's production, guiding the cast and crew.",Cinema,Directors
Which option correctly answers this: What term describes films made using computer-generated imagery for visual effects?,A debut,Kollywood,A film that portrays events occurring before an earlier film's story,CGI (computer-generated imagery) films,D) CGI (computer-generated imagery) films,"CGI films use computer-generated imagery extensively to create visual effects, characters, or entire animated worlds.",Cinema,Cinema History
"Choose the correct answer: What is the term for a movie's soundtrack songs, common in Indian cinema?",Movie songs (film songs),Tollywood,Dr. Rajkumar,The Cannes Film Festival,A) Movie songs (film songs),"Movie songs, or film songs, are musical compositions included as part of a film's soundtrack, especially prominent in Indian cinema.",Cinema,Movie Songs
What is the term for a movie made specifically for children and family audiences?,To oversee the creative and technical aspects of making a film,"A brief appearance by a notable performer, often uncredited or in a small role",A family film,Movie songs (film songs),C) A family film,"A family film is created with content and themes suitable and appealing for audiences of all ages, especially children.",Cinema,Famous Films
Quiz question: What term describes an actor's first film role or debut?,Box office collection,A debut,To manage the financial and logistical aspects of making a film,Movie songs (film songs),B) A debut,A debut refers to an actor's or filmmaker's first professional appearance or work in a film.,Cinema,Actors
"Who directed the film 'Sholay' (1975), a landmark of Indian cinema?",The Cannes Film Festival,A film that continues the story of an earlier film,Amitabh Bachchan,Ramesh Sippy,D) Ramesh Sippy,"Ramesh Sippy directed 'Sholay' (1975), one of the most iconic and commercially successful films in Indian cinema history.",Cinema,Bollywood
"Which option correctly answers this: What is the term for the process of adding sound, music, and effects to a film after shooting?","A brief appearance by a notable performer, often uncredited or in a small role",Satyajit Ray,The International Film Festival of India (IFFI),Post-production,D) Post-production,"Post-production is the phase after filming where editing, sound design, music, and visual effects are added to a film.",Cinema,Cinema History
Which option correctly answers this: What is an animated film?,"A film created using techniques like drawings or computer graphics to simulate movement, rather than live actors",A family film,Bollywood,Comedy,"A) A film created using techniques like drawings or computer graphics to simulate movement, rather than live actors","An animated film is created using drawings, computer graphics, or other techniques to simulate motion, rather than filming live actors.",Cinema,Famous Films
Quiz question: What is the popular nickname for the Kannada-language film industry?,To oversee the creative and technical aspects of making a film,Sandalwood,A film that continues the story of an earlier film,A detective or mystery film,B) Sandalwood,"Sandalwood is the popular nickname for the Kannada-language film industry, based in Karnataka.",Cinema,Kannada Cinema
Choose the correct answer: What is the popular nickname for the Tamil-language film industry?,Ramesh Sippy,Kollywood,A film that continues the story of an earlier film,The International Film Festival of India (IFFI),B) Kollywood,"Kollywood is the popular nickname for the Tamil-language film industry, based mainly in Chennai.",Cinema,Tamil Cinema
Which option correctly answers this: What term describes films made using computer-generated imagery for visual effects?,Sandalwood,To oversee the creative and technical aspects of making a film,A film that continues the story of an earlier film,CGI (computer-generated imagery) films,D) CGI (computer-generated imagery) films,"CGI films use computer-generated imagery extensively to create visual effects, characters, or entire animated worlds.",Cinema,Cinema History
"Who played the character in a lead role of many iconic Kannada films and is often called a legendary figure of Sandalwood, honored with titles like 'Varanatha Tara'?",Hollywood,A film that continues the story of an earlier film,To oversee the creative and technical aspects of making a film,Dr. Rajkumar,D) Dr. Rajkumar,"Dr. Rajkumar is widely regarded as a legendary figure of Kannada cinema, celebrated for his extensive body of work.",Cinema,Kannada Cinema
What is an animated film?,"A film created using techniques like drawings or computer graphics to simulate movement, rather than live actors",To manage the financial and logistical aspects of making a film,A debut,A detective or mystery film,"A) A film created using techniques like drawings or computer graphics to simulate movement, rather than live actors","An animated film is created using drawings, computer graphics, or other techniques to simulate motion, rather than filming live actors.",Cinema,Famous Films
Quiz question: What is the term for a film's total earnings from ticket sales?,Satyajit Ray,"A brief appearance by a notable performer, often uncredited or in a small role",Tollywood,Box office collection,D) Box office collection,Box office collection refers to the total revenue a film earns from ticket sales.,Cinema,Box Office
What is the popular nickname for the Tamil-language film industry?,Amitabh Bachchan,The Cannes Film Festival,Sandalwood,Kollywood,D) Kollywood,"Kollywood is the popular nickname for the Tamil-language film industry, based mainly in Chennai.",Cinema,Tamil Cinema
"Choose the correct answer: What is the term for a movie's soundtrack songs, common in Indian cinema?",Bollywood,Box office collection,Movie songs (film songs),The National Film Awards,C) Movie songs (film songs),"Movie songs, or film songs, are musical compositions included as part of a film's soundtrack, especially prominent in Indian cinema.",Cinema,Movie Songs
Which option correctly answers this: What is the term for a film's total earnings from ticket sales?,Hollywood,Box office collection,Post-production,Satyajit Ray,B) Box office collection,Box office collection refers to the total revenue a film earns from ticket sales.,Cinema,Box Office
Which option correctly answers this: What is the popular nickname for the Tamil-language film industry?,CGI (computer-generated imagery) films,Kollywood,Movie songs (film songs),Sandalwood,B) Kollywood,"Kollywood is the popular nickname for the Tamil-language film industry, based mainly in Chennai.",Cinema,Tamil Cinema
"Choose the correct answer: Who directed the film 'Sholay' (1975), a landmark of Indian cinema?",Ramesh Sippy,The Cannes Film Festival,Movie songs (film songs),The Academy Awards (Oscars),A) Ramesh Sippy,"Ramesh Sippy directed 'Sholay' (1975), one of the most iconic and commercially successful films in Indian cinema history.",Cinema,Bollywood
Which option correctly answers this: What is the popular nickname for the Telugu-language film industry?,Sandalwood,"A brief appearance by a notable performer, often uncredited or in a small role",Tollywood,A film that continues the story of an earlier film,C) Tollywood,Tollywood is the popular nickname for the Telugu-language film industry.,Cinema,Telugu Cinema
Quiz question: What term describes an actor's first film role or debut?,A debut,A family film,The Cannes Film Festival,Amitabh Bachchan,A) A debut,A debut refers to an actor's or filmmaker's first professional appearance or work in a film.,Cinema,Actors
Choose the correct answer: What genre of film typically centers on solving a crime or mystery?,The International Film Festival of India (IFFI),To manage the financial and logistical aspects of making a film,The Cannes Film Festival,A detective or mystery film,D) A detective or mystery film,"Detective or mystery films typically center on solving a crime, uncovering secrets, or unraveling a mystery.",Cinema,Famous Films
Choose the correct answer: What is the term for the genre of films focused primarily on making audiences laugh?,Comedy,Amitabh Bachchan,Box office collection,Hollywood,A) Comedy,"Comedy is a film genre specifically focused on humor, designed primarily to entertain and amuse audiences.",Cinema,Famous Films
Which option correctly answers this: What are the national film awards of India called?,Satyajit Ray,Tollywood,Dr. Rajkumar,The National Film Awards,D) The National Film Awards,"The National Film Awards are India's most prestigious national film honors, established in 1954.",Cinema,Movie Awards
"Which Indian film became widely recognized internationally after winning major awards including at the 2023 Oscars, for its song?",Tollywood,Bollywood,'RRR' (for the song 'Naatu Naatu'),Movie songs (film songs),C) 'RRR' (for the song 'Naatu Naatu'),"'RRR' gained major international recognition, including winning the Oscar for Best Original Song for 'Naatu Naatu' at the 2023 Academy Awards.",Cinema,Movie Awards
Choose the correct answer: What is the popular nickname for the Hindi-language film industry based in Mumbai?,Movie songs (film songs),The National Film Awards,Bollywood,To oversee the creative and technical aspects of making a film,C) Bollywood,"Bollywood is the popular nickname for India's Hindi-language film industry, based primarily in Mumbai.",Cinema,Bollywood
Choose the correct answer: What is an animated film?,"A film created using techniques like drawings or computer graphics to simulate movement, rather than live actors",The International Film Festival of India (IFFI),Tollywood,A detective or mystery film,"A) A film created using techniques like drawings or computer graphics to simulate movement, rather than live actors","An animated film is created using drawings, computer graphics, or other techniques to simulate motion, rather than filming live actors.",Cinema,Famous Films
"Who played the character in a lead role of many iconic Kannada films and is often called a legendary figure of Sandalwood, honored with titles like 'Varanatha Tara'?",Dr. Rajkumar,CGI (computer-generated imagery) films,To manage the financial and logistical aspects of making a film,The National Film Awards,A) Dr. Rajkumar,"Dr. Rajkumar is widely regarded as a legendary figure of Kannada cinema, celebrated for his extensive body of work.",Cinema,Kannada Cinema
Choose the correct answer: What is the popular nickname for the Hindi-language film industry based in Mumbai?,Sandalwood,"A brief appearance by a notable performer, often uncredited or in a small role",Bollywood,'RRR' (for the song 'Naatu Naatu'),C) Bollywood,"Bollywood is the popular nickname for India's Hindi-language film industry, based primarily in Mumbai.",Cinema,Bollywood
Which option correctly answers this: What term describes an actor's first film role or debut?,A debut,Dr. Rajkumar,Comedy,CGI (computer-generated imagery) films,A) A debut,A debut refers to an actor's or filmmaker's first professional appearance or work in a film.,Cinema,Actors
"Which option correctly answers this: What is the term for a movie's soundtrack songs, common in Indian cinema?",CGI (computer-generated imagery) films,Movie songs (film songs),A debut,Amitabh Bachchan,B) Movie songs (film songs),"Movie songs, or film songs, are musical compositions included as part of a film's soundtrack, especially prominent in Indian cinema.",Cinema,Movie Songs
Quiz question: Which major Indian film festival is held annually in Goa?,"A brief appearance by a notable performer, often uncredited or in a small role",The International Film Festival of India (IFFI),The Academy Awards (Oscars),'RRR' (for the song 'Naatu Naatu'),B) The International Film Festival of India (IFFI),The International Film Festival of India (IFFI) is a major annual film festival held in Goa.,Cinema,Film Festivals
What is the popular nickname for the Tamil-language film industry?,Satyajit Ray,Kollywood,The International Film Festival of India (IFFI),Bollywood,B) Kollywood,"Kollywood is the popular nickname for the Tamil-language film industry, based mainly in Chennai.",Cinema,Tamil Cinema
Which option correctly answers this: Who directed the internationally acclaimed Indian film 'Pather Panchali' (1955)?,Satyajit Ray,Movie songs (film songs),The National Film Awards,Bollywood,A) Satyajit Ray,"Satyajit Ray directed 'Pather Panchali' (1955), a landmark of Indian and world cinema.",Cinema,Cinema History
Which actor is widely known by the nickname 'Shahenshah of Bollywood'?,Amitabh Bachchan,A film that portrays events occurring before an earlier film's story,'RRR' (for the song 'Naatu Naatu'),The International Film Festival of India (IFFI),A) Amitabh Bachchan,"Amitabh Bachchan is widely referred to by fans and media as the 'Shahenshah of Bollywood', among other honorifics.",Cinema,Actors
Quiz question: What does the term 'cameo' mean in film?,Dr. Rajkumar,A film that portrays events occurring before an earlier film's story,"A brief appearance by a notable performer, often uncredited or in a small role",Post-production,"C) A brief appearance by a notable performer, often uncredited or in a small role","A cameo refers to a brief appearance in a film by a notable performer, often in a small or uncredited role.",Cinema,Movie Characters
What is the popular nickname for the Tamil-language film industry?,Amitabh Bachchan,Kollywood,Hollywood,'RRR' (for the song 'Naatu Naatu'),B) Kollywood,"Kollywood is the popular nickname for the Tamil-language film industry, based mainly in Chennai.",Cinema,Tamil Cinema
Quiz question: What is the term for the American film industry centered in Los Angeles?,CGI (computer-generated imagery) films,Dr. Rajkumar,The National Film Awards,Hollywood,D) Hollywood,"Hollywood refers to the American film industry, historically centered in the Hollywood district of Los Angeles.",Cinema,Hollywood
Which option correctly answers this: What is the term for the American film industry centered in Los Angeles?,Hollywood,To oversee the creative and technical aspects of making a film,A film that portrays events occurring before an earlier film's story,A debut,A) Hollywood,"Hollywood refers to the American film industry, historically centered in the Hollywood district of Los Angeles.",Cinema,Hollywood
Quiz question: What are the national film awards of India called?,CGI (computer-generated imagery) films,Sandalwood,Comedy,The National Film Awards,D) The National Film Awards,"The National Film Awards are India's most prestigious national film honors, established in 1954.",Cinema,Movie Awards
Choose the correct answer: What is the term for a movie made specifically for children and family audiences?,A family film,The Cannes Film Festival,Ramesh Sippy,Sandalwood,A) A family film,"A family film is created with content and themes suitable and appealing for audiences of all ages, especially children.",Cinema,Famous Films
Choose the correct answer: What is a 'prequel' in film terminology?,CGI (computer-generated imagery) films,Dr. Rajkumar,Sandalwood,A film that portrays events occurring before an earlier film's story,D) A film that portrays events occurring before an earlier film's story,A prequel portrays events that take place chronologically before the story of an earlier related film.,Cinema,Famous Films
Which option correctly answers this: What is the popular nickname for the Tamil-language film industry?,Satyajit Ray,Box office collection,Post-production,Kollywood,D) Kollywood,"Kollywood is the popular nickname for the Tamil-language film industry, based mainly in Chennai.",Cinema,Tamil Cinema
What is the popular nickname for the Tamil-language film industry?,Kollywood,"A film created using techniques like drawings or computer graphics to simulate movement, rather than live actors",Sandalwood,Movie songs (film songs),A) Kollywood,"Kollywood is the popular nickname for the Tamil-language film industry, based mainly in Chennai.",Cinema,Tamil Cinema
Which option correctly answers this: What is the popular nickname for the Telugu-language film industry?,The Academy Awards (Oscars),The International Film Festival of India (IFFI),Tollywood,CGI (computer-generated imagery) films,C) Tollywood,Tollywood is the popular nickname for the Telugu-language film industry.,Cinema,Telugu Cinema
Choose the correct answer: What is the popular nickname for the Tamil-language film industry?,Kollywood,Movie songs (film songs),Tollywood,A film that portrays events occurring before an earlier film's story,A) Kollywood,"Kollywood is the popular nickname for the Tamil-language film industry, based mainly in Chennai.",Cinema,Tamil Cinema
"Quiz question: What is the term for the process of adding sound, music, and effects to a film after shooting?",Comedy,Box office collection,Post-production,A debut,C) Post-production,"Post-production is the phase after filming where editing, sound design, music, and visual effects are added to a film.",Cinema,Cinema History
"Which option correctly answers this: Who directed the film 'Sholay' (1975), a landmark of Indian cinema?",Ramesh Sippy,Post-production,The National Film Awards,A film that continues the story of an earlier film,A) Ramesh Sippy,"Ramesh Sippy directed 'Sholay' (1975), one of the most iconic and commercially successful films in Indian cinema history.",Cinema,Bollywood
Quiz question: Which major Indian film festival is held annually in Goa?,To manage the financial and logistical aspects of making a film,The International Film Festival of India (IFFI),Amitabh Bachchan,"A film created using techniques like drawings or computer graphics to simulate movement, rather than live actors",B) The International Film Festival of India (IFFI),The International Film Festival of India (IFFI) is a major annual film festival held in Goa.,Cinema,Film Festivals
Quiz question: What are the national film awards of India called?,A detective or mystery film,"A film created using techniques like drawings or computer graphics to simulate movement, rather than live actors",Sandalwood,The National Film Awards,D) The National Film Awards,"The National Film Awards are India's most prestigious national film honors, established in 1954.",Cinema,Movie Awards
Choose the correct answer: What is a 'prequel' in film terminology?,A debut,A film that portrays events occurring before an earlier film's story,The Cannes Film Festival,"A brief appearance by a notable performer, often uncredited or in a small role",B) A film that portrays events occurring before an earlier film's story,A prequel portrays events that take place chronologically before the story of an earlier related film.,Cinema,Famous Films
"What is the term for the process of adding sound, music, and effects to a film after shooting?","A film created using techniques like drawings or computer graphics to simulate movement, rather than live actors",Dr. Rajkumar,A film that achieves exceptionally high box office success,Post-production,D) Post-production,"Post-production is the phase after filming where editing, sound design, music, and visual effects are added to a film.",Cinema,Cinema History
Quiz question: What is a 'blockbuster' in film terminology?,"A brief appearance by a notable performer, often uncredited or in a small role",The National Film Awards,Movie songs (film songs),A film that achieves exceptionally high box office success,D) A film that achieves exceptionally high box office success,A blockbuster is a term used to describe a film that achieves exceptionally high commercial and box office success.,Cinema,Box Office
"Which film festival is considered one of the most prestigious in the world, held annually in France?",Post-production,The Cannes Film Festival,A film that continues the story of an earlier film,Sandalwood,B) The Cannes Film Festival,"The Cannes Film Festival, held annually in France, is one of the most prestigious and influential film festivals in the world.",Cinema,Film Festivals
Which option correctly answers this: Which actor is widely known by the nickname 'Shahenshah of Bollywood'?,Amitabh Bachchan,To manage the financial and logistical aspects of making a film,A film that achieves exceptionally high box office success,A detective or mystery film,A) Amitabh Bachchan,"Amitabh Bachchan is widely referred to by fans and media as the 'Shahenshah of Bollywood', among other honorifics.",Cinema,Actors
"Choose the correct answer: Which film festival is considered one of the most prestigious in the world, held annually in France?",Hollywood,A film that portrays events occurring before an earlier film's story,Ramesh Sippy,The Cannes Film Festival,D) The Cannes Film Festival,"The Cannes Film Festival, held annually in France, is one of the most prestigious and influential film festivals in the world.",Cinema,Film Festivals
What is the term for the genre of films focused primarily on making audiences laugh?,"A film created using techniques like drawings or computer graphics to simulate movement, rather than live actors",Hollywood,A family film,Comedy,D) Comedy,"Comedy is a film genre specifically focused on humor, designed primarily to entertain and amuse audiences.",Cinema,Famous Films
What is the term for a movie made specifically for children and family audiences?,Sandalwood,Bollywood,A family film,CGI (computer-generated imagery) films,C) A family film,"A family film is created with content and themes suitable and appealing for audiences of all ages, especially children.",Cinema,Famous Films
Which option correctly answers this: What is a 'prequel' in film terminology?,To oversee the creative and technical aspects of making a film,A film that portrays events occurring before an earlier film's story,A debut,Box office collection,B) A film that portrays events occurring before an earlier film's story,A prequel portrays events that take place chronologically before the story of an earlier related film.,Cinema,Famous Films
Quiz question: What is the popular nickname for the Kannada-language film industry?,Sandalwood,Dr. Rajkumar,The International Film Festival of India (IFFI),Box office collection,A) Sandalwood,"Sandalwood is the popular nickname for the Kannada-language film industry, based in Karnataka.",Cinema,Kannada Cinema
Which option correctly answers this: Who directed the internationally acclaimed Indian film 'Pather Panchali' (1955)?,'RRR' (for the song 'Naatu Naatu'),Satyajit Ray,Kollywood,The National Film Awards,B) Satyajit Ray,"Satyajit Ray directed 'Pather Panchali' (1955), a landmark of Indian and world cinema.",Cinema,Cinema History
"Who played the character in a lead role of many iconic Kannada films and is often called a legendary figure of Sandalwood, honored with titles like 'Varanatha Tara'?",A film that portrays events occurring before an earlier film's story,Movie songs (film songs),Dr. Rajkumar,Post-production,C) Dr. Rajkumar,"Dr. Rajkumar is widely regarded as a legendary figure of Kannada cinema, celebrated for his extensive body of work.",Cinema,Kannada Cinema
What are the national film awards of India called?,The National Film Awards,The Cannes Film Festival,The Academy Awards (Oscars),CGI (computer-generated imagery) films,A) The National Film Awards,"The National Film Awards are India's most prestigious national film honors, established in 1954.",Cinema,Movie Awards
Which actor is widely known by the nickname 'Shahenshah of Bollywood'?,Amitabh Bachchan,The National Film Awards,CGI (computer-generated imagery) films,Sandalwood,A) Amitabh Bachchan,"Amitabh Bachchan is widely referred to by fans and media as the 'Shahenshah of Bollywood', among other honorifics.",Cinema,Actors
What is the popular nickname for the Telugu-language film industry?,A film that achieves exceptionally high box office success,Tollywood,To oversee the creative and technical aspects of making a film,The Academy Awards (Oscars),B) Tollywood,Tollywood is the popular nickname for the Telugu-language film industry.,Cinema,Telugu Cinema
Which option correctly answers this: What is the role of a film director?,Amitabh Bachchan,To oversee the creative and technical aspects of making a film,Bollywood,The National Film Awards,B) To oversee the creative and technical aspects of making a film,"A film director oversees the creative and technical aspects of a film's production, guiding the cast and crew.",Cinema,Directors
Quiz question: What is a 'blockbuster' in film terminology?,A film that achieves exceptionally high box office success,A film that continues the story of an earlier film,Box office collection,To oversee the creative and technical aspects of making a film,A) A film that achieves exceptionally high box office success,A blockbuster is a term used to describe a film that achieves exceptionally high commercial and box office success.,Cinema,Box Office
"Quiz question: Which film festival is considered one of the most prestigious in the world, held annually in France?",Satyajit Ray,The Cannes Film Festival,Tollywood,To oversee the creative and technical aspects of making a film,B) The Cannes Film Festival,"The Cannes Film Festival, held annually in France, is one of the most prestigious and influential film festivals in the world.",Cinema,Film Festivals
"Which option correctly answers this: What is the term for the process of adding sound, music, and effects to a film after shooting?","A brief appearance by a notable performer, often uncredited or in a small role","A film created using techniques like drawings or computer graphics to simulate movement, rather than live actors",Post-production,CGI (computer-generated imagery) films,C) Post-production,"Post-production is the phase after filming where editing, sound design, music, and visual effects are added to a film.",Cinema,Cinema History
Quiz question: What is the popular nickname for the Telugu-language film industry?,Ramesh Sippy,The Cannes Film Festival,"A film created using techniques like drawings or computer graphics to simulate movement, rather than live actors",Tollywood,D) Tollywood,Tollywood is the popular nickname for the Telugu-language film industry.,Cinema,Telugu Cinema
Choose the correct answer: What is the popular nickname for the Telugu-language film industry?,Tollywood,A film that achieves exceptionally high box office success,"A film created using techniques like drawings or computer graphics to simulate movement, rather than live actors","A brief appearance by a notable performer, often uncredited or in a small role",A) Tollywood,Tollywood is the popular nickname for the Telugu-language film industry.,Cinema,Telugu Cinema
"Choose the correct answer: Who played the character in a lead role of many iconic Kannada films and is often called a legendary figure of Sandalwood, honored with titles like 'Varanatha Tara'?",CGI (computer-generated imagery) films,Sandalwood,The Cannes Film Festival,Dr. Rajkumar,D) Dr. Rajkumar,"Dr. Rajkumar is widely regarded as a legendary figure of Kannada cinema, celebrated for his extensive body of work.",Cinema,Kannada Cinema
"What is the term for the process of adding sound, music, and effects to a film after shooting?",Tollywood,Hollywood,Post-production,The Cannes Film Festival,C) Post-production,"Post-production is the phase after filming where editing, sound design, music, and visual effects are added to a film.",Cinema,Cinema History
Choose the correct answer: What is the term for the genre of films focused primarily on making audiences laugh?,The Academy Awards (Oscars),Satyajit Ray,Comedy,To manage the financial and logistical aspects of making a film,C) Comedy,"Comedy is a film genre specifically focused on humor, designed primarily to entertain and amuse audiences.",Cinema,Famous Films
Which option correctly answers this: What is the role of a film producer?,Hollywood,The Academy Awards (Oscars),Comedy,To manage the financial and logistical aspects of making a film,D) To manage the financial and logistical aspects of making a film,"A film producer manages the financial, logistical, and administrative aspects of a film's production.",Cinema,Producers
Choose the correct answer: What is a 'prequel' in film terminology?,Box office collection,"A brief appearance by a notable performer, often uncredited or in a small role",The Cannes Film Festival,A film that portrays events occurring before an earlier film's story,D) A film that portrays events occurring before an earlier film's story,A prequel portrays events that take place chronologically before the story of an earlier related film.,Cinema,Famous Films
Which option correctly answers this: What is an animated film?,Dr. Rajkumar,"A film created using techniques like drawings or computer graphics to simulate movement, rather than live actors",Bollywood,Comedy,"B) A film created using techniques like drawings or computer graphics to simulate movement, rather than live actors","An animated film is created using drawings, computer graphics, or other techniques to simulate motion, rather than filming live actors.",Cinema,Famous Films
Choose the correct answer: What is a 'sequel' in film terminology?,Hollywood,A film that continues the story of an earlier film,A film that portrays events occurring before an earlier film's story,"A film created using techniques like drawings or computer graphics to simulate movement, rather than live actors",B) A film that continues the story of an earlier film,A sequel is a film that continues or expands upon the story or characters introduced in an earlier film.,Cinema,Famous Films
"Which option correctly answers this: Which Indian film became widely recognized internationally after winning major awards including at the 2023 Oscars, for its song?",'RRR' (for the song 'Naatu Naatu'),CGI (computer-generated imagery) films,Post-production,A film that continues the story of an earlier film,A) 'RRR' (for the song 'Naatu Naatu'),"'RRR' gained major international recognition, including winning the Oscar for Best Original Song for 'Naatu Naatu' at the 2023 Academy Awards.",Cinema,Movie Awards
Quiz question: What is an animated film?,Amitabh Bachchan,"A film created using techniques like drawings or computer graphics to simulate movement, rather than live actors",The Cannes Film Festival,Kollywood,"B) A film created using techniques like drawings or computer graphics to simulate movement, rather than live actors","An animated film is created using drawings, computer graphics, or other techniques to simulate motion, rather than filming live actors.",Cinema,Famous Films
Which option correctly answers this: What term describes an actor's first film role or debut?,The International Film Festival of India (IFFI),Box office collection,A debut,Satyajit Ray,C) A debut,A debut refers to an actor's or filmmaker's first professional appearance or work in a film.,Cinema,Actors
Choose the correct answer: What is a 'blockbuster' in film terminology?,Comedy,A film that achieves exceptionally high box office success,Kollywood,To oversee the creative and technical aspects of making a film,B) A film that achieves exceptionally high box office success,A blockbuster is a term used to describe a film that achieves exceptionally high commercial and box office success.,Cinema,Box Office
Choose the correct answer: Which actor is widely known by the nickname 'Shahenshah of Bollywood'?,CGI (computer-generated imagery) films,Post-production,Kollywood,Amitabh Bachchan,D) Amitabh Bachchan,"Amitabh Bachchan is widely referred to by fans and media as the 'Shahenshah of Bollywood', among other honorifics.",Cinema,Actors
"Quiz question: Who directed the film 'Sholay' (1975), a landmark of Indian cinema?",The National Film Awards,Ramesh Sippy,Bollywood,Hollywood,B) Ramesh Sippy,"Ramesh Sippy directed 'Sholay' (1975), one of the most iconic and commercially successful films in Indian cinema history.",Cinema,Bollywood
What is a 'prequel' in film terminology?,Tollywood,A film that continues the story of an earlier film,A family film,A film that portrays events occurring before an earlier film's story,D) A film that portrays events occurring before an earlier film's story,A prequel portrays events that take place chronologically before the story of an earlier related film.,Cinema,Famous Films
"Who played the character in a lead role of many iconic Kannada films and is often called a legendary figure of Sandalwood, honored with titles like 'Varanatha Tara'?",Post-production,A family film,Dr. Rajkumar,Bollywood,C) Dr. Rajkumar,"Dr. Rajkumar is widely regarded as a legendary figure of Kannada cinema, celebrated for his extensive body of work.",Cinema,Kannada Cinema
What term describes an actor's first film role or debut?,The Academy Awards (Oscars),A debut,To manage the financial and logistical aspects of making a film,Post-production,B) A debut,A debut refers to an actor's or filmmaker's first professional appearance or work in a film.,Cinema,Actors
Which option correctly answers this: What is an animated film?,Sandalwood,Movie songs (film songs),CGI (computer-generated imagery) films,"A film created using techniques like drawings or computer graphics to simulate movement, rather than live actors","D) A film created using techniques like drawings or computer graphics to simulate movement, rather than live actors","An animated film is created using drawings, computer graphics, or other techniques to simulate motion, rather than filming live actors.",Cinema,Famous Films
Quiz question: Which actor is widely known by the nickname 'Shahenshah of Bollywood'?,The Academy Awards (Oscars),"A brief appearance by a notable performer, often uncredited or in a small role",Amitabh Bachchan,Dr. Rajkumar,C) Amitabh Bachchan,"Amitabh Bachchan is widely referred to by fans and media as the 'Shahenshah of Bollywood', among other honorifics.",Cinema,Actors
Choose the correct answer: What does the term 'cameo' mean in film?,A film that achieves exceptionally high box office success,Post-production,Sandalwood,"A brief appearance by a notable performer, often uncredited or in a small role","D) A brief appearance by a notable performer, often uncredited or in a small role","A cameo refers to a brief appearance in a film by a notable performer, often in a small or uncredited role.",Cinema,Movie Characters
Choose the correct answer: What is the term for the American film industry centered in Los Angeles?,Hollywood,"A brief appearance by a notable performer, often uncredited or in a small role",Ramesh Sippy,Comedy,A) Hollywood,"Hollywood refers to the American film industry, historically centered in the Hollywood district of Los Angeles.",Cinema,Hollywood
Which option correctly answers this: What is the popular nickname for the Telugu-language film industry?,The Academy Awards (Oscars),Tollywood,A film that portrays events occurring before an earlier film's story,Box office collection,B) Tollywood,Tollywood is the popular nickname for the Telugu-language film industry.,Cinema,Telugu Cinema
"Choose the correct answer: What is the term for the process of adding sound, music, and effects to a film after shooting?",Box office collection,A film that portrays events occurring before an earlier film's story,Post-production,The International Film Festival of India (IFFI),C) Post-production,"Post-production is the phase after filming where editing, sound design, music, and visual effects are added to a film.",Cinema,Cinema History
"Choose the correct answer: Which Indian film became widely recognized internationally after winning major awards including at the 2023 Oscars, for its song?",A family film,Satyajit Ray,Sandalwood,'RRR' (for the song 'Naatu Naatu'),D) 'RRR' (for the song 'Naatu Naatu'),"'RRR' gained major international recognition, including winning the Oscar for Best Original Song for 'Naatu Naatu' at the 2023 Academy Awards.",Cinema,Movie Awards
Which option correctly answers this: What term describes an actor's first film role or debut?,Box office collection,To manage the financial and logistical aspects of making a film,A debut,Hollywood,C) A debut,A debut refers to an actor's or filmmaker's first professional appearance or work in a film.,Cinema,Actors
Quiz question: What is the role of a film director?,The International Film Festival of India (IFFI),To oversee the creative and technical aspects of making a film,Amitabh Bachchan,'RRR' (for the song 'Naatu Naatu'),B) To oversee the creative and technical aspects of making a film,"A film director oversees the creative and technical aspects of a film's production, guiding the cast and crew.",Cinema,Directors
"Quiz question: Which Indian film became widely recognized internationally after winning major awards including at the 2023 Oscars, for its song?",'RRR' (for the song 'Naatu Naatu'),A family film,Box office collection,To manage the financial and logistical aspects of making a film,A) 'RRR' (for the song 'Naatu Naatu'),"'RRR' gained major international recognition, including winning the Oscar for Best Original Song for 'Naatu Naatu' at the 2023 Academy Awards.",Cinema,Movie Awards
Which option correctly answers this: What is an animated film?,Amitabh Bachchan,A film that portrays events occurring before an earlier film's story,A debut,"A film created using techniques like drawings or computer graphics to simulate movement, rather than live actors","D) A film created using techniques like drawings or computer graphics to simulate movement, rather than live actors","An animated film is created using drawings, computer graphics, or other techniques to simulate motion, rather than filming live actors.",Cinema,Famous Films
Quiz question: Who directed the internationally acclaimed Indian film 'Pather Panchali' (1955)?,Satyajit Ray,"A film created using techniques like drawings or computer graphics to simulate movement, rather than live actors",Movie songs (film songs),Dr. Rajkumar,A) Satyajit Ray,"Satyajit Ray directed 'Pather Panchali' (1955), a landmark of Indian and world cinema.",Cinema,Cinema History
Choose the correct answer: What is the popular nickname for the Telugu-language film industry?,The National Film Awards,A film that achieves exceptionally high box office success,"A brief appearance by a notable performer, often uncredited or in a small role",Tollywood,D) Tollywood,Tollywood is the popular nickname for the Telugu-language film industry.,Cinema,Telugu Cinema
Which option correctly answers this: What is the role of a film director?,To oversee the creative and technical aspects of making a film,'RRR' (for the song 'Naatu Naatu'),"A film created using techniques like drawings or computer graphics to simulate movement, rather than live actors",Sandalwood,A) To oversee the creative and technical aspects of making a film,"A film director oversees the creative and technical aspects of a film's production, guiding the cast and crew.",Cinema,Directors
What is the role of a film director?,"A brief appearance by a notable performer, often uncredited or in a small role",To oversee the creative and technical aspects of making a film,The International Film Festival of India (IFFI),Hollywood,B) To oversee the creative and technical aspects of making a film,"A film director oversees the creative and technical aspects of a film's production, guiding the cast and crew.",Cinema,Directors
Choose the correct answer: What is the popular nickname for the Telugu-language film industry?,Tollywood,Amitabh Bachchan,To oversee the creative and technical aspects of making a film,"A brief appearance by a notable performer, often uncredited or in a small role",A) Tollywood,Tollywood is the popular nickname for the Telugu-language film industry.,Cinema,Telugu Cinema
Quiz question: What is the role of a film director?,To oversee the creative and technical aspects of making a film,Kollywood,Comedy,The Academy Awards (Oscars),A) To oversee the creative and technical aspects of making a film,"A film director oversees the creative and technical aspects of a film's production, guiding the cast and crew.",Cinema,Directors
"Who played the character in a lead role of many iconic Kannada films and is often called a legendary figure of Sandalwood, honored with titles like 'Varanatha Tara'?",Sandalwood,A film that continues the story of an earlier film,Dr. Rajkumar,Tollywood,C) Dr. Rajkumar,"Dr. Rajkumar is widely regarded as a legendary figure of Kannada cinema, celebrated for his extensive body of work.",Cinema,Kannada Cinema
Choose the correct answer: What is the popular nickname for the Tamil-language film industry?,A debut,The Cannes Film Festival,Dr. Rajkumar,Kollywood,D) Kollywood,"Kollywood is the popular nickname for the Tamil-language film industry, based mainly in Chennai.",Cinema,Tamil Cinema
Choose the correct answer: Who directed the internationally acclaimed Indian film 'Pather Panchali' (1955)?,The International Film Festival of India (IFFI),Satyajit Ray,"A film created using techniques like drawings or computer graphics to simulate movement, rather than live actors",Dr. Rajkumar,B) Satyajit Ray,"Satyajit Ray directed 'Pather Panchali' (1955), a landmark of Indian and world cinema.",Cinema,Cinema History
Which option correctly answers this: What is a 'blockbuster' in film terminology?,Kollywood,Ramesh Sippy,A film that achieves exceptionally high box office success,"A brief appearance by a notable performer, often uncredited or in a small role",C) A film that achieves exceptionally high box office success,A blockbuster is a term used to describe a film that achieves exceptionally high commercial and box office success.,Cinema,Box Office
Quiz question: What term describes films made using computer-generated imagery for visual effects?,Movie songs (film songs),'RRR' (for the song 'Naatu Naatu'),CGI (computer-generated imagery) films,A debut,C) CGI (computer-generated imagery) films,"CGI films use computer-generated imagery extensively to create visual effects, characters, or entire animated worlds.",Cinema,Cinema History
"Quiz question: Which Indian film became widely recognized internationally after winning major awards including at the 2023 Oscars, for its song?",Amitabh Bachchan,Kollywood,'RRR' (for the song 'Naatu Naatu'),Post-production,C) 'RRR' (for the song 'Naatu Naatu'),"'RRR' gained major international recognition, including winning the Oscar for Best Original Song for 'Naatu Naatu' at the 2023 Academy Awards.",Cinema,Movie Awards
Quiz question: What is the term for a film's total earnings from ticket sales?,Box office collection,"A film created using techniques like drawings or computer graphics to simulate movement, rather than live actors",Ramesh Sippy,Satyajit Ray,A) Box office collection,Box office collection refers to the total revenue a film earns from ticket sales.,Cinema,Box Office
Choose the correct answer: What are the national film awards of India called?,The National Film Awards,A film that achieves exceptionally high box office success,To oversee the creative and technical aspects of making a film,Hollywood,A) The National Film Awards,"The National Film Awards are India's most prestigious national film honors, established in 1954.",Cinema,Movie Awards
"Which option correctly answers this: Which film festival is considered one of the most prestigious in the world, held annually in France?",The Academy Awards (Oscars),The Cannes Film Festival,"A film created using techniques like drawings or computer graphics to simulate movement, rather than live actors",Satyajit Ray,B) The Cannes Film Festival,"The Cannes Film Festival, held annually in France, is one of the most prestigious and influential film festivals in the world.",Cinema,Film Festivals
Which option correctly answers this: What term describes films made using computer-generated imagery for visual effects?,Box office collection,CGI (computer-generated imagery) films,The National Film Awards,'RRR' (for the song 'Naatu Naatu'),B) CGI (computer-generated imagery) films,"CGI films use computer-generated imagery extensively to create visual effects, characters, or entire animated worlds.",Cinema,Cinema History
Choose the correct answer: What is a 'blockbuster' in film terminology?,Box office collection,Sandalwood,"A film created using techniques like drawings or computer graphics to simulate movement, rather than live actors",A film that achieves exceptionally high box office success,D) A film that achieves exceptionally high box office success,A blockbuster is a term used to describe a film that achieves exceptionally high commercial and box office success.,Cinema,Box Office
Quiz question: What is the term for the genre of films focused primarily on making audiences laugh?,Ramesh Sippy,Sandalwood,Comedy,Dr. Rajkumar,C) Comedy,"Comedy is a film genre specifically focused on humor, designed primarily to entertain and amuse audiences.",Cinema,Famous Films
Quiz question: What is the popular nickname for the Tamil-language film industry?,Movie songs (film songs),Kollywood,To oversee the creative and technical aspects of making a film,Amitabh Bachchan,B) Kollywood,"Kollywood is the popular nickname for the Tamil-language film industry, based mainly in Chennai.",Cinema,Tamil Cinema
Choose the correct answer: What genre of film typically centers on solving a crime or mystery?,"A film created using techniques like drawings or computer graphics to simulate movement, rather than live actors",To manage the financial and logistical aspects of making a film,'RRR' (for the song 'Naatu Naatu'),A detective or mystery film,D) A detective or mystery film,"Detective or mystery films typically center on solving a crime, uncovering secrets, or unraveling a mystery.",Cinema,Famous Films
Which option correctly answers this: What is the term for the American film industry centered in Los Angeles?,To manage the financial and logistical aspects of making a film,'RRR' (for the song 'Naatu Naatu'),A film that achieves exceptionally high box office success,Hollywood,D) Hollywood,"Hollywood refers to the American film industry, historically centered in the Hollywood district of Los Angeles.",Cinema,Hollywood
"Choose the correct answer: Which film festival is considered one of the most prestigious in the world, held annually in France?",Post-production,The Cannes Film Festival,Dr. Rajkumar,Hollywood,B) The Cannes Film Festival,"The Cannes Film Festival, held annually in France, is one of the most prestigious and influential film festivals in the world.",Cinema,Film Festivals
What is the term for a movie made specifically for children and family audiences?,A film that continues the story of an earlier film,A family film,Sandalwood,The International Film Festival of India (IFFI),B) A family film,"A family film is created with content and themes suitable and appealing for audiences of all ages, especially children.",Cinema,Famous Films
Choose the correct answer: What is the popular nickname for the Tamil-language film industry?,To manage the financial and logistical aspects of making a film,Kollywood,A film that achieves exceptionally high box office success,A debut,B) Kollywood,"Kollywood is the popular nickname for the Tamil-language film industry, based mainly in Chennai.",Cinema,Tamil Cinema
Which option correctly answers this: What is an animated film?,"A film created using techniques like drawings or computer graphics to simulate movement, rather than live actors",Comedy,Sandalwood,'RRR' (for the song 'Naatu Naatu'),"A) A film created using techniques like drawings or computer graphics to simulate movement, rather than live actors","An animated film is created using drawings, computer graphics, or other techniques to simulate motion, rather than filming live actors.",Cinema,Famous Films
Choose the correct answer: What is the term for the American film industry centered in Los Angeles?,'RRR' (for the song 'Naatu Naatu'),Ramesh Sippy,CGI (computer-generated imagery) films,Hollywood,D) Hollywood,"Hollywood refers to the American film industry, historically centered in the Hollywood district of Los Angeles.",Cinema,Hollywood
"Choose the correct answer: What is the term for the process of adding sound, music, and effects to a film after shooting?",Hollywood,The Academy Awards (Oscars),Post-production,Kollywood,C) Post-production,"Post-production is the phase after filming where editing, sound design, music, and visual effects are added to a film.",Cinema,Cinema History
"Which option correctly answers this: Who directed the film 'Sholay' (1975), a landmark of Indian cinema?",Ramesh Sippy,A debut,Bollywood,To manage the financial and logistical aspects of making a film,A) Ramesh Sippy,"Ramesh Sippy directed 'Sholay' (1975), one of the most iconic and commercially successful films in Indian cinema history.",Cinema,Bollywood
Which option correctly answers this: What is an animated film?,"A film created using techniques like drawings or computer graphics to simulate movement, rather than live actors",Hollywood,The International Film Festival of India (IFFI),Comedy,"A) A film created using techniques like drawings or computer graphics to simulate movement, rather than live actors","An animated film is created using drawings, computer graphics, or other techniques to simulate motion, rather than filming live actors.",Cinema,Famous Films
Choose the correct answer: What is a 'sequel' in film terminology?,A film that continues the story of an earlier film,Post-production,Satyajit Ray,Kollywood,A) A film that continues the story of an earlier film,A sequel is a film that continues or expands upon the story or characters introduced in an earlier film.,Cinema,Famous Films
Choose the correct answer: What does the term 'cameo' mean in film?,A debut,"A brief appearance by a notable performer, often uncredited or in a small role",A detective or mystery film,A family film,"B) A brief appearance by a notable performer, often uncredited or in a small role","A cameo refers to a brief appearance in a film by a notable performer, often in a small or uncredited role.",Cinema,Movie Characters
Choose the correct answer: Who directed the internationally acclaimed Indian film 'Pather Panchali' (1955)?,Satyajit Ray,The International Film Festival of India (IFFI),The National Film Awards,Amitabh Bachchan,A) Satyajit Ray,"Satyajit Ray directed 'Pather Panchali' (1955), a landmark of Indian and world cinema.",Cinema,Cinema History
Quiz question: What is a 'blockbuster' in film terminology?,'RRR' (for the song 'Naatu Naatu'),A film that achieves exceptionally high box office success,The National Film Awards,A family film,B) A film that achieves exceptionally high box office success,A blockbuster is a term used to describe a film that achieves exceptionally high commercial and box office success.,Cinema,Box Office
What genre of film typically centers on solving a crime or mystery?,"A brief appearance by a notable performer, often uncredited or in a small role",To oversee the creative and technical aspects of making a film,Satyajit Ray,A detective or mystery film,D) A detective or mystery film,"Detective or mystery films typically center on solving a crime, uncovering secrets, or unraveling a mystery.",Cinema,Famous Films
Choose the correct answer: Who directed the internationally acclaimed Indian film 'Pather Panchali' (1955)?,Satyajit Ray,Bollywood,The International Film Festival of India (IFFI),To oversee the creative and technical aspects of making a film,A) Satyajit Ray,"Satyajit Ray directed 'Pather Panchali' (1955), a landmark of Indian and world cinema.",Cinema,Cinema History
Which option correctly answers this: What genre of film typically centers on solving a crime or mystery?,"A film created using techniques like drawings or computer graphics to simulate movement, rather than live actors",Bollywood,A detective or mystery film,Movie songs (film songs),C) A detective or mystery film,"Detective or mystery films typically center on solving a crime, uncovering secrets, or unraveling a mystery.",Cinema,Famous Films
Which option correctly answers this: What is the role of a film director?,A debut,Box office collection,Dr. Rajkumar,To oversee the creative and technical aspects of making a film,D) To oversee the creative and technical aspects of making a film,"A film director oversees the creative and technical aspects of a film's production, guiding the cast and crew.",Cinema,Directors
"Choose the correct answer: What is the term for a movie's soundtrack songs, common in Indian cinema?",The National Film Awards,Movie songs (film songs),CGI (computer-generated imagery) films,"A brief appearance by a notable performer, often uncredited or in a small role",B) Movie songs (film songs),"Movie songs, or film songs, are musical compositions included as part of a film's soundtrack, especially prominent in Indian cinema.",Cinema,Movie Songs
Choose the correct answer: Who directed the internationally acclaimed Indian film 'Pather Panchali' (1955)?,A debut,Post-production,Satyajit Ray,Movie songs (film songs),C) Satyajit Ray,"Satyajit Ray directed 'Pather Panchali' (1955), a landmark of Indian and world cinema.",Cinema,Cinema History
Choose the correct answer: What is the term for the American film industry centered in Los Angeles?,The Cannes Film Festival,Hollywood,A film that continues the story of an earlier film,'RRR' (for the song 'Naatu Naatu'),B) Hollywood,"Hollywood refers to the American film industry, historically centered in the Hollywood district of Los Angeles.",Cinema,Hollywood
Which option correctly answers this: What is the popular nickname for the Kannada-language film industry?,Satyajit Ray,Amitabh Bachchan,Sandalwood,Post-production,C) Sandalwood,"Sandalwood is the popular nickname for the Kannada-language film industry, based in Karnataka.",Cinema,Kannada Cinema
Which option correctly answers this: What is the term for the American film industry centered in Los Angeles?,Hollywood,A film that portrays events occurring before an earlier film's story,A film that achieves exceptionally high box office success,A family film,A) Hollywood,"Hollywood refers to the American film industry, historically centered in the Hollywood district of Los Angeles.",Cinema,Hollywood
Which option correctly answers this: What does the term 'cameo' mean in film?,A family film,"A brief appearance by a notable performer, often uncredited or in a small role",'RRR' (for the song 'Naatu Naatu'),"A film created using techniques like drawings or computer graphics to simulate movement, rather than live actors","B) A brief appearance by a notable performer, often uncredited or in a small role","A cameo refers to a brief appearance in a film by a notable performer, often in a small or uncredited role.",Cinema,Movie Characters
Choose the correct answer: What does the term 'cameo' mean in film?,"A brief appearance by a notable performer, often uncredited or in a small role",Bollywood,A detective or mystery film,Dr. Rajkumar,"A) A brief appearance by a notable performer, often uncredited or in a small role","A cameo refers to a brief appearance in a film by a notable performer, often in a small or uncredited role.",Cinema,Movie Characters
Which option correctly answers this: Which major Indian film festival is held annually in Goa?,Satyajit Ray,The International Film Festival of India (IFFI),Hollywood,Post-production,B) The International Film Festival of India (IFFI),The International Film Festival of India (IFFI) is a major annual film festival held in Goa.,Cinema,Film Festivals
"Quiz question: Who directed the film 'Sholay' (1975), a landmark of Indian cinema?","A brief appearance by a notable performer, often uncredited or in a small role",The Academy Awards (Oscars),Ramesh Sippy,Amitabh Bachchan,C) Ramesh Sippy,"Ramesh Sippy directed 'Sholay' (1975), one of the most iconic and commercially successful films in Indian cinema history.",Cinema,Bollywood
Choose the correct answer: What is a 'blockbuster' in film terminology?,The Academy Awards (Oscars),Hollywood,A film that achieves exceptionally high box office success,Post-production,C) A film that achieves exceptionally high box office success,A blockbuster is a term used to describe a film that achieves exceptionally high commercial and box office success.,Cinema,Box Office
"Which option correctly answers this: Which Indian film became widely recognized internationally after winning major awards including at the 2023 Oscars, for its song?",Satyajit Ray,'RRR' (for the song 'Naatu Naatu'),Box office collection,The International Film Festival of India (IFFI),B) 'RRR' (for the song 'Naatu Naatu'),"'RRR' gained major international recognition, including winning the Oscar for Best Original Song for 'Naatu Naatu' at the 2023 Academy Awards.",Cinema,Movie Awards
Quiz question: What is the popular nickname for the Tamil-language film industry?,Box office collection,Kollywood,Amitabh Bachchan,The International Film Festival of India (IFFI),B) Kollywood,"Kollywood is the popular nickname for the Tamil-language film industry, based mainly in Chennai.",Cinema,Tamil Cinema
Which option correctly answers this: What is the role of a film producer?,Comedy,CGI (computer-generated imagery) films,Amitabh Bachchan,To manage the financial and logistical aspects of making a film,D) To manage the financial and logistical aspects of making a film,"A film producer manages the financial, logistical, and administrative aspects of a film's production.",Cinema,Producers
What is the term for a movie made specifically for children and family audiences?,A debut,The International Film Festival of India (IFFI),A family film,The Cannes Film Festival,C) A family film,"A family film is created with content and themes suitable and appealing for audiences of all ages, especially children.",Cinema,Famous Films
Which option correctly answers this: What is the term for the genre of films focused primarily on making audiences laugh?,Comedy,Kollywood,A film that achieves exceptionally high box office success,The National Film Awards,A) Comedy,"Comedy is a film genre specifically focused on humor, designed primarily to entertain and amuse audiences.",Cinema,Famous Films
Choose the correct answer: What does the term 'cameo' mean in film?,Comedy,To oversee the creative and technical aspects of making a film,A film that portrays events occurring before an earlier film's story,"A brief appearance by a notable performer, often uncredited or in a small role","D) A brief appearance by a notable performer, often uncredited or in a small role","A cameo refers to a brief appearance in a film by a notable performer, often in a small or uncredited role.",Cinema,Movie Characters
"Which Indian film became widely recognized internationally after winning major awards including at the 2023 Oscars, for its song?",Ramesh Sippy,A debut,'RRR' (for the song 'Naatu Naatu'),To manage the financial and logistical aspects of making a film,C) 'RRR' (for the song 'Naatu Naatu'),"'RRR' gained major international recognition, including winning the Oscar for Best Original Song for 'Naatu Naatu' at the 2023 Academy Awards.",Cinema,Movie Awards
Quiz question: What term describes films made using computer-generated imagery for visual effects?,Kollywood,Satyajit Ray,CGI (computer-generated imagery) films,"A film created using techniques like drawings or computer graphics to simulate movement, rather than live actors",C) CGI (computer-generated imagery) films,"CGI films use computer-generated imagery extensively to create visual effects, characters, or entire animated worlds.",Cinema,Cinema History
What is the role of a film producer?,A film that continues the story of an earlier film,To manage the financial and logistical aspects of making a film,Ramesh Sippy,Tollywood,B) To manage the financial and logistical aspects of making a film,"A film producer manages the financial, logistical, and administrative aspects of a film's production.",Cinema,Producers
"Who played the character in a lead role of many iconic Kannada films and is often called a legendary figure of Sandalwood, honored with titles like 'Varanatha Tara'?",Kollywood,Amitabh Bachchan,A debut,Dr. Rajkumar,D) Dr. Rajkumar,"Dr. Rajkumar is widely regarded as a legendary figure of Kannada cinema, celebrated for his extensive body of work.",Cinema,Kannada Cinema
Choose the correct answer: What is an animated film?,"A film created using techniques like drawings or computer graphics to simulate movement, rather than live actors","A brief appearance by a notable performer, often uncredited or in a small role",The Cannes Film Festival,To oversee the creative and technical aspects of making a film,"A) A film created using techniques like drawings or computer graphics to simulate movement, rather than live actors","An animated film is created using drawings, computer graphics, or other techniques to simulate motion, rather than filming live actors.",Cinema,Famous Films
"Which option correctly answers this: Who directed the film 'Sholay' (1975), a landmark of Indian cinema?",The Academy Awards (Oscars),Sandalwood,Ramesh Sippy,Box office collection,C) Ramesh Sippy,"Ramesh Sippy directed 'Sholay' (1975), one of the most iconic and commercially successful films in Indian cinema history.",Cinema,Bollywood
Quiz question: What is the term for a movie made specifically for children and family audiences?,A debut,A detective or mystery film,Ramesh Sippy,A family film,D) A family film,"A family film is created with content and themes suitable and appealing for audiences of all ages, especially children.",Cinema,Famous Films
Choose the correct answer: What genre of film typically centers on solving a crime or mystery?,A detective or mystery film,To oversee the creative and technical aspects of making a film,Dr. Rajkumar,"A brief appearance by a notable performer, often uncredited or in a small role",A) A detective or mystery film,"Detective or mystery films typically center on solving a crime, uncovering secrets, or unraveling a mystery.",Cinema,Famous Films
Choose the correct answer: What are the national film awards of India called?,"A brief appearance by a notable performer, often uncredited or in a small role",CGI (computer-generated imagery) films,The National Film Awards,The Academy Awards (Oscars),C) The National Film Awards,"The National Film Awards are India's most prestigious national film honors, established in 1954.",Cinema,Movie Awards
Which option correctly answers this: What is a 'sequel' in film terminology?,To oversee the creative and technical aspects of making a film,Amitabh Bachchan,CGI (computer-generated imagery) films,A film that continues the story of an earlier film,D) A film that continues the story of an earlier film,A sequel is a film that continues or expands upon the story or characters introduced in an earlier film.,Cinema,Famous Films
Choose the correct answer: Which major Indian film festival is held annually in Goa?,The International Film Festival of India (IFFI),Ramesh Sippy,Kollywood,Amitabh Bachchan,A) The International Film Festival of India (IFFI),The International Film Festival of India (IFFI) is a major annual film festival held in Goa.,Cinema,Film Festivals
Choose the correct answer: What is the role of a film producer?,A family film,A film that achieves exceptionally high box office success,To manage the financial and logistical aspects of making a film,Hollywood,C) To manage the financial and logistical aspects of making a film,"A film producer manages the financial, logistical, and administrative aspects of a film's production.",Cinema,Producers
What are the national film awards of India called?,The National Film Awards,The Cannes Film Festival,"A film created using techniques like drawings or computer graphics to simulate movement, rather than live actors",The International Film Festival of India (IFFI),A) The National Film Awards,"The National Film Awards are India's most prestigious national film honors, established in 1954.",Cinema,Movie Awards
Quiz question: What is the popular nickname for the Tamil-language film industry?,'RRR' (for the song 'Naatu Naatu'),Tollywood,Kollywood,The International Film Festival of India (IFFI),C) Kollywood,"Kollywood is the popular nickname for the Tamil-language film industry, based mainly in Chennai.",Cinema,Tamil Cinema
Which option correctly answers this: Which major Indian film festival is held annually in Goa?,A debut,A detective or mystery film,The International Film Festival of India (IFFI),The Cannes Film Festival,C) The International Film Festival of India (IFFI),The International Film Festival of India (IFFI) is a major annual film festival held in Goa.,Cinema,Film Festivals
Which option correctly answers this: What is the popular nickname for the Tamil-language film industry?,Kollywood,A detective or mystery film,The National Film Awards,A film that portrays events occurring before an earlier film's story,A) Kollywood,"Kollywood is the popular nickname for the Tamil-language film industry, based mainly in Chennai.",Cinema,Tamil Cinema
"Who played the character in a lead role of many iconic Kannada films and is often called a legendary figure of Sandalwood, honored with titles like 'Varanatha Tara'?",Dr. Rajkumar,Hollywood,The Academy Awards (Oscars),A film that achieves exceptionally high box office success,A) Dr. Rajkumar,"Dr. Rajkumar is widely regarded as a legendary figure of Kannada cinema, celebrated for his extensive body of work.",Cinema,Kannada Cinema
Choose the correct answer: What is the popular nickname for the Hindi-language film industry based in Mumbai?,To manage the financial and logistical aspects of making a film,Comedy,Bollywood,A debut,C) Bollywood,"Bollywood is the popular nickname for India's Hindi-language film industry, based primarily in Mumbai.",Cinema,Bollywood
Which option correctly answers this: Who directed the internationally acclaimed Indian film 'Pather Panchali' (1955)?,The International Film Festival of India (IFFI),A family film,Satyajit Ray,"A film created using techniques like drawings or computer graphics to simulate movement, rather than live actors",C) Satyajit Ray,"Satyajit Ray directed 'Pather Panchali' (1955), a landmark of Indian and world cinema.",Cinema,Cinema History
What is the popular nickname for the Kannada-language film industry?,Satyajit Ray,Sandalwood,Ramesh Sippy,'RRR' (for the song 'Naatu Naatu'),B) Sandalwood,"Sandalwood is the popular nickname for the Kannada-language film industry, based in Karnataka.",Cinema,Kannada Cinema
Which option correctly answers this: What are the national film awards of India called?,Comedy,A family film,The National Film Awards,The Academy Awards (Oscars),C) The National Film Awards,"The National Film Awards are India's most prestigious national film honors, established in 1954.",Cinema,Movie Awards
What does the term 'cameo' mean in film?,Ramesh Sippy,"A brief appearance by a notable performer, often uncredited or in a small role",Satyajit Ray,Sandalwood,"B) A brief appearance by a notable performer, often uncredited or in a small role","A cameo refers to a brief appearance in a film by a notable performer, often in a small or uncredited role.",Cinema,Movie Characters
What is the popular nickname for the Kannada-language film industry?,To manage the financial and logistical aspects of making a film,Comedy,CGI (computer-generated imagery) films,Sandalwood,D) Sandalwood,"Sandalwood is the popular nickname for the Kannada-language film industry, based in Karnataka.",Cinema,Kannada Cinema
Quiz question: What term describes films made using computer-generated imagery for visual effects?,Kollywood,The National Film Awards,CGI (computer-generated imagery) films,A film that portrays events occurring before an earlier film's story,C) CGI (computer-generated imagery) films,"CGI films use computer-generated imagery extensively to create visual effects, characters, or entire animated worlds.",Cinema,Cinema History
What is the term for a movie made specifically for children and family audiences?,To manage the financial and logistical aspects of making a film,A debut,The Academy Awards (Oscars),A family film,D) A family film,"A family film is created with content and themes suitable and appealing for audiences of all ages, especially children.",Cinema,Famous Films
"Who directed the film 'Sholay' (1975), a landmark of Indian cinema?",Post-production,Sandalwood,To oversee the creative and technical aspects of making a film,Ramesh Sippy,D) Ramesh Sippy,"Ramesh Sippy directed 'Sholay' (1975), one of the most iconic and commercially successful films in Indian cinema history.",Cinema,Bollywood
"Choose the correct answer: What is the term for the process of adding sound, music, and effects to a film after shooting?",Post-production,The Cannes Film Festival,'RRR' (for the song 'Naatu Naatu'),Box office collection,A) Post-production,"Post-production is the phase after filming where editing, sound design, music, and visual effects are added to a film.",Cinema,Cinema History
What is a 'prequel' in film terminology?,Bollywood,Movie songs (film songs),Comedy,A film that portrays events occurring before an earlier film's story,D) A film that portrays events occurring before an earlier film's story,A prequel portrays events that take place chronologically before the story of an earlier related film.,Cinema,Famous Films
Choose the correct answer: What is the term for the American film industry centered in Los Angeles?,Hollywood,A film that continues the story of an earlier film,CGI (computer-generated imagery) films,Dr. Rajkumar,A) Hollywood,"Hollywood refers to the American film industry, historically centered in the Hollywood district of Los Angeles.",Cinema,Hollywood
Which option correctly answers this: What does the term 'cameo' mean in film?,Satyajit Ray,The International Film Festival of India (IFFI),"A brief appearance by a notable performer, often uncredited or in a small role",A family film,"C) A brief appearance by a notable performer, often uncredited or in a small role","A cameo refers to a brief appearance in a film by a notable performer, often in a small or uncredited role.",Cinema,Movie Characters
What term describes films made using computer-generated imagery for visual effects?,"A brief appearance by a notable performer, often uncredited or in a small role","A film created using techniques like drawings or computer graphics to simulate movement, rather than live actors",CGI (computer-generated imagery) films,A film that achieves exceptionally high box office success,C) CGI (computer-generated imagery) films,"CGI films use computer-generated imagery extensively to create visual effects, characters, or entire animated worlds.",Cinema,Cinema History
Which option correctly answers this: What is the popular nickname for the Tamil-language film industry?,Dr. Rajkumar,The Cannes Film Festival,Post-production,Kollywood,D) Kollywood,"Kollywood is the popular nickname for the Tamil-language film industry, based mainly in Chennai.",Cinema,Tamil Cinema
What are the national film awards of India called?,The International Film Festival of India (IFFI),CGI (computer-generated imagery) films,The National Film Awards,Satyajit Ray,C) The National Film Awards,"The National Film Awards are India's most prestigious national film honors, established in 1954.",Cinema,Movie Awards
Choose the correct answer: Which major Indian film festival is held annually in Goa?,The International Film Festival of India (IFFI),Hollywood,Satyajit Ray,To manage the financial and logistical aspects of making a film,A) The International Film Festival of India (IFFI),The International Film Festival of India (IFFI) is a major annual film festival held in Goa.,Cinema,Film Festivals
Choose the correct answer: What term describes films made using computer-generated imagery for visual effects?,CGI (computer-generated imagery) films,"A film created using techniques like drawings or computer graphics to simulate movement, rather than live actors",Comedy,Ramesh Sippy,A) CGI (computer-generated imagery) films,"CGI films use computer-generated imagery extensively to create visual effects, characters, or entire animated worlds.",Cinema,Cinema History
Which option correctly answers this: What is the term for the American film industry centered in Los Angeles?,'RRR' (for the song 'Naatu Naatu'),Hollywood,Movie songs (film songs),Satyajit Ray,B) Hollywood,"Hollywood refers to the American film industry, historically centered in the Hollywood district of Los Angeles.",Cinema,Hollywood
"Quiz question: Who directed the film 'Sholay' (1975), a landmark of Indian cinema?",Tollywood,Ramesh Sippy,Bollywood,To manage the financial and logistical aspects of making a film,B) Ramesh Sippy,"Ramesh Sippy directed 'Sholay' (1975), one of the most iconic and commercially successful films in Indian cinema history.",Cinema,Bollywood
Which international film award is considered the most prestigious in the American film industry?,A family film,The National Film Awards,Sandalwood,The Academy Awards (Oscars),D) The Academy Awards (Oscars),"The Academy Awards, commonly known as the Oscars, are considered the most prestigious awards in the American film industry.",Cinema,Movie Awards
Which option correctly answers this: What is a 'prequel' in film terminology?,A film that portrays events occurring before an earlier film's story,A family film,Tollywood,"A film created using techniques like drawings or computer graphics to simulate movement, rather than live actors",A) A film that portrays events occurring before an earlier film's story,A prequel portrays events that take place chronologically before the story of an earlier related film.,Cinema,Famous Films
Choose the correct answer: What is the popular nickname for the Hindi-language film industry based in Mumbai?,Hollywood,Bollywood,The National Film Awards,The Academy Awards (Oscars),B) Bollywood,"Bollywood is the popular nickname for India's Hindi-language film industry, based primarily in Mumbai.",Cinema,Bollywood
Quiz question: What is the term for the genre of films focused primarily on making audiences laugh?,Comedy,Hollywood,To oversee the creative and technical aspects of making a film,Sandalwood,A) Comedy,"Comedy is a film genre specifically focused on humor, designed primarily to entertain and amuse audiences.",Cinema,Famous Films
Choose the correct answer: What term describes an actor's first film role or debut?,A debut,CGI (computer-generated imagery) films,Sandalwood,Box office collection,A) A debut,A debut refers to an actor's or filmmaker's first professional appearance or work in a film.,Cinema,Actors
"Which option correctly answers this: What is the term for a movie's soundtrack songs, common in Indian cinema?",The International Film Festival of India (IFFI),Box office collection,Movie songs (film songs),To oversee the creative and technical aspects of making a film,C) Movie songs (film songs),"Movie songs, or film songs, are musical compositions included as part of a film's soundtrack, especially prominent in Indian cinema.",Cinema,Movie Songs
Quiz question: Which major Indian film festival is held annually in Goa?,Bollywood,"A brief appearance by a notable performer, often uncredited or in a small role",The International Film Festival of India (IFFI),Kollywood,C) The International Film Festival of India (IFFI),The International Film Festival of India (IFFI) is a major annual film festival held in Goa.,Cinema,Film Festivals
Choose the correct answer: What is the term for the American film industry centered in Los Angeles?,CGI (computer-generated imagery) films,'RRR' (for the song 'Naatu Naatu'),Kollywood,Hollywood,D) Hollywood,"Hollywood refers to the American film industry, historically centered in the Hollywood district of Los Angeles.",Cinema,Hollywood
What is the role of a film producer?,The International Film Festival of India (IFFI),To oversee the creative and technical aspects of making a film,To manage the financial and logistical aspects of making a film,"A brief appearance by a notable performer, often uncredited or in a small role",C) To manage the financial and logistical aspects of making a film,"A film producer manages the financial, logistical, and administrative aspects of a film's production.",Cinema,Producers
Which option correctly answers this: What is an animated film?,A family film,"A film created using techniques like drawings or computer graphics to simulate movement, rather than live actors",To oversee the creative and technical aspects of making a film,A film that achieves exceptionally high box office success,"B) A film created using techniques like drawings or computer graphics to simulate movement, rather than live actors","An animated film is created using drawings, computer graphics, or other techniques to simulate motion, rather than filming live actors.",Cinema,Famous Films
Which option correctly answers this: Which actor is widely known by the nickname 'Shahenshah of Bollywood'?,Amitabh Bachchan,A film that portrays events occurring before an earlier film's story,To oversee the creative and technical aspects of making a film,Kollywood,A) Amitabh Bachchan,"Amitabh Bachchan is widely referred to by fans and media as the 'Shahenshah of Bollywood', among other honorifics.",Cinema,Actors
What genre of film typically centers on solving a crime or mystery?,Kollywood,A detective or mystery film,A film that achieves exceptionally high box office success,Comedy,B) A detective or mystery film,"Detective or mystery films typically center on solving a crime, uncovering secrets, or unraveling a mystery.",Cinema,Famous Films
Quiz question: What is the term for the American film industry centered in Los Angeles?,Hollywood,The Academy Awards (Oscars),A film that portrays events occurring before an earlier film's story,Dr. Rajkumar,A) Hollywood,"Hollywood refers to the American film industry, historically centered in the Hollywood district of Los Angeles.",Cinema,Hollywood
Quiz question: What term describes films made using computer-generated imagery for visual effects?,Ramesh Sippy,Hollywood,CGI (computer-generated imagery) films,Tollywood,C) CGI (computer-generated imagery) films,"CGI films use computer-generated imagery extensively to create visual effects, characters, or entire animated worlds.",Cinema,Cinema History
Choose the correct answer: Who directed the internationally acclaimed Indian film 'Pather Panchali' (1955)?,Dr. Rajkumar,Satyajit Ray,The National Film Awards,Bollywood,B) Satyajit Ray,"Satyajit Ray directed 'Pather Panchali' (1955), a landmark of Indian and world cinema.",Cinema,Cinema History
Choose the correct answer: What is a 'sequel' in film terminology?,Amitabh Bachchan,Sandalwood,A film that continues the story of an earlier film,Box office collection,C) A film that continues the story of an earlier film,A sequel is a film that continues or expands upon the story or characters introduced in an earlier film.,Cinema,Famous Films
Which option correctly answers this: What does the term 'cameo' mean in film?,The International Film Festival of India (IFFI),Movie songs (film songs),"A brief appearance by a notable performer, often uncredited or in a small role",Satyajit Ray,"C) A brief appearance by a notable performer, often uncredited or in a small role","A cameo refers to a brief appearance in a film by a notable performer, often in a small or uncredited role.",Cinema,Movie Characters
Quiz question: Which international film award is considered the most prestigious in the American film industry?,The National Film Awards,To oversee the creative and technical aspects of making a film,The Academy Awards (Oscars),To manage the financial and logistical aspects of making a film,C) The Academy Awards (Oscars),"The Academy Awards, commonly known as the Oscars, are considered the most prestigious awards in the American film industry.",Cinema,Movie Awards
"Who played the character in a lead role of many iconic Kannada films and is often called a legendary figure of Sandalwood, honored with titles like 'Varanatha Tara'?",A debut,To manage the financial and logistical aspects of making a film,Dr. Rajkumar,Satyajit Ray,C) Dr. Rajkumar,"Dr. Rajkumar is widely regarded as a legendary figure of Kannada cinema, celebrated for his extensive body of work.",Cinema,Kannada Cinema
Quiz question: What is the term for the American film industry centered in Los Angeles?,CGI (computer-generated imagery) films,Hollywood,Amitabh Bachchan,A film that achieves exceptionally high box office success,B) Hollywood,"Hollywood refers to the American film industry, historically centered in the Hollywood district of Los Angeles.",Cinema,Hollywood
Which option correctly answers this: What is an animated film?,"A film created using techniques like drawings or computer graphics to simulate movement, rather than live actors",Tollywood,Hollywood,The Academy Awards (Oscars),"A) A film created using techniques like drawings or computer graphics to simulate movement, rather than live actors","An animated film is created using drawings, computer graphics, or other techniques to simulate motion, rather than filming live actors.",Cinema,Famous Films
Which major Indian film festival is held annually in Goa?,The International Film Festival of India (IFFI),The Academy Awards (Oscars),The Cannes Film Festival,To oversee the creative and technical aspects of making a film,A) The International Film Festival of India (IFFI),The International Film Festival of India (IFFI) is a major annual film festival held in Goa.,Cinema,Film Festivals
What genre of film typically centers on solving a crime or mystery?,A film that achieves exceptionally high box office success,A detective or mystery film,Bollywood,Hollywood,B) A detective or mystery film,"Detective or mystery films typically center on solving a crime, uncovering secrets, or unraveling a mystery.",Cinema,Famous Films
Choose the correct answer: What is the term for a movie made specifically for children and family audiences?,A family film,"A brief appearance by a notable performer, often uncredited or in a small role",Hollywood,Comedy,A) A family film,"A family film is created with content and themes suitable and appealing for audiences of all ages, especially children.",Cinema,Famous Films
Quiz question: What is the term for a film's total earnings from ticket sales?,Satyajit Ray,Bollywood,Comedy,Box office collection,D) Box office collection,Box office collection refers to the total revenue a film earns from ticket sales.,Cinema,Box Office
Choose the correct answer: What is the popular nickname for the Kannada-language film industry?,Sandalwood,A film that portrays events occurring before an earlier film's story,A debut,Movie songs (film songs),A) Sandalwood,"Sandalwood is the popular nickname for the Kannada-language film industry, based in Karnataka.",Cinema,Kannada Cinema
Which option correctly answers this: What is a 'blockbuster' in film terminology?,Ramesh Sippy,A debut,Bollywood,A film that achieves exceptionally high box office success,D) A film that achieves exceptionally high box office success,A blockbuster is a term used to describe a film that achieves exceptionally high commercial and box office success.,Cinema,Box Office
Which option correctly answers this: What is the popular nickname for the Hindi-language film industry based in Mumbai?,Comedy,To oversee the creative and technical aspects of making a film,To manage the financial and logistical aspects of making a film,Bollywood,D) Bollywood,"Bollywood is the popular nickname for India's Hindi-language film industry, based primarily in Mumbai.",Cinema,Bollywood
What is the popular nickname for the Telugu-language film industry?,Satyajit Ray,A film that portrays events occurring before an earlier film's story,Tollywood,The Academy Awards (Oscars),C) Tollywood,Tollywood is the popular nickname for the Telugu-language film industry.,Cinema,Telugu Cinema
Which option correctly answers this: What does the term 'cameo' mean in film?,A debut,"A film created using techniques like drawings or computer graphics to simulate movement, rather than live actors",Amitabh Bachchan,"A brief appearance by a notable performer, often uncredited or in a small role","D) A brief appearance by a notable performer, often uncredited or in a small role","A cameo refers to a brief appearance in a film by a notable performer, often in a small or uncredited role.",Cinema,Movie Characters
Which option correctly answers this: What is a 'prequel' in film terminology?,Tollywood,Kollywood,A film that portrays events occurring before an earlier film's story,The International Film Festival of India (IFFI),C) A film that portrays events occurring before an earlier film's story,A prequel portrays events that take place chronologically before the story of an earlier related film.,Cinema,Famous Films
What term describes an actor's first film role or debut?,Comedy,The Academy Awards (Oscars),A debut,"A film created using techniques like drawings or computer graphics to simulate movement, rather than live actors",C) A debut,A debut refers to an actor's or filmmaker's first professional appearance or work in a film.,Cinema,Actors
"Choose the correct answer: Who played the character in a lead role of many iconic Kannada films and is often called a legendary figure of Sandalwood, honored with titles like 'Varanatha Tara'?",Satyajit Ray,A film that achieves exceptionally high box office success,Dr. Rajkumar,'RRR' (for the song 'Naatu Naatu'),C) Dr. Rajkumar,"Dr. Rajkumar is widely regarded as a legendary figure of Kannada cinema, celebrated for his extensive body of work.",Cinema,Kannada Cinema
"Quiz question: Who played the character in a lead role of many iconic Kannada films and is often called a legendary figure of Sandalwood, honored with titles like 'Varanatha Tara'?",Movie songs (film songs),Dr. Rajkumar,Ramesh Sippy,Kollywood,B) Dr. Rajkumar,"Dr. Rajkumar is widely regarded as a legendary figure of Kannada cinema, celebrated for his extensive body of work.",Cinema,Kannada Cinema
Choose the correct answer: What is the popular nickname for the Tamil-language film industry?,Comedy,The International Film Festival of India (IFFI),Kollywood,CGI (computer-generated imagery) films,C) Kollywood,"Kollywood is the popular nickname for the Tamil-language film industry, based mainly in Chennai.",Cinema,Tamil Cinema
Quiz question: What is the term for a movie made specifically for children and family audiences?,A film that continues the story of an earlier film,The Cannes Film Festival,The National Film Awards,A family film,D) A family film,"A family film is created with content and themes suitable and appealing for audiences of all ages, especially children.",Cinema,Famous Films
Choose the correct answer: What is an animated film?,A family film,"A film created using techniques like drawings or computer graphics to simulate movement, rather than live actors",Amitabh Bachchan,To manage the financial and logistical aspects of making a film,"B) A film created using techniques like drawings or computer graphics to simulate movement, rather than live actors","An animated film is created using drawings, computer graphics, or other techniques to simulate motion, rather than filming live actors.",Cinema,Famous Films
"Which option correctly answers this: What is the term for a movie's soundtrack songs, common in Indian cinema?",Movie songs (film songs),To manage the financial and logistical aspects of making a film,A debut,Comedy,A) Movie songs (film songs),"Movie songs, or film songs, are musical compositions included as part of a film's soundtrack, especially prominent in Indian cinema.",Cinema,Movie Songs
Choose the correct answer: Which international film award is considered the most prestigious in the American film industry?,To oversee the creative and technical aspects of making a film,The Academy Awards (Oscars),Sandalwood,A film that continues the story of an earlier film,B) The Academy Awards (Oscars),"The Academy Awards, commonly known as the Oscars, are considered the most prestigious awards in the American film industry.",Cinema,Movie Awards
What is the role of a film director?,Bollywood,A film that achieves exceptionally high box office success,The Cannes Film Festival,To oversee the creative and technical aspects of making a film,D) To oversee the creative and technical aspects of making a film,"A film director oversees the creative and technical aspects of a film's production, guiding the cast and crew.",Cinema,Directors
Choose the correct answer: What is the popular nickname for the Kannada-language film industry?,A family film,Post-production,The International Film Festival of India (IFFI),Sandalwood,D) Sandalwood,"Sandalwood is the popular nickname for the Kannada-language film industry, based in Karnataka.",Cinema,Kannada Cinema
"Which Indian film became widely recognized internationally after winning major awards including at the 2023 Oscars, for its song?",A film that achieves exceptionally high box office success,Post-production,'RRR' (for the song 'Naatu Naatu'),A detective or mystery film,C) 'RRR' (for the song 'Naatu Naatu'),"'RRR' gained major international recognition, including winning the Oscar for Best Original Song for 'Naatu Naatu' at the 2023 Academy Awards.",Cinema,Movie Awards
What is the term for a film's total earnings from ticket sales?,Dr. Rajkumar,Post-production,A family film,Box office collection,D) Box office collection,Box office collection refers to the total revenue a film earns from ticket sales.,Cinema,Box Office
Quiz question: What is the role of a film director?,To oversee the creative and technical aspects of making a film,A debut,Ramesh Sippy,A film that portrays events occurring before an earlier film's story,A) To oversee the creative and technical aspects of making a film,"A film director oversees the creative and technical aspects of a film's production, guiding the cast and crew.",Cinema,Directors
"Which option correctly answers this: Which film festival is considered one of the most prestigious in the world, held annually in France?",To oversee the creative and technical aspects of making a film,A family film,The Cannes Film Festival,A film that portrays events occurring before an earlier film's story,C) The Cannes Film Festival,"The Cannes Film Festival, held annually in France, is one of the most prestigious and influential film festivals in the world.",Cinema,Film Festivals
What are the national film awards of India called?,Satyajit Ray,Ramesh Sippy,The National Film Awards,A family film,C) The National Film Awards,"The National Film Awards are India's most prestigious national film honors, established in 1954.",Cinema,Movie Awards
Which option correctly answers this: What term describes an actor's first film role or debut?,'RRR' (for the song 'Naatu Naatu'),A debut,Tollywood,To oversee the creative and technical aspects of making a film,B) A debut,A debut refers to an actor's or filmmaker's first professional appearance or work in a film.,Cinema,Actors
Which option correctly answers this: What is the term for a film's total earnings from ticket sales?,The National Film Awards,Box office collection,Dr. Rajkumar,The International Film Festival of India (IFFI),B) Box office collection,Box office collection refers to the total revenue a film earns from ticket sales.,Cinema,Box Office
"Who directed the film 'Sholay' (1975), a landmark of Indian cinema?",Ramesh Sippy,Kollywood,Box office collection,Amitabh Bachchan,A) Ramesh Sippy,"Ramesh Sippy directed 'Sholay' (1975), one of the most iconic and commercially successful films in Indian cinema history.",Cinema,Bollywood
Choose the correct answer: What is a 'blockbuster' in film terminology?,Amitabh Bachchan,Hollywood,The International Film Festival of India (IFFI),A film that achieves exceptionally high box office success,D) A film that achieves exceptionally high box office success,A blockbuster is a term used to describe a film that achieves exceptionally high commercial and box office success.,Cinema,Box Office
"What is the term for a movie's soundtrack songs, common in Indian cinema?",CGI (computer-generated imagery) films,Movie songs (film songs),Box office collection,Satyajit Ray,B) Movie songs (film songs),"Movie songs, or film songs, are musical compositions included as part of a film's soundtrack, especially prominent in Indian cinema.",Cinema,Movie Songs
"Choose the correct answer: Which film festival is considered one of the most prestigious in the world, held annually in France?",Amitabh Bachchan,The International Film Festival of India (IFFI),The Cannes Film Festival,Box office collection,C) The Cannes Film Festival,"The Cannes Film Festival, held annually in France, is one of the most prestigious and influential film festivals in the world.",Cinema,Film Festivals
Which option correctly answers this: Who directed the internationally acclaimed Indian film 'Pather Panchali' (1955)?,Hollywood,Satyajit Ray,The Cannes Film Festival,To manage the financial and logistical aspects of making a film,B) Satyajit Ray,"Satyajit Ray directed 'Pather Panchali' (1955), a landmark of Indian and world cinema.",Cinema,Cinema History
Quiz question: What are the national film awards of India called?,To manage the financial and logistical aspects of making a film,A film that continues the story of an earlier film,The National Film Awards,Kollywood,C) The National Film Awards,"The National Film Awards are India's most prestigious national film honors, established in 1954.",Cinema,Movie Awards
"Quiz question: Who directed the film 'Sholay' (1975), a landmark of Indian cinema?",Ramesh Sippy,A film that portrays events occurring before an earlier film's story,To oversee the creative and technical aspects of making a film,Satyajit Ray,A) Ramesh Sippy,"Ramesh Sippy directed 'Sholay' (1975), one of the most iconic and commercially successful films in Indian cinema history.",Cinema,Bollywood
Choose the correct answer: What term describes an actor's first film role or debut?,Movie songs (film songs),The Cannes Film Festival,To manage the financial and logistical aspects of making a film,A debut,D) A debut,A debut refers to an actor's or filmmaker's first professional appearance or work in a film.,Cinema,Actors
Quiz question: What is the term for a movie made specifically for children and family audiences?,Comedy,A family film,CGI (computer-generated imagery) films,Box office collection,B) A family film,"A family film is created with content and themes suitable and appealing for audiences of all ages, especially children.",Cinema,Famous Films
Choose the correct answer: What are the national film awards of India called?,Sandalwood,Box office collection,The National Film Awards,Hollywood,C) The National Film Awards,"The National Film Awards are India's most prestigious national film honors, established in 1954.",Cinema,Movie Awards
Which option correctly answers this: What is the term for a movie made specifically for children and family audiences?,Box office collection,Hollywood,The Academy Awards (Oscars),A family film,D) A family film,"A family film is created with content and themes suitable and appealing for audiences of all ages, especially children.",Cinema,Famous Films
Choose the correct answer: Which international film award is considered the most prestigious in the American film industry?,The Cannes Film Festival,The Academy Awards (Oscars),"A film created using techniques like drawings or computer graphics to simulate movement, rather than live actors",Dr. Rajkumar,B) The Academy Awards (Oscars),"The Academy Awards, commonly known as the Oscars, are considered the most prestigious awards in the American film industry.",Cinema,Movie Awards
"Choose the correct answer: What is the term for a movie's soundtrack songs, common in Indian cinema?",Bollywood,Movie songs (film songs),Dr. Rajkumar,A family film,B) Movie songs (film songs),"Movie songs, or film songs, are musical compositions included as part of a film's soundtrack, especially prominent in Indian cinema.",Cinema,Movie Songs
"Who directed the film 'Sholay' (1975), a landmark of Indian cinema?",Amitabh Bachchan,A film that portrays events occurring before an earlier film's story,The Cannes Film Festival,Ramesh Sippy,D) Ramesh Sippy,"Ramesh Sippy directed 'Sholay' (1975), one of the most iconic and commercially successful films in Indian cinema history.",Cinema,Bollywood
Quiz question: Which major Indian film festival is held annually in Goa?,The International Film Festival of India (IFFI),A film that achieves exceptionally high box office success,Kollywood,Dr. Rajkumar,A) The International Film Festival of India (IFFI),The International Film Festival of India (IFFI) is a major annual film festival held in Goa.,Cinema,Film Festivals
Quiz question: What is a 'prequel' in film terminology?,The Academy Awards (Oscars),A film that continues the story of an earlier film,Comedy,A film that portrays events occurring before an earlier film's story,D) A film that portrays events occurring before an earlier film's story,A prequel portrays events that take place chronologically before the story of an earlier related film.,Cinema,Famous Films
Choose the correct answer: What is the role of a film director?,A film that portrays events occurring before an earlier film's story,A film that achieves exceptionally high box office success,Post-production,To oversee the creative and technical aspects of making a film,D) To oversee the creative and technical aspects of making a film,"A film director oversees the creative and technical aspects of a film's production, guiding the cast and crew.",Cinema,Directors
Which option correctly answers this: What is the popular nickname for the Telugu-language film industry?,Dr. Rajkumar,Tollywood,A debut,Post-production,B) Tollywood,Tollywood is the popular nickname for the Telugu-language film industry.,Cinema,Telugu Cinema
Quiz question: Which actor is widely known by the nickname 'Shahenshah of Bollywood'?,'RRR' (for the song 'Naatu Naatu'),Amitabh Bachchan,A family film,To oversee the creative and technical aspects of making a film,B) Amitabh Bachchan,"Amitabh Bachchan is widely referred to by fans and media as the 'Shahenshah of Bollywood', among other honorifics.",Cinema,Actors
"Choose the correct answer: Which Indian film became widely recognized internationally after winning major awards including at the 2023 Oscars, for its song?",'RRR' (for the song 'Naatu Naatu'),A detective or mystery film,Comedy,Tollywood,A) 'RRR' (for the song 'Naatu Naatu'),"'RRR' gained major international recognition, including winning the Oscar for Best Original Song for 'Naatu Naatu' at the 2023 Academy Awards.",Cinema,Movie Awards
What does the term 'cameo' mean in film?,Kollywood,"A brief appearance by a notable performer, often uncredited or in a small role",A film that achieves exceptionally high box office success,Movie songs (film songs),"B) A brief appearance by a notable performer, often uncredited or in a small role","A cameo refers to a brief appearance in a film by a notable performer, often in a small or uncredited role.",Cinema,Movie Characters
Choose the correct answer: What are the national film awards of India called?,The National Film Awards,Box office collection,Kollywood,Comedy,A) The National Film Awards,"The National Film Awards are India's most prestigious national film honors, established in 1954.",Cinema,Movie Awards
Quiz question: What term describes films made using computer-generated imagery for visual effects?,Dr. Rajkumar,Post-production,CGI (computer-generated imagery) films,'RRR' (for the song 'Naatu Naatu'),C) CGI (computer-generated imagery) films,"CGI films use computer-generated imagery extensively to create visual effects, characters, or entire animated worlds.",Cinema,Cinema History
Choose the correct answer: What is the popular nickname for the Telugu-language film industry?,Ramesh Sippy,Kollywood,Box office collection,Tollywood,D) Tollywood,Tollywood is the popular nickname for the Telugu-language film industry.,Cinema,Telugu Cinema
What genre of film typically centers on solving a crime or mystery?,"A film created using techniques like drawings or computer graphics to simulate movement, rather than live actors",Ramesh Sippy,A debut,A detective or mystery film,D) A detective or mystery film,"Detective or mystery films typically center on solving a crime, uncovering secrets, or unraveling a mystery.",Cinema,Famous Films
Choose the correct answer: What term describes an actor's first film role or debut?,A debut,To manage the financial and logistical aspects of making a film,CGI (computer-generated imagery) films,Bollywood,A) A debut,A debut refers to an actor's or filmmaker's first professional appearance or work in a film.,Cinema,Actors
What is the popular nickname for the Kannada-language film industry?,Tollywood,Sandalwood,Comedy,'RRR' (for the song 'Naatu Naatu'),B) Sandalwood,"Sandalwood is the popular nickname for the Kannada-language film industry, based in Karnataka.",Cinema,Kannada Cinema
Choose the correct answer: Which actor is widely known by the nickname 'Shahenshah of Bollywood'?,"A film created using techniques like drawings or computer graphics to simulate movement, rather than live actors",Satyajit Ray,Post-production,Amitabh Bachchan,D) Amitabh Bachchan,"Amitabh Bachchan is widely referred to by fans and media as the 'Shahenshah of Bollywood', among other honorifics.",Cinema,Actors
Choose the correct answer: What is the popular nickname for the Telugu-language film industry?,Post-production,Tollywood,'RRR' (for the song 'Naatu Naatu'),Hollywood,B) Tollywood,Tollywood is the popular nickname for the Telugu-language film industry.,Cinema,Telugu Cinema
Quiz question: What is the term for the American film industry centered in Los Angeles?,Bollywood,CGI (computer-generated imagery) films,Hollywood,Sandalwood,C) Hollywood,"Hollywood refers to the American film industry, historically centered in the Hollywood district of Los Angeles.",Cinema,Hollywood
Choose the correct answer: What is the popular nickname for the Kannada-language film industry?,A family film,Post-production,Hollywood,Sandalwood,D) Sandalwood,"Sandalwood is the popular nickname for the Kannada-language film industry, based in Karnataka.",Cinema,Kannada Cinema
Quiz question: What is an animated film?,"A film created using techniques like drawings or computer graphics to simulate movement, rather than live actors",Hollywood,Satyajit Ray,A family film,"A) A film created using techniques like drawings or computer graphics to simulate movement, rather than live actors","An animated film is created using drawings, computer graphics, or other techniques to simulate motion, rather than filming live actors.",Cinema,Famous Films
"Who directed the film 'Sholay' (1975), a landmark of Indian cinema?","A film created using techniques like drawings or computer graphics to simulate movement, rather than live actors",Bollywood,Sandalwood,Ramesh Sippy,D) Ramesh Sippy,"Ramesh Sippy directed 'Sholay' (1975), one of the most iconic and commercially successful films in Indian cinema history.",Cinema,Bollywood
What does the term 'cameo' mean in film?,A film that achieves exceptionally high box office success,Ramesh Sippy,Satyajit Ray,"A brief appearance by a notable performer, often uncredited or in a small role","D) A brief appearance by a notable performer, often uncredited or in a small role","A cameo refers to a brief appearance in a film by a notable performer, often in a small or uncredited role.",Cinema,Movie Characters
Which option correctly answers this: Which international film award is considered the most prestigious in the American film industry?,The Academy Awards (Oscars),The Cannes Film Festival,"A brief appearance by a notable performer, often uncredited or in a small role",To oversee the creative and technical aspects of making a film,A) The Academy Awards (Oscars),"The Academy Awards, commonly known as the Oscars, are considered the most prestigious awards in the American film industry.",Cinema,Movie Awards
Choose the correct answer: What is the popular nickname for the Tamil-language film industry?,The International Film Festival of India (IFFI),'RRR' (for the song 'Naatu Naatu'),The National Film Awards,Kollywood,D) Kollywood,"Kollywood is the popular nickname for the Tamil-language film industry, based mainly in Chennai.",Cinema,Tamil Cinema
What are the national film awards of India called?,Hollywood,'RRR' (for the song 'Naatu Naatu'),A debut,The National Film Awards,D) The National Film Awards,"The National Film Awards are India's most prestigious national film honors, established in 1954.",Cinema,Movie Awards
What is the role of a film producer?,Amitabh Bachchan,Sandalwood,Hollywood,To manage the financial and logistical aspects of making a film,D) To manage the financial and logistical aspects of making a film,"A film producer manages the financial, logistical, and administrative aspects of a film's production.",Cinema,Producers
Which option correctly answers this: Which major Indian film festival is held annually in Goa?,The International Film Festival of India (IFFI),Box office collection,A debut,Ramesh Sippy,A) The International Film Festival of India (IFFI),The International Film Festival of India (IFFI) is a major annual film festival held in Goa.,Cinema,Film Festivals
"Quiz question: Which Indian film became widely recognized internationally after winning major awards including at the 2023 Oscars, for its song?",The Academy Awards (Oscars),'RRR' (for the song 'Naatu Naatu'),The International Film Festival of India (IFFI),A family film,B) 'RRR' (for the song 'Naatu Naatu'),"'RRR' gained major international recognition, including winning the Oscar for Best Original Song for 'Naatu Naatu' at the 2023 Academy Awards.",Cinema,Movie Awards
Quiz question: What is the role of a film producer?,"A brief appearance by a notable performer, often uncredited or in a small role",To manage the financial and logistical aspects of making a film,Ramesh Sippy,Dr. Rajkumar,B) To manage the financial and logistical aspects of making a film,"A film producer manages the financial, logistical, and administrative aspects of a film's production.",Cinema,Producers
"Quiz question: Which Indian film became widely recognized internationally after winning major awards including at the 2023 Oscars, for its song?",'RRR' (for the song 'Naatu Naatu'),Hollywood,A film that continues the story of an earlier film,"A brief appearance by a notable performer, often uncredited or in a small role",A) 'RRR' (for the song 'Naatu Naatu'),"'RRR' gained major international recognition, including winning the Oscar for Best Original Song for 'Naatu Naatu' at the 2023 Academy Awards.",Cinema,Movie Awards
Choose the correct answer: What is a 'sequel' in film terminology?,A film that continues the story of an earlier film,"A brief appearance by a notable performer, often uncredited or in a small role",Movie songs (film songs),Tollywood,A) A film that continues the story of an earlier film,A sequel is a film that continues or expands upon the story or characters introduced in an earlier film.,Cinema,Famous Films
Which option correctly answers this: What is the term for a film's total earnings from ticket sales?,Kollywood,Movie songs (film songs),Box office collection,'RRR' (for the song 'Naatu Naatu'),C) Box office collection,Box office collection refers to the total revenue a film earns from ticket sales.,Cinema,Box Office
Choose the correct answer: What is the role of a film producer?,A debut,The International Film Festival of India (IFFI),To manage the financial and logistical aspects of making a film,'RRR' (for the song 'Naatu Naatu'),C) To manage the financial and logistical aspects of making a film,"A film producer manages the financial, logistical, and administrative aspects of a film's production.",Cinema,Producers
What is the term for the American film industry centered in Los Angeles?,Hollywood,Box office collection,Bollywood,"A brief appearance by a notable performer, often uncredited or in a small role",A) Hollywood,"Hollywood refers to the American film industry, historically centered in the Hollywood district of Los Angeles.",Cinema,Hollywood
What is the popular nickname for the Tamil-language film industry?,Satyajit Ray,A film that continues the story of an earlier film,Kollywood,Amitabh Bachchan,C) Kollywood,"Kollywood is the popular nickname for the Tamil-language film industry, based mainly in Chennai.",Cinema,Tamil Cinema
Quiz question: What are the national film awards of India called?,A film that portrays events occurring before an earlier film's story,A detective or mystery film,CGI (computer-generated imagery) films,The National Film Awards,D) The National Film Awards,"The National Film Awards are India's most prestigious national film honors, established in 1954.",Cinema,Movie Awards
Choose the correct answer: What is a 'blockbuster' in film terminology?,The National Film Awards,A film that achieves exceptionally high box office success,A family film,Box office collection,B) A film that achieves exceptionally high box office success,A blockbuster is a term used to describe a film that achieves exceptionally high commercial and box office success.,Cinema,Box Office
Choose the correct answer: What is the term for a film's total earnings from ticket sales?,The Academy Awards (Oscars),Box office collection,A debut,"A brief appearance by a notable performer, often uncredited or in a small role",B) Box office collection,Box office collection refers to the total revenue a film earns from ticket sales.,Cinema,Box Office
Quiz question: Which international film award is considered the most prestigious in the American film industry?,The Academy Awards (Oscars),Kollywood,'RRR' (for the song 'Naatu Naatu'),The International Film Festival of India (IFFI),A) The Academy Awards (Oscars),"The Academy Awards, commonly known as the Oscars, are considered the most prestigious awards in the American film industry.",Cinema,Movie Awards
What is the popular nickname for the Kannada-language film industry?,Sandalwood,Post-production,"A film created using techniques like drawings or computer graphics to simulate movement, rather than live actors",Dr. Rajkumar,A) Sandalwood,"Sandalwood is the popular nickname for the Kannada-language film industry, based in Karnataka.",Cinema,Kannada Cinema
What is a 'sequel' in film terminology?,A film that continues the story of an earlier film,Post-production,A debut,The National Film Awards,A) A film that continues the story of an earlier film,A sequel is a film that continues or expands upon the story or characters introduced in an earlier film.,Cinema,Famous Films
Which option correctly answers this: What is the term for the genre of films focused primarily on making audiences laugh?,Comedy,The Academy Awards (Oscars),Ramesh Sippy,Sandalwood,A) Comedy,"Comedy is a film genre specifically focused on humor, designed primarily to entertain and amuse audiences.",Cinema,Famous Films
Choose the correct answer: Which actor is widely known by the nickname 'Shahenshah of Bollywood'?,'RRR' (for the song 'Naatu Naatu'),Bollywood,Amitabh Bachchan,Post-production,C) Amitabh Bachchan,"Amitabh Bachchan is widely referred to by fans and media as the 'Shahenshah of Bollywood', among other honorifics.",Cinema,Actors
Choose the correct answer: Who directed the internationally acclaimed Indian film 'Pather Panchali' (1955)?,The National Film Awards,Ramesh Sippy,Satyajit Ray,Movie songs (film songs),C) Satyajit Ray,"Satyajit Ray directed 'Pather Panchali' (1955), a landmark of Indian and world cinema.",Cinema,Cinema History
Quiz question: Which major Indian film festival is held annually in Goa?,The International Film Festival of India (IFFI),The Cannes Film Festival,"A film created using techniques like drawings or computer graphics to simulate movement, rather than live actors",A film that achieves exceptionally high box office success,A) The International Film Festival of India (IFFI),The International Film Festival of India (IFFI) is a major annual film festival held in Goa.,Cinema,Film Festivals
Which option correctly answers this: What is the term for a movie made specifically for children and family audiences?,Satyajit Ray,A family film,Hollywood,A detective or mystery film,B) A family film,"A family film is created with content and themes suitable and appealing for audiences of all ages, especially children.",Cinema,Famous Films
Which option correctly answers this: What is the role of a film director?,Post-production,To oversee the creative and technical aspects of making a film,Bollywood,A detective or mystery film,B) To oversee the creative and technical aspects of making a film,"A film director oversees the creative and technical aspects of a film's production, guiding the cast and crew.",Cinema,Directors
"Choose the correct answer: Who directed the film 'Sholay' (1975), a landmark of Indian cinema?",Tollywood,"A brief appearance by a notable performer, often uncredited or in a small role",Ramesh Sippy,Amitabh Bachchan,C) Ramesh Sippy,"Ramesh Sippy directed 'Sholay' (1975), one of the most iconic and commercially successful films in Indian cinema history.",Cinema,Bollywood
Which option correctly answers this: What is a 'sequel' in film terminology?,The National Film Awards,A film that continues the story of an earlier film,Post-production,A family film,B) A film that continues the story of an earlier film,A sequel is a film that continues or expands upon the story or characters introduced in an earlier film.,Cinema,Famous Films
Choose the correct answer: What is the role of a film producer?,Comedy,The International Film Festival of India (IFFI),To manage the financial and logistical aspects of making a film,A film that continues the story of an earlier film,C) To manage the financial and logistical aspects of making a film,"A film producer manages the financial, logistical, and administrative aspects of a film's production.",Cinema,Producers
Choose the correct answer: What is the role of a film director?,Tollywood,'RRR' (for the song 'Naatu Naatu'),A film that portrays events occurring before an earlier film's story,To oversee the creative and technical aspects of making a film,D) To oversee the creative and technical aspects of making a film,"A film director oversees the creative and technical aspects of a film's production, guiding the cast and crew.",Cinema,Directors
Choose the correct answer: Which actor is widely known by the nickname 'Shahenshah of Bollywood'?,"A brief appearance by a notable performer, often uncredited or in a small role",Amitabh Bachchan,CGI (computer-generated imagery) films,The Cannes Film Festival,B) Amitabh Bachchan,"Amitabh Bachchan is widely referred to by fans and media as the 'Shahenshah of Bollywood', among other honorifics.",Cinema,Actors
Which option correctly answers this: What is the term for the American film industry centered in Los Angeles?,Hollywood,Comedy,To oversee the creative and technical aspects of making a film,The Academy Awards (Oscars),A) Hollywood,"Hollywood refers to the American film industry, historically centered in the Hollywood district of Los Angeles.",Cinema,Hollywood
Which option correctly answers this: What is the popular nickname for the Telugu-language film industry?,Tollywood,To manage the financial and logistical aspects of making a film,Satyajit Ray,Sandalwood,A) Tollywood,Tollywood is the popular nickname for the Telugu-language film industry.,Cinema,Telugu Cinema
What is the popular nickname for the Hindi-language film industry based in Mumbai?,"A brief appearance by a notable performer, often uncredited or in a small role",Hollywood,Bollywood,The International Film Festival of India (IFFI),C) Bollywood,"Bollywood is the popular nickname for India's Hindi-language film industry, based primarily in Mumbai.",Cinema,Bollywood
Which option correctly answers this: What is the term for a movie made specifically for children and family audiences?,A family film,A detective or mystery film,The International Film Festival of India (IFFI),Tollywood,A) A family film,"A family film is created with content and themes suitable and appealing for audiences of all ages, especially children.",Cinema,Famous Films
Quiz question: What term describes films made using computer-generated imagery for visual effects?,"A brief appearance by a notable performer, often uncredited or in a small role",CGI (computer-generated imagery) films,Sandalwood,A film that portrays events occurring before an earlier film's story,B) CGI (computer-generated imagery) films,"CGI films use computer-generated imagery extensively to create visual effects, characters, or entire animated worlds.",Cinema,Cinema History
Quiz question: What genre of film typically centers on solving a crime or mystery?,Satyajit Ray,A detective or mystery film,CGI (computer-generated imagery) films,Amitabh Bachchan,B) A detective or mystery film,"Detective or mystery films typically center on solving a crime, uncovering secrets, or unraveling a mystery.",Cinema,Famous Films
What is a 'prequel' in film terminology?,A film that continues the story of an earlier film,A film that portrays events occurring before an earlier film's story,CGI (computer-generated imagery) films,Ramesh Sippy,B) A film that portrays events occurring before an earlier film's story,A prequel portrays events that take place chronologically before the story of an earlier related film.,Cinema,Famous Films
What is an animated film?,A film that portrays events occurring before an earlier film's story,Bollywood,"A film created using techniques like drawings or computer graphics to simulate movement, rather than live actors",Tollywood,"C) A film created using techniques like drawings or computer graphics to simulate movement, rather than live actors","An animated film is created using drawings, computer graphics, or other techniques to simulate motion, rather than filming live actors.",Cinema,Famous Films
Who directed the internationally acclaimed Indian film 'Pather Panchali' (1955)?,Satyajit Ray,CGI (computer-generated imagery) films,A film that portrays events occurring before an earlier film's story,Dr. Rajkumar,A) Satyajit Ray,"Satyajit Ray directed 'Pather Panchali' (1955), a landmark of Indian and world cinema.",Cinema,Cinema History
"Which option correctly answers this: Who directed the film 'Sholay' (1975), a landmark of Indian cinema?",Comedy,To manage the financial and logistical aspects of making a film,The National Film Awards,Ramesh Sippy,D) Ramesh Sippy,"Ramesh Sippy directed 'Sholay' (1975), one of the most iconic and commercially successful films in Indian cinema history.",Cinema,Bollywood
Which option correctly answers this: What is the term for a film's total earnings from ticket sales?,Box office collection,CGI (computer-generated imagery) films,Hollywood,Ramesh Sippy,A) Box office collection,Box office collection refers to the total revenue a film earns from ticket sales.,Cinema,Box Office
Which option correctly answers this: Which international film award is considered the most prestigious in the American film industry?,A debut,The Academy Awards (Oscars),Sandalwood,Hollywood,B) The Academy Awards (Oscars),"The Academy Awards, commonly known as the Oscars, are considered the most prestigious awards in the American film industry.",Cinema,Movie Awards
"Which option correctly answers this: Which film festival is considered one of the most prestigious in the world, held annually in France?","A brief appearance by a notable performer, often uncredited or in a small role",Amitabh Bachchan,The Cannes Film Festival,Bollywood,C) The Cannes Film Festival,"The Cannes Film Festival, held annually in France, is one of the most prestigious and influential film festivals in the world.",Cinema,Film Festivals
Quiz question: What is the popular nickname for the Telugu-language film industry?,Satyajit Ray,CGI (computer-generated imagery) films,Tollywood,The International Film Festival of India (IFFI),C) Tollywood,Tollywood is the popular nickname for the Telugu-language film industry.,Cinema,Telugu Cinema
Which actor is widely known by the nickname 'Shahenshah of Bollywood'?,Amitabh Bachchan,The Cannes Film Festival,Post-production,"A brief appearance by a notable performer, often uncredited or in a small role",A) Amitabh Bachchan,"Amitabh Bachchan is widely referred to by fans and media as the 'Shahenshah of Bollywood', among other honorifics.",Cinema,Actors
Which option correctly answers this: What is the role of a film producer?,A film that portrays events occurring before an earlier film's story,To manage the financial and logistical aspects of making a film,Sandalwood,Bollywood,B) To manage the financial and logistical aspects of making a film,"A film producer manages the financial, logistical, and administrative aspects of a film's production.",Cinema,Producers
Quiz question: What is the term for the American film industry centered in Los Angeles?,Sandalwood,Hollywood,The National Film Awards,Post-production,B) Hollywood,"Hollywood refers to the American film industry, historically centered in the Hollywood district of Los Angeles.",Cinema,Hollywood
"Quiz question: Which film festival is considered one of the most prestigious in the world, held annually in France?",CGI (computer-generated imagery) films,The Cannes Film Festival,A detective or mystery film,A film that continues the story of an earlier film,B) The Cannes Film Festival,"The Cannes Film Festival, held annually in France, is one of the most prestigious and influential film festivals in the world.",Cinema,Film Festivals
Which option correctly answers this: What is a 'blockbuster' in film terminology?,A film that portrays events occurring before an earlier film's story,A family film,A film that achieves exceptionally high box office success,A debut,C) A film that achieves exceptionally high box office success,A blockbuster is a term used to describe a film that achieves exceptionally high commercial and box office success.,Cinema,Box Office
"Choose the correct answer: What is the term for a movie's soundtrack songs, common in Indian cinema?",The Academy Awards (Oscars),Movie songs (film songs),To manage the financial and logistical aspects of making a film,Ramesh Sippy,B) Movie songs (film songs),"Movie songs, or film songs, are musical compositions included as part of a film's soundtrack, especially prominent in Indian cinema.",Cinema,Movie Songs
"Quiz question: Which film festival is considered one of the most prestigious in the world, held annually in France?",Ramesh Sippy,The National Film Awards,The Cannes Film Festival,A film that continues the story of an earlier film,C) The Cannes Film Festival,"The Cannes Film Festival, held annually in France, is one of the most prestigious and influential film festivals in the world.",Cinema,Film Festivals
What term describes an actor's first film role or debut?,Tollywood,Amitabh Bachchan,A debut,The Academy Awards (Oscars),C) A debut,A debut refers to an actor's or filmmaker's first professional appearance or work in a film.,Cinema,Actors
"Choose the correct answer: Who played the character in a lead role of many iconic Kannada films and is often called a legendary figure of Sandalwood, honored with titles like 'Varanatha Tara'?",Dr. Rajkumar,The National Film Awards,Box office collection,Post-production,A) Dr. Rajkumar,"Dr. Rajkumar is widely regarded as a legendary figure of Kannada cinema, celebrated for his extensive body of work.",Cinema,Kannada Cinema
Quiz question: What is the popular nickname for the Kannada-language film industry?,Sandalwood,To oversee the creative and technical aspects of making a film,Bollywood,A film that achieves exceptionally high box office success,A) Sandalwood,"Sandalwood is the popular nickname for the Kannada-language film industry, based in Karnataka.",Cinema,Kannada Cinema
Choose the correct answer: What is a 'blockbuster' in film terminology?,A film that achieves exceptionally high box office success,Box office collection,CGI (computer-generated imagery) films,To oversee the creative and technical aspects of making a film,A) A film that achieves exceptionally high box office success,A blockbuster is a term used to describe a film that achieves exceptionally high commercial and box office success.,Cinema,Box Office
Quiz question: What is a 'blockbuster' in film terminology?,A film that achieves exceptionally high box office success,Bollywood,The National Film Awards,'RRR' (for the song 'Naatu Naatu'),A) A film that achieves exceptionally high box office success,A blockbuster is a term used to describe a film that achieves exceptionally high commercial and box office success.,Cinema,Box Office
What is the term for a movie made specifically for children and family audiences?,Tollywood,A debut,Kollywood,A family film,D) A family film,"A family film is created with content and themes suitable and appealing for audiences of all ages, especially children.",Cinema,Famous Films
What term describes an actor's first film role or debut?,Ramesh Sippy,A debut,To oversee the creative and technical aspects of making a film,CGI (computer-generated imagery) films,B) A debut,A debut refers to an actor's or filmmaker's first professional appearance or work in a film.,Cinema,Actors
"Quiz question: What is the term for a movie's soundtrack songs, common in Indian cinema?",The Cannes Film Festival,Movie songs (film songs),Tollywood,A detective or mystery film,B) Movie songs (film songs),"Movie songs, or film songs, are musical compositions included as part of a film's soundtrack, especially prominent in Indian cinema.",Cinema,Movie Songs
What is the role of a film producer?,The Academy Awards (Oscars),Comedy,Bollywood,To manage the financial and logistical aspects of making a film,D) To manage the financial and logistical aspects of making a film,"A film producer manages the financial, logistical, and administrative aspects of a film's production.",Cinema,Producers
What is the popular nickname for the Hindi-language film industry based in Mumbai?,The International Film Festival of India (IFFI),Bollywood,Comedy,Post-production,B) Bollywood,"Bollywood is the popular nickname for India's Hindi-language film industry, based primarily in Mumbai.",Cinema,Bollywood
Which option correctly answers this: What is a 'sequel' in film terminology?,A detective or mystery film,To manage the financial and logistical aspects of making a film,Dr. Rajkumar,A film that continues the story of an earlier film,D) A film that continues the story of an earlier film,A sequel is a film that continues or expands upon the story or characters introduced in an earlier film.,Cinema,Famous Films
Which international film award is considered the most prestigious in the American film industry?,A debut,The Academy Awards (Oscars),"A film created using techniques like drawings or computer graphics to simulate movement, rather than live actors",Ramesh Sippy,B) The Academy Awards (Oscars),"The Academy Awards, commonly known as the Oscars, are considered the most prestigious awards in the American film industry.",Cinema,Movie Awards
Quiz question: What is the popular nickname for the Telugu-language film industry?,Tollywood,CGI (computer-generated imagery) films,A debut,A detective or mystery film,A) Tollywood,Tollywood is the popular nickname for the Telugu-language film industry.,Cinema,Telugu Cinema
Who directed the internationally acclaimed Indian film 'Pather Panchali' (1955)?,Satyajit Ray,A detective or mystery film,A film that continues the story of an earlier film,To oversee the creative and technical aspects of making a film,A) Satyajit Ray,"Satyajit Ray directed 'Pather Panchali' (1955), a landmark of Indian and world cinema.",Cinema,Cinema History
Quiz question: What is the term for a film's total earnings from ticket sales?,The Academy Awards (Oscars),The Cannes Film Festival,The International Film Festival of India (IFFI),Box office collection,D) Box office collection,Box office collection refers to the total revenue a film earns from ticket sales.,Cinema,Box Office
Choose the correct answer: What is the term for a film's total earnings from ticket sales?,Box office collection,CGI (computer-generated imagery) films,Kollywood,'RRR' (for the song 'Naatu Naatu'),A) Box office collection,Box office collection refers to the total revenue a film earns from ticket sales.,Cinema,Box Office
Choose the correct answer: What is the popular nickname for the Hindi-language film industry based in Mumbai?,Movie songs (film songs),The Cannes Film Festival,Tollywood,Bollywood,D) Bollywood,"Bollywood is the popular nickname for India's Hindi-language film industry, based primarily in Mumbai.",Cinema,Bollywood
Choose the correct answer: What is a 'prequel' in film terminology?,Satyajit Ray,Ramesh Sippy,'RRR' (for the song 'Naatu Naatu'),A film that portrays events occurring before an earlier film's story,D) A film that portrays events occurring before an earlier film's story,A prequel portrays events that take place chronologically before the story of an earlier related film.,Cinema,Famous Films
What is the term for a film's total earnings from ticket sales?,Comedy,Ramesh Sippy,Box office collection,CGI (computer-generated imagery) films,C) Box office collection,Box office collection refers to the total revenue a film earns from ticket sales.,Cinema,Box Office
Quiz question: What is an animated film?,A detective or mystery film,"A film created using techniques like drawings or computer graphics to simulate movement, rather than live actors",Post-production,Ramesh Sippy,"B) A film created using techniques like drawings or computer graphics to simulate movement, rather than live actors","An animated film is created using drawings, computer graphics, or other techniques to simulate motion, rather than filming live actors.",Cinema,Famous Films
Quiz question: What is an animated film?,Comedy,"A film created using techniques like drawings or computer graphics to simulate movement, rather than live actors",A detective or mystery film,Amitabh Bachchan,"B) A film created using techniques like drawings or computer graphics to simulate movement, rather than live actors","An animated film is created using drawings, computer graphics, or other techniques to simulate motion, rather than filming live actors.",Cinema,Famous Films
"Choose the correct answer: Who directed the film 'Sholay' (1975), a landmark of Indian cinema?",A debut,Comedy,Ramesh Sippy,The Cannes Film Festival,C) Ramesh Sippy,"Ramesh Sippy directed 'Sholay' (1975), one of the most iconic and commercially successful films in Indian cinema history.",Cinema,Bollywood
Choose the correct answer: What is the term for a movie made specifically for children and family audiences?,Satyajit Ray,Post-production,A family film,The National Film Awards,C) A family film,"A family film is created with content and themes suitable and appealing for audiences of all ages, especially children.",Cinema,Famous Films
Choose the correct answer: What does the term 'cameo' mean in film?,Dr. Rajkumar,"A brief appearance by a notable performer, often uncredited or in a small role",'RRR' (for the song 'Naatu Naatu'),A film that portrays events occurring before an earlier film's story,"B) A brief appearance by a notable performer, often uncredited or in a small role","A cameo refers to a brief appearance in a film by a notable performer, often in a small or uncredited role.",Cinema,Movie Characters
Quiz question: What term describes films made using computer-generated imagery for visual effects?,CGI (computer-generated imagery) films,Post-production,A family film,Kollywood,A) CGI (computer-generated imagery) films,"CGI films use computer-generated imagery extensively to create visual effects, characters, or entire animated worlds.",Cinema,Cinema History
Which option correctly answers this: What genre of film typically centers on solving a crime or mystery?,A detective or mystery film,CGI (computer-generated imagery) films,"A film created using techniques like drawings or computer graphics to simulate movement, rather than live actors",Satyajit Ray,A) A detective or mystery film,"Detective or mystery films typically center on solving a crime, uncovering secrets, or unraveling a mystery.",Cinema,Famous Films
Which actor is widely known by the nickname 'Shahenshah of Bollywood'?,A film that continues the story of an earlier film,Amitabh Bachchan,Bollywood,CGI (computer-generated imagery) films,B) Amitabh Bachchan,"Amitabh Bachchan is widely referred to by fans and media as the 'Shahenshah of Bollywood', among other honorifics.",Cinema,Actors
"Which option correctly answers this: Which Indian film became widely recognized internationally after winning major awards including at the 2023 Oscars, for its song?",A film that portrays events occurring before an earlier film's story,A debut,'RRR' (for the song 'Naatu Naatu'),The Academy Awards (Oscars),C) 'RRR' (for the song 'Naatu Naatu'),"'RRR' gained major international recognition, including winning the Oscar for Best Original Song for 'Naatu Naatu' at the 2023 Academy Awards.",Cinema,Movie Awards
"Choose the correct answer: What is the term for the process of adding sound, music, and effects to a film after shooting?",A family film,CGI (computer-generated imagery) films,Post-production,Satyajit Ray,C) Post-production,"Post-production is the phase after filming where editing, sound design, music, and visual effects are added to a film.",Cinema,Cinema History
What is the term for a movie made specifically for children and family audiences?,A detective or mystery film,The International Film Festival of India (IFFI),A family film,Movie songs (film songs),C) A family film,"A family film is created with content and themes suitable and appealing for audiences of all ages, especially children.",Cinema,Famous Films
Quiz question: What is a 'sequel' in film terminology?,'RRR' (for the song 'Naatu Naatu'),"A film created using techniques like drawings or computer graphics to simulate movement, rather than live actors",Amitabh Bachchan,A film that continues the story of an earlier film,D) A film that continues the story of an earlier film,A sequel is a film that continues or expands upon the story or characters introduced in an earlier film.,Cinema,Famous Films
Choose the correct answer: What is an animated film?,To oversee the creative and technical aspects of making a film,"A film created using techniques like drawings or computer graphics to simulate movement, rather than live actors",A debut,Kollywood,"B) A film created using techniques like drawings or computer graphics to simulate movement, rather than live actors","An animated film is created using drawings, computer graphics, or other techniques to simulate motion, rather than filming live actors.",Cinema,Famous Films
Which option correctly answers this: What term describes an actor's first film role or debut?,Dr. Rajkumar,A detective or mystery film,A debut,Sandalwood,C) A debut,A debut refers to an actor's or filmmaker's first professional appearance or work in a film.,Cinema,Actors
Which option correctly answers this: What is the term for the genre of films focused primarily on making audiences laugh?,To manage the financial and logistical aspects of making a film,Comedy,'RRR' (for the song 'Naatu Naatu'),"A brief appearance by a notable performer, often uncredited or in a small role",B) Comedy,"Comedy is a film genre specifically focused on humor, designed primarily to entertain and amuse audiences.",Cinema,Famous Films
What is the popular nickname for the Hindi-language film industry based in Mumbai?,Amitabh Bachchan,Movie songs (film songs),Box office collection,Bollywood,D) Bollywood,"Bollywood is the popular nickname for India's Hindi-language film industry, based primarily in Mumbai.",Cinema,Bollywood
"Which option correctly answers this: Which film festival is considered one of the most prestigious in the world, held annually in France?",The Cannes Film Festival,A film that achieves exceptionally high box office success,The International Film Festival of India (IFFI),Ramesh Sippy,A) The Cannes Film Festival,"The Cannes Film Festival, held annually in France, is one of the most prestigious and influential film festivals in the world.",Cinema,Film Festivals
Quiz question: What is the popular nickname for the Telugu-language film industry?,A family film,"A film created using techniques like drawings or computer graphics to simulate movement, rather than live actors",Kollywood,Tollywood,D) Tollywood,Tollywood is the popular nickname for the Telugu-language film industry.,Cinema,Telugu Cinema
Which option correctly answers this: Who directed the internationally acclaimed Indian film 'Pather Panchali' (1955)?,Box office collection,Satyajit Ray,Kollywood,Bollywood,B) Satyajit Ray,"Satyajit Ray directed 'Pather Panchali' (1955), a landmark of Indian and world cinema.",Cinema,Cinema History
"Which option correctly answers this: What is the term for the process of adding sound, music, and effects to a film after shooting?",A film that continues the story of an earlier film,Post-production,A film that achieves exceptionally high box office success,Tollywood,B) Post-production,"Post-production is the phase after filming where editing, sound design, music, and visual effects are added to a film.",Cinema,Cinema History
Quiz question: What is the role of a film producer?,To manage the financial and logistical aspects of making a film,"A brief appearance by a notable performer, often uncredited or in a small role",Comedy,A film that portrays events occurring before an earlier film's story,A) To manage the financial and logistical aspects of making a film,"A film producer manages the financial, logistical, and administrative aspects of a film's production.",Cinema,Producers
"Which option correctly answers this: Which Indian film became widely recognized internationally after winning major awards including at the 2023 Oscars, for its song?",Ramesh Sippy,'RRR' (for the song 'Naatu Naatu'),"A brief appearance by a notable performer, often uncredited or in a small role",CGI (computer-generated imagery) films,B) 'RRR' (for the song 'Naatu Naatu'),"'RRR' gained major international recognition, including winning the Oscar for Best Original Song for 'Naatu Naatu' at the 2023 Academy Awards.",Cinema,Movie Awards
Which option correctly answers this: What does the term 'cameo' mean in film?,Post-production,The National Film Awards,"A brief appearance by a notable performer, often uncredited or in a small role",The Academy Awards (Oscars),"C) A brief appearance by a notable performer, often uncredited or in a small role","A cameo refers to a brief appearance in a film by a notable performer, often in a small or uncredited role.",Cinema,Movie Characters
Quiz question: What is the role of a film producer?,The Cannes Film Festival,Satyajit Ray,Amitabh Bachchan,To manage the financial and logistical aspects of making a film,D) To manage the financial and logistical aspects of making a film,"A film producer manages the financial, logistical, and administrative aspects of a film's production.",Cinema,Producers
What is an animated film?,Kollywood,"A film created using techniques like drawings or computer graphics to simulate movement, rather than live actors",A film that achieves exceptionally high box office success,Post-production,"B) A film created using techniques like drawings or computer graphics to simulate movement, rather than live actors","An animated film is created using drawings, computer graphics, or other techniques to simulate motion, rather than filming live actors.",Cinema,Famous Films
Choose the correct answer: What are the national film awards of India called?,The National Film Awards,Box office collection,A detective or mystery film,The International Film Festival of India (IFFI),A) The National Film Awards,"The National Film Awards are India's most prestigious national film honors, established in 1954.",Cinema,Movie Awards
"What is the term for a movie's soundtrack songs, common in Indian cinema?",Hollywood,Movie songs (film songs),Post-production,A debut,B) Movie songs (film songs),"Movie songs, or film songs, are musical compositions included as part of a film's soundtrack, especially prominent in Indian cinema.",Cinema,Movie Songs
What is the term for a movie made specifically for children and family audiences?,A family film,Satyajit Ray,The International Film Festival of India (IFFI),CGI (computer-generated imagery) films,A) A family film,"A family film is created with content and themes suitable and appealing for audiences of all ages, especially children.",Cinema,Famous Films
"Quiz question: Who directed the film 'Sholay' (1975), a landmark of Indian cinema?",Amitabh Bachchan,Ramesh Sippy,A film that achieves exceptionally high box office success,Hollywood,B) Ramesh Sippy,"Ramesh Sippy directed 'Sholay' (1975), one of the most iconic and commercially successful films in Indian cinema history.",Cinema,Bollywood
Which major Indian film festival is held annually in Goa?,Bollywood,The International Film Festival of India (IFFI),"A film created using techniques like drawings or computer graphics to simulate movement, rather than live actors",Ramesh Sippy,B) The International Film Festival of India (IFFI),The International Film Festival of India (IFFI) is a major annual film festival held in Goa.,Cinema,Film Festivals
Quiz question: What is the term for the American film industry centered in Los Angeles?,Hollywood,Kollywood,Comedy,Box office collection,A) Hollywood,"Hollywood refers to the American film industry, historically centered in the Hollywood district of Los Angeles.",Cinema,Hollywood
Quiz question: Which actor is widely known by the nickname 'Shahenshah of Bollywood'?,The International Film Festival of India (IFFI),Satyajit Ray,Amitabh Bachchan,To oversee the creative and technical aspects of making a film,C) Amitabh Bachchan,"Amitabh Bachchan is widely referred to by fans and media as the 'Shahenshah of Bollywood', among other honorifics.",Cinema,Actors
Choose the correct answer: Which international film award is considered the most prestigious in the American film industry?,"A brief appearance by a notable performer, often uncredited or in a small role",A detective or mystery film,The International Film Festival of India (IFFI),The Academy Awards (Oscars),D) The Academy Awards (Oscars),"The Academy Awards, commonly known as the Oscars, are considered the most prestigious awards in the American film industry.",Cinema,Movie Awards
What is the role of a film producer?,To manage the financial and logistical aspects of making a film,A family film,Dr. Rajkumar,Bollywood,A) To manage the financial and logistical aspects of making a film,"A film producer manages the financial, logistical, and administrative aspects of a film's production.",Cinema,Producers
Which option correctly answers this: What is the term for the genre of films focused primarily on making audiences laugh?,Dr. Rajkumar,A detective or mystery film,The Cannes Film Festival,Comedy,D) Comedy,"Comedy is a film genre specifically focused on humor, designed primarily to entertain and amuse audiences.",Cinema,Famous Films
Choose the correct answer: What are the national film awards of India called?,'RRR' (for the song 'Naatu Naatu'),Tollywood,The National Film Awards,A film that portrays events occurring before an earlier film's story,C) The National Film Awards,"The National Film Awards are India's most prestigious national film honors, established in 1954.",Cinema,Movie Awards
What is the term for the American film industry centered in Los Angeles?,Amitabh Bachchan,A family film,Hollywood,A film that portrays events occurring before an earlier film's story,C) Hollywood,"Hollywood refers to the American film industry, historically centered in the Hollywood district of Los Angeles.",Cinema,Hollywood
"Quiz question: Who directed the film 'Sholay' (1975), a landmark of Indian cinema?",Ramesh Sippy,Hollywood,The National Film Awards,'RRR' (for the song 'Naatu Naatu'),A) Ramesh Sippy,"Ramesh Sippy directed 'Sholay' (1975), one of the most iconic and commercially successful films in Indian cinema history.",Cinema,Bollywood
Choose the correct answer: Which actor is widely known by the nickname 'Shahenshah of Bollywood'?,A film that continues the story of an earlier film,Amitabh Bachchan,Dr. Rajkumar,A film that achieves exceptionally high box office success,B) Amitabh Bachchan,"Amitabh Bachchan is widely referred to by fans and media as the 'Shahenshah of Bollywood', among other honorifics.",Cinema,Actors
Quiz question: What is the role of a film director?,Amitabh Bachchan,To oversee the creative and technical aspects of making a film,Movie songs (film songs),A debut,B) To oversee the creative and technical aspects of making a film,"A film director oversees the creative and technical aspects of a film's production, guiding the cast and crew.",Cinema,Directors
What is a 'blockbuster' in film terminology?,A film that achieves exceptionally high box office success,Kollywood,The Academy Awards (Oscars),Amitabh Bachchan,A) A film that achieves exceptionally high box office success,A blockbuster is a term used to describe a film that achieves exceptionally high commercial and box office success.,Cinema,Box Office
Choose the correct answer: What does the term 'cameo' mean in film?,The Academy Awards (Oscars),A film that achieves exceptionally high box office success,"A brief appearance by a notable performer, often uncredited or in a small role",Sandalwood,"C) A brief appearance by a notable performer, often uncredited or in a small role","A cameo refers to a brief appearance in a film by a notable performer, often in a small or uncredited role.",Cinema,Movie Characters
"Which option correctly answers this: What is the term for a movie's soundtrack songs, common in Indian cinema?",Post-production,Movie songs (film songs),"A film created using techniques like drawings or computer graphics to simulate movement, rather than live actors",Sandalwood,B) Movie songs (film songs),"Movie songs, or film songs, are musical compositions included as part of a film's soundtrack, especially prominent in Indian cinema.",Cinema,Movie Songs
Choose the correct answer: Who directed the internationally acclaimed Indian film 'Pather Panchali' (1955)?,Satyajit Ray,The International Film Festival of India (IFFI),Kollywood,Amitabh Bachchan,A) Satyajit Ray,"Satyajit Ray directed 'Pather Panchali' (1955), a landmark of Indian and world cinema.",Cinema,Cinema History
Quiz question: What does the term 'cameo' mean in film?,The Cannes Film Festival,A detective or mystery film,"A brief appearance by a notable performer, often uncredited or in a small role",A film that portrays events occurring before an earlier film's story,"C) A brief appearance by a notable performer, often uncredited or in a small role","A cameo refers to a brief appearance in a film by a notable performer, often in a small or uncredited role.",Cinema,Movie Characters
What is a 'blockbuster' in film terminology?,The National Film Awards,'RRR' (for the song 'Naatu Naatu'),"A brief appearance by a notable performer, often uncredited or in a small role",A film that achieves exceptionally high box office success,D) A film that achieves exceptionally high box office success,A blockbuster is a term used to describe a film that achieves exceptionally high commercial and box office success.,Cinema,Box Office
"Which option correctly answers this: Which Indian film became widely recognized internationally after winning major awards including at the 2023 Oscars, for its song?",Kollywood,Comedy,'RRR' (for the song 'Naatu Naatu'),The National Film Awards,C) 'RRR' (for the song 'Naatu Naatu'),"'RRR' gained major international recognition, including winning the Oscar for Best Original Song for 'Naatu Naatu' at the 2023 Academy Awards.",Cinema,Movie Awards
What is the term for the genre of films focused primarily on making audiences laugh?,Comedy,A debut,Movie songs (film songs),A film that achieves exceptionally high box office success,A) Comedy,"Comedy is a film genre specifically focused on humor, designed primarily to entertain and amuse audiences.",Cinema,Famous Films
Which option correctly answers this: What is the popular nickname for the Kannada-language film industry?,Sandalwood,The Cannes Film Festival,The Academy Awards (Oscars),A debut,A) Sandalwood,"Sandalwood is the popular nickname for the Kannada-language film industry, based in Karnataka.",Cinema,Kannada Cinema
What term describes films made using computer-generated imagery for visual effects?,Movie songs (film songs),To oversee the creative and technical aspects of making a film,Comedy,CGI (computer-generated imagery) films,D) CGI (computer-generated imagery) films,"CGI films use computer-generated imagery extensively to create visual effects, characters, or entire animated worlds.",Cinema,Cinema History
"What is the term for the process of adding sound, music, and effects to a film after shooting?","A film created using techniques like drawings or computer graphics to simulate movement, rather than live actors",Post-production,A debut,A family film,B) Post-production,"Post-production is the phase after filming where editing, sound design, music, and visual effects are added to a film.",Cinema,Cinema History
What is the term for a film's total earnings from ticket sales?,"A film created using techniques like drawings or computer graphics to simulate movement, rather than live actors",To oversee the creative and technical aspects of making a film,Box office collection,Post-production,C) Box office collection,Box office collection refers to the total revenue a film earns from ticket sales.,Cinema,Box Office
Quiz question: What term describes an actor's first film role or debut?,A debut,The National Film Awards,Post-production,Dr. Rajkumar,A) A debut,A debut refers to an actor's or filmmaker's first professional appearance or work in a film.,Cinema,Actors
"Choose the correct answer: Which Indian film became widely recognized internationally after winning major awards including at the 2023 Oscars, for its song?",'RRR' (for the song 'Naatu Naatu'),A film that continues the story of an earlier film,Box office collection,Bollywood,A) 'RRR' (for the song 'Naatu Naatu'),"'RRR' gained major international recognition, including winning the Oscar for Best Original Song for 'Naatu Naatu' at the 2023 Academy Awards.",Cinema,Movie Awards
Which international film award is considered the most prestigious in the American film industry?,'RRR' (for the song 'Naatu Naatu'),Post-production,The Academy Awards (Oscars),"A film created using techniques like drawings or computer graphics to simulate movement, rather than live actors",C) The Academy Awards (Oscars),"The Academy Awards, commonly known as the Oscars, are considered the most prestigious awards in the American film industry.",Cinema,Movie Awards
What is an animated film?,The Cannes Film Festival,To oversee the creative and technical aspects of making a film,To manage the financial and logistical aspects of making a film,"A film created using techniques like drawings or computer graphics to simulate movement, rather than live actors","D) A film created using techniques like drawings or computer graphics to simulate movement, rather than live actors","An animated film is created using drawings, computer graphics, or other techniques to simulate motion, rather than filming live actors.",Cinema,Famous Films
Choose the correct answer: What is the term for a movie made specifically for children and family audiences?,A family film,A debut,The International Film Festival of India (IFFI),Movie songs (film songs),A) A family film,"A family film is created with content and themes suitable and appealing for audiences of all ages, especially children.",Cinema,Famous Films
Which option correctly answers this: What is the term for the American film industry centered in Los Angeles?,To manage the financial and logistical aspects of making a film,The International Film Festival of India (IFFI),Comedy,Hollywood,D) Hollywood,"Hollywood refers to the American film industry, historically centered in the Hollywood district of Los Angeles.",Cinema,Hollywood
What is the role of a film producer?,To manage the financial and logistical aspects of making a film,Amitabh Bachchan,"A film created using techniques like drawings or computer graphics to simulate movement, rather than live actors",Ramesh Sippy,A) To manage the financial and logistical aspects of making a film,"A film producer manages the financial, logistical, and administrative aspects of a film's production.",Cinema,Producers
Quiz question: What is an animated film?,Bollywood,CGI (computer-generated imagery) films,"A film created using techniques like drawings or computer graphics to simulate movement, rather than live actors",A debut,"C) A film created using techniques like drawings or computer graphics to simulate movement, rather than live actors","An animated film is created using drawings, computer graphics, or other techniques to simulate motion, rather than filming live actors.",Cinema,Famous Films
"Which option correctly answers this: Which Indian film became widely recognized internationally after winning major awards including at the 2023 Oscars, for its song?",A debut,'RRR' (for the song 'Naatu Naatu'),Amitabh Bachchan,Dr. Rajkumar,B) 'RRR' (for the song 'Naatu Naatu'),"'RRR' gained major international recognition, including winning the Oscar for Best Original Song for 'Naatu Naatu' at the 2023 Academy Awards.",Cinema,Movie Awards
Choose the correct answer: What is an animated film?,Kollywood,"A film created using techniques like drawings or computer graphics to simulate movement, rather than live actors",'RRR' (for the song 'Naatu Naatu'),Box office collection,"B) A film created using techniques like drawings or computer graphics to simulate movement, rather than live actors","An animated film is created using drawings, computer graphics, or other techniques to simulate motion, rather than filming live actors.",Cinema,Famous Films
Quiz question: What is the term for the genre of films focused primarily on making audiences laugh?,Sandalwood,Comedy,The National Film Awards,Amitabh Bachchan,B) Comedy,"Comedy is a film genre specifically focused on humor, designed primarily to entertain and amuse audiences.",Cinema,Famous Films
Who directed the internationally acclaimed Indian film 'Pather Panchali' (1955)?,Box office collection,Satyajit Ray,A film that achieves exceptionally high box office success,A detective or mystery film,B) Satyajit Ray,"Satyajit Ray directed 'Pather Panchali' (1955), a landmark of Indian and world cinema.",Cinema,Cinema History
Who directed the internationally acclaimed Indian film 'Pather Panchali' (1955)?,Post-production,CGI (computer-generated imagery) films,Satyajit Ray,A film that achieves exceptionally high box office success,C) Satyajit Ray,"Satyajit Ray directed 'Pather Panchali' (1955), a landmark of Indian and world cinema.",Cinema,Cinema History
What is the popular nickname for the Telugu-language film industry?,Satyajit Ray,The Academy Awards (Oscars),Tollywood,Comedy,C) Tollywood,Tollywood is the popular nickname for the Telugu-language film industry.,Cinema,Telugu Cinema
What is the term for a movie made specifically for children and family audiences?,Post-production,Kollywood,A family film,Hollywood,C) A family film,"A family film is created with content and themes suitable and appealing for audiences of all ages, especially children.",Cinema,Famous Films
Which option correctly answers this: What is the term for a movie made specifically for children and family audiences?,A family film,A film that continues the story of an earlier film,"A film created using techniques like drawings or computer graphics to simulate movement, rather than live actors",Kollywood,A) A family film,"A family film is created with content and themes suitable and appealing for audiences of all ages, especially children.",Cinema,Famous Films
What is the term for the American film industry centered in Los Angeles?,Hollywood,'RRR' (for the song 'Naatu Naatu'),"A film created using techniques like drawings or computer graphics to simulate movement, rather than live actors",A film that achieves exceptionally high box office success,A) Hollywood,"Hollywood refers to the American film industry, historically centered in the Hollywood district of Los Angeles.",Cinema,Hollywood
Quiz question: What is the popular nickname for the Kannada-language film industry?,Kollywood,The Cannes Film Festival,A film that portrays events occurring before an earlier film's story,Sandalwood,D) Sandalwood,"Sandalwood is the popular nickname for the Kannada-language film industry, based in Karnataka.",Cinema,Kannada Cinema
What is the term for a film's total earnings from ticket sales?,Post-production,Hollywood,Box office collection,The National Film Awards,C) Box office collection,Box office collection refers to the total revenue a film earns from ticket sales.,Cinema,Box Office
Choose the correct answer: What is a 'prequel' in film terminology?,A film that portrays events occurring before an earlier film's story,CGI (computer-generated imagery) films,Comedy,Bollywood,A) A film that portrays events occurring before an earlier film's story,A prequel portrays events that take place chronologically before the story of an earlier related film.,Cinema,Famous Films
Quiz question: Which international film award is considered the most prestigious in the American film industry?,A film that portrays events occurring before an earlier film's story,A film that achieves exceptionally high box office success,Bollywood,The Academy Awards (Oscars),D) The Academy Awards (Oscars),"The Academy Awards, commonly known as the Oscars, are considered the most prestigious awards in the American film industry.",Cinema,Movie Awards
"Which option correctly answers this: What is the term for a movie's soundtrack songs, common in Indian cinema?",The International Film Festival of India (IFFI),Movie songs (film songs),The Cannes Film Festival,"A film created using techniques like drawings or computer graphics to simulate movement, rather than live actors",B) Movie songs (film songs),"Movie songs, or film songs, are musical compositions included as part of a film's soundtrack, especially prominent in Indian cinema.",Cinema,Movie Songs
Which actor is widely known by the nickname 'Shahenshah of Bollywood'?,The Academy Awards (Oscars),A film that portrays events occurring before an earlier film's story,Amitabh Bachchan,"A film created using techniques like drawings or computer graphics to simulate movement, rather than live actors",C) Amitabh Bachchan,"Amitabh Bachchan is widely referred to by fans and media as the 'Shahenshah of Bollywood', among other honorifics.",Cinema,Actors
Which option correctly answers this: What genre of film typically centers on solving a crime or mystery?,The National Film Awards,"A brief appearance by a notable performer, often uncredited or in a small role",A film that portrays events occurring before an earlier film's story,A detective or mystery film,D) A detective or mystery film,"Detective or mystery films typically center on solving a crime, uncovering secrets, or unraveling a mystery.",Cinema,Famous Films
Which option correctly answers this: What is an animated film?,"A brief appearance by a notable performer, often uncredited or in a small role",Bollywood,"A film created using techniques like drawings or computer graphics to simulate movement, rather than live actors",The National Film Awards,"C) A film created using techniques like drawings or computer graphics to simulate movement, rather than live actors","An animated film is created using drawings, computer graphics, or other techniques to simulate motion, rather than filming live actors.",Cinema,Famous Films
Choose the correct answer: What term describes films made using computer-generated imagery for visual effects?,Bollywood,A film that continues the story of an earlier film,The Cannes Film Festival,CGI (computer-generated imagery) films,D) CGI (computer-generated imagery) films,"CGI films use computer-generated imagery extensively to create visual effects, characters, or entire animated worlds.",Cinema,Cinema History
Which option correctly answers this: What is the term for a film's total earnings from ticket sales?,Box office collection,Amitabh Bachchan,A film that continues the story of an earlier film,Movie songs (film songs),A) Box office collection,Box office collection refers to the total revenue a film earns from ticket sales.,Cinema,Box Office
Choose the correct answer: What genre of film typically centers on solving a crime or mystery?,A detective or mystery film,Box office collection,'RRR' (for the song 'Naatu Naatu'),Post-production,A) A detective or mystery film,"Detective or mystery films typically center on solving a crime, uncovering secrets, or unraveling a mystery.",Cinema,Famous Films
Which option correctly answers this: What genre of film typically centers on solving a crime or mystery?,A detective or mystery film,The Cannes Film Festival,Movie songs (film songs),A film that portrays events occurring before an earlier film's story,A) A detective or mystery film,"Detective or mystery films typically center on solving a crime, uncovering secrets, or unraveling a mystery.",Cinema,Famous Films
Quiz question: What term describes an actor's first film role or debut?,The Academy Awards (Oscars),Post-production,The International Film Festival of India (IFFI),A debut,D) A debut,A debut refers to an actor's or filmmaker's first professional appearance or work in a film.,Cinema,Actors
What genre of film typically centers on solving a crime or mystery?,A detective or mystery film,The Academy Awards (Oscars),To manage the financial and logistical aspects of making a film,Post-production,A) A detective or mystery film,"Detective or mystery films typically center on solving a crime, uncovering secrets, or unraveling a mystery.",Cinema,Famous Films
"Choose the correct answer: Who played the character in a lead role of many iconic Kannada films and is often called a legendary figure of Sandalwood, honored with titles like 'Varanatha Tara'?",The Academy Awards (Oscars),Tollywood,"A brief appearance by a notable performer, often uncredited or in a small role",Dr. Rajkumar,D) Dr. Rajkumar,"Dr. Rajkumar is widely regarded as a legendary figure of Kannada cinema, celebrated for his extensive body of work.",Cinema,Kannada Cinema
Quiz question: Which major Indian film festival is held annually in Goa?,The Academy Awards (Oscars),The International Film Festival of India (IFFI),Post-production,The National Film Awards,B) The International Film Festival of India (IFFI),The International Film Festival of India (IFFI) is a major annual film festival held in Goa.,Cinema,Film Festivals
What does the term 'cameo' mean in film?,Kollywood,The National Film Awards,A film that continues the story of an earlier film,"A brief appearance by a notable performer, often uncredited or in a small role","D) A brief appearance by a notable performer, often uncredited or in a small role","A cameo refers to a brief appearance in a film by a notable performer, often in a small or uncredited role.",Cinema,Movie Characters
Quiz question: What is the popular nickname for the Hindi-language film industry based in Mumbai?,Hollywood,'RRR' (for the song 'Naatu Naatu'),Bollywood,Kollywood,C) Bollywood,"Bollywood is the popular nickname for India's Hindi-language film industry, based primarily in Mumbai.",Cinema,Bollywood
Quiz question: What is the popular nickname for the Hindi-language film industry based in Mumbai?,To manage the financial and logistical aspects of making a film,Amitabh Bachchan,Dr. Rajkumar,Bollywood,D) Bollywood,"Bollywood is the popular nickname for India's Hindi-language film industry, based primarily in Mumbai.",Cinema,Bollywood
Quiz question: What are the national film awards of India called?,CGI (computer-generated imagery) films,A film that continues the story of an earlier film,"A film created using techniques like drawings or computer graphics to simulate movement, rather than live actors",The National Film Awards,D) The National Film Awards,"The National Film Awards are India's most prestigious national film honors, established in 1954.",Cinema,Movie Awards
Which option correctly answers this: What genre of film typically centers on solving a crime or mystery?,A detective or mystery film,Bollywood,A film that portrays events occurring before an earlier film's story,The International Film Festival of India (IFFI),A) A detective or mystery film,"Detective or mystery films typically center on solving a crime, uncovering secrets, or unraveling a mystery.",Cinema,Famous Films
What is the popular nickname for the Tamil-language film industry?,Post-production,Movie songs (film songs),Kollywood,To oversee the creative and technical aspects of making a film,C) Kollywood,"Kollywood is the popular nickname for the Tamil-language film industry, based mainly in Chennai.",Cinema,Tamil Cinema
"Quiz question: Which film festival is considered one of the most prestigious in the world, held annually in France?",To oversee the creative and technical aspects of making a film,The Cannes Film Festival,Bollywood,Comedy,B) The Cannes Film Festival,"The Cannes Film Festival, held annually in France, is one of the most prestigious and influential film festivals in the world.",Cinema,Film Festivals
Choose the correct answer: What is a 'prequel' in film terminology?,Dr. Rajkumar,Tollywood,A film that portrays events occurring before an earlier film's story,Bollywood,C) A film that portrays events occurring before an earlier film's story,A prequel portrays events that take place chronologically before the story of an earlier related film.,Cinema,Famous Films
What term describes an actor's first film role or debut?,Hollywood,A debut,Satyajit Ray,A film that portrays events occurring before an earlier film's story,B) A debut,A debut refers to an actor's or filmmaker's first professional appearance or work in a film.,Cinema,Actors
Which option correctly answers this: What is the popular nickname for the Kannada-language film industry?,Amitabh Bachchan,Dr. Rajkumar,CGI (computer-generated imagery) films,Sandalwood,D) Sandalwood,"Sandalwood is the popular nickname for the Kannada-language film industry, based in Karnataka.",Cinema,Kannada Cinema
Quiz question: Which international film award is considered the most prestigious in the American film industry?,Sandalwood,The Academy Awards (Oscars),Tollywood,"A brief appearance by a notable performer, often uncredited or in a small role",B) The Academy Awards (Oscars),"The Academy Awards, commonly known as the Oscars, are considered the most prestigious awards in the American film industry.",Cinema,Movie Awards
Quiz question: Which actor is widely known by the nickname 'Shahenshah of Bollywood'?,Amitabh Bachchan,Hollywood,The Academy Awards (Oscars),The International Film Festival of India (IFFI),A) Amitabh Bachchan,"Amitabh Bachchan is widely referred to by fans and media as the 'Shahenshah of Bollywood', among other honorifics.",Cinema,Actors
Choose the correct answer: What is a 'prequel' in film terminology?,A film that portrays events occurring before an earlier film's story,Tollywood,Kollywood,To manage the financial and logistical aspects of making a film,A) A film that portrays events occurring before an earlier film's story,A prequel portrays events that take place chronologically before the story of an earlier related film.,Cinema,Famous Films
Which option correctly answers this: What is the popular nickname for the Telugu-language film industry?,Ramesh Sippy,Sandalwood,A film that achieves exceptionally high box office success,Tollywood,D) Tollywood,Tollywood is the popular nickname for the Telugu-language film industry.,Cinema,Telugu Cinema
Choose the correct answer: What is the role of a film director?,Movie songs (film songs),Dr. Rajkumar,'RRR' (for the song 'Naatu Naatu'),To oversee the creative and technical aspects of making a film,D) To oversee the creative and technical aspects of making a film,"A film director oversees the creative and technical aspects of a film's production, guiding the cast and crew.",Cinema,Directors
Which option correctly answers this: Which major Indian film festival is held annually in Goa?,The International Film Festival of India (IFFI),Tollywood,A film that portrays events occurring before an earlier film's story,The National Film Awards,A) The International Film Festival of India (IFFI),The International Film Festival of India (IFFI) is a major annual film festival held in Goa.,Cinema,Film Festivals
What is the term for the American film industry centered in Los Angeles?,"A brief appearance by a notable performer, often uncredited or in a small role",A film that continues the story of an earlier film,Hollywood,A film that portrays events occurring before an earlier film's story,C) Hollywood,"Hollywood refers to the American film industry, historically centered in the Hollywood district of Los Angeles.",Cinema,Hollywood
Which option correctly answers this: What is a 'prequel' in film terminology?,The National Film Awards,Amitabh Bachchan,A film that portrays events occurring before an earlier film's story,Satyajit Ray,C) A film that portrays events occurring before an earlier film's story,A prequel portrays events that take place chronologically before the story of an earlier related film.,Cinema,Famous Films
Which option correctly answers this: What is a 'blockbuster' in film terminology?,'RRR' (for the song 'Naatu Naatu'),A family film,A film that achieves exceptionally high box office success,Tollywood,C) A film that achieves exceptionally high box office success,A blockbuster is a term used to describe a film that achieves exceptionally high commercial and box office success.,Cinema,Box Office
"Quiz question: Who played the character in a lead role of many iconic Kannada films and is often called a legendary figure of Sandalwood, honored with titles like 'Varanatha Tara'?",Sandalwood,Dr. Rajkumar,'RRR' (for the song 'Naatu Naatu'),The International Film Festival of India (IFFI),B) Dr. Rajkumar,"Dr. Rajkumar is widely regarded as a legendary figure of Kannada cinema, celebrated for his extensive body of work.",Cinema,Kannada Cinema
What does the term 'cameo' mean in film?,Box office collection,To oversee the creative and technical aspects of making a film,To manage the financial and logistical aspects of making a film,"A brief appearance by a notable performer, often uncredited or in a small role","D) A brief appearance by a notable performer, often uncredited or in a small role","A cameo refers to a brief appearance in a film by a notable performer, often in a small or uncredited role.",Cinema,Movie Characters
"Which option correctly answers this: What is the term for the process of adding sound, music, and effects to a film after shooting?",Sandalwood,Bollywood,To oversee the creative and technical aspects of making a film,Post-production,D) Post-production,"Post-production is the phase after filming where editing, sound design, music, and visual effects are added to a film.",Cinema,Cinema History
"What is the term for a movie's soundtrack songs, common in Indian cinema?",Movie songs (film songs),A film that continues the story of an earlier film,Box office collection,A detective or mystery film,A) Movie songs (film songs),"Movie songs, or film songs, are musical compositions included as part of a film's soundtrack, especially prominent in Indian cinema.",Cinema,Movie Songs
Choose the correct answer: What term describes films made using computer-generated imagery for visual effects?,To oversee the creative and technical aspects of making a film,CGI (computer-generated imagery) films,A debut,Ramesh Sippy,B) CGI (computer-generated imagery) films,"CGI films use computer-generated imagery extensively to create visual effects, characters, or entire animated worlds.",Cinema,Cinema History
Choose the correct answer: What is a 'sequel' in film terminology?,A film that continues the story of an earlier film,Post-production,Hollywood,"A film created using techniques like drawings or computer graphics to simulate movement, rather than live actors",A) A film that continues the story of an earlier film,A sequel is a film that continues or expands upon the story or characters introduced in an earlier film.,Cinema,Famous Films
Choose the correct answer: Which major Indian film festival is held annually in Goa?,To oversee the creative and technical aspects of making a film,'RRR' (for the song 'Naatu Naatu'),Bollywood,The International Film Festival of India (IFFI),D) The International Film Festival of India (IFFI),The International Film Festival of India (IFFI) is a major annual film festival held in Goa.,Cinema,Film Festivals
Which option correctly answers this: What does the term 'cameo' mean in film?,Tollywood,A detective or mystery film,Dr. Rajkumar,"A brief appearance by a notable performer, often uncredited or in a small role","D) A brief appearance by a notable performer, often uncredited or in a small role","A cameo refers to a brief appearance in a film by a notable performer, often in a small or uncredited role.",Cinema,Movie Characters
Which option correctly answers this: What term describes an actor's first film role or debut?,"A brief appearance by a notable performer, often uncredited or in a small role",A debut,A film that continues the story of an earlier film,Hollywood,B) A debut,A debut refers to an actor's or filmmaker's first professional appearance or work in a film.,Cinema,Actors
What is a 'sequel' in film terminology?,The National Film Awards,CGI (computer-generated imagery) films,The International Film Festival of India (IFFI),A film that continues the story of an earlier film,D) A film that continues the story of an earlier film,A sequel is a film that continues or expands upon the story or characters introduced in an earlier film.,Cinema,Famous Films
Quiz question: What is the popular nickname for the Telugu-language film industry?,To manage the financial and logistical aspects of making a film,Ramesh Sippy,Tollywood,The Cannes Film Festival,C) Tollywood,Tollywood is the popular nickname for the Telugu-language film industry.,Cinema,Telugu Cinema
Which option correctly answers this: What does the term 'cameo' mean in film?,Hollywood,Post-production,"A brief appearance by a notable performer, often uncredited or in a small role",'RRR' (for the song 'Naatu Naatu'),"C) A brief appearance by a notable performer, often uncredited or in a small role","A cameo refers to a brief appearance in a film by a notable performer, often in a small or uncredited role.",Cinema,Movie Characters
What is an animated film?,The National Film Awards,"A film created using techniques like drawings or computer graphics to simulate movement, rather than live actors",Box office collection,Comedy,"B) A film created using techniques like drawings or computer graphics to simulate movement, rather than live actors","An animated film is created using drawings, computer graphics, or other techniques to simulate motion, rather than filming live actors.",Cinema,Famous Films
Who directed the internationally acclaimed Indian film 'Pather Panchali' (1955)?,Box office collection,To oversee the creative and technical aspects of making a film,A debut,Satyajit Ray,D) Satyajit Ray,"Satyajit Ray directed 'Pather Panchali' (1955), a landmark of Indian and world cinema.",Cinema,Cinema History
Which option correctly answers this: What is the term for the American film industry centered in Los Angeles?,A film that continues the story of an earlier film,'RRR' (for the song 'Naatu Naatu'),Hollywood,Ramesh Sippy,C) Hollywood,"Hollywood refers to the American film industry, historically centered in the Hollywood district of Los Angeles.",Cinema,Hollywood
Choose the correct answer: What is the term for a film's total earnings from ticket sales?,Comedy,'RRR' (for the song 'Naatu Naatu'),The Cannes Film Festival,Box office collection,D) Box office collection,Box office collection refers to the total revenue a film earns from ticket sales.,Cinema,Box Office
Choose the correct answer: Who directed the internationally acclaimed Indian film 'Pather Panchali' (1955)?,Tollywood,Ramesh Sippy,A film that continues the story of an earlier film,Satyajit Ray,D) Satyajit Ray,"Satyajit Ray directed 'Pather Panchali' (1955), a landmark of Indian and world cinema.",Cinema,Cinema History
Which international film award is considered the most prestigious in the American film industry?,Movie songs (film songs),"A brief appearance by a notable performer, often uncredited or in a small role",The National Film Awards,The Academy Awards (Oscars),D) The Academy Awards (Oscars),"The Academy Awards, commonly known as the Oscars, are considered the most prestigious awards in the American film industry.",Cinema,Movie Awards
"Which option correctly answers this: Who directed the film 'Sholay' (1975), a landmark of Indian cinema?",Sandalwood,A film that continues the story of an earlier film,A film that portrays events occurring before an earlier film's story,Ramesh Sippy,D) Ramesh Sippy,"Ramesh Sippy directed 'Sholay' (1975), one of the most iconic and commercially successful films in Indian cinema history.",Cinema,Bollywood
"Which option correctly answers this: Who played the character in a lead role of many iconic Kannada films and is often called a legendary figure of Sandalwood, honored with titles like 'Varanatha Tara'?",Post-production,Bollywood,Dr. Rajkumar,Movie songs (film songs),C) Dr. Rajkumar,"Dr. Rajkumar is widely regarded as a legendary figure of Kannada cinema, celebrated for his extensive body of work.",Cinema,Kannada Cinema
What is the role of a film director?,Sandalwood,Movie songs (film songs),To manage the financial and logistical aspects of making a film,To oversee the creative and technical aspects of making a film,D) To oversee the creative and technical aspects of making a film,"A film director oversees the creative and technical aspects of a film's production, guiding the cast and crew.",Cinema,Directors
Which international film award is considered the most prestigious in the American film industry?,Kollywood,The Academy Awards (Oscars),Ramesh Sippy,The National Film Awards,B) The Academy Awards (Oscars),"The Academy Awards, commonly known as the Oscars, are considered the most prestigious awards in the American film industry.",Cinema,Movie Awards
Quiz question: What is a 'sequel' in film terminology?,A film that achieves exceptionally high box office success,A debut,A film that continues the story of an earlier film,To oversee the creative and technical aspects of making a film,C) A film that continues the story of an earlier film,A sequel is a film that continues or expands upon the story or characters introduced in an earlier film.,Cinema,Famous Films
Which option correctly answers this: What does the term 'cameo' mean in film?,A debut,'RRR' (for the song 'Naatu Naatu'),"A brief appearance by a notable performer, often uncredited or in a small role",CGI (computer-generated imagery) films,"C) A brief appearance by a notable performer, often uncredited or in a small role","A cameo refers to a brief appearance in a film by a notable performer, often in a small or uncredited role.",Cinema,Movie Characters
What is a 'sequel' in film terminology?,A film that portrays events occurring before an earlier film's story,Sandalwood,Post-production,A film that continues the story of an earlier film,D) A film that continues the story of an earlier film,A sequel is a film that continues or expands upon the story or characters introduced in an earlier film.,Cinema,Famous Films
Quiz question: What is the popular nickname for the Tamil-language film industry?,"A film created using techniques like drawings or computer graphics to simulate movement, rather than live actors",Kollywood,Comedy,Tollywood,B) Kollywood,"Kollywood is the popular nickname for the Tamil-language film industry, based mainly in Chennai.",Cinema,Tamil Cinema
Choose the correct answer: What is a 'blockbuster' in film terminology?,A film that achieves exceptionally high box office success,Ramesh Sippy,Tollywood,Bollywood,A) A film that achieves exceptionally high box office success,A blockbuster is a term used to describe a film that achieves exceptionally high commercial and box office success.,Cinema,Box Office
Choose the correct answer: Which major Indian film festival is held annually in Goa?,The Cannes Film Festival,Bollywood,The International Film Festival of India (IFFI),A film that portrays events occurring before an earlier film's story,C) The International Film Festival of India (IFFI),The International Film Festival of India (IFFI) is a major annual film festival held in Goa.,Cinema,Film Festivals
Which option correctly answers this: What is a 'sequel' in film terminology?,A film that continues the story of an earlier film,The Academy Awards (Oscars),To oversee the creative and technical aspects of making a film,Movie songs (film songs),A) A film that continues the story of an earlier film,A sequel is a film that continues or expands upon the story or characters introduced in an earlier film.,Cinema,Famous Films
Which option correctly answers this: What is the term for a movie made specifically for children and family audiences?,Amitabh Bachchan,A debut,A film that portrays events occurring before an earlier film's story,A family film,D) A family film,"A family film is created with content and themes suitable and appealing for audiences of all ages, especially children.",Cinema,Famous Films
Which option correctly answers this: What does the term 'cameo' mean in film?,Ramesh Sippy,"A brief appearance by a notable performer, often uncredited or in a small role","A film created using techniques like drawings or computer graphics to simulate movement, rather than live actors",'RRR' (for the song 'Naatu Naatu'),"B) A brief appearance by a notable performer, often uncredited or in a small role","A cameo refers to a brief appearance in a film by a notable performer, often in a small or uncredited role.",Cinema,Movie Characters
Quiz question: What is the popular nickname for the Hindi-language film industry based in Mumbai?,Satyajit Ray,The International Film Festival of India (IFFI),The Cannes Film Festival,Bollywood,D) Bollywood,"Bollywood is the popular nickname for India's Hindi-language film industry, based primarily in Mumbai.",Cinema,Bollywood
Quiz question: What is a 'sequel' in film terminology?,A film that continues the story of an earlier film,Box office collection,Satyajit Ray,The Academy Awards (Oscars),A) A film that continues the story of an earlier film,A sequel is a film that continues or expands upon the story or characters introduced in an earlier film.,Cinema,Famous Films
What are the national film awards of India called?,The National Film Awards,Movie songs (film songs),A film that achieves exceptionally high box office success,Comedy,A) The National Film Awards,"The National Film Awards are India's most prestigious national film honors, established in 1954.",Cinema,Movie Awards
What is a 'blockbuster' in film terminology?,The Cannes Film Festival,Bollywood,A film that achieves exceptionally high box office success,Comedy,C) A film that achieves exceptionally high box office success,A blockbuster is a term used to describe a film that achieves exceptionally high commercial and box office success.,Cinema,Box Office
"Which Indian film became widely recognized internationally after winning major awards including at the 2023 Oscars, for its song?",The International Film Festival of India (IFFI),Amitabh Bachchan,'RRR' (for the song 'Naatu Naatu'),To manage the financial and logistical aspects of making a film,C) 'RRR' (for the song 'Naatu Naatu'),"'RRR' gained major international recognition, including winning the Oscar for Best Original Song for 'Naatu Naatu' at the 2023 Academy Awards.",Cinema,Movie Awards
"What is the term for the process of adding sound, music, and effects to a film after shooting?",Post-production,To manage the financial and logistical aspects of making a film,The Academy Awards (Oscars),Kollywood,A) Post-production,"Post-production is the phase after filming where editing, sound design, music, and visual effects are added to a film.",Cinema,Cinema History
"Choose the correct answer: Which film festival is considered one of the most prestigious in the world, held annually in France?","A film created using techniques like drawings or computer graphics to simulate movement, rather than live actors",Satyajit Ray,The Academy Awards (Oscars),The Cannes Film Festival,D) The Cannes Film Festival,"The Cannes Film Festival, held annually in France, is one of the most prestigious and influential film festivals in the world.",Cinema,Film Festivals
Which option correctly answers this: What is the popular nickname for the Tamil-language film industry?,A film that portrays events occurring before an earlier film's story,A film that achieves exceptionally high box office success,Kollywood,The National Film Awards,C) Kollywood,"Kollywood is the popular nickname for the Tamil-language film industry, based mainly in Chennai.",Cinema,Tamil Cinema
Which option correctly answers this: Which actor is widely known by the nickname 'Shahenshah of Bollywood'?,The National Film Awards,To manage the financial and logistical aspects of making a film,Box office collection,Amitabh Bachchan,D) Amitabh Bachchan,"Amitabh Bachchan is widely referred to by fans and media as the 'Shahenshah of Bollywood', among other honorifics.",Cinema,Actors
What is the role of a film director?,A family film,A debut,Box office collection,To oversee the creative and technical aspects of making a film,D) To oversee the creative and technical aspects of making a film,"A film director oversees the creative and technical aspects of a film's production, guiding the cast and crew.",Cinema,Directors
"Quiz question: What is the term for a movie's soundtrack songs, common in Indian cinema?",Box office collection,Movie songs (film songs),To oversee the creative and technical aspects of making a film,Satyajit Ray,B) Movie songs (film songs),"Movie songs, or film songs, are musical compositions included as part of a film's soundtrack, especially prominent in Indian cinema.",Cinema,Movie Songs
Quiz question: What is a 'prequel' in film terminology?,Dr. Rajkumar,A film that achieves exceptionally high box office success,'RRR' (for the song 'Naatu Naatu'),A film that portrays events occurring before an earlier film's story,D) A film that portrays events occurring before an earlier film's story,A prequel portrays events that take place chronologically before the story of an earlier related film.,Cinema,Famous Films
Which option correctly answers this: What is an animated film?,Sandalwood,"A film created using techniques like drawings or computer graphics to simulate movement, rather than live actors",The Academy Awards (Oscars),Ramesh Sippy,"B) A film created using techniques like drawings or computer graphics to simulate movement, rather than live actors","An animated film is created using drawings, computer graphics, or other techniques to simulate motion, rather than filming live actors.",Cinema,Famous Films
Choose the correct answer: What is the popular nickname for the Kannada-language film industry?,Dr. Rajkumar,A film that achieves exceptionally high box office success,Sandalwood,A film that continues the story of an earlier film,C) Sandalwood,"Sandalwood is the popular nickname for the Kannada-language film industry, based in Karnataka.",Cinema,Kannada Cinema
What is the popular nickname for the Telugu-language film industry?,A film that portrays events occurring before an earlier film's story,Tollywood,Satyajit Ray,A film that continues the story of an earlier film,B) Tollywood,Tollywood is the popular nickname for the Telugu-language film industry.,Cinema,Telugu Cinema
What is the popular nickname for the Hindi-language film industry based in Mumbai?,Movie songs (film songs),Bollywood,Box office collection,"A film created using techniques like drawings or computer graphics to simulate movement, rather than live actors",B) Bollywood,"Bollywood is the popular nickname for India's Hindi-language film industry, based primarily in Mumbai.",Cinema,Bollywood
What is the popular nickname for the Hindi-language film industry based in Mumbai?,Ramesh Sippy,Kollywood,Bollywood,A film that achieves exceptionally high box office success,C) Bollywood,"Bollywood is the popular nickname for India's Hindi-language film industry, based primarily in Mumbai.",Cinema,Bollywood
Quiz question: What genre of film typically centers on solving a crime or mystery?,Dr. Rajkumar,Ramesh Sippy,Comedy,A detective or mystery film,D) A detective or mystery film,"Detective or mystery films typically center on solving a crime, uncovering secrets, or unraveling a mystery.",Cinema,Famous Films
"Which film festival is considered one of the most prestigious in the world, held annually in France?",The Cannes Film Festival,A debut,Bollywood,Kollywood,A) The Cannes Film Festival,"The Cannes Film Festival, held annually in France, is one of the most prestigious and influential film festivals in the world.",Cinema,Film Festivals
Which option correctly answers this: What are the national film awards of India called?,To manage the financial and logistical aspects of making a film,Box office collection,The National Film Awards,Dr. Rajkumar,C) The National Film Awards,"The National Film Awards are India's most prestigious national film honors, established in 1954.",Cinema,Movie Awards
What is the popular nickname for the Tamil-language film industry?,Hollywood,A detective or mystery film,Kollywood,The Academy Awards (Oscars),C) Kollywood,"Kollywood is the popular nickname for the Tamil-language film industry, based mainly in Chennai.",Cinema,Tamil Cinema
Quiz question: What is the term for the American film industry centered in Los Angeles?,'RRR' (for the song 'Naatu Naatu'),The International Film Festival of India (IFFI),Hollywood,Box office collection,C) Hollywood,"Hollywood refers to the American film industry, historically centered in the Hollywood district of Los Angeles.",Cinema,Hollywood
Choose the correct answer: What genre of film typically centers on solving a crime or mystery?,The Cannes Film Festival,A detective or mystery film,Tollywood,Kollywood,B) A detective or mystery film,"Detective or mystery films typically center on solving a crime, uncovering secrets, or unraveling a mystery.",Cinema,Famous Films
"Which option correctly answers this: Which Indian film became widely recognized internationally after winning major awards including at the 2023 Oscars, for its song?",The Academy Awards (Oscars),'RRR' (for the song 'Naatu Naatu'),A debut,A detective or mystery film,B) 'RRR' (for the song 'Naatu Naatu'),"'RRR' gained major international recognition, including winning the Oscar for Best Original Song for 'Naatu Naatu' at the 2023 Academy Awards.",Cinema,Movie Awards
Choose the correct answer: What is the role of a film director?,Box office collection,To oversee the creative and technical aspects of making a film,Kollywood,A film that continues the story of an earlier film,B) To oversee the creative and technical aspects of making a film,"A film director oversees the creative and technical aspects of a film's production, guiding the cast and crew.",Cinema,Directors
Quiz question: What are the national film awards of India called?,"A film created using techniques like drawings or computer graphics to simulate movement, rather than live actors",The National Film Awards,Dr. Rajkumar,A family film,B) The National Film Awards,"The National Film Awards are India's most prestigious national film honors, established in 1954.",Cinema,Movie Awards
"Which Indian film became widely recognized internationally after winning major awards including at the 2023 Oscars, for its song?",Satyajit Ray,The National Film Awards,'RRR' (for the song 'Naatu Naatu'),A film that portrays events occurring before an earlier film's story,C) 'RRR' (for the song 'Naatu Naatu'),"'RRR' gained major international recognition, including winning the Oscar for Best Original Song for 'Naatu Naatu' at the 2023 Academy Awards.",Cinema,Movie Awards
Quiz question: What is a 'prequel' in film terminology?,Dr. Rajkumar,CGI (computer-generated imagery) films,A film that portrays events occurring before an earlier film's story,Ramesh Sippy,C) A film that portrays events occurring before an earlier film's story,A prequel portrays events that take place chronologically before the story of an earlier related film.,Cinema,Famous Films
"Which option correctly answers this: Who directed the film 'Sholay' (1975), a landmark of Indian cinema?",Amitabh Bachchan,Hollywood,Ramesh Sippy,Satyajit Ray,C) Ramesh Sippy,"Ramesh Sippy directed 'Sholay' (1975), one of the most iconic and commercially successful films in Indian cinema history.",Cinema,Bollywood
Which option correctly answers this: What is the popular nickname for the Telugu-language film industry?,CGI (computer-generated imagery) films,A family film,Tollywood,The National Film Awards,C) Tollywood,Tollywood is the popular nickname for the Telugu-language film industry.,Cinema,Telugu Cinema
Which option correctly answers this: What is the popular nickname for the Telugu-language film industry?,A film that continues the story of an earlier film,The Cannes Film Festival,Hollywood,Tollywood,D) Tollywood,Tollywood is the popular nickname for the Telugu-language film industry.,Cinema,Telugu Cinema
Choose the correct answer: What is the term for a movie made specifically for children and family audiences?,Bollywood,A family film,Box office collection,Sandalwood,B) A family film,"A family film is created with content and themes suitable and appealing for audiences of all ages, especially children.",Cinema,Famous Films
"Quiz question: Which Indian film became widely recognized internationally after winning major awards including at the 2023 Oscars, for its song?",Satyajit Ray,'RRR' (for the song 'Naatu Naatu'),A family film,To manage the financial and logistical aspects of making a film,B) 'RRR' (for the song 'Naatu Naatu'),"'RRR' gained major international recognition, including winning the Oscar for Best Original Song for 'Naatu Naatu' at the 2023 Academy Awards.",Cinema,Movie Awards
What is an animated film?,"A film created using techniques like drawings or computer graphics to simulate movement, rather than live actors",A detective or mystery film,CGI (computer-generated imagery) films,Post-production,"A) A film created using techniques like drawings or computer graphics to simulate movement, rather than live actors","An animated film is created using drawings, computer graphics, or other techniques to simulate motion, rather than filming live actors.",Cinema,Famous Films
Which option correctly answers this: What is a 'blockbuster' in film terminology?,A family film,A film that achieves exceptionally high box office success,Amitabh Bachchan,Tollywood,B) A film that achieves exceptionally high box office success,A blockbuster is a term used to describe a film that achieves exceptionally high commercial and box office success.,Cinema,Box Office
What is the popular nickname for the Tamil-language film industry?,Tollywood,Kollywood,A film that continues the story of an earlier film,The Cannes Film Festival,B) Kollywood,"Kollywood is the popular nickname for the Tamil-language film industry, based mainly in Chennai.",Cinema,Tamil Cinema
Choose the correct answer: Which international film award is considered the most prestigious in the American film industry?,The Cannes Film Festival,The Academy Awards (Oscars),Hollywood,To oversee the creative and technical aspects of making a film,B) The Academy Awards (Oscars),"The Academy Awards, commonly known as the Oscars, are considered the most prestigious awards in the American film industry.",Cinema,Movie Awards
Which option correctly answers this: Which major Indian film festival is held annually in Goa?,Sandalwood,The Cannes Film Festival,The International Film Festival of India (IFFI),"A brief appearance by a notable performer, often uncredited or in a small role",C) The International Film Festival of India (IFFI),The International Film Festival of India (IFFI) is a major annual film festival held in Goa.,Cinema,Film Festivals
Which option correctly answers this: What is the popular nickname for the Hindi-language film industry based in Mumbai?,Movie songs (film songs),A film that continues the story of an earlier film,Bollywood,CGI (computer-generated imagery) films,C) Bollywood,"Bollywood is the popular nickname for India's Hindi-language film industry, based primarily in Mumbai.",Cinema,Bollywood
Which option correctly answers this: What does the term 'cameo' mean in film?,Post-production,Comedy,To manage the financial and logistical aspects of making a film,"A brief appearance by a notable performer, often uncredited or in a small role","D) A brief appearance by a notable performer, often uncredited or in a small role","A cameo refers to a brief appearance in a film by a notable performer, often in a small or uncredited role.",Cinema,Movie Characters
What is the term for the American film industry centered in Los Angeles?,Kollywood,Dr. Rajkumar,Sandalwood,Hollywood,D) Hollywood,"Hollywood refers to the American film industry, historically centered in the Hollywood district of Los Angeles.",Cinema,Hollywood
Choose the correct answer: What is the term for a film's total earnings from ticket sales?,Box office collection,"A film created using techniques like drawings or computer graphics to simulate movement, rather than live actors",Dr. Rajkumar,A film that achieves exceptionally high box office success,A) Box office collection,Box office collection refers to the total revenue a film earns from ticket sales.,Cinema,Box Office
Choose the correct answer: Which actor is widely known by the nickname 'Shahenshah of Bollywood'?,A film that achieves exceptionally high box office success,A family film,Amitabh Bachchan,Movie songs (film songs),C) Amitabh Bachchan,"Amitabh Bachchan is widely referred to by fans and media as the 'Shahenshah of Bollywood', among other honorifics.",Cinema,Actors
Which option correctly answers this: Which international film award is considered the most prestigious in the American film industry?,A film that portrays events occurring before an earlier film's story,Hollywood,Post-production,The Academy Awards (Oscars),D) The Academy Awards (Oscars),"The Academy Awards, commonly known as the Oscars, are considered the most prestigious awards in the American film industry.",Cinema,Movie Awards
What are the national film awards of India called?,The National Film Awards,Dr. Rajkumar,Box office collection,Comedy,A) The National Film Awards,"The National Film Awards are India's most prestigious national film honors, established in 1954.",Cinema,Movie Awards
What term describes an actor's first film role or debut?,CGI (computer-generated imagery) films,A film that achieves exceptionally high box office success,The Academy Awards (Oscars),A debut,D) A debut,A debut refers to an actor's or filmmaker's first professional appearance or work in a film.,Cinema,Actors
Which option correctly answers this: What genre of film typically centers on solving a crime or mystery?,Dr. Rajkumar,Tollywood,A detective or mystery film,A film that portrays events occurring before an earlier film's story,C) A detective or mystery film,"Detective or mystery films typically center on solving a crime, uncovering secrets, or unraveling a mystery.",Cinema,Famous Films
"Which option correctly answers this: What is the term for a movie's soundtrack songs, common in Indian cinema?",To oversee the creative and technical aspects of making a film,Movie songs (film songs),Post-production,Bollywood,B) Movie songs (film songs),"Movie songs, or film songs, are musical compositions included as part of a film's soundtrack, especially prominent in Indian cinema.",Cinema,Movie Songs
What is the role of a film director?,To oversee the creative and technical aspects of making a film,A film that continues the story of an earlier film,Satyajit Ray,"A film created using techniques like drawings or computer graphics to simulate movement, rather than live actors",A) To oversee the creative and technical aspects of making a film,"A film director oversees the creative and technical aspects of a film's production, guiding the cast and crew.",Cinema,Directors
"Quiz question: Which film festival is considered one of the most prestigious in the world, held annually in France?",A film that continues the story of an earlier film,'RRR' (for the song 'Naatu Naatu'),Satyajit Ray,The Cannes Film Festival,D) The Cannes Film Festival,"The Cannes Film Festival, held annually in France, is one of the most prestigious and influential film festivals in the world.",Cinema,Film Festivals
"Which option correctly answers this: Which Indian film became widely recognized internationally after winning major awards including at the 2023 Oscars, for its song?",'RRR' (for the song 'Naatu Naatu'),Tollywood,A family film,Dr. Rajkumar,A) 'RRR' (for the song 'Naatu Naatu'),"'RRR' gained major international recognition, including winning the Oscar for Best Original Song for 'Naatu Naatu' at the 2023 Academy Awards.",Cinema,Movie Awards
Quiz question: What is the role of a film director?,To oversee the creative and technical aspects of making a film,Comedy,Satyajit Ray,Dr. Rajkumar,A) To oversee the creative and technical aspects of making a film,"A film director oversees the creative and technical aspects of a film's production, guiding the cast and crew.",Cinema,Directors
"Who directed the film 'Sholay' (1975), a landmark of Indian cinema?",Box office collection,Ramesh Sippy,A family film,"A brief appearance by a notable performer, often uncredited or in a small role",B) Ramesh Sippy,"Ramesh Sippy directed 'Sholay' (1975), one of the most iconic and commercially successful films in Indian cinema history.",Cinema,Bollywood
Quiz question: What is a 'blockbuster' in film terminology?,Bollywood,Kollywood,Dr. Rajkumar,A film that achieves exceptionally high box office success,D) A film that achieves exceptionally high box office success,A blockbuster is a term used to describe a film that achieves exceptionally high commercial and box office success.,Cinema,Box Office
Choose the correct answer: What is the role of a film director?,To oversee the creative and technical aspects of making a film,A film that achieves exceptionally high box office success,The International Film Festival of India (IFFI),Hollywood,A) To oversee the creative and technical aspects of making a film,"A film director oversees the creative and technical aspects of a film's production, guiding the cast and crew.",Cinema,Directors
Quiz question: What does the term 'cameo' mean in film?,CGI (computer-generated imagery) films,"A brief appearance by a notable performer, often uncredited or in a small role",A family film,'RRR' (for the song 'Naatu Naatu'),"B) A brief appearance by a notable performer, often uncredited or in a small role","A cameo refers to a brief appearance in a film by a notable performer, often in a small or uncredited role.",Cinema,Movie Characters
Choose the correct answer: Which major Indian film festival is held annually in Goa?,Hollywood,A debut,The International Film Festival of India (IFFI),'RRR' (for the song 'Naatu Naatu'),C) The International Film Festival of India (IFFI),The International Film Festival of India (IFFI) is a major annual film festival held in Goa.,Cinema,Film Festivals
"Quiz question: Who played the character in a lead role of many iconic Kannada films and is often called a legendary figure of Sandalwood, honored with titles like 'Varanatha Tara'?",Dr. Rajkumar,The Academy Awards (Oscars),Movie songs (film songs),Comedy,A) Dr. Rajkumar,"Dr. Rajkumar is widely regarded as a legendary figure of Kannada cinema, celebrated for his extensive body of work.",Cinema,Kannada Cinema
What is the term for the American film industry centered in Los Angeles?,Comedy,Hollywood,A film that achieves exceptionally high box office success,A film that continues the story of an earlier film,B) Hollywood,"Hollywood refers to the American film industry, historically centered in the Hollywood district of Los Angeles.",Cinema,Hollywood
What is the term for the genre of films focused primarily on making audiences laugh?,A film that portrays events occurring before an earlier film's story,The Academy Awards (Oscars),Comedy,"A brief appearance by a notable performer, often uncredited or in a small role",C) Comedy,"Comedy is a film genre specifically focused on humor, designed primarily to entertain and amuse audiences.",Cinema,Famous Films
Choose the correct answer: What is the term for the American film industry centered in Los Angeles?,Ramesh Sippy,Hollywood,Satyajit Ray,A film that continues the story of an earlier film,B) Hollywood,"Hollywood refers to the American film industry, historically centered in the Hollywood district of Los Angeles.",Cinema,Hollywood
Choose the correct answer: What is the popular nickname for the Hindi-language film industry based in Mumbai?,CGI (computer-generated imagery) films,A family film,To manage the financial and logistical aspects of making a film,Bollywood,D) Bollywood,"Bollywood is the popular nickname for India's Hindi-language film industry, based primarily in Mumbai.",Cinema,Bollywood
Choose the correct answer: What are the national film awards of India called?,The National Film Awards,Sandalwood,Tollywood,Amitabh Bachchan,A) The National Film Awards,"The National Film Awards are India's most prestigious national film honors, established in 1954.",Cinema,Movie Awards
Which option correctly answers this: What are the national film awards of India called?,Satyajit Ray,The National Film Awards,To oversee the creative and technical aspects of making a film,"A film created using techniques like drawings or computer graphics to simulate movement, rather than live actors",B) The National Film Awards,"The National Film Awards are India's most prestigious national film honors, established in 1954.",Cinema,Movie Awards
Choose the correct answer: What term describes films made using computer-generated imagery for visual effects?,"A brief appearance by a notable performer, often uncredited or in a small role",CGI (computer-generated imagery) films,Sandalwood,Bollywood,B) CGI (computer-generated imagery) films,"CGI films use computer-generated imagery extensively to create visual effects, characters, or entire animated worlds.",Cinema,Cinema History
What is the term for the American film industry centered in Los Angeles?,Post-production,To manage the financial and logistical aspects of making a film,Hollywood,Movie songs (film songs),C) Hollywood,"Hollywood refers to the American film industry, historically centered in the Hollywood district of Los Angeles.",Cinema,Hollywood
Quiz question: What is the popular nickname for the Kannada-language film industry?,"A film created using techniques like drawings or computer graphics to simulate movement, rather than live actors",Box office collection,Sandalwood,Kollywood,C) Sandalwood,"Sandalwood is the popular nickname for the Kannada-language film industry, based in Karnataka.",Cinema,Kannada Cinema
Choose the correct answer: Which major Indian film festival is held annually in Goa?,Ramesh Sippy,Post-production,Comedy,The International Film Festival of India (IFFI),D) The International Film Festival of India (IFFI),The International Film Festival of India (IFFI) is a major annual film festival held in Goa.,Cinema,Film Festivals
Quiz question: What is the term for the American film industry centered in Los Angeles?,The Academy Awards (Oscars),Sandalwood,Hollywood,The Cannes Film Festival,C) Hollywood,"Hollywood refers to the American film industry, historically centered in the Hollywood district of Los Angeles.",Cinema,Hollywood
Which option correctly answers this: What is the term for the genre of films focused primarily on making audiences laugh?,"A film created using techniques like drawings or computer graphics to simulate movement, rather than live actors",The Cannes Film Festival,Comedy,To manage the financial and logistical aspects of making a film,C) Comedy,"Comedy is a film genre specifically focused on humor, designed primarily to entertain and amuse audiences.",Cinema,Famous Films
"Who directed the film 'Sholay' (1975), a landmark of Indian cinema?",Satyajit Ray,Bollywood,A film that continues the story of an earlier film,Ramesh Sippy,D) Ramesh Sippy,"Ramesh Sippy directed 'Sholay' (1975), one of the most iconic and commercially successful films in Indian cinema history.",Cinema,Bollywood
"Who directed the film 'Sholay' (1975), a landmark of Indian cinema?",A detective or mystery film,Ramesh Sippy,'RRR' (for the song 'Naatu Naatu'),"A brief appearance by a notable performer, often uncredited or in a small role",B) Ramesh Sippy,"Ramesh Sippy directed 'Sholay' (1975), one of the most iconic and commercially successful films in Indian cinema history.",Cinema,Bollywood
Quiz question: What is the popular nickname for the Kannada-language film industry?,Bollywood,To manage the financial and logistical aspects of making a film,"A brief appearance by a notable performer, often uncredited or in a small role",Sandalwood,D) Sandalwood,"Sandalwood is the popular nickname for the Kannada-language film industry, based in Karnataka.",Cinema,Kannada Cinema
Who directed the internationally acclaimed Indian film 'Pather Panchali' (1955)?,Box office collection,Hollywood,A debut,Satyajit Ray,D) Satyajit Ray,"Satyajit Ray directed 'Pather Panchali' (1955), a landmark of Indian and world cinema.",Cinema,Cinema History
Which option correctly answers this: What is a 'blockbuster' in film terminology?,The Academy Awards (Oscars),A film that achieves exceptionally high box office success,A film that portrays events occurring before an earlier film's story,Hollywood,B) A film that achieves exceptionally high box office success,A blockbuster is a term used to describe a film that achieves exceptionally high commercial and box office success.,Cinema,Box Office
"Choose the correct answer: What is the term for a movie's soundtrack songs, common in Indian cinema?",Movie songs (film songs),"A brief appearance by a notable performer, often uncredited or in a small role",A family film,The National Film Awards,A) Movie songs (film songs),"Movie songs, or film songs, are musical compositions included as part of a film's soundtrack, especially prominent in Indian cinema.",Cinema,Movie Songs
Quiz question: Which actor is widely known by the nickname 'Shahenshah of Bollywood'?,Ramesh Sippy,Amitabh Bachchan,A film that continues the story of an earlier film,Comedy,B) Amitabh Bachchan,"Amitabh Bachchan is widely referred to by fans and media as the 'Shahenshah of Bollywood', among other honorifics.",Cinema,Actors
What is a 'prequel' in film terminology?,A film that continues the story of an earlier film,A film that portrays events occurring before an earlier film's story,Post-production,A detective or mystery film,B) A film that portrays events occurring before an earlier film's story,A prequel portrays events that take place chronologically before the story of an earlier related film.,Cinema,Famous Films
"Choose the correct answer: Who directed the film 'Sholay' (1975), a landmark of Indian cinema?",Post-production,'RRR' (for the song 'Naatu Naatu'),Box office collection,Ramesh Sippy,D) Ramesh Sippy,"Ramesh Sippy directed 'Sholay' (1975), one of the most iconic and commercially successful films in Indian cinema history.",Cinema,Bollywood
Which option correctly answers this: What is the popular nickname for the Tamil-language film industry?,Hollywood,A film that achieves exceptionally high box office success,Amitabh Bachchan,Kollywood,D) Kollywood,"Kollywood is the popular nickname for the Tamil-language film industry, based mainly in Chennai.",Cinema,Tamil Cinema
Choose the correct answer: What is the popular nickname for the Hindi-language film industry based in Mumbai?,Movie songs (film songs),The Cannes Film Festival,Satyajit Ray,Bollywood,D) Bollywood,"Bollywood is the popular nickname for India's Hindi-language film industry, based primarily in Mumbai.",Cinema,Bollywood
What is the popular nickname for the Telugu-language film industry?,The National Film Awards,CGI (computer-generated imagery) films,Tollywood,A film that portrays events occurring before an earlier film's story,C) Tollywood,Tollywood is the popular nickname for the Telugu-language film industry.,Cinema,Telugu Cinema
Quiz question: What is a 'blockbuster' in film terminology?,"A film created using techniques like drawings or computer graphics to simulate movement, rather than live actors",A film that achieves exceptionally high box office success,Box office collection,The Academy Awards (Oscars),B) A film that achieves exceptionally high box office success,A blockbuster is a term used to describe a film that achieves exceptionally high commercial and box office success.,Cinema,Box Office
Choose the correct answer: What is the role of a film director?,"A brief appearance by a notable performer, often uncredited or in a small role",Satyajit Ray,To oversee the creative and technical aspects of making a film,CGI (computer-generated imagery) films,C) To oversee the creative and technical aspects of making a film,"A film director oversees the creative and technical aspects of a film's production, guiding the cast and crew.",Cinema,Directors
Which option correctly answers this: What does the term 'cameo' mean in film?,A detective or mystery film,"A brief appearance by a notable performer, often uncredited or in a small role",To manage the financial and logistical aspects of making a film,"A film created using techniques like drawings or computer graphics to simulate movement, rather than live actors","B) A brief appearance by a notable performer, often uncredited or in a small role","A cameo refers to a brief appearance in a film by a notable performer, often in a small or uncredited role.",Cinema,Movie Characters
Choose the correct answer: What is the popular nickname for the Hindi-language film industry based in Mumbai?,Post-production,Bollywood,CGI (computer-generated imagery) films,Tollywood,B) Bollywood,"Bollywood is the popular nickname for India's Hindi-language film industry, based primarily in Mumbai.",Cinema,Bollywood
Choose the correct answer: What is a 'prequel' in film terminology?,Bollywood,A film that portrays events occurring before an earlier film's story,Box office collection,A detective or mystery film,B) A film that portrays events occurring before an earlier film's story,A prequel portrays events that take place chronologically before the story of an earlier related film.,Cinema,Famous Films
Who directed the internationally acclaimed Indian film 'Pather Panchali' (1955)?,'RRR' (for the song 'Naatu Naatu'),Satyajit Ray,Dr. Rajkumar,The Cannes Film Festival,B) Satyajit Ray,"Satyajit Ray directed 'Pather Panchali' (1955), a landmark of Indian and world cinema.",Cinema,Cinema History
"Which option correctly answers this: Who directed the film 'Sholay' (1975), a landmark of Indian cinema?",Sandalwood,The Cannes Film Festival,A debut,Ramesh Sippy,D) Ramesh Sippy,"Ramesh Sippy directed 'Sholay' (1975), one of the most iconic and commercially successful films in Indian cinema history.",Cinema,Bollywood
"Which film festival is considered one of the most prestigious in the world, held annually in France?",The Cannes Film Festival,Box office collection,To manage the financial and logistical aspects of making a film,'RRR' (for the song 'Naatu Naatu'),A) The Cannes Film Festival,"The Cannes Film Festival, held annually in France, is one of the most prestigious and influential film festivals in the world.",Cinema,Film Festivals
What term describes an actor's first film role or debut?,The National Film Awards,The International Film Festival of India (IFFI),Ramesh Sippy,A debut,D) A debut,A debut refers to an actor's or filmmaker's first professional appearance or work in a film.,Cinema,Actors
Which option correctly answers this: What genre of film typically centers on solving a crime or mystery?,Dr. Rajkumar,A detective or mystery film,A film that portrays events occurring before an earlier film's story,The Academy Awards (Oscars),B) A detective or mystery film,"Detective or mystery films typically center on solving a crime, uncovering secrets, or unraveling a mystery.",Cinema,Famous Films
Which option correctly answers this: What is the popular nickname for the Kannada-language film industry?,The International Film Festival of India (IFFI),Sandalwood,A detective or mystery film,The Cannes Film Festival,B) Sandalwood,"Sandalwood is the popular nickname for the Kannada-language film industry, based in Karnataka.",Cinema,Kannada Cinema
What is the role of a film director?,Dr. Rajkumar,To oversee the creative and technical aspects of making a film,Comedy,A film that achieves exceptionally high box office success,B) To oversee the creative and technical aspects of making a film,"A film director oversees the creative and technical aspects of a film's production, guiding the cast and crew.",Cinema,Directors
"Quiz question: What is the term for a movie's soundtrack songs, common in Indian cinema?",Post-production,Movie songs (film songs),Box office collection,A debut,B) Movie songs (film songs),"Movie songs, or film songs, are musical compositions included as part of a film's soundtrack, especially prominent in Indian cinema.",Cinema,Movie Songs
"Which option correctly answers this: Who directed the film 'Sholay' (1975), a landmark of Indian cinema?",Dr. Rajkumar,The Cannes Film Festival,Ramesh Sippy,Comedy,C) Ramesh Sippy,"Ramesh Sippy directed 'Sholay' (1975), one of the most iconic and commercially successful films in Indian cinema history.",Cinema,Bollywood
Which option correctly answers this: What is the popular nickname for the Kannada-language film industry?,To oversee the creative and technical aspects of making a film,Sandalwood,CGI (computer-generated imagery) films,Hollywood,B) Sandalwood,"Sandalwood is the popular nickname for the Kannada-language film industry, based in Karnataka.",Cinema,Kannada Cinema
Choose the correct answer: What is the term for a movie made specifically for children and family audiences?,Tollywood,A detective or mystery film,A family film,'RRR' (for the song 'Naatu Naatu'),C) A family film,"A family film is created with content and themes suitable and appealing for audiences of all ages, especially children.",Cinema,Famous Films
Quiz question: What term describes films made using computer-generated imagery for visual effects?,CGI (computer-generated imagery) films,A film that achieves exceptionally high box office success,A film that continues the story of an earlier film,Kollywood,A) CGI (computer-generated imagery) films,"CGI films use computer-generated imagery extensively to create visual effects, characters, or entire animated worlds.",Cinema,Cinema History
Choose the correct answer: What term describes films made using computer-generated imagery for visual effects?,A debut,CGI (computer-generated imagery) films,To oversee the creative and technical aspects of making a film,"A brief appearance by a notable performer, often uncredited or in a small role",B) CGI (computer-generated imagery) films,"CGI films use computer-generated imagery extensively to create visual effects, characters, or entire animated worlds.",Cinema,Cinema History
"Which option correctly answers this: Which film festival is considered one of the most prestigious in the world, held annually in France?",Dr. Rajkumar,The Cannes Film Festival,Movie songs (film songs),A film that continues the story of an earlier film,B) The Cannes Film Festival,"The Cannes Film Festival, held annually in France, is one of the most prestigious and influential film festivals in the world.",Cinema,Film Festivals
What is the popular nickname for the Kannada-language film industry?,CGI (computer-generated imagery) films,A film that continues the story of an earlier film,Sandalwood,Box office collection,C) Sandalwood,"Sandalwood is the popular nickname for the Kannada-language film industry, based in Karnataka.",Cinema,Kannada Cinema
"Which Indian film became widely recognized internationally after winning major awards including at the 2023 Oscars, for its song?",A film that portrays events occurring before an earlier film's story,To oversee the creative and technical aspects of making a film,'RRR' (for the song 'Naatu Naatu'),Post-production,C) 'RRR' (for the song 'Naatu Naatu'),"'RRR' gained major international recognition, including winning the Oscar for Best Original Song for 'Naatu Naatu' at the 2023 Academy Awards.",Cinema,Movie Awards
What is the term for a film's total earnings from ticket sales?,A debut,A detective or mystery film,Box office collection,Kollywood,C) Box office collection,Box office collection refers to the total revenue a film earns from ticket sales.,Cinema,Box Office
Which international film award is considered the most prestigious in the American film industry?,The Academy Awards (Oscars),Post-production,Bollywood,CGI (computer-generated imagery) films,A) The Academy Awards (Oscars),"The Academy Awards, commonly known as the Oscars, are considered the most prestigious awards in the American film industry.",Cinema,Movie Awards
"Choose the correct answer: What is the term for a movie's soundtrack songs, common in Indian cinema?",A debut,'RRR' (for the song 'Naatu Naatu'),Amitabh Bachchan,Movie songs (film songs),D) Movie songs (film songs),"Movie songs, or film songs, are musical compositions included as part of a film's soundtrack, especially prominent in Indian cinema.",Cinema,Movie Songs
"Choose the correct answer: Which Indian film became widely recognized internationally after winning major awards including at the 2023 Oscars, for its song?",Tollywood,Ramesh Sippy,'RRR' (for the song 'Naatu Naatu'),Movie songs (film songs),C) 'RRR' (for the song 'Naatu Naatu'),"'RRR' gained major international recognition, including winning the Oscar for Best Original Song for 'Naatu Naatu' at the 2023 Academy Awards.",Cinema,Movie Awards
"Quiz question: Who directed the film 'Sholay' (1975), a landmark of Indian cinema?",Hollywood,A debut,CGI (computer-generated imagery) films,Ramesh Sippy,D) Ramesh Sippy,"Ramesh Sippy directed 'Sholay' (1975), one of the most iconic and commercially successful films in Indian cinema history.",Cinema,Bollywood
What term describes films made using computer-generated imagery for visual effects?,Box office collection,CGI (computer-generated imagery) films,Amitabh Bachchan,Comedy,B) CGI (computer-generated imagery) films,"CGI films use computer-generated imagery extensively to create visual effects, characters, or entire animated worlds.",Cinema,Cinema History
"Choose the correct answer: What is the term for the process of adding sound, music, and effects to a film after shooting?",Post-production,Tollywood,Movie songs (film songs),A detective or mystery film,A) Post-production,"Post-production is the phase after filming where editing, sound design, music, and visual effects are added to a film.",Cinema,Cinema History
Quiz question: What term describes an actor's first film role or debut?,Movie songs (film songs),Sandalwood,A debut,Amitabh Bachchan,C) A debut,A debut refers to an actor's or filmmaker's first professional appearance or work in a film.,Cinema,Actors
Quiz question: What is the popular nickname for the Hindi-language film industry based in Mumbai?,Sandalwood,Kollywood,Post-production,Bollywood,D) Bollywood,"Bollywood is the popular nickname for India's Hindi-language film industry, based primarily in Mumbai.",Cinema,Bollywood
Which actor is widely known by the nickname 'Shahenshah of Bollywood'?,The Cannes Film Festival,The National Film Awards,Amitabh Bachchan,To oversee the creative and technical aspects of making a film,C) Amitabh Bachchan,"Amitabh Bachchan is widely referred to by fans and media as the 'Shahenshah of Bollywood', among other honorifics.",Cinema,Actors
Which option correctly answers this: What is the popular nickname for the Telugu-language film industry?,A detective or mystery film,Post-production,Tollywood,'RRR' (for the song 'Naatu Naatu'),C) Tollywood,Tollywood is the popular nickname for the Telugu-language film industry.,Cinema,Telugu Cinema
Which option correctly answers this: What is an animated film?,A film that continues the story of an earlier film,"A film created using techniques like drawings or computer graphics to simulate movement, rather than live actors",'RRR' (for the song 'Naatu Naatu'),The Cannes Film Festival,"B) A film created using techniques like drawings or computer graphics to simulate movement, rather than live actors","An animated film is created using drawings, computer graphics, or other techniques to simulate motion, rather than filming live actors.",Cinema,Famous Films
Quiz question: What is the role of a film producer?,'RRR' (for the song 'Naatu Naatu'),Movie songs (film songs),Satyajit Ray,To manage the financial and logistical aspects of making a film,D) To manage the financial and logistical aspects of making a film,"A film producer manages the financial, logistical, and administrative aspects of a film's production.",Cinema,Producers
Which option correctly answers this: What is the term for the genre of films focused primarily on making audiences laugh?,A debut,The Academy Awards (Oscars),Comedy,"A film created using techniques like drawings or computer graphics to simulate movement, rather than live actors",C) Comedy,"Comedy is a film genre specifically focused on humor, designed primarily to entertain and amuse audiences.",Cinema,Famous Films
Which option correctly answers this: What is a 'sequel' in film terminology?,Amitabh Bachchan,A family film,A film that continues the story of an earlier film,Hollywood,C) A film that continues the story of an earlier film,A sequel is a film that continues or expands upon the story or characters introduced in an earlier film.,Cinema,Famous Films
"Quiz question: Who directed the film 'Sholay' (1975), a landmark of Indian cinema?",A family film,Movie songs (film songs),Ramesh Sippy,To oversee the creative and technical aspects of making a film,C) Ramesh Sippy,"Ramesh Sippy directed 'Sholay' (1975), one of the most iconic and commercially successful films in Indian cinema history.",Cinema,Bollywood
"Quiz question: What is the term for a movie's soundtrack songs, common in Indian cinema?",Movie songs (film songs),Post-production,The Academy Awards (Oscars),Tollywood,A) Movie songs (film songs),"Movie songs, or film songs, are musical compositions included as part of a film's soundtrack, especially prominent in Indian cinema.",Cinema,Movie Songs
What is the term for a film's total earnings from ticket sales?,'RRR' (for the song 'Naatu Naatu'),Amitabh Bachchan,Box office collection,Tollywood,C) Box office collection,Box office collection refers to the total revenue a film earns from ticket sales.,Cinema,Box Office
"Quiz question: What is the term for the process of adding sound, music, and effects to a film after shooting?",Dr. Rajkumar,Post-production,Hollywood,The Cannes Film Festival,B) Post-production,"Post-production is the phase after filming where editing, sound design, music, and visual effects are added to a film.",Cinema,Cinema History
"Quiz question: Which film festival is considered one of the most prestigious in the world, held annually in France?",To oversee the creative and technical aspects of making a film,The Academy Awards (Oscars),A film that portrays events occurring before an earlier film's story,The Cannes Film Festival,D) The Cannes Film Festival,"The Cannes Film Festival, held annually in France, is one of the most prestigious and influential film festivals in the world.",Cinema,Film Festivals
Which option correctly answers this: Which actor is widely known by the nickname 'Shahenshah of Bollywood'?,"A brief appearance by a notable performer, often uncredited or in a small role",Amitabh Bachchan,To oversee the creative and technical aspects of making a film,Sandalwood,B) Amitabh Bachchan,"Amitabh Bachchan is widely referred to by fans and media as the 'Shahenshah of Bollywood', among other honorifics.",Cinema,Actors
Quiz question: What does the term 'cameo' mean in film?,Tollywood,Bollywood,"A brief appearance by a notable performer, often uncredited or in a small role",Movie songs (film songs),"C) A brief appearance by a notable performer, often uncredited or in a small role","A cameo refers to a brief appearance in a film by a notable performer, often in a small or uncredited role.",Cinema,Movie Characters
Choose the correct answer: What are the national film awards of India called?,Kollywood,Amitabh Bachchan,The National Film Awards,A family film,C) The National Film Awards,"The National Film Awards are India's most prestigious national film honors, established in 1954.",Cinema,Movie Awards
Choose the correct answer: What is the role of a film producer?,To manage the financial and logistical aspects of making a film,The National Film Awards,Movie songs (film songs),To oversee the creative and technical aspects of making a film,A) To manage the financial and logistical aspects of making a film,"A film producer manages the financial, logistical, and administrative aspects of a film's production.",Cinema,Producers
What is the popular nickname for the Hindi-language film industry based in Mumbai?,Bollywood,'RRR' (for the song 'Naatu Naatu'),Movie songs (film songs),A detective or mystery film,A) Bollywood,"Bollywood is the popular nickname for India's Hindi-language film industry, based primarily in Mumbai.",Cinema,Bollywood
Which option correctly answers this: What is the popular nickname for the Telugu-language film industry?,Tollywood,Amitabh Bachchan,Kollywood,A debut,A) Tollywood,Tollywood is the popular nickname for the Telugu-language film industry.,Cinema,Telugu Cinema
Which option correctly answers this: What is a 'blockbuster' in film terminology?,Dr. Rajkumar,A film that achieves exceptionally high box office success,A film that continues the story of an earlier film,A debut,B) A film that achieves exceptionally high box office success,A blockbuster is a term used to describe a film that achieves exceptionally high commercial and box office success.,Cinema,Box Office
Quiz question: Which actor is widely known by the nickname 'Shahenshah of Bollywood'?,To manage the financial and logistical aspects of making a film,A family film,Amitabh Bachchan,Post-production,C) Amitabh Bachchan,"Amitabh Bachchan is widely referred to by fans and media as the 'Shahenshah of Bollywood', among other honorifics.",Cinema,Actors
Which option correctly answers this: What does the term 'cameo' mean in film?,Post-production,CGI (computer-generated imagery) films,"A brief appearance by a notable performer, often uncredited or in a small role",A film that portrays events occurring before an earlier film's story,"C) A brief appearance by a notable performer, often uncredited or in a small role","A cameo refers to a brief appearance in a film by a notable performer, often in a small or uncredited role.",Cinema,Movie Characters
What term describes an actor's first film role or debut?,A film that achieves exceptionally high box office success,A debut,CGI (computer-generated imagery) films,"A film created using techniques like drawings or computer graphics to simulate movement, rather than live actors",B) A debut,A debut refers to an actor's or filmmaker's first professional appearance or work in a film.,Cinema,Actors
"What is the term for a movie's soundtrack songs, common in Indian cinema?",Movie songs (film songs),Ramesh Sippy,Tollywood,The National Film Awards,A) Movie songs (film songs),"Movie songs, or film songs, are musical compositions included as part of a film's soundtrack, especially prominent in Indian cinema.",Cinema,Movie Songs
Choose the correct answer: What does the term 'cameo' mean in film?,"A brief appearance by a notable performer, often uncredited or in a small role",Tollywood,A film that achieves exceptionally high box office success,A debut,"A) A brief appearance by a notable performer, often uncredited or in a small role","A cameo refers to a brief appearance in a film by a notable performer, often in a small or uncredited role.",Cinema,Movie Characters
"Which option correctly answers this: Which film festival is considered one of the most prestigious in the world, held annually in France?",Tollywood,To oversee the creative and technical aspects of making a film,"A film created using techniques like drawings or computer graphics to simulate movement, rather than live actors",The Cannes Film Festival,D) The Cannes Film Festival,"The Cannes Film Festival, held annually in France, is one of the most prestigious and influential film festivals in the world.",Cinema,Film Festivals
Choose the correct answer: What is the popular nickname for the Kannada-language film industry?,Post-production,Box office collection,Hollywood,Sandalwood,D) Sandalwood,"Sandalwood is the popular nickname for the Kannada-language film industry, based in Karnataka.",Cinema,Kannada Cinema
Choose the correct answer: What is an animated film?,Ramesh Sippy,Dr. Rajkumar,Movie songs (film songs),"A film created using techniques like drawings or computer graphics to simulate movement, rather than live actors","D) A film created using techniques like drawings or computer graphics to simulate movement, rather than live actors","An animated film is created using drawings, computer graphics, or other techniques to simulate motion, rather than filming live actors.",Cinema,Famous Films
Which option correctly answers this: Which actor is widely known by the nickname 'Shahenshah of Bollywood'?,To oversee the creative and technical aspects of making a film,'RRR' (for the song 'Naatu Naatu'),A detective or mystery film,Amitabh Bachchan,D) Amitabh Bachchan,"Amitabh Bachchan is widely referred to by fans and media as the 'Shahenshah of Bollywood', among other honorifics.",Cinema,Actors
What is the role of a film director?,CGI (computer-generated imagery) films,'RRR' (for the song 'Naatu Naatu'),Tollywood,To oversee the creative and technical aspects of making a film,D) To oversee the creative and technical aspects of making a film,"A film director oversees the creative and technical aspects of a film's production, guiding the cast and crew.",Cinema,Directors
Choose the correct answer: What is the popular nickname for the Tamil-language film industry?,Kollywood,A film that portrays events occurring before an earlier film's story,"A brief appearance by a notable performer, often uncredited or in a small role",Comedy,A) Kollywood,"Kollywood is the popular nickname for the Tamil-language film industry, based mainly in Chennai.",Cinema,Tamil Cinema
"Choose the correct answer: What is the term for the process of adding sound, music, and effects to a film after shooting?",Post-production,CGI (computer-generated imagery) films,A debut,Dr. Rajkumar,A) Post-production,"Post-production is the phase after filming where editing, sound design, music, and visual effects are added to a film.",Cinema,Cinema History
Quiz question: What term describes films made using computer-generated imagery for visual effects?,"A film created using techniques like drawings or computer graphics to simulate movement, rather than live actors",Dr. Rajkumar,Comedy,CGI (computer-generated imagery) films,D) CGI (computer-generated imagery) films,"CGI films use computer-generated imagery extensively to create visual effects, characters, or entire animated worlds.",Cinema,Cinema History
Quiz question: What is the popular nickname for the Telugu-language film industry?,'RRR' (for the song 'Naatu Naatu'),Box office collection,The Cannes Film Festival,Tollywood,D) Tollywood,Tollywood is the popular nickname for the Telugu-language film industry.,Cinema,Telugu Cinema
Which option correctly answers this: What term describes films made using computer-generated imagery for visual effects?,Sandalwood,Bollywood,A detective or mystery film,CGI (computer-generated imagery) films,D) CGI (computer-generated imagery) films,"CGI films use computer-generated imagery extensively to create visual effects, characters, or entire animated worlds.",Cinema,Cinema History
Which actor is widely known by the nickname 'Shahenshah of Bollywood'?,Amitabh Bachchan,Post-production,The National Film Awards,"A film created using techniques like drawings or computer graphics to simulate movement, rather than live actors",A) Amitabh Bachchan,"Amitabh Bachchan is widely referred to by fans and media as the 'Shahenshah of Bollywood', among other honorifics.",Cinema,Actors
Which option correctly answers this: What are the national film awards of India called?,The Academy Awards (Oscars),The National Film Awards,To manage the financial and logistical aspects of making a film,Ramesh Sippy,B) The National Film Awards,"The National Film Awards are India's most prestigious national film honors, established in 1954.",Cinema,Movie Awards
Quiz question: Who directed the internationally acclaimed Indian film 'Pather Panchali' (1955)?,Box office collection,A film that portrays events occurring before an earlier film's story,Satyajit Ray,The Cannes Film Festival,C) Satyajit Ray,"Satyajit Ray directed 'Pather Panchali' (1955), a landmark of Indian and world cinema.",Cinema,Cinema History
Which major Indian film festival is held annually in Goa?,A film that continues the story of an earlier film,The International Film Festival of India (IFFI),A film that achieves exceptionally high box office success,"A brief appearance by a notable performer, often uncredited or in a small role",B) The International Film Festival of India (IFFI),The International Film Festival of India (IFFI) is a major annual film festival held in Goa.,Cinema,Film Festivals
What are the national film awards of India called?,To oversee the creative and technical aspects of making a film,The National Film Awards,A film that continues the story of an earlier film,Amitabh Bachchan,B) The National Film Awards,"The National Film Awards are India's most prestigious national film honors, established in 1954.",Cinema,Movie Awards
Which option correctly answers this: What is the role of a film producer?,"A film created using techniques like drawings or computer graphics to simulate movement, rather than live actors",CGI (computer-generated imagery) films,To manage the financial and logistical aspects of making a film,Post-production,C) To manage the financial and logistical aspects of making a film,"A film producer manages the financial, logistical, and administrative aspects of a film's production.",Cinema,Producers
Quiz question: What is the term for the American film industry centered in Los Angeles?,A film that achieves exceptionally high box office success,Tollywood,Hollywood,A debut,C) Hollywood,"Hollywood refers to the American film industry, historically centered in the Hollywood district of Los Angeles.",Cinema,Hollywood
"Quiz question: What is the term for a movie's soundtrack songs, common in Indian cinema?",Movie songs (film songs),CGI (computer-generated imagery) films,A film that achieves exceptionally high box office success,Kollywood,A) Movie songs (film songs),"Movie songs, or film songs, are musical compositions included as part of a film's soundtrack, especially prominent in Indian cinema.",Cinema,Movie Songs
What genre of film typically centers on solving a crime or mystery?,A debut,Dr. Rajkumar,A detective or mystery film,A film that achieves exceptionally high box office success,C) A detective or mystery film,"Detective or mystery films typically center on solving a crime, uncovering secrets, or unraveling a mystery.",Cinema,Famous Films
Which option correctly answers this: Which actor is widely known by the nickname 'Shahenshah of Bollywood'?,Comedy,A film that portrays events occurring before an earlier film's story,Amitabh Bachchan,Dr. Rajkumar,C) Amitabh Bachchan,"Amitabh Bachchan is widely referred to by fans and media as the 'Shahenshah of Bollywood', among other honorifics.",Cinema,Actors
Which option correctly answers this: What is a 'prequel' in film terminology?,A film that portrays events occurring before an earlier film's story,CGI (computer-generated imagery) films,Movie songs (film songs),"A film created using techniques like drawings or computer graphics to simulate movement, rather than live actors",A) A film that portrays events occurring before an earlier film's story,A prequel portrays events that take place chronologically before the story of an earlier related film.,Cinema,Famous Films
Choose the correct answer: What is the term for the genre of films focused primarily on making audiences laugh?,Comedy,Ramesh Sippy,A film that portrays events occurring before an earlier film's story,Sandalwood,A) Comedy,"Comedy is a film genre specifically focused on humor, designed primarily to entertain and amuse audiences.",Cinema,Famous Films
Quiz question: What is the term for a movie made specifically for children and family audiences?,The National Film Awards,"A film created using techniques like drawings or computer graphics to simulate movement, rather than live actors",Amitabh Bachchan,A family film,D) A family film,"A family film is created with content and themes suitable and appealing for audiences of all ages, especially children.",Cinema,Famous Films
Which international film award is considered the most prestigious in the American film industry?,The Academy Awards (Oscars),Hollywood,A detective or mystery film,CGI (computer-generated imagery) films,A) The Academy Awards (Oscars),"The Academy Awards, commonly known as the Oscars, are considered the most prestigious awards in the American film industry.",Cinema,Movie Awards
Choose the correct answer: What does the term 'cameo' mean in film?,Post-production,"A brief appearance by a notable performer, often uncredited or in a small role",The Cannes Film Festival,Kollywood,"B) A brief appearance by a notable performer, often uncredited or in a small role","A cameo refers to a brief appearance in a film by a notable performer, often in a small or uncredited role.",Cinema,Movie Characters
Quiz question: What is the term for the genre of films focused primarily on making audiences laugh?,Tollywood,Comedy,A debut,Sandalwood,B) Comedy,"Comedy is a film genre specifically focused on humor, designed primarily to entertain and amuse audiences.",Cinema,Famous Films
Quiz question: What is the term for a film's total earnings from ticket sales?,"A brief appearance by a notable performer, often uncredited or in a small role",To oversee the creative and technical aspects of making a film,A film that portrays events occurring before an earlier film's story,Box office collection,D) Box office collection,Box office collection refers to the total revenue a film earns from ticket sales.,Cinema,Box Office
Choose the correct answer: What is the popular nickname for the Tamil-language film industry?,Satyajit Ray,Bollywood,'RRR' (for the song 'Naatu Naatu'),Kollywood,D) Kollywood,"Kollywood is the popular nickname for the Tamil-language film industry, based mainly in Chennai.",Cinema,Tamil Cinema
Choose the correct answer: What is the term for the genre of films focused primarily on making audiences laugh?,Comedy,Movie songs (film songs),The National Film Awards,Amitabh Bachchan,A) Comedy,"Comedy is a film genre specifically focused on humor, designed primarily to entertain and amuse audiences.",Cinema,Famous Films
"Choose the correct answer: Who played the character in a lead role of many iconic Kannada films and is often called a legendary figure of Sandalwood, honored with titles like 'Varanatha Tara'?",Tollywood,Dr. Rajkumar,The International Film Festival of India (IFFI),'RRR' (for the song 'Naatu Naatu'),B) Dr. Rajkumar,"Dr. Rajkumar is widely regarded as a legendary figure of Kannada cinema, celebrated for his extensive body of work.",Cinema,Kannada Cinema
Quiz question: What is an animated film?,A debut,"A film created using techniques like drawings or computer graphics to simulate movement, rather than live actors",'RRR' (for the song 'Naatu Naatu'),"A brief appearance by a notable performer, often uncredited or in a small role","B) A film created using techniques like drawings or computer graphics to simulate movement, rather than live actors","An animated film is created using drawings, computer graphics, or other techniques to simulate motion, rather than filming live actors.",Cinema,Famous Films
What is a 'sequel' in film terminology?,A detective or mystery film,A film that portrays events occurring before an earlier film's story,A film that continues the story of an earlier film,The National Film Awards,C) A film that continues the story of an earlier film,A sequel is a film that continues or expands upon the story or characters introduced in an earlier film.,Cinema,Famous Films
Choose the correct answer: What is the popular nickname for the Hindi-language film industry based in Mumbai?,Bollywood,Sandalwood,CGI (computer-generated imagery) films,Tollywood,A) Bollywood,"Bollywood is the popular nickname for India's Hindi-language film industry, based primarily in Mumbai.",Cinema,Bollywood
Who directed the internationally acclaimed Indian film 'Pather Panchali' (1955)?,The Cannes Film Festival,Sandalwood,A family film,Satyajit Ray,D) Satyajit Ray,"Satyajit Ray directed 'Pather Panchali' (1955), a landmark of Indian and world cinema.",Cinema,Cinema History
"Choose the correct answer: Which Indian film became widely recognized internationally after winning major awards including at the 2023 Oscars, for its song?",'RRR' (for the song 'Naatu Naatu'),CGI (computer-generated imagery) films,Dr. Rajkumar,Satyajit Ray,A) 'RRR' (for the song 'Naatu Naatu'),"'RRR' gained major international recognition, including winning the Oscar for Best Original Song for 'Naatu Naatu' at the 2023 Academy Awards.",Cinema,Movie Awards
"Which option correctly answers this: Which film festival is considered one of the most prestigious in the world, held annually in France?",CGI (computer-generated imagery) films,The Cannes Film Festival,A family film,To oversee the creative and technical aspects of making a film,B) The Cannes Film Festival,"The Cannes Film Festival, held annually in France, is one of the most prestigious and influential film festivals in the world.",Cinema,Film Festivals
What is an animated film?,CGI (computer-generated imagery) films,"A film created using techniques like drawings or computer graphics to simulate movement, rather than live actors",Hollywood,Ramesh Sippy,"B) A film created using techniques like drawings or computer graphics to simulate movement, rather than live actors","An animated film is created using drawings, computer graphics, or other techniques to simulate motion, rather than filming live actors.",Cinema,Famous Films
Which option correctly answers this: What is the role of a film producer?,A family film,The International Film Festival of India (IFFI),To manage the financial and logistical aspects of making a film,Bollywood,C) To manage the financial and logistical aspects of making a film,"A film producer manages the financial, logistical, and administrative aspects of a film's production.",Cinema,Producers
"Which option correctly answers this: What is the term for the process of adding sound, music, and effects to a film after shooting?",Box office collection,Post-production,CGI (computer-generated imagery) films,To manage the financial and logistical aspects of making a film,B) Post-production,"Post-production is the phase after filming where editing, sound design, music, and visual effects are added to a film.",Cinema,Cinema History
"Which film festival is considered one of the most prestigious in the world, held annually in France?",Dr. Rajkumar,The Cannes Film Festival,A film that achieves exceptionally high box office success,A film that portrays events occurring before an earlier film's story,B) The Cannes Film Festival,"The Cannes Film Festival, held annually in France, is one of the most prestigious and influential film festivals in the world.",Cinema,Film Festivals
What is a 'blockbuster' in film terminology?,The National Film Awards,A film that portrays events occurring before an earlier film's story,A film that achieves exceptionally high box office success,The Academy Awards (Oscars),C) A film that achieves exceptionally high box office success,A blockbuster is a term used to describe a film that achieves exceptionally high commercial and box office success.,Cinema,Box Office
What is the term for the genre of films focused primarily on making audiences laugh?,Comedy,Satyajit Ray,A detective or mystery film,The Cannes Film Festival,A) Comedy,"Comedy is a film genre specifically focused on humor, designed primarily to entertain and amuse audiences.",Cinema,Famous Films
Choose the correct answer: What is the popular nickname for the Telugu-language film industry?,Hollywood,Tollywood,A film that continues the story of an earlier film,The Cannes Film Festival,B) Tollywood,Tollywood is the popular nickname for the Telugu-language film industry.,Cinema,Telugu Cinema
What is a 'blockbuster' in film terminology?,Kollywood,A family film,Box office collection,A film that achieves exceptionally high box office success,D) A film that achieves exceptionally high box office success,A blockbuster is a term used to describe a film that achieves exceptionally high commercial and box office success.,Cinema,Box Office
"Who played the character in a lead role of many iconic Kannada films and is often called a legendary figure of Sandalwood, honored with titles like 'Varanatha Tara'?",Dr. Rajkumar,CGI (computer-generated imagery) films,A detective or mystery film,Hollywood,A) Dr. Rajkumar,"Dr. Rajkumar is widely regarded as a legendary figure of Kannada cinema, celebrated for his extensive body of work.",Cinema,Kannada Cinema
What is the popular nickname for the Kannada-language film industry?,To oversee the creative and technical aspects of making a film,To manage the financial and logistical aspects of making a film,Sandalwood,Post-production,C) Sandalwood,"Sandalwood is the popular nickname for the Kannada-language film industry, based in Karnataka.",Cinema,Kannada Cinema
"Choose the correct answer: Who played the character in a lead role of many iconic Kannada films and is often called a legendary figure of Sandalwood, honored with titles like 'Varanatha Tara'?",Dr. Rajkumar,To oversee the creative and technical aspects of making a film,The International Film Festival of India (IFFI),A film that continues the story of an earlier film,A) Dr. Rajkumar,"Dr. Rajkumar is widely regarded as a legendary figure of Kannada cinema, celebrated for his extensive body of work.",Cinema,Kannada Cinema
Which option correctly answers this: What is the term for a film's total earnings from ticket sales?,Ramesh Sippy,Comedy,Box office collection,To manage the financial and logistical aspects of making a film,C) Box office collection,Box office collection refers to the total revenue a film earns from ticket sales.,Cinema,Box Office
"Choose the correct answer: Who directed the film 'Sholay' (1975), a landmark of Indian cinema?",A film that achieves exceptionally high box office success,Sandalwood,'RRR' (for the song 'Naatu Naatu'),Ramesh Sippy,D) Ramesh Sippy,"Ramesh Sippy directed 'Sholay' (1975), one of the most iconic and commercially successful films in Indian cinema history.",Cinema,Bollywood
"What is the term for the process of adding sound, music, and effects to a film after shooting?",To manage the financial and logistical aspects of making a film,A family film,Post-production,"A brief appearance by a notable performer, often uncredited or in a small role",C) Post-production,"Post-production is the phase after filming where editing, sound design, music, and visual effects are added to a film.",Cinema,Cinema History
Choose the correct answer: What does the term 'cameo' mean in film?,A film that portrays events occurring before an earlier film's story,A family film,Box office collection,"A brief appearance by a notable performer, often uncredited or in a small role","D) A brief appearance by a notable performer, often uncredited or in a small role","A cameo refers to a brief appearance in a film by a notable performer, often in a small or uncredited role.",Cinema,Movie Characters
What is a 'blockbuster' in film terminology?,A film that continues the story of an earlier film,A film that achieves exceptionally high box office success,Dr. Rajkumar,Satyajit Ray,B) A film that achieves exceptionally high box office success,A blockbuster is a term used to describe a film that achieves exceptionally high commercial and box office success.,Cinema,Box Office
Choose the correct answer: What is a 'blockbuster' in film terminology?,A film that achieves exceptionally high box office success,Box office collection,Sandalwood,"A brief appearance by a notable performer, often uncredited or in a small role",A) A film that achieves exceptionally high box office success,A blockbuster is a term used to describe a film that achieves exceptionally high commercial and box office success.,Cinema,Box Office
What is the popular nickname for the Hindi-language film industry based in Mumbai?,CGI (computer-generated imagery) films,'RRR' (for the song 'Naatu Naatu'),Tollywood,Bollywood,D) Bollywood,"Bollywood is the popular nickname for India's Hindi-language film industry, based primarily in Mumbai.",Cinema,Bollywood
Quiz question: What is a 'sequel' in film terminology?,The Academy Awards (Oscars),Amitabh Bachchan,A film that continues the story of an earlier film,Satyajit Ray,C) A film that continues the story of an earlier film,A sequel is a film that continues or expands upon the story or characters introduced in an earlier film.,Cinema,Famous Films
"Which option correctly answers this: What is the term for the process of adding sound, music, and effects to a film after shooting?",Post-production,Kollywood,To oversee the creative and technical aspects of making a film,Hollywood,A) Post-production,"Post-production is the phase after filming where editing, sound design, music, and visual effects are added to a film.",Cinema,Cinema History
Which option correctly answers this: What is a 'sequel' in film terminology?,A film that continues the story of an earlier film,Kollywood,Comedy,Post-production,A) A film that continues the story of an earlier film,A sequel is a film that continues or expands upon the story or characters introduced in an earlier film.,Cinema,Famous Films
Choose the correct answer: What is the term for a film's total earnings from ticket sales?,Movie songs (film songs),Box office collection,Bollywood,A family film,B) Box office collection,Box office collection refers to the total revenue a film earns from ticket sales.,Cinema,Box Office
Quiz question: What is an animated film?,To oversee the creative and technical aspects of making a film,Ramesh Sippy,Sandalwood,"A film created using techniques like drawings or computer graphics to simulate movement, rather than live actors","D) A film created using techniques like drawings or computer graphics to simulate movement, rather than live actors","An animated film is created using drawings, computer graphics, or other techniques to simulate motion, rather than filming live actors.",Cinema,Famous Films
Quiz question: What is the role of a film director?,Post-production,To oversee the creative and technical aspects of making a film,Tollywood,The Cannes Film Festival,B) To oversee the creative and technical aspects of making a film,"A film director oversees the creative and technical aspects of a film's production, guiding the cast and crew.",Cinema,Directors
Choose the correct answer: What is a 'sequel' in film terminology?,A film that continues the story of an earlier film,A film that achieves exceptionally high box office success,Movie songs (film songs),Ramesh Sippy,A) A film that continues the story of an earlier film,A sequel is a film that continues or expands upon the story or characters introduced in an earlier film.,Cinema,Famous Films
Which option correctly answers this: What is the term for the genre of films focused primarily on making audiences laugh?,The Cannes Film Festival,Comedy,Dr. Rajkumar,Box office collection,B) Comedy,"Comedy is a film genre specifically focused on humor, designed primarily to entertain and amuse audiences.",Cinema,Famous Films
What is the term for the American film industry centered in Los Angeles?,Hollywood,To oversee the creative and technical aspects of making a film,The Cannes Film Festival,A film that achieves exceptionally high box office success,A) Hollywood,"Hollywood refers to the American film industry, historically centered in the Hollywood district of Los Angeles.",Cinema,Hollywood
Which option correctly answers this: What is the term for a movie made specifically for children and family audiences?,Kollywood,The Cannes Film Festival,Ramesh Sippy,A family film,D) A family film,"A family film is created with content and themes suitable and appealing for audiences of all ages, especially children.",Cinema,Famous Films
Choose the correct answer: What is a 'prequel' in film terminology?,A film that portrays events occurring before an earlier film's story,Comedy,A film that continues the story of an earlier film,Post-production,A) A film that portrays events occurring before an earlier film's story,A prequel portrays events that take place chronologically before the story of an earlier related film.,Cinema,Famous Films
Choose the correct answer: Who directed the internationally acclaimed Indian film 'Pather Panchali' (1955)?,Satyajit Ray,To manage the financial and logistical aspects of making a film,Dr. Rajkumar,Post-production,A) Satyajit Ray,"Satyajit Ray directed 'Pather Panchali' (1955), a landmark of Indian and world cinema.",Cinema,Cinema History
Which international film award is considered the most prestigious in the American film industry?,Bollywood,A debut,The International Film Festival of India (IFFI),The Academy Awards (Oscars),D) The Academy Awards (Oscars),"The Academy Awards, commonly known as the Oscars, are considered the most prestigious awards in the American film industry.",Cinema,Movie Awards
Which option correctly answers this: What is the role of a film director?,To oversee the creative and technical aspects of making a film,Comedy,Dr. Rajkumar,A film that portrays events occurring before an earlier film's story,A) To oversee the creative and technical aspects of making a film,"A film director oversees the creative and technical aspects of a film's production, guiding the cast and crew.",Cinema,Directors
Choose the correct answer: What are the national film awards of India called?,A family film,The National Film Awards,Amitabh Bachchan,To oversee the creative and technical aspects of making a film,B) The National Film Awards,"The National Film Awards are India's most prestigious national film honors, established in 1954.",Cinema,Movie Awards
Quiz question: Who directed the internationally acclaimed Indian film 'Pather Panchali' (1955)?,Satyajit Ray,Box office collection,Hollywood,"A brief appearance by a notable performer, often uncredited or in a small role",A) Satyajit Ray,"Satyajit Ray directed 'Pather Panchali' (1955), a landmark of Indian and world cinema.",Cinema,Cinema History
What is the term for the American film industry centered in Los Angeles?,Hollywood,Bollywood,A film that achieves exceptionally high box office success,Dr. Rajkumar,A) Hollywood,"Hollywood refers to the American film industry, historically centered in the Hollywood district of Los Angeles.",Cinema,Hollywood
Which international film award is considered the most prestigious in the American film industry?,Post-production,Hollywood,The Academy Awards (Oscars),A film that portrays events occurring before an earlier film's story,C) The Academy Awards (Oscars),"The Academy Awards, commonly known as the Oscars, are considered the most prestigious awards in the American film industry.",Cinema,Movie Awards
Which major Indian film festival is held annually in Goa?,The Cannes Film Festival,Ramesh Sippy,The International Film Festival of India (IFFI),A film that portrays events occurring before an earlier film's story,C) The International Film Festival of India (IFFI),The International Film Festival of India (IFFI) is a major annual film festival held in Goa.,Cinema,Film Festivals
Quiz question: What is the term for a movie made specifically for children and family audiences?,A family film,Bollywood,To oversee the creative and technical aspects of making a film,The Academy Awards (Oscars),A) A family film,"A family film is created with content and themes suitable and appealing for audiences of all ages, especially children.",Cinema,Famous Films
Quiz question: What genre of film typically centers on solving a crime or mystery?,The Academy Awards (Oscars),A detective or mystery film,Ramesh Sippy,Amitabh Bachchan,B) A detective or mystery film,"Detective or mystery films typically center on solving a crime, uncovering secrets, or unraveling a mystery.",Cinema,Famous Films
Which option correctly answers this: What is the role of a film producer?,"A brief appearance by a notable performer, often uncredited or in a small role",To manage the financial and logistical aspects of making a film,Tollywood,A family film,B) To manage the financial and logistical aspects of making a film,"A film producer manages the financial, logistical, and administrative aspects of a film's production.",Cinema,Producers
Quiz question: Which major Indian film festival is held annually in Goa?,A film that achieves exceptionally high box office success,The International Film Festival of India (IFFI),Kollywood,A detective or mystery film,B) The International Film Festival of India (IFFI),The International Film Festival of India (IFFI) is a major annual film festival held in Goa.,Cinema,Film Festivals
Choose the correct answer: What is an animated film?,Tollywood,"A film created using techniques like drawings or computer graphics to simulate movement, rather than live actors",'RRR' (for the song 'Naatu Naatu'),The Cannes Film Festival,"B) A film created using techniques like drawings or computer graphics to simulate movement, rather than live actors","An animated film is created using drawings, computer graphics, or other techniques to simulate motion, rather than filming live actors.",Cinema,Famous Films
What is the term for a film's total earnings from ticket sales?,"A brief appearance by a notable performer, often uncredited or in a small role",Movie songs (film songs),Ramesh Sippy,Box office collection,D) Box office collection,Box office collection refers to the total revenue a film earns from ticket sales.,Cinema,Box Office
Which option correctly answers this: What is the term for the American film industry centered in Los Angeles?,To oversee the creative and technical aspects of making a film,Hollywood,Comedy,Amitabh Bachchan,B) Hollywood,"Hollywood refers to the American film industry, historically centered in the Hollywood district of Los Angeles.",Cinema,Hollywood
Quiz question: What is the role of a film director?,To oversee the creative and technical aspects of making a film,Bollywood,"A film created using techniques like drawings or computer graphics to simulate movement, rather than live actors",To manage the financial and logistical aspects of making a film,A) To oversee the creative and technical aspects of making a film,"A film director oversees the creative and technical aspects of a film's production, guiding the cast and crew.",Cinema,Directors
Which option correctly answers this: What is a 'sequel' in film terminology?,Sandalwood,The Academy Awards (Oscars),A film that continues the story of an earlier film,A film that portrays events occurring before an earlier film's story,C) A film that continues the story of an earlier film,A sequel is a film that continues or expands upon the story or characters introduced in an earlier film.,Cinema,Famous Films
Choose the correct answer: What is a 'blockbuster' in film terminology?,A film that continues the story of an earlier film,A film that achieves exceptionally high box office success,'RRR' (for the song 'Naatu Naatu'),A debut,B) A film that achieves exceptionally high box office success,A blockbuster is a term used to describe a film that achieves exceptionally high commercial and box office success.,Cinema,Box Office
Quiz question: Who directed the internationally acclaimed Indian film 'Pather Panchali' (1955)?,The National Film Awards,The International Film Festival of India (IFFI),Kollywood,Satyajit Ray,D) Satyajit Ray,"Satyajit Ray directed 'Pather Panchali' (1955), a landmark of Indian and world cinema.",Cinema,Cinema History
Which option correctly answers this: What is the popular nickname for the Tamil-language film industry?,Kollywood,Tollywood,Satyajit Ray,"A film created using techniques like drawings or computer graphics to simulate movement, rather than live actors",A) Kollywood,"Kollywood is the popular nickname for the Tamil-language film industry, based mainly in Chennai.",Cinema,Tamil Cinema
Quiz question: Which actor is widely known by the nickname 'Shahenshah of Bollywood'?,Comedy,The National Film Awards,Amitabh Bachchan,To manage the financial and logistical aspects of making a film,C) Amitabh Bachchan,"Amitabh Bachchan is widely referred to by fans and media as the 'Shahenshah of Bollywood', among other honorifics.",Cinema,Actors
Which option correctly answers this: What is a 'blockbuster' in film terminology?,The International Film Festival of India (IFFI),Amitabh Bachchan,A debut,A film that achieves exceptionally high box office success,D) A film that achieves exceptionally high box office success,A blockbuster is a term used to describe a film that achieves exceptionally high commercial and box office success.,Cinema,Box Office
Choose the correct answer: Which international film award is considered the most prestigious in the American film industry?,A film that portrays events occurring before an earlier film's story,Satyajit Ray,The National Film Awards,The Academy Awards (Oscars),D) The Academy Awards (Oscars),"The Academy Awards, commonly known as the Oscars, are considered the most prestigious awards in the American film industry.",Cinema,Movie Awards
Quiz question: What is the term for the genre of films focused primarily on making audiences laugh?,Comedy,A detective or mystery film,"A brief appearance by a notable performer, often uncredited or in a small role",Kollywood,A) Comedy,"Comedy is a film genre specifically focused on humor, designed primarily to entertain and amuse audiences.",Cinema,Famous Films
Which option correctly answers this: What is a 'blockbuster' in film terminology?,A debut,Tollywood,"A film created using techniques like drawings or computer graphics to simulate movement, rather than live actors",A film that achieves exceptionally high box office success,D) A film that achieves exceptionally high box office success,A blockbuster is a term used to describe a film that achieves exceptionally high commercial and box office success.,Cinema,Box Office
Choose the correct answer: Who directed the internationally acclaimed Indian film 'Pather Panchali' (1955)?,The Academy Awards (Oscars),Amitabh Bachchan,Satyajit Ray,To oversee the creative and technical aspects of making a film,C) Satyajit Ray,"Satyajit Ray directed 'Pather Panchali' (1955), a landmark of Indian and world cinema.",Cinema,Cinema History
Choose the correct answer: What is the popular nickname for the Kannada-language film industry?,Box office collection,Comedy,A film that portrays events occurring before an earlier film's story,Sandalwood,D) Sandalwood,"Sandalwood is the popular nickname for the Kannada-language film industry, based in Karnataka.",Cinema,Kannada Cinema
Which option correctly answers this: What is a 'sequel' in film terminology?,Kollywood,Comedy,A film that continues the story of an earlier film,"A brief appearance by a notable performer, often uncredited or in a small role",C) A film that continues the story of an earlier film,A sequel is a film that continues or expands upon the story or characters introduced in an earlier film.,Cinema,Famous Films
Which option correctly answers this: What term describes an actor's first film role or debut?,A debut,The National Film Awards,Bollywood,Tollywood,A) A debut,A debut refers to an actor's or filmmaker's first professional appearance or work in a film.,Cinema,Actors
"Quiz question: Who directed the film 'Sholay' (1975), a landmark of Indian cinema?","A brief appearance by a notable performer, often uncredited or in a small role",Ramesh Sippy,Tollywood,Bollywood,B) Ramesh Sippy,"Ramesh Sippy directed 'Sholay' (1975), one of the most iconic and commercially successful films in Indian cinema history.",Cinema,Bollywood
Which option correctly answers this: What is the term for a film's total earnings from ticket sales?,Box office collection,Post-production,A detective or mystery film,A film that continues the story of an earlier film,A) Box office collection,Box office collection refers to the total revenue a film earns from ticket sales.,Cinema,Box Office
Quiz question: What is an animated film?,A detective or mystery film,"A film created using techniques like drawings or computer graphics to simulate movement, rather than live actors",Comedy,A film that portrays events occurring before an earlier film's story,"B) A film created using techniques like drawings or computer graphics to simulate movement, rather than live actors","An animated film is created using drawings, computer graphics, or other techniques to simulate motion, rather than filming live actors.",Cinema,Famous Films
Quiz question: What is the popular nickname for the Hindi-language film industry based in Mumbai?,The Academy Awards (Oscars),Movie songs (film songs),A debut,Bollywood,D) Bollywood,"Bollywood is the popular nickname for India's Hindi-language film industry, based primarily in Mumbai.",Cinema,Bollywood
Quiz question: What is a 'blockbuster' in film terminology?,The Cannes Film Festival,To oversee the creative and technical aspects of making a film,A film that achieves exceptionally high box office success,Movie songs (film songs),C) A film that achieves exceptionally high box office success,A blockbuster is a term used to describe a film that achieves exceptionally high commercial and box office success.,Cinema,Box Office
"Quiz question: Who played the character in a lead role of many iconic Kannada films and is often called a legendary figure of Sandalwood, honored with titles like 'Varanatha Tara'?",Satyajit Ray,Dr. Rajkumar,To manage the financial and logistical aspects of making a film,The Cannes Film Festival,B) Dr. Rajkumar,"Dr. Rajkumar is widely regarded as a legendary figure of Kannada cinema, celebrated for his extensive body of work.",Cinema,Kannada Cinema
Which option correctly answers this: What is the term for a film's total earnings from ticket sales?,The National Film Awards,Box office collection,Sandalwood,"A film created using techniques like drawings or computer graphics to simulate movement, rather than live actors",B) Box office collection,Box office collection refers to the total revenue a film earns from ticket sales.,Cinema,Box Office
"Quiz question: What is the term for a movie's soundtrack songs, common in Indian cinema?",Kollywood,Movie songs (film songs),Hollywood,Ramesh Sippy,B) Movie songs (film songs),"Movie songs, or film songs, are musical compositions included as part of a film's soundtrack, especially prominent in Indian cinema.",Cinema,Movie Songs
"Which option correctly answers this: Which film festival is considered one of the most prestigious in the world, held annually in France?",Bollywood,Post-production,The National Film Awards,The Cannes Film Festival,D) The Cannes Film Festival,"The Cannes Film Festival, held annually in France, is one of the most prestigious and influential film festivals in the world.",Cinema,Film Festivals
Choose the correct answer: What term describes an actor's first film role or debut?,A debut,The Academy Awards (Oscars),To oversee the creative and technical aspects of making a film,'RRR' (for the song 'Naatu Naatu'),A) A debut,A debut refers to an actor's or filmmaker's first professional appearance or work in a film.,Cinema,Actors
Which option correctly answers this: What is the role of a film director?,Kollywood,To oversee the creative and technical aspects of making a film,Sandalwood,To manage the financial and logistical aspects of making a film,B) To oversee the creative and technical aspects of making a film,"A film director oversees the creative and technical aspects of a film's production, guiding the cast and crew.",Cinema,Directors
"Quiz question: Which film festival is considered one of the most prestigious in the world, held annually in France?",Movie songs (film songs),Post-production,The Cannes Film Festival,To manage the financial and logistical aspects of making a film,C) The Cannes Film Festival,"The Cannes Film Festival, held annually in France, is one of the most prestigious and influential film festivals in the world.",Cinema,Film Festivals
Quiz question: What is the role of a film producer?,Post-production,"A brief appearance by a notable performer, often uncredited or in a small role",The Academy Awards (Oscars),To manage the financial and logistical aspects of making a film,D) To manage the financial and logistical aspects of making a film,"A film producer manages the financial, logistical, and administrative aspects of a film's production.",Cinema,Producers
"Quiz question: Which Indian film became widely recognized internationally after winning major awards including at the 2023 Oscars, for its song?",A family film,'RRR' (for the song 'Naatu Naatu'),A detective or mystery film,The National Film Awards,B) 'RRR' (for the song 'Naatu Naatu'),"'RRR' gained major international recognition, including winning the Oscar for Best Original Song for 'Naatu Naatu' at the 2023 Academy Awards.",Cinema,Movie Awards
Which option correctly answers this: What is the popular nickname for the Telugu-language film industry?,Tollywood,Kollywood,The Cannes Film Festival,Ramesh Sippy,A) Tollywood,Tollywood is the popular nickname for the Telugu-language film industry.,Cinema,Telugu Cinema
Which option correctly answers this: What is the term for the genre of films focused primarily on making audiences laugh?,Comedy,Kollywood,The International Film Festival of India (IFFI),Sandalwood,A) Comedy,"Comedy is a film genre specifically focused on humor, designed primarily to entertain and amuse audiences.",Cinema,Famous Films
What is an animated film?,To manage the financial and logistical aspects of making a film,"A film created using techniques like drawings or computer graphics to simulate movement, rather than live actors","A brief appearance by a notable performer, often uncredited or in a small role",A family film,"B) A film created using techniques like drawings or computer graphics to simulate movement, rather than live actors","An animated film is created using drawings, computer graphics, or other techniques to simulate motion, rather than filming live actors.",Cinema,Famous Films
Choose the correct answer: What is the popular nickname for the Tamil-language film industry?,Kollywood,Box office collection,Movie songs (film songs),Comedy,A) Kollywood,"Kollywood is the popular nickname for the Tamil-language film industry, based mainly in Chennai.",Cinema,Tamil Cinema
What is an animated film?,CGI (computer-generated imagery) films,Post-production,"A film created using techniques like drawings or computer graphics to simulate movement, rather than live actors",To manage the financial and logistical aspects of making a film,"C) A film created using techniques like drawings or computer graphics to simulate movement, rather than live actors","An animated film is created using drawings, computer graphics, or other techniques to simulate motion, rather than filming live actors.",Cinema,Famous Films
"Choose the correct answer: Which Indian film became widely recognized internationally after winning major awards including at the 2023 Oscars, for its song?",'RRR' (for the song 'Naatu Naatu'),To oversee the creative and technical aspects of making a film,A detective or mystery film,Comedy,A) 'RRR' (for the song 'Naatu Naatu'),"'RRR' gained major international recognition, including winning the Oscar for Best Original Song for 'Naatu Naatu' at the 2023 Academy Awards.",Cinema,Movie Awards
Choose the correct answer: What term describes an actor's first film role or debut?,Comedy,A film that continues the story of an earlier film,A debut,A film that portrays events occurring before an earlier film's story,C) A debut,A debut refers to an actor's or filmmaker's first professional appearance or work in a film.,Cinema,Actors
Choose the correct answer: Which actor is widely known by the nickname 'Shahenshah of Bollywood'?,Amitabh Bachchan,Hollywood,Sandalwood,A film that achieves exceptionally high box office success,A) Amitabh Bachchan,"Amitabh Bachchan is widely referred to by fans and media as the 'Shahenshah of Bollywood', among other honorifics.",Cinema,Actors
"Which option correctly answers this: Which Indian film became widely recognized internationally after winning major awards including at the 2023 Oscars, for its song?",'RRR' (for the song 'Naatu Naatu'),A film that achieves exceptionally high box office success,Post-production,A family film,A) 'RRR' (for the song 'Naatu Naatu'),"'RRR' gained major international recognition, including winning the Oscar for Best Original Song for 'Naatu Naatu' at the 2023 Academy Awards.",Cinema,Movie Awards
Which major Indian film festival is held annually in Goa?,The International Film Festival of India (IFFI),Ramesh Sippy,'RRR' (for the song 'Naatu Naatu'),Comedy,A) The International Film Festival of India (IFFI),The International Film Festival of India (IFFI) is a major annual film festival held in Goa.,Cinema,Film Festivals
Choose the correct answer: Which actor is widely known by the nickname 'Shahenshah of Bollywood'?,A film that portrays events occurring before an earlier film's story,Amitabh Bachchan,A film that achieves exceptionally high box office success,The National Film Awards,B) Amitabh Bachchan,"Amitabh Bachchan is widely referred to by fans and media as the 'Shahenshah of Bollywood', among other honorifics.",Cinema,Actors
Who directed the internationally acclaimed Indian film 'Pather Panchali' (1955)?,Bollywood,'RRR' (for the song 'Naatu Naatu'),To manage the financial and logistical aspects of making a film,Satyajit Ray,D) Satyajit Ray,"Satyajit Ray directed 'Pather Panchali' (1955), a landmark of Indian and world cinema.",Cinema,Cinema History
"Which film festival is considered one of the most prestigious in the world, held annually in France?",The Cannes Film Festival,The National Film Awards,"A film created using techniques like drawings or computer graphics to simulate movement, rather than live actors",A detective or mystery film,A) The Cannes Film Festival,"The Cannes Film Festival, held annually in France, is one of the most prestigious and influential film festivals in the world.",Cinema,Film Festivals
Choose the correct answer: What is the term for the genre of films focused primarily on making audiences laugh?,"A film created using techniques like drawings or computer graphics to simulate movement, rather than live actors",Box office collection,Comedy,A film that achieves exceptionally high box office success,C) Comedy,"Comedy is a film genre specifically focused on humor, designed primarily to entertain and amuse audiences.",Cinema,Famous Films
"Which option correctly answers this: What is the term for the process of adding sound, music, and effects to a film after shooting?",Post-production,The National Film Awards,"A film created using techniques like drawings or computer graphics to simulate movement, rather than live actors",Dr. Rajkumar,A) Post-production,"Post-production is the phase after filming where editing, sound design, music, and visual effects are added to a film.",Cinema,Cinema History
"Which option correctly answers this: Who played the character in a lead role of many iconic Kannada films and is often called a legendary figure of Sandalwood, honored with titles like 'Varanatha Tara'?",The Cannes Film Festival,A detective or mystery film,Bollywood,Dr. Rajkumar,D) Dr. Rajkumar,"Dr. Rajkumar is widely regarded as a legendary figure of Kannada cinema, celebrated for his extensive body of work.",Cinema,Kannada Cinema
Quiz question: What is an animated film?,A detective or mystery film,"A film created using techniques like drawings or computer graphics to simulate movement, rather than live actors",Hollywood,Tollywood,"B) A film created using techniques like drawings or computer graphics to simulate movement, rather than live actors","An animated film is created using drawings, computer graphics, or other techniques to simulate motion, rather than filming live actors.",Cinema,Famous Films
What is a 'prequel' in film terminology?,Movie songs (film songs),Post-production,A film that portrays events occurring before an earlier film's story,A debut,C) A film that portrays events occurring before an earlier film's story,A prequel portrays events that take place chronologically before the story of an earlier related film.,Cinema,Famous Films
Quiz question: What is the role of a film director?,Tollywood,Hollywood,To oversee the creative and technical aspects of making a film,"A brief appearance by a notable performer, often uncredited or in a small role",C) To oversee the creative and technical aspects of making a film,"A film director oversees the creative and technical aspects of a film's production, guiding the cast and crew.",Cinema,Directors
Quiz question: What is the popular nickname for the Telugu-language film industry?,Tollywood,CGI (computer-generated imagery) films,The Cannes Film Festival,'RRR' (for the song 'Naatu Naatu'),A) Tollywood,Tollywood is the popular nickname for the Telugu-language film industry.,Cinema,Telugu Cinema
What genre of film typically centers on solving a crime or mystery?,A film that achieves exceptionally high box office success,A film that portrays events occurring before an earlier film's story,The Academy Awards (Oscars),A detective or mystery film,D) A detective or mystery film,"Detective or mystery films typically center on solving a crime, uncovering secrets, or unraveling a mystery.",Cinema,Famous Films
Choose the correct answer: What is the popular nickname for the Kannada-language film industry?,Sandalwood,A film that continues the story of an earlier film,To manage the financial and logistical aspects of making a film,The Cannes Film Festival,A) Sandalwood,"Sandalwood is the popular nickname for the Kannada-language film industry, based in Karnataka.",Cinema,Kannada Cinema
"Which option correctly answers this: Who played the character in a lead role of many iconic Kannada films and is often called a legendary figure of Sandalwood, honored with titles like 'Varanatha Tara'?",Movie songs (film songs),A family film,Sandalwood,Dr. Rajkumar,D) Dr. Rajkumar,"Dr. Rajkumar is widely regarded as a legendary figure of Kannada cinema, celebrated for his extensive body of work.",Cinema,Kannada Cinema
Choose the correct answer: What term describes films made using computer-generated imagery for visual effects?,CGI (computer-generated imagery) films,To manage the financial and logistical aspects of making a film,Bollywood,The Cannes Film Festival,A) CGI (computer-generated imagery) films,"CGI films use computer-generated imagery extensively to create visual effects, characters, or entire animated worlds.",Cinema,Cinema History
What is the popular nickname for the Telugu-language film industry?,To manage the financial and logistical aspects of making a film,A debut,The Academy Awards (Oscars),Tollywood,D) Tollywood,Tollywood is the popular nickname for the Telugu-language film industry.,Cinema,Telugu Cinema
What term describes films made using computer-generated imagery for visual effects?,CGI (computer-generated imagery) films,The National Film Awards,Post-production,A film that continues the story of an earlier film,A) CGI (computer-generated imagery) films,"CGI films use computer-generated imagery extensively to create visual effects, characters, or entire animated worlds.",Cinema,Cinema History
Choose the correct answer: What is the popular nickname for the Kannada-language film industry?,Sandalwood,A debut,The International Film Festival of India (IFFI),Movie songs (film songs),A) Sandalwood,"Sandalwood is the popular nickname for the Kannada-language film industry, based in Karnataka.",Cinema,Kannada Cinema
Which option correctly answers this: Which actor is widely known by the nickname 'Shahenshah of Bollywood'?,"A film created using techniques like drawings or computer graphics to simulate movement, rather than live actors",Amitabh Bachchan,Kollywood,"A brief appearance by a notable performer, often uncredited or in a small role",B) Amitabh Bachchan,"Amitabh Bachchan is widely referred to by fans and media as the 'Shahenshah of Bollywood', among other honorifics.",Cinema,Actors
"Choose the correct answer: What is the term for the process of adding sound, music, and effects to a film after shooting?",Post-production,A detective or mystery film,The International Film Festival of India (IFFI),To oversee the creative and technical aspects of making a film,A) Post-production,"Post-production is the phase after filming where editing, sound design, music, and visual effects are added to a film.",Cinema,Cinema History
"Quiz question: Who played the character in a lead role of many iconic Kannada films and is often called a legendary figure of Sandalwood, honored with titles like 'Varanatha Tara'?",The National Film Awards,"A film created using techniques like drawings or computer graphics to simulate movement, rather than live actors",Dr. Rajkumar,Sandalwood,C) Dr. Rajkumar,"Dr. Rajkumar is widely regarded as a legendary figure of Kannada cinema, celebrated for his extensive body of work.",Cinema,Kannada Cinema
Quiz question: What is the popular nickname for the Kannada-language film industry?,A detective or mystery film,To oversee the creative and technical aspects of making a film,Sandalwood,The National Film Awards,C) Sandalwood,"Sandalwood is the popular nickname for the Kannada-language film industry, based in Karnataka.",Cinema,Kannada Cinema
What is a 'blockbuster' in film terminology?,Dr. Rajkumar,The Cannes Film Festival,A film that achieves exceptionally high box office success,A film that portrays events occurring before an earlier film's story,C) A film that achieves exceptionally high box office success,A blockbuster is a term used to describe a film that achieves exceptionally high commercial and box office success.,Cinema,Box Office
Which option correctly answers this: What term describes films made using computer-generated imagery for visual effects?,To oversee the creative and technical aspects of making a film,CGI (computer-generated imagery) films,A debut,A family film,B) CGI (computer-generated imagery) films,"CGI films use computer-generated imagery extensively to create visual effects, characters, or entire animated worlds.",Cinema,Cinema History
Which option correctly answers this: What is the popular nickname for the Kannada-language film industry?,Sandalwood,To oversee the creative and technical aspects of making a film,A film that continues the story of an earlier film,Ramesh Sippy,A) Sandalwood,"Sandalwood is the popular nickname for the Kannada-language film industry, based in Karnataka.",Cinema,Kannada Cinema
What is the popular nickname for the Kannada-language film industry?,To manage the financial and logistical aspects of making a film,Sandalwood,The International Film Festival of India (IFFI),Tollywood,B) Sandalwood,"Sandalwood is the popular nickname for the Kannada-language film industry, based in Karnataka.",Cinema,Kannada Cinema
Choose the correct answer: What is the role of a film director?,The National Film Awards,"A brief appearance by a notable performer, often uncredited or in a small role",Ramesh Sippy,To oversee the creative and technical aspects of making a film,D) To oversee the creative and technical aspects of making a film,"A film director oversees the creative and technical aspects of a film's production, guiding the cast and crew.",Cinema,Directors
Choose the correct answer: What term describes an actor's first film role or debut?,A film that portrays events occurring before an earlier film's story,The Cannes Film Festival,A debut,'RRR' (for the song 'Naatu Naatu'),C) A debut,A debut refers to an actor's or filmmaker's first professional appearance or work in a film.,Cinema,Actors
Quiz question: Which international film award is considered the most prestigious in the American film industry?,"A brief appearance by a notable performer, often uncredited or in a small role",The Academy Awards (Oscars),The Cannes Film Festival,Hollywood,B) The Academy Awards (Oscars),"The Academy Awards, commonly known as the Oscars, are considered the most prestigious awards in the American film industry.",Cinema,Movie Awards
Quiz question: Which international film award is considered the most prestigious in the American film industry?,The Academy Awards (Oscars),A debut,Comedy,Amitabh Bachchan,A) The Academy Awards (Oscars),"The Academy Awards, commonly known as the Oscars, are considered the most prestigious awards in the American film industry.",Cinema,Movie Awards
Which actor is widely known by the nickname 'Shahenshah of Bollywood'?,Amitabh Bachchan,A debut,Satyajit Ray,Hollywood,A) Amitabh Bachchan,"Amitabh Bachchan is widely referred to by fans and media as the 'Shahenshah of Bollywood', among other honorifics.",Cinema,Actors
"Which option correctly answers this: Who directed the film 'Sholay' (1975), a landmark of Indian cinema?",To manage the financial and logistical aspects of making a film,Post-production,Ramesh Sippy,Hollywood,C) Ramesh Sippy,"Ramesh Sippy directed 'Sholay' (1975), one of the most iconic and commercially successful films in Indian cinema history.",Cinema,Bollywood
What is the term for a film's total earnings from ticket sales?,Tollywood,Box office collection,A family film,To oversee the creative and technical aspects of making a film,B) Box office collection,Box office collection refers to the total revenue a film earns from ticket sales.,Cinema,Box Office
Quiz question: What is the role of a film producer?,To manage the financial and logistical aspects of making a film,The International Film Festival of India (IFFI),CGI (computer-generated imagery) films,Post-production,A) To manage the financial and logistical aspects of making a film,"A film producer manages the financial, logistical, and administrative aspects of a film's production.",Cinema,Producers
What is the popular nickname for the Telugu-language film industry?,Tollywood,A debut,"A brief appearance by a notable performer, often uncredited or in a small role",Amitabh Bachchan,A) Tollywood,Tollywood is the popular nickname for the Telugu-language film industry.,Cinema,Telugu Cinema
Which option correctly answers this: What is the term for a film's total earnings from ticket sales?,Box office collection,A detective or mystery film,The Academy Awards (Oscars),Amitabh Bachchan,A) Box office collection,Box office collection refers to the total revenue a film earns from ticket sales.,Cinema,Box Office
Choose the correct answer: What is the term for the genre of films focused primarily on making audiences laugh?,Comedy,Ramesh Sippy,Tollywood,A film that achieves exceptionally high box office success,A) Comedy,"Comedy is a film genre specifically focused on humor, designed primarily to entertain and amuse audiences.",Cinema,Famous Films
What is the term for the genre of films focused primarily on making audiences laugh?,Dr. Rajkumar,'RRR' (for the song 'Naatu Naatu'),The Cannes Film Festival,Comedy,D) Comedy,"Comedy is a film genre specifically focused on humor, designed primarily to entertain and amuse audiences.",Cinema,Famous Films
Which option correctly answers this: What is the popular nickname for the Hindi-language film industry based in Mumbai?,Movie songs (film songs),The National Film Awards,Post-production,Bollywood,D) Bollywood,"Bollywood is the popular nickname for India's Hindi-language film industry, based primarily in Mumbai.",Cinema,Bollywood
"What is the term for the process of adding sound, music, and effects to a film after shooting?",Kollywood,Box office collection,A film that continues the story of an earlier film,Post-production,D) Post-production,"Post-production is the phase after filming where editing, sound design, music, and visual effects are added to a film.",Cinema,Cinema History
"Quiz question: Who played the character in a lead role of many iconic Kannada films and is often called a legendary figure of Sandalwood, honored with titles like 'Varanatha Tara'?",'RRR' (for the song 'Naatu Naatu'),"A brief appearance by a notable performer, often uncredited or in a small role",Dr. Rajkumar,Amitabh Bachchan,C) Dr. Rajkumar,"Dr. Rajkumar is widely regarded as a legendary figure of Kannada cinema, celebrated for his extensive body of work.",Cinema,Kannada Cinema
"What is the term for a movie's soundtrack songs, common in Indian cinema?",A film that achieves exceptionally high box office success,Box office collection,Movie songs (film songs),The Cannes Film Festival,C) Movie songs (film songs),"Movie songs, or film songs, are musical compositions included as part of a film's soundtrack, especially prominent in Indian cinema.",Cinema,Movie Songs
Choose the correct answer: What is the popular nickname for the Hindi-language film industry based in Mumbai?,Kollywood,Bollywood,Dr. Rajkumar,The International Film Festival of India (IFFI),B) Bollywood,"Bollywood is the popular nickname for India's Hindi-language film industry, based primarily in Mumbai.",Cinema,Bollywood
Which international film award is considered the most prestigious in the American film industry?,The Academy Awards (Oscars),Post-production,A film that achieves exceptionally high box office success,Bollywood,A) The Academy Awards (Oscars),"The Academy Awards, commonly known as the Oscars, are considered the most prestigious awards in the American film industry.",Cinema,Movie Awards
Quiz question: Who directed the internationally acclaimed Indian film 'Pather Panchali' (1955)?,"A film created using techniques like drawings or computer graphics to simulate movement, rather than live actors",To oversee the creative and technical aspects of making a film,Ramesh Sippy,Satyajit Ray,D) Satyajit Ray,"Satyajit Ray directed 'Pather Panchali' (1955), a landmark of Indian and world cinema.",Cinema,Cinema History
"Who played the character in a lead role of many iconic Kannada films and is often called a legendary figure of Sandalwood, honored with titles like 'Varanatha Tara'?",Sandalwood,Amitabh Bachchan,A film that achieves exceptionally high box office success,Dr. Rajkumar,D) Dr. Rajkumar,"Dr. Rajkumar is widely regarded as a legendary figure of Kannada cinema, celebrated for his extensive body of work.",Cinema,Kannada Cinema
Quiz question: What is the term for the genre of films focused primarily on making audiences laugh?,CGI (computer-generated imagery) films,A film that continues the story of an earlier film,A family film,Comedy,D) Comedy,"Comedy is a film genre specifically focused on humor, designed primarily to entertain and amuse audiences.",Cinema,Famous Films
Quiz question: What is the popular nickname for the Hindi-language film industry based in Mumbai?,Hollywood,Bollywood,Sandalwood,The National Film Awards,B) Bollywood,"Bollywood is the popular nickname for India's Hindi-language film industry, based primarily in Mumbai.",Cinema,Bollywood
"Which option correctly answers this: Who directed the film 'Sholay' (1975), a landmark of Indian cinema?",Kollywood,Movie songs (film songs),Ramesh Sippy,Satyajit Ray,C) Ramesh Sippy,"Ramesh Sippy directed 'Sholay' (1975), one of the most iconic and commercially successful films in Indian cinema history.",Cinema,Bollywood
What is the role of a film director?,Tollywood,To oversee the creative and technical aspects of making a film,Hollywood,Sandalwood,B) To oversee the creative and technical aspects of making a film,"A film director oversees the creative and technical aspects of a film's production, guiding the cast and crew.",Cinema,Directors
What genre of film typically centers on solving a crime or mystery?,A family film,A detective or mystery film,Comedy,Movie songs (film songs),B) A detective or mystery film,"Detective or mystery films typically center on solving a crime, uncovering secrets, or unraveling a mystery.",Cinema,Famous Films
"Quiz question: Who directed the film 'Sholay' (1975), a landmark of Indian cinema?",Ramesh Sippy,Tollywood,Post-production,"A brief appearance by a notable performer, often uncredited or in a small role",A) Ramesh Sippy,"Ramesh Sippy directed 'Sholay' (1975), one of the most iconic and commercially successful films in Indian cinema history.",Cinema,Bollywood
Which option correctly answers this: What is the popular nickname for the Hindi-language film industry based in Mumbai?,Amitabh Bachchan,Comedy,A debut,Bollywood,D) Bollywood,"Bollywood is the popular nickname for India's Hindi-language film industry, based primarily in Mumbai.",Cinema,Bollywood
Which option correctly answers this: Which international film award is considered the most prestigious in the American film industry?,The National Film Awards,The Academy Awards (Oscars),To oversee the creative and technical aspects of making a film,Dr. Rajkumar,B) The Academy Awards (Oscars),"The Academy Awards, commonly known as the Oscars, are considered the most prestigious awards in the American film industry.",Cinema,Movie Awards
Which option correctly answers this: What is the role of a film director?,Dr. Rajkumar,To oversee the creative and technical aspects of making a film,A film that achieves exceptionally high box office success,Sandalwood,B) To oversee the creative and technical aspects of making a film,"A film director oversees the creative and technical aspects of a film's production, guiding the cast and crew.",Cinema,Directors
"Choose the correct answer: Who directed the film 'Sholay' (1975), a landmark of Indian cinema?",Ramesh Sippy,A film that continues the story of an earlier film,Hollywood,Bollywood,A) Ramesh Sippy,"Ramesh Sippy directed 'Sholay' (1975), one of the most iconic and commercially successful films in Indian cinema history.",Cinema,Bollywood
"What is the term for a movie's soundtrack songs, common in Indian cinema?",Sandalwood,Post-production,Dr. Rajkumar,Movie songs (film songs),D) Movie songs (film songs),"Movie songs, or film songs, are musical compositions included as part of a film's soundtrack, especially prominent in Indian cinema.",Cinema,Movie Songs
Choose the correct answer: What does the term 'cameo' mean in film?,"A brief appearance by a notable performer, often uncredited or in a small role",To manage the financial and logistical aspects of making a film,Kollywood,A detective or mystery film,"A) A brief appearance by a notable performer, often uncredited or in a small role","A cameo refers to a brief appearance in a film by a notable performer, often in a small or uncredited role.",Cinema,Movie Characters
Quiz question: What is a 'prequel' in film terminology?,Tollywood,A film that portrays events occurring before an earlier film's story,Ramesh Sippy,Satyajit Ray,B) A film that portrays events occurring before an earlier film's story,A prequel portrays events that take place chronologically before the story of an earlier related film.,Cinema,Famous Films
Choose the correct answer: What are the national film awards of India called?,The National Film Awards,Dr. Rajkumar,Tollywood,The Cannes Film Festival,A) The National Film Awards,"The National Film Awards are India's most prestigious national film honors, established in 1954.",Cinema,Movie Awards
Quiz question: Which actor is widely known by the nickname 'Shahenshah of Bollywood'?,Amitabh Bachchan,Bollywood,Box office collection,A film that portrays events occurring before an earlier film's story,A) Amitabh Bachchan,"Amitabh Bachchan is widely referred to by fans and media as the 'Shahenshah of Bollywood', among other honorifics.",Cinema,Actors
Which option correctly answers this: Which actor is widely known by the nickname 'Shahenshah of Bollywood'?,Amitabh Bachchan,A film that continues the story of an earlier film,Hollywood,A film that portrays events occurring before an earlier film's story,A) Amitabh Bachchan,"Amitabh Bachchan is widely referred to by fans and media as the 'Shahenshah of Bollywood', among other honorifics.",Cinema,Actors
Quiz question: What is a 'blockbuster' in film terminology?,A debut,A film that portrays events occurring before an earlier film's story,A film that achieves exceptionally high box office success,Post-production,C) A film that achieves exceptionally high box office success,A blockbuster is a term used to describe a film that achieves exceptionally high commercial and box office success.,Cinema,Box Office
Choose the correct answer: What is the term for the American film industry centered in Los Angeles?,A film that achieves exceptionally high box office success,The Cannes Film Festival,Hollywood,'RRR' (for the song 'Naatu Naatu'),C) Hollywood,"Hollywood refers to the American film industry, historically centered in the Hollywood district of Los Angeles.",Cinema,Hollywood
Choose the correct answer: What is the role of a film director?,A debut,To oversee the creative and technical aspects of making a film,The Academy Awards (Oscars),A film that continues the story of an earlier film,B) To oversee the creative and technical aspects of making a film,"A film director oversees the creative and technical aspects of a film's production, guiding the cast and crew.",Cinema,Directors
Quiz question: What does the term 'cameo' mean in film?,'RRR' (for the song 'Naatu Naatu'),Comedy,"A brief appearance by a notable performer, often uncredited or in a small role",Movie songs (film songs),"C) A brief appearance by a notable performer, often uncredited or in a small role","A cameo refers to a brief appearance in a film by a notable performer, often in a small or uncredited role.",Cinema,Movie Characters
Which option correctly answers this: What is the popular nickname for the Tamil-language film industry?,Kollywood,Bollywood,A film that achieves exceptionally high box office success,Ramesh Sippy,A) Kollywood,"Kollywood is the popular nickname for the Tamil-language film industry, based mainly in Chennai.",Cinema,Tamil Cinema
What is the popular nickname for the Telugu-language film industry?,Tollywood,CGI (computer-generated imagery) films,Amitabh Bachchan,Sandalwood,A) Tollywood,Tollywood is the popular nickname for the Telugu-language film industry.,Cinema,Telugu Cinema
Choose the correct answer: What is the term for the genre of films focused primarily on making audiences laugh?,Amitabh Bachchan,Bollywood,Comedy,To manage the financial and logistical aspects of making a film,C) Comedy,"Comedy is a film genre specifically focused on humor, designed primarily to entertain and amuse audiences.",Cinema,Famous Films
Choose the correct answer: What genre of film typically centers on solving a crime or mystery?,Box office collection,The National Film Awards,A detective or mystery film,CGI (computer-generated imagery) films,C) A detective or mystery film,"Detective or mystery films typically center on solving a crime, uncovering secrets, or unraveling a mystery.",Cinema,Famous Films
What is the role of a film director?,To oversee the creative and technical aspects of making a film,The International Film Festival of India (IFFI),A film that portrays events occurring before an earlier film's story,"A film created using techniques like drawings or computer graphics to simulate movement, rather than live actors",A) To oversee the creative and technical aspects of making a film,"A film director oversees the creative and technical aspects of a film's production, guiding the cast and crew.",Cinema,Directors
"Which option correctly answers this: Which Indian film became widely recognized internationally after winning major awards including at the 2023 Oscars, for its song?",A film that achieves exceptionally high box office success,'RRR' (for the song 'Naatu Naatu'),A debut,Amitabh Bachchan,B) 'RRR' (for the song 'Naatu Naatu'),"'RRR' gained major international recognition, including winning the Oscar for Best Original Song for 'Naatu Naatu' at the 2023 Academy Awards.",Cinema,Movie Awards
What is the role of a film producer?,Tollywood,To oversee the creative and technical aspects of making a film,Dr. Rajkumar,To manage the financial and logistical aspects of making a film,D) To manage the financial and logistical aspects of making a film,"A film producer manages the financial, logistical, and administrative aspects of a film's production.",Cinema,Producers
Which option correctly answers this: Which major Indian film festival is held annually in Goa?,Post-production,Comedy,Ramesh Sippy,The International Film Festival of India (IFFI),D) The International Film Festival of India (IFFI),The International Film Festival of India (IFFI) is a major annual film festival held in Goa.,Cinema,Film Festivals
"Quiz question: Who played the character in a lead role of many iconic Kannada films and is often called a legendary figure of Sandalwood, honored with titles like 'Varanatha Tara'?",Dr. Rajkumar,Kollywood,Comedy,"A brief appearance by a notable performer, often uncredited or in a small role",A) Dr. Rajkumar,"Dr. Rajkumar is widely regarded as a legendary figure of Kannada cinema, celebrated for his extensive body of work.",Cinema,Kannada Cinema
Which option correctly answers this: What is the role of a film producer?,"A film created using techniques like drawings or computer graphics to simulate movement, rather than live actors",Movie songs (film songs),"A brief appearance by a notable performer, often uncredited or in a small role",To manage the financial and logistical aspects of making a film,D) To manage the financial and logistical aspects of making a film,"A film producer manages the financial, logistical, and administrative aspects of a film's production.",Cinema,Producers
Which option correctly answers this: What is an animated film?,"A film created using techniques like drawings or computer graphics to simulate movement, rather than live actors",A detective or mystery film,"A brief appearance by a notable performer, often uncredited or in a small role",A family film,"A) A film created using techniques like drawings or computer graphics to simulate movement, rather than live actors","An animated film is created using drawings, computer graphics, or other techniques to simulate motion, rather than filming live actors.",Cinema,Famous Films
Choose the correct answer: What is the role of a film producer?,Amitabh Bachchan,Dr. Rajkumar,To manage the financial and logistical aspects of making a film,Kollywood,C) To manage the financial and logistical aspects of making a film,"A film producer manages the financial, logistical, and administrative aspects of a film's production.",Cinema,Producers
Quiz question: What is the popular nickname for the Hindi-language film industry based in Mumbai?,"A film created using techniques like drawings or computer graphics to simulate movement, rather than live actors","A brief appearance by a notable performer, often uncredited or in a small role",Hollywood,Bollywood,D) Bollywood,"Bollywood is the popular nickname for India's Hindi-language film industry, based primarily in Mumbai.",Cinema,Bollywood
Which option correctly answers this: What is the term for the American film industry centered in Los Angeles?,Hollywood,Sandalwood,Comedy,A debut,A) Hollywood,"Hollywood refers to the American film industry, historically centered in the Hollywood district of Los Angeles.",Cinema,Hollywood
Quiz question: What does the term 'cameo' mean in film?,The National Film Awards,"A brief appearance by a notable performer, often uncredited or in a small role",The Academy Awards (Oscars),Post-production,"B) A brief appearance by a notable performer, often uncredited or in a small role","A cameo refers to a brief appearance in a film by a notable performer, often in a small or uncredited role.",Cinema,Movie Characters
Choose the correct answer: Which international film award is considered the most prestigious in the American film industry?,Tollywood,To manage the financial and logistical aspects of making a film,The Academy Awards (Oscars),"A film created using techniques like drawings or computer graphics to simulate movement, rather than live actors",C) The Academy Awards (Oscars),"The Academy Awards, commonly known as the Oscars, are considered the most prestigious awards in the American film industry.",Cinema,Movie Awards
Choose the correct answer: What is the popular nickname for the Telugu-language film industry?,CGI (computer-generated imagery) films,Kollywood,Tollywood,Dr. Rajkumar,C) Tollywood,Tollywood is the popular nickname for the Telugu-language film industry.,Cinema,Telugu Cinema
What are the national film awards of India called?,A detective or mystery film,"A film created using techniques like drawings or computer graphics to simulate movement, rather than live actors",The National Film Awards,To manage the financial and logistical aspects of making a film,C) The National Film Awards,"The National Film Awards are India's most prestigious national film honors, established in 1954.",Cinema,Movie Awards
Quiz question: What is the term for a movie made specifically for children and family audiences?,Bollywood,A film that continues the story of an earlier film,A family film,Ramesh Sippy,C) A family film,"A family film is created with content and themes suitable and appealing for audiences of all ages, especially children.",Cinema,Famous Films
"Who played the character in a lead role of many iconic Kannada films and is often called a legendary figure of Sandalwood, honored with titles like 'Varanatha Tara'?",The National Film Awards,Dr. Rajkumar,Post-production,Hollywood,B) Dr. Rajkumar,"Dr. Rajkumar is widely regarded as a legendary figure of Kannada cinema, celebrated for his extensive body of work.",Cinema,Kannada Cinema
What is a 'blockbuster' in film terminology?,The Academy Awards (Oscars),A film that achieves exceptionally high box office success,A detective or mystery film,Bollywood,B) A film that achieves exceptionally high box office success,A blockbuster is a term used to describe a film that achieves exceptionally high commercial and box office success.,Cinema,Box Office
Which actor is widely known by the nickname 'Shahenshah of Bollywood'?,A debut,Kollywood,Post-production,Amitabh Bachchan,D) Amitabh Bachchan,"Amitabh Bachchan is widely referred to by fans and media as the 'Shahenshah of Bollywood', among other honorifics.",Cinema,Actors
Which option correctly answers this: What is the popular nickname for the Tamil-language film industry?,Kollywood,A detective or mystery film,Bollywood,The National Film Awards,A) Kollywood,"Kollywood is the popular nickname for the Tamil-language film industry, based mainly in Chennai.",Cinema,Tamil Cinema
"Who directed the film 'Sholay' (1975), a landmark of Indian cinema?",Box office collection,A film that portrays events occurring before an earlier film's story,To manage the financial and logistical aspects of making a film,Ramesh Sippy,D) Ramesh Sippy,"Ramesh Sippy directed 'Sholay' (1975), one of the most iconic and commercially successful films in Indian cinema history.",Cinema,Bollywood
"Choose the correct answer: Which Indian film became widely recognized internationally after winning major awards including at the 2023 Oscars, for its song?",'RRR' (for the song 'Naatu Naatu'),Satyajit Ray,Movie songs (film songs),Amitabh Bachchan,A) 'RRR' (for the song 'Naatu Naatu'),"'RRR' gained major international recognition, including winning the Oscar for Best Original Song for 'Naatu Naatu' at the 2023 Academy Awards.",Cinema,Movie Awards
Which option correctly answers this: What is the term for a movie made specifically for children and family audiences?,Comedy,CGI (computer-generated imagery) films,Movie songs (film songs),A family film,D) A family film,"A family film is created with content and themes suitable and appealing for audiences of all ages, especially children.",Cinema,Famous Films
Which option correctly answers this: What is the term for a film's total earnings from ticket sales?,The Academy Awards (Oscars),Box office collection,The International Film Festival of India (IFFI),Post-production,B) Box office collection,Box office collection refers to the total revenue a film earns from ticket sales.,Cinema,Box Office
"Which option correctly answers this: Who directed the film 'Sholay' (1975), a landmark of Indian cinema?",A film that continues the story of an earlier film,A film that achieves exceptionally high box office success,Movie songs (film songs),Ramesh Sippy,D) Ramesh Sippy,"Ramesh Sippy directed 'Sholay' (1975), one of the most iconic and commercially successful films in Indian cinema history.",Cinema,Bollywood
Choose the correct answer: What is the term for a movie made specifically for children and family audiences?,Hollywood,CGI (computer-generated imagery) films,The Cannes Film Festival,A family film,D) A family film,"A family film is created with content and themes suitable and appealing for audiences of all ages, especially children.",Cinema,Famous Films
"Quiz question: Who played the character in a lead role of many iconic Kannada films and is often called a legendary figure of Sandalwood, honored with titles like 'Varanatha Tara'?",The Academy Awards (Oscars),The Cannes Film Festival,Box office collection,Dr. Rajkumar,D) Dr. Rajkumar,"Dr. Rajkumar is widely regarded as a legendary figure of Kannada cinema, celebrated for his extensive body of work.",Cinema,Kannada Cinema
Which option correctly answers this: What is the term for the genre of films focused primarily on making audiences laugh?,"A brief appearance by a notable performer, often uncredited or in a small role",Comedy,The Academy Awards (Oscars),'RRR' (for the song 'Naatu Naatu'),B) Comedy,"Comedy is a film genre specifically focused on humor, designed primarily to entertain and amuse audiences.",Cinema,Famous Films
Quiz question: What is the popular nickname for the Tamil-language film industry?,The International Film Festival of India (IFFI),Kollywood,'RRR' (for the song 'Naatu Naatu'),Amitabh Bachchan,B) Kollywood,"Kollywood is the popular nickname for the Tamil-language film industry, based mainly in Chennai.",Cinema,Tamil Cinema
"Quiz question: Which film festival is considered one of the most prestigious in the world, held annually in France?",The International Film Festival of India (IFFI),Sandalwood,The National Film Awards,The Cannes Film Festival,D) The Cannes Film Festival,"The Cannes Film Festival, held annually in France, is one of the most prestigious and influential film festivals in the world.",Cinema,Film Festivals
Which option correctly answers this: What is the role of a film producer?,To manage the financial and logistical aspects of making a film,Amitabh Bachchan,The Cannes Film Festival,Post-production,A) To manage the financial and logistical aspects of making a film,"A film producer manages the financial, logistical, and administrative aspects of a film's production.",Cinema,Producers
Which international film award is considered the most prestigious in the American film industry?,The International Film Festival of India (IFFI),CGI (computer-generated imagery) films,The Academy Awards (Oscars),Box office collection,C) The Academy Awards (Oscars),"The Academy Awards, commonly known as the Oscars, are considered the most prestigious awards in the American film industry.",Cinema,Movie Awards
Quiz question: What is a 'sequel' in film terminology?,A film that achieves exceptionally high box office success,To oversee the creative and technical aspects of making a film,Amitabh Bachchan,A film that continues the story of an earlier film,D) A film that continues the story of an earlier film,A sequel is a film that continues or expands upon the story or characters introduced in an earlier film.,Cinema,Famous Films
What is a 'sequel' in film terminology?,To oversee the creative and technical aspects of making a film,A film that continues the story of an earlier film,Satyajit Ray,Dr. Rajkumar,B) A film that continues the story of an earlier film,A sequel is a film that continues or expands upon the story or characters introduced in an earlier film.,Cinema,Famous Films
Quiz question: What term describes films made using computer-generated imagery for visual effects?,The National Film Awards,CGI (computer-generated imagery) films,A film that portrays events occurring before an earlier film's story,Bollywood,B) CGI (computer-generated imagery) films,"CGI films use computer-generated imagery extensively to create visual effects, characters, or entire animated worlds.",Cinema,Cinema History
Choose the correct answer: What is a 'prequel' in film terminology?,A family film,A film that portrays events occurring before an earlier film's story,Comedy,A debut,B) A film that portrays events occurring before an earlier film's story,A prequel portrays events that take place chronologically before the story of an earlier related film.,Cinema,Famous Films
Which option correctly answers this: What genre of film typically centers on solving a crime or mystery?,A detective or mystery film,The International Film Festival of India (IFFI),A debut,Satyajit Ray,A) A detective or mystery film,"Detective or mystery films typically center on solving a crime, uncovering secrets, or unraveling a mystery.",Cinema,Famous Films
Choose the correct answer: What is a 'blockbuster' in film terminology?,The Academy Awards (Oscars),A film that achieves exceptionally high box office success,The Cannes Film Festival,Comedy,B) A film that achieves exceptionally high box office success,A blockbuster is a term used to describe a film that achieves exceptionally high commercial and box office success.,Cinema,Box Office
"Which option correctly answers this: Who played the character in a lead role of many iconic Kannada films and is often called a legendary figure of Sandalwood, honored with titles like 'Varanatha Tara'?",A debut,"A brief appearance by a notable performer, often uncredited or in a small role",A detective or mystery film,Dr. Rajkumar,D) Dr. Rajkumar,"Dr. Rajkumar is widely regarded as a legendary figure of Kannada cinema, celebrated for his extensive body of work.",Cinema,Kannada Cinema
Which option correctly answers this: What are the national film awards of India called?,Movie songs (film songs),Bollywood,Post-production,The National Film Awards,D) The National Film Awards,"The National Film Awards are India's most prestigious national film honors, established in 1954.",Cinema,Movie Awards
Choose the correct answer: What is a 'prequel' in film terminology?,To oversee the creative and technical aspects of making a film,A film that portrays events occurring before an earlier film's story,Sandalwood,A family film,B) A film that portrays events occurring before an earlier film's story,A prequel portrays events that take place chronologically before the story of an earlier related film.,Cinema,Famous Films
What term describes films made using computer-generated imagery for visual effects?,CGI (computer-generated imagery) films,To manage the financial and logistical aspects of making a film,A film that continues the story of an earlier film,A film that achieves exceptionally high box office success,A) CGI (computer-generated imagery) films,"CGI films use computer-generated imagery extensively to create visual effects, characters, or entire animated worlds.",Cinema,Cinema History
Choose the correct answer: What genre of film typically centers on solving a crime or mystery?,Post-production,Tollywood,Sandalwood,A detective or mystery film,D) A detective or mystery film,"Detective or mystery films typically center on solving a crime, uncovering secrets, or unraveling a mystery.",Cinema,Famous Films
"Quiz question: What is the term for the process of adding sound, music, and effects to a film after shooting?",Ramesh Sippy,"A film created using techniques like drawings or computer graphics to simulate movement, rather than live actors",Tollywood,Post-production,D) Post-production,"Post-production is the phase after filming where editing, sound design, music, and visual effects are added to a film.",Cinema,Cinema History
Which option correctly answers this: Who directed the internationally acclaimed Indian film 'Pather Panchali' (1955)?,Sandalwood,Amitabh Bachchan,Comedy,Satyajit Ray,D) Satyajit Ray,"Satyajit Ray directed 'Pather Panchali' (1955), a landmark of Indian and world cinema.",Cinema,Cinema History
What is the term for a movie made specifically for children and family audiences?,"A brief appearance by a notable performer, often uncredited or in a small role",Tollywood,To manage the financial and logistical aspects of making a film,A family film,D) A family film,"A family film is created with content and themes suitable and appealing for audiences of all ages, especially children.",Cinema,Famous Films
"Quiz question: What is the term for the process of adding sound, music, and effects to a film after shooting?",Post-production,Amitabh Bachchan,To oversee the creative and technical aspects of making a film,Tollywood,A) Post-production,"Post-production is the phase after filming where editing, sound design, music, and visual effects are added to a film.",Cinema,Cinema History
Quiz question: What are the national film awards of India called?,A film that portrays events occurring before an earlier film's story,"A film created using techniques like drawings or computer graphics to simulate movement, rather than live actors",The International Film Festival of India (IFFI),The National Film Awards,D) The National Film Awards,"The National Film Awards are India's most prestigious national film honors, established in 1954.",Cinema,Movie Awards
What is the role of a film producer?,Movie songs (film songs),A family film,To manage the financial and logistical aspects of making a film,CGI (computer-generated imagery) films,C) To manage the financial and logistical aspects of making a film,"A film producer manages the financial, logistical, and administrative aspects of a film's production.",Cinema,Producers
What genre of film typically centers on solving a crime or mystery?,Hollywood,CGI (computer-generated imagery) films,Sandalwood,A detective or mystery film,D) A detective or mystery film,"Detective or mystery films typically center on solving a crime, uncovering secrets, or unraveling a mystery.",Cinema,Famous Films
"Quiz question: Which film festival is considered one of the most prestigious in the world, held annually in France?",To manage the financial and logistical aspects of making a film,Movie songs (film songs),A film that continues the story of an earlier film,The Cannes Film Festival,D) The Cannes Film Festival,"The Cannes Film Festival, held annually in France, is one of the most prestigious and influential film festivals in the world.",Cinema,Film Festivals
Which option correctly answers this: What is the popular nickname for the Tamil-language film industry?,Post-production,Tollywood,Kollywood,A film that continues the story of an earlier film,C) Kollywood,"Kollywood is the popular nickname for the Tamil-language film industry, based mainly in Chennai.",Cinema,Tamil Cinema
What is the popular nickname for the Hindi-language film industry based in Mumbai?,Post-production,Hollywood,Bollywood,Satyajit Ray,C) Bollywood,"Bollywood is the popular nickname for India's Hindi-language film industry, based primarily in Mumbai.",Cinema,Bollywood
"Choose the correct answer: What is the term for the process of adding sound, music, and effects to a film after shooting?",A detective or mystery film,Tollywood,Post-production,Box office collection,C) Post-production,"Post-production is the phase after filming where editing, sound design, music, and visual effects are added to a film.",Cinema,Cinema History
Which option correctly answers this: What is the term for the genre of films focused primarily on making audiences laugh?,Ramesh Sippy,To oversee the creative and technical aspects of making a film,The Academy Awards (Oscars),Comedy,D) Comedy,"Comedy is a film genre specifically focused on humor, designed primarily to entertain and amuse audiences.",Cinema,Famous Films
What is the term for the American film industry centered in Los Angeles?,'RRR' (for the song 'Naatu Naatu'),A film that achieves exceptionally high box office success,Movie songs (film songs),Hollywood,D) Hollywood,"Hollywood refers to the American film industry, historically centered in the Hollywood district of Los Angeles.",Cinema,Hollywood
Quiz question: Which major Indian film festival is held annually in Goa?,Box office collection,The International Film Festival of India (IFFI),"A film created using techniques like drawings or computer graphics to simulate movement, rather than live actors",A debut,B) The International Film Festival of India (IFFI),The International Film Festival of India (IFFI) is a major annual film festival held in Goa.,Cinema,Film Festivals
What is the popular nickname for the Kannada-language film industry?,To oversee the creative and technical aspects of making a film,Sandalwood,Kollywood,Satyajit Ray,B) Sandalwood,"Sandalwood is the popular nickname for the Kannada-language film industry, based in Karnataka.",Cinema,Kannada Cinema
Choose the correct answer: What is an animated film?,"A film created using techniques like drawings or computer graphics to simulate movement, rather than live actors",Kollywood,A detective or mystery film,A film that portrays events occurring before an earlier film's story,"A) A film created using techniques like drawings or computer graphics to simulate movement, rather than live actors","An animated film is created using drawings, computer graphics, or other techniques to simulate motion, rather than filming live actors.",Cinema,Famous Films
Which option correctly answers this: What is the popular nickname for the Hindi-language film industry based in Mumbai?,Bollywood,Satyajit Ray,The Academy Awards (Oscars),A film that achieves exceptionally high box office success,A) Bollywood,"Bollywood is the popular nickname for India's Hindi-language film industry, based primarily in Mumbai.",Cinema,Bollywood
"Quiz question: Who directed the film 'Sholay' (1975), a landmark of Indian cinema?",A film that achieves exceptionally high box office success,Kollywood,Ramesh Sippy,Bollywood,C) Ramesh Sippy,"Ramesh Sippy directed 'Sholay' (1975), one of the most iconic and commercially successful films in Indian cinema history.",Cinema,Bollywood
"Which option correctly answers this: What is the term for the process of adding sound, music, and effects to a film after shooting?","A brief appearance by a notable performer, often uncredited or in a small role",Box office collection,Satyajit Ray,Post-production,D) Post-production,"Post-production is the phase after filming where editing, sound design, music, and visual effects are added to a film.",Cinema,Cinema History
Choose the correct answer: What term describes an actor's first film role or debut?,A family film,Movie songs (film songs),Hollywood,A debut,D) A debut,A debut refers to an actor's or filmmaker's first professional appearance or work in a film.,Cinema,Actors
"Who played the character in a lead role of many iconic Kannada films and is often called a legendary figure of Sandalwood, honored with titles like 'Varanatha Tara'?",Bollywood,A debut,Dr. Rajkumar,Ramesh Sippy,C) Dr. Rajkumar,"Dr. Rajkumar is widely regarded as a legendary figure of Kannada cinema, celebrated for his extensive body of work.",Cinema,Kannada Cinema
Choose the correct answer: Which international film award is considered the most prestigious in the American film industry?,A film that portrays events occurring before an earlier film's story,'RRR' (for the song 'Naatu Naatu'),The Academy Awards (Oscars),To manage the financial and logistical aspects of making a film,C) The Academy Awards (Oscars),"The Academy Awards, commonly known as the Oscars, are considered the most prestigious awards in the American film industry.",Cinema,Movie Awards
Quiz question: What is the popular nickname for the Hindi-language film industry based in Mumbai?,A film that continues the story of an earlier film,Bollywood,Hollywood,CGI (computer-generated imagery) films,B) Bollywood,"Bollywood is the popular nickname for India's Hindi-language film industry, based primarily in Mumbai.",Cinema,Bollywood
Choose the correct answer: Which international film award is considered the most prestigious in the American film industry?,The International Film Festival of India (IFFI),The Academy Awards (Oscars),A film that portrays events occurring before an earlier film's story,Comedy,B) The Academy Awards (Oscars),"The Academy Awards, commonly known as the Oscars, are considered the most prestigious awards in the American film industry.",Cinema,Movie Awards
Which option correctly answers this: Which actor is widely known by the nickname 'Shahenshah of Bollywood'?,"A brief appearance by a notable performer, often uncredited or in a small role",To oversee the creative and technical aspects of making a film,Amitabh Bachchan,Kollywood,C) Amitabh Bachchan,"Amitabh Bachchan is widely referred to by fans and media as the 'Shahenshah of Bollywood', among other honorifics.",Cinema,Actors
"Quiz question: What is the term for the process of adding sound, music, and effects to a film after shooting?",A film that achieves exceptionally high box office success,Post-production,A film that continues the story of an earlier film,Kollywood,B) Post-production,"Post-production is the phase after filming where editing, sound design, music, and visual effects are added to a film.",Cinema,Cinema History
Quiz question: Who directed the internationally acclaimed Indian film 'Pather Panchali' (1955)?,Bollywood,'RRR' (for the song 'Naatu Naatu'),Satyajit Ray,The Academy Awards (Oscars),C) Satyajit Ray,"Satyajit Ray directed 'Pather Panchali' (1955), a landmark of Indian and world cinema.",Cinema,Cinema History
Which option correctly answers this: What are the national film awards of India called?,A debut,A film that continues the story of an earlier film,To manage the financial and logistical aspects of making a film,The National Film Awards,D) The National Film Awards,"The National Film Awards are India's most prestigious national film honors, established in 1954.",Cinema,Movie Awards
Quiz question: Which international film award is considered the most prestigious in the American film industry?,To manage the financial and logistical aspects of making a film,The Academy Awards (Oscars),Tollywood,Post-production,B) The Academy Awards (Oscars),"The Academy Awards, commonly known as the Oscars, are considered the most prestigious awards in the American film industry.",Cinema,Movie Awards
Quiz question: What term describes films made using computer-generated imagery for visual effects?,A family film,To oversee the creative and technical aspects of making a film,CGI (computer-generated imagery) films,A film that portrays events occurring before an earlier film's story,C) CGI (computer-generated imagery) films,"CGI films use computer-generated imagery extensively to create visual effects, characters, or entire animated worlds.",Cinema,Cinema History
Choose the correct answer: What is a 'prequel' in film terminology?,A film that portrays events occurring before an earlier film's story,Tollywood,"A brief appearance by a notable performer, often uncredited or in a small role",Satyajit Ray,A) A film that portrays events occurring before an earlier film's story,A prequel portrays events that take place chronologically before the story of an earlier related film.,Cinema,Famous Films
"What is the term for the process of adding sound, music, and effects to a film after shooting?",A film that portrays events occurring before an earlier film's story,Comedy,Post-production,Kollywood,C) Post-production,"Post-production is the phase after filming where editing, sound design, music, and visual effects are added to a film.",Cinema,Cinema History
What is the role of a film director?,Ramesh Sippy,A film that achieves exceptionally high box office success,A film that continues the story of an earlier film,To oversee the creative and technical aspects of making a film,D) To oversee the creative and technical aspects of making a film,"A film director oversees the creative and technical aspects of a film's production, guiding the cast and crew.",Cinema,Directors
"Which option correctly answers this: Who directed the film 'Sholay' (1975), a landmark of Indian cinema?",CGI (computer-generated imagery) films,Satyajit Ray,A film that portrays events occurring before an earlier film's story,Ramesh Sippy,D) Ramesh Sippy,"Ramesh Sippy directed 'Sholay' (1975), one of the most iconic and commercially successful films in Indian cinema history.",Cinema,Bollywood
What is the term for a movie made specifically for children and family audiences?,A family film,The Cannes Film Festival,Comedy,Amitabh Bachchan,A) A family film,"A family film is created with content and themes suitable and appealing for audiences of all ages, especially children.",Cinema,Famous Films
What is a 'prequel' in film terminology?,A film that portrays events occurring before an earlier film's story,Post-production,Dr. Rajkumar,The National Film Awards,A) A film that portrays events occurring before an earlier film's story,A prequel portrays events that take place chronologically before the story of an earlier related film.,Cinema,Famous Films
What is the popular nickname for the Tamil-language film industry?,"A film created using techniques like drawings or computer graphics to simulate movement, rather than live actors",Kollywood,A film that continues the story of an earlier film,A film that portrays events occurring before an earlier film's story,B) Kollywood,"Kollywood is the popular nickname for the Tamil-language film industry, based mainly in Chennai.",Cinema,Tamil Cinema
"Which option correctly answers this: Which film festival is considered one of the most prestigious in the world, held annually in France?",The Cannes Film Festival,To manage the financial and logistical aspects of making a film,"A brief appearance by a notable performer, often uncredited or in a small role",A debut,A) The Cannes Film Festival,"The Cannes Film Festival, held annually in France, is one of the most prestigious and influential film festivals in the world.",Cinema,Film Festivals
Choose the correct answer: What is the term for the genre of films focused primarily on making audiences laugh?,Comedy,The International Film Festival of India (IFFI),CGI (computer-generated imagery) films,Tollywood,A) Comedy,"Comedy is a film genre specifically focused on humor, designed primarily to entertain and amuse audiences.",Cinema,Famous Films
Choose the correct answer: What is the role of a film producer?,Amitabh Bachchan,The International Film Festival of India (IFFI),To manage the financial and logistical aspects of making a film,'RRR' (for the song 'Naatu Naatu'),C) To manage the financial and logistical aspects of making a film,"A film producer manages the financial, logistical, and administrative aspects of a film's production.",Cinema,Producers
Choose the correct answer: What is the popular nickname for the Telugu-language film industry?,Ramesh Sippy,"A brief appearance by a notable performer, often uncredited or in a small role",The Cannes Film Festival,Tollywood,D) Tollywood,Tollywood is the popular nickname for the Telugu-language film industry.,Cinema,Telugu Cinema
"Who directed the film 'Sholay' (1975), a landmark of Indian cinema?",A debut,Dr. Rajkumar,Tollywood,Ramesh Sippy,D) Ramesh Sippy,"Ramesh Sippy directed 'Sholay' (1975), one of the most iconic and commercially successful films in Indian cinema history.",Cinema,Bollywood
Which option correctly answers this: What genre of film typically centers on solving a crime or mystery?,Dr. Rajkumar,A detective or mystery film,Kollywood,Comedy,B) A detective or mystery film,"Detective or mystery films typically center on solving a crime, uncovering secrets, or unraveling a mystery.",Cinema,Famous Films
Which option correctly answers this: What is the popular nickname for the Kannada-language film industry?,Tollywood,Sandalwood,The National Film Awards,To oversee the creative and technical aspects of making a film,B) Sandalwood,"Sandalwood is the popular nickname for the Kannada-language film industry, based in Karnataka.",Cinema,Kannada Cinema
Choose the correct answer: What term describes films made using computer-generated imagery for visual effects?,Amitabh Bachchan,The National Film Awards,CGI (computer-generated imagery) films,"A brief appearance by a notable performer, often uncredited or in a small role",C) CGI (computer-generated imagery) films,"CGI films use computer-generated imagery extensively to create visual effects, characters, or entire animated worlds.",Cinema,Cinema History
What is the term for a movie made specifically for children and family audiences?,A family film,"A film created using techniques like drawings or computer graphics to simulate movement, rather than live actors",Movie songs (film songs),Dr. Rajkumar,A) A family film,"A family film is created with content and themes suitable and appealing for audiences of all ages, especially children.",Cinema,Famous Films
Choose the correct answer: What term describes films made using computer-generated imagery for visual effects?,A detective or mystery film,The National Film Awards,CGI (computer-generated imagery) films,Movie songs (film songs),C) CGI (computer-generated imagery) films,"CGI films use computer-generated imagery extensively to create visual effects, characters, or entire animated worlds.",Cinema,Cinema History
Choose the correct answer: What does the term 'cameo' mean in film?,"A brief appearance by a notable performer, often uncredited or in a small role",Satyajit Ray,Hollywood,A film that portrays events occurring before an earlier film's story,"A) A brief appearance by a notable performer, often uncredited or in a small role","A cameo refers to a brief appearance in a film by a notable performer, often in a small or uncredited role.",Cinema,Movie Characters
Who directed the internationally acclaimed Indian film 'Pather Panchali' (1955)?,Comedy,A detective or mystery film,Kollywood,Satyajit Ray,D) Satyajit Ray,"Satyajit Ray directed 'Pather Panchali' (1955), a landmark of Indian and world cinema.",Cinema,Cinema History
Choose the correct answer: Which international film award is considered the most prestigious in the American film industry?,Box office collection,The Academy Awards (Oscars),Kollywood,To manage the financial and logistical aspects of making a film,B) The Academy Awards (Oscars),"The Academy Awards, commonly known as the Oscars, are considered the most prestigious awards in the American film industry.",Cinema,Movie Awards
Which option correctly answers this: What are the national film awards of India called?,A detective or mystery film,Tollywood,CGI (computer-generated imagery) films,The National Film Awards,D) The National Film Awards,"The National Film Awards are India's most prestigious national film honors, established in 1954.",Cinema,Movie Awards
What is the role of a film producer?,Dr. Rajkumar,A film that continues the story of an earlier film,A detective or mystery film,To manage the financial and logistical aspects of making a film,D) To manage the financial and logistical aspects of making a film,"A film producer manages the financial, logistical, and administrative aspects of a film's production.",Cinema,Producers
Choose the correct answer: What is the role of a film director?,Ramesh Sippy,To oversee the creative and technical aspects of making a film,Sandalwood,Kollywood,B) To oversee the creative and technical aspects of making a film,"A film director oversees the creative and technical aspects of a film's production, guiding the cast and crew.",Cinema,Directors
Choose the correct answer: What is the popular nickname for the Hindi-language film industry based in Mumbai?,The Academy Awards (Oscars),Dr. Rajkumar,Bollywood,Box office collection,C) Bollywood,"Bollywood is the popular nickname for India's Hindi-language film industry, based primarily in Mumbai.",Cinema,Bollywood
Choose the correct answer: What is a 'sequel' in film terminology?,A film that portrays events occurring before an earlier film's story,CGI (computer-generated imagery) films,A film that continues the story of an earlier film,Amitabh Bachchan,C) A film that continues the story of an earlier film,A sequel is a film that continues or expands upon the story or characters introduced in an earlier film.,Cinema,Famous Films
Which option correctly answers this: What is the popular nickname for the Telugu-language film industry?,Tollywood,Comedy,A debut,Kollywood,A) Tollywood,Tollywood is the popular nickname for the Telugu-language film industry.,Cinema,Telugu Cinema
"Which option correctly answers this: Who directed the film 'Sholay' (1975), a landmark of Indian cinema?",Sandalwood,Ramesh Sippy,Movie songs (film songs),The National Film Awards,B) Ramesh Sippy,"Ramesh Sippy directed 'Sholay' (1975), one of the most iconic and commercially successful films in Indian cinema history.",Cinema,Bollywood
Choose the correct answer: What is the term for a movie made specifically for children and family audiences?,The Academy Awards (Oscars),Sandalwood,"A film created using techniques like drawings or computer graphics to simulate movement, rather than live actors",A family film,D) A family film,"A family film is created with content and themes suitable and appealing for audiences of all ages, especially children.",Cinema,Famous Films
What is the popular nickname for the Tamil-language film industry?,A film that continues the story of an earlier film,'RRR' (for the song 'Naatu Naatu'),Kollywood,Satyajit Ray,C) Kollywood,"Kollywood is the popular nickname for the Tamil-language film industry, based mainly in Chennai.",Cinema,Tamil Cinema
Choose the correct answer: Which major Indian film festival is held annually in Goa?,CGI (computer-generated imagery) films,The Academy Awards (Oscars),Hollywood,The International Film Festival of India (IFFI),D) The International Film Festival of India (IFFI),The International Film Festival of India (IFFI) is a major annual film festival held in Goa.,Cinema,Film Festivals
Which option correctly answers this: What term describes films made using computer-generated imagery for visual effects?,"A film created using techniques like drawings or computer graphics to simulate movement, rather than live actors",Movie songs (film songs),Kollywood,CGI (computer-generated imagery) films,D) CGI (computer-generated imagery) films,"CGI films use computer-generated imagery extensively to create visual effects, characters, or entire animated worlds.",Cinema,Cinema History
"What is the term for the process of adding sound, music, and effects to a film after shooting?",A film that achieves exceptionally high box office success,Satyajit Ray,CGI (computer-generated imagery) films,Post-production,D) Post-production,"Post-production is the phase after filming where editing, sound design, music, and visual effects are added to a film.",Cinema,Cinema History
Choose the correct answer: What is a 'blockbuster' in film terminology?,A film that continues the story of an earlier film,A debut,A film that achieves exceptionally high box office success,"A film created using techniques like drawings or computer graphics to simulate movement, rather than live actors",C) A film that achieves exceptionally high box office success,A blockbuster is a term used to describe a film that achieves exceptionally high commercial and box office success.,Cinema,Box Office
Quiz question: What is the popular nickname for the Kannada-language film industry?,A film that achieves exceptionally high box office success,Sandalwood,Bollywood,A film that portrays events occurring before an earlier film's story,B) Sandalwood,"Sandalwood is the popular nickname for the Kannada-language film industry, based in Karnataka.",Cinema,Kannada Cinema
Quiz question: What is a 'sequel' in film terminology?,To oversee the creative and technical aspects of making a film,A film that continues the story of an earlier film,Ramesh Sippy,Sandalwood,B) A film that continues the story of an earlier film,A sequel is a film that continues or expands upon the story or characters introduced in an earlier film.,Cinema,Famous Films
Which option correctly answers this: What genre of film typically centers on solving a crime or mystery?,A detective or mystery film,Post-production,Ramesh Sippy,To oversee the creative and technical aspects of making a film,A) A detective or mystery film,"Detective or mystery films typically center on solving a crime, uncovering secrets, or unraveling a mystery.",Cinema,Famous Films
What is the term for the genre of films focused primarily on making audiences laugh?,Comedy,Box office collection,Tollywood,Amitabh Bachchan,A) Comedy,"Comedy is a film genre specifically focused on humor, designed primarily to entertain and amuse audiences.",Cinema,Famous Films
Choose the correct answer: What term describes films made using computer-generated imagery for visual effects?,Satyajit Ray,Ramesh Sippy,CGI (computer-generated imagery) films,Movie songs (film songs),C) CGI (computer-generated imagery) films,"CGI films use computer-generated imagery extensively to create visual effects, characters, or entire animated worlds.",Cinema,Cinema History
Which option correctly answers this: What is the term for a movie made specifically for children and family audiences?,To manage the financial and logistical aspects of making a film,Sandalwood,The Academy Awards (Oscars),A family film,D) A family film,"A family film is created with content and themes suitable and appealing for audiences of all ages, especially children.",Cinema,Famous Films
Choose the correct answer: What is the role of a film director?,Post-production,To oversee the creative and technical aspects of making a film,Tollywood,"A film created using techniques like drawings or computer graphics to simulate movement, rather than live actors",B) To oversee the creative and technical aspects of making a film,"A film director oversees the creative and technical aspects of a film's production, guiding the cast and crew.",Cinema,Directors
Which option correctly answers this: What does the term 'cameo' mean in film?,The National Film Awards,'RRR' (for the song 'Naatu Naatu'),"A brief appearance by a notable performer, often uncredited or in a small role",A film that achieves exceptionally high box office success,"C) A brief appearance by a notable performer, often uncredited or in a small role","A cameo refers to a brief appearance in a film by a notable performer, often in a small or uncredited role.",Cinema,Movie Characters
Quiz question: Which major Indian film festival is held annually in Goa?,Movie songs (film songs),Satyajit Ray,The International Film Festival of India (IFFI),Post-production,C) The International Film Festival of India (IFFI),The International Film Festival of India (IFFI) is a major annual film festival held in Goa.,Cinema,Film Festivals
Quiz question: What is the popular nickname for the Kannada-language film industry?,Sandalwood,The Cannes Film Festival,The International Film Festival of India (IFFI),Kollywood,A) Sandalwood,"Sandalwood is the popular nickname for the Kannada-language film industry, based in Karnataka.",Cinema,Kannada Cinema
What is the term for the American film industry centered in Los Angeles?,Ramesh Sippy,A family film,Hollywood,A film that achieves exceptionally high box office success,C) Hollywood,"Hollywood refers to the American film industry, historically centered in the Hollywood district of Los Angeles.",Cinema,Hollywood
"Quiz question: Who played the character in a lead role of many iconic Kannada films and is often called a legendary figure of Sandalwood, honored with titles like 'Varanatha Tara'?",A family film,Dr. Rajkumar,Ramesh Sippy,A film that achieves exceptionally high box office success,B) Dr. Rajkumar,"Dr. Rajkumar is widely regarded as a legendary figure of Kannada cinema, celebrated for his extensive body of work.",Cinema,Kannada Cinema
"Quiz question: Which Indian film became widely recognized internationally after winning major awards including at the 2023 Oscars, for its song?",Comedy,The Cannes Film Festival,'RRR' (for the song 'Naatu Naatu'),Bollywood,C) 'RRR' (for the song 'Naatu Naatu'),"'RRR' gained major international recognition, including winning the Oscar for Best Original Song for 'Naatu Naatu' at the 2023 Academy Awards.",Cinema,Movie Awards
Choose the correct answer: What is the term for a film's total earnings from ticket sales?,A detective or mystery film,To oversee the creative and technical aspects of making a film,CGI (computer-generated imagery) films,Box office collection,D) Box office collection,Box office collection refers to the total revenue a film earns from ticket sales.,Cinema,Box Office
Quiz question: What is the popular nickname for the Tamil-language film industry?,CGI (computer-generated imagery) films,The National Film Awards,A detective or mystery film,Kollywood,D) Kollywood,"Kollywood is the popular nickname for the Tamil-language film industry, based mainly in Chennai.",Cinema,Tamil Cinema
"Choose the correct answer: What is the term for the process of adding sound, music, and effects to a film after shooting?",Dr. Rajkumar,A detective or mystery film,Sandalwood,Post-production,D) Post-production,"Post-production is the phase after filming where editing, sound design, music, and visual effects are added to a film.",Cinema,Cinema History
Choose the correct answer: What is a 'prequel' in film terminology?,A film that portrays events occurring before an earlier film's story,Ramesh Sippy,CGI (computer-generated imagery) films,Dr. Rajkumar,A) A film that portrays events occurring before an earlier film's story,A prequel portrays events that take place chronologically before the story of an earlier related film.,Cinema,Famous Films
"Choose the correct answer: Who directed the film 'Sholay' (1975), a landmark of Indian cinema?",Ramesh Sippy,Tollywood,Comedy,"A film created using techniques like drawings or computer graphics to simulate movement, rather than live actors",A) Ramesh Sippy,"Ramesh Sippy directed 'Sholay' (1975), one of the most iconic and commercially successful films in Indian cinema history.",Cinema,Bollywood
"Choose the correct answer: Which film festival is considered one of the most prestigious in the world, held annually in France?",To manage the financial and logistical aspects of making a film,The Cannes Film Festival,Kollywood,The Academy Awards (Oscars),B) The Cannes Film Festival,"The Cannes Film Festival, held annually in France, is one of the most prestigious and influential film festivals in the world.",Cinema,Film Festivals
Quiz question: What genre of film typically centers on solving a crime or mystery?,A detective or mystery film,Movie songs (film songs),"A film created using techniques like drawings or computer graphics to simulate movement, rather than live actors",CGI (computer-generated imagery) films,A) A detective or mystery film,"Detective or mystery films typically center on solving a crime, uncovering secrets, or unraveling a mystery.",Cinema,Famous Films
Quiz question: What is a 'sequel' in film terminology?,Satyajit Ray,A film that continues the story of an earlier film,Comedy,A detective or mystery film,B) A film that continues the story of an earlier film,A sequel is a film that continues or expands upon the story or characters introduced in an earlier film.,Cinema,Famous Films
"Which option correctly answers this: Who played the character in a lead role of many iconic Kannada films and is often called a legendary figure of Sandalwood, honored with titles like 'Varanatha Tara'?",The National Film Awards,Dr. Rajkumar,The International Film Festival of India (IFFI),Hollywood,B) Dr. Rajkumar,"Dr. Rajkumar is widely regarded as a legendary figure of Kannada cinema, celebrated for his extensive body of work.",Cinema,Kannada Cinema
Quiz question: What term describes an actor's first film role or debut?,Kollywood,A film that portrays events occurring before an earlier film's story,Movie songs (film songs),A debut,D) A debut,A debut refers to an actor's or filmmaker's first professional appearance or work in a film.,Cinema,Actors
Quiz question: What is the role of a film producer?,To manage the financial and logistical aspects of making a film,Movie songs (film songs),Tollywood,'RRR' (for the song 'Naatu Naatu'),A) To manage the financial and logistical aspects of making a film,"A film producer manages the financial, logistical, and administrative aspects of a film's production.",Cinema,Producers
Quiz question: What term describes an actor's first film role or debut?,A debut,Dr. Rajkumar,The Cannes Film Festival,"A brief appearance by a notable performer, often uncredited or in a small role",A) A debut,A debut refers to an actor's or filmmaker's first professional appearance or work in a film.,Cinema,Actors
Quiz question: What is the term for a film's total earnings from ticket sales?,Amitabh Bachchan,A film that portrays events occurring before an earlier film's story,To manage the financial and logistical aspects of making a film,Box office collection,D) Box office collection,Box office collection refers to the total revenue a film earns from ticket sales.,Cinema,Box Office
Which major Indian film festival is held annually in Goa?,Amitabh Bachchan,Post-production,Kollywood,The International Film Festival of India (IFFI),D) The International Film Festival of India (IFFI),The International Film Festival of India (IFFI) is a major annual film festival held in Goa.,Cinema,Film Festivals
Which international film award is considered the most prestigious in the American film industry?,To manage the financial and logistical aspects of making a film,The Academy Awards (Oscars),Box office collection,'RRR' (for the song 'Naatu Naatu'),B) The Academy Awards (Oscars),"The Academy Awards, commonly known as the Oscars, are considered the most prestigious awards in the American film industry.",Cinema,Movie Awards
"Quiz question: What is the term for a movie's soundtrack songs, common in Indian cinema?",Kollywood,Sandalwood,Amitabh Bachchan,Movie songs (film songs),D) Movie songs (film songs),"Movie songs, or film songs, are musical compositions included as part of a film's soundtrack, especially prominent in Indian cinema.",Cinema,Movie Songs
"Which option correctly answers this: What is the term for the process of adding sound, music, and effects to a film after shooting?",A debut,To manage the financial and logistical aspects of making a film,Post-production,Movie songs (film songs),C) Post-production,"Post-production is the phase after filming where editing, sound design, music, and visual effects are added to a film.",Cinema,Cinema History
Which option correctly answers this: What term describes an actor's first film role or debut?,Tollywood,A debut,Movie songs (film songs),Box office collection,B) A debut,A debut refers to an actor's or filmmaker's first professional appearance or work in a film.,Cinema,Actors
Choose the correct answer: Which major Indian film festival is held annually in Goa?,A film that continues the story of an earlier film,CGI (computer-generated imagery) films,The International Film Festival of India (IFFI),"A film created using techniques like drawings or computer graphics to simulate movement, rather than live actors",C) The International Film Festival of India (IFFI),The International Film Festival of India (IFFI) is a major annual film festival held in Goa.,Cinema,Film Festivals
Quiz question: What is the term for a movie made specifically for children and family audiences?,Comedy,A family film,Amitabh Bachchan,Hollywood,B) A family film,"A family film is created with content and themes suitable and appealing for audiences of all ages, especially children.",Cinema,Famous Films
What is the role of a film director?,The Cannes Film Festival,To oversee the creative and technical aspects of making a film,A family film,A detective or mystery film,B) To oversee the creative and technical aspects of making a film,"A film director oversees the creative and technical aspects of a film's production, guiding the cast and crew.",Cinema,Directors
Which option correctly answers this: What is the popular nickname for the Telugu-language film industry?,Ramesh Sippy,Box office collection,Post-production,Tollywood,D) Tollywood,Tollywood is the popular nickname for the Telugu-language film industry.,Cinema,Telugu Cinema
Choose the correct answer: What is the role of a film producer?,'RRR' (for the song 'Naatu Naatu'),To manage the financial and logistical aspects of making a film,A film that continues the story of an earlier film,Movie songs (film songs),B) To manage the financial and logistical aspects of making a film,"A film producer manages the financial, logistical, and administrative aspects of a film's production.",Cinema,Producers
Which option correctly answers this: What is a 'sequel' in film terminology?,'RRR' (for the song 'Naatu Naatu'),A film that continues the story of an earlier film,The National Film Awards,Ramesh Sippy,B) A film that continues the story of an earlier film,A sequel is a film that continues or expands upon the story or characters introduced in an earlier film.,Cinema,Famous Films
Choose the correct answer: Which major Indian film festival is held annually in Goa?,CGI (computer-generated imagery) films,A film that continues the story of an earlier film,Comedy,The International Film Festival of India (IFFI),D) The International Film Festival of India (IFFI),The International Film Festival of India (IFFI) is a major annual film festival held in Goa.,Cinema,Film Festivals
"Choose the correct answer: Who played the character in a lead role of many iconic Kannada films and is often called a legendary figure of Sandalwood, honored with titles like 'Varanatha Tara'?",The National Film Awards,Dr. Rajkumar,Comedy,"A brief appearance by a notable performer, often uncredited or in a small role",B) Dr. Rajkumar,"Dr. Rajkumar is widely regarded as a legendary figure of Kannada cinema, celebrated for his extensive body of work.",Cinema,Kannada Cinema
Quiz question: What is the role of a film producer?,'RRR' (for the song 'Naatu Naatu'),To manage the financial and logistical aspects of making a film,"A brief appearance by a notable performer, often uncredited or in a small role",A film that portrays events occurring before an earlier film's story,B) To manage the financial and logistical aspects of making a film,"A film producer manages the financial, logistical, and administrative aspects of a film's production.",Cinema,Producers
Quiz question: Which actor is widely known by the nickname 'Shahenshah of Bollywood'?,Comedy,Kollywood,The Cannes Film Festival,Amitabh Bachchan,D) Amitabh Bachchan,"Amitabh Bachchan is widely referred to by fans and media as the 'Shahenshah of Bollywood', among other honorifics.",Cinema,Actors
Choose the correct answer: What is a 'blockbuster' in film terminology?,Post-production,'RRR' (for the song 'Naatu Naatu'),A film that achieves exceptionally high box office success,Sandalwood,C) A film that achieves exceptionally high box office success,A blockbuster is a term used to describe a film that achieves exceptionally high commercial and box office success.,Cinema,Box Office
Quiz question: Which major Indian film festival is held annually in Goa?,Tollywood,The International Film Festival of India (IFFI),The Cannes Film Festival,Hollywood,B) The International Film Festival of India (IFFI),The International Film Festival of India (IFFI) is a major annual film festival held in Goa.,Cinema,Film Festivals
"Choose the correct answer: Who played the character in a lead role of many iconic Kannada films and is often called a legendary figure of Sandalwood, honored with titles like 'Varanatha Tara'?",Dr. Rajkumar,A film that portrays events occurring before an earlier film's story,Comedy,A film that achieves exceptionally high box office success,A) Dr. Rajkumar,"Dr. Rajkumar is widely regarded as a legendary figure of Kannada cinema, celebrated for his extensive body of work.",Cinema,Kannada Cinema
Choose the correct answer: What is the term for a movie made specifically for children and family audiences?,To manage the financial and logistical aspects of making a film,Hollywood,A family film,"A brief appearance by a notable performer, often uncredited or in a small role",C) A family film,"A family film is created with content and themes suitable and appealing for audiences of all ages, especially children.",Cinema,Famous Films
