Question,Option A,Option B,Option C,Option D,Correct Answer,Solution/Explanation,Category,Subcategory
What is the capital of India?,San Jose,New Delhi,Tbilisi,Vienna,B) New Delhi,The capital city of India is New Delhi.,Countries & Capitals,Country Capitals
New Delhi is the capital city of which country?,India,Netherlands,Norway,Andorra,A) India,New Delhi serves as the capital city of India.,Countries & Capitals,Country Capitals
India is located on which continent?,Oceania,Asia,South America,Europe,B) Asia,India is located on the continent of Asia.,Countries & Capitals,Asia Countries
What is the official currency of India?,Swedish Krona,Pakistani Rupee,Indian Rupee,Fijian Dollar,C) Indian Rupee,The official currency used in India is the Indian Rupee.,Countries & Capitals,Country Currencies
What is the capital of China?,Pretoria,Beijing,Panama City,Sana'a,B) Beijing,The capital city of China is Beijing.,Countries & Capitals,Country Capitals
Beijing is the capital city of which country?,Norway,China,El Salvador,United States,B) China,Beijing serves as the capital city of China.,Countries & Capitals,Country Capitals
China is located on which continent?,Africa,Oceania,South America,Asia,D) Asia,China is located on the continent of Asia.,Countries & Capitals,Asia Countries
What is the official currency of China?,Haitian Gourde,Bulgarian Lev,Serbian Dinar,Chinese Yuan,D) Chinese Yuan,The official currency used in China is the Chinese Yuan.,Countries & Capitals,Country Currencies
What is the capital of Japan?,Tokyo,Freetown,Islamabad,Quito,A) Tokyo,The capital city of Japan is Tokyo.,Countries & Capitals,Country Capitals
Tokyo is the capital city of which country?,Canada,Slovakia,Japan,Djibouti,C) Japan,Tokyo serves as the capital city of Japan.,Countries & Capitals,Country Capitals
Japan is located on which continent?,Africa,Europe,South America,Asia,D) Asia,Japan is located on the continent of Asia.,Countries & Capitals,Asia Countries
What is the official currency of Japan?,Chilean Peso,Namibian Dollar,Maldivian Rufiyaa,Japanese Yen,D) Japanese Yen,The official currency used in Japan is the Japanese Yen.,Countries & Capitals,Country Currencies
What is the capital of South Korea?,Ottawa,Seoul,Bratislava,Quito,B) Seoul,The capital city of South Korea is Seoul.,Countries & Capitals,Country Capitals
Seoul is the capital city of which country?,South Korea,Algeria,Cameroon,Sweden,A) South Korea,Seoul serves as the capital city of South Korea.,Countries & Capitals,Country Capitals
South Korea is located on which continent?,North America,Asia,South America,Africa,B) Asia,South Korea is located on the continent of Asia.,Countries & Capitals,Asia Countries
What is the official currency of South Korea?,Guinean Franc,Turkmenistan Manat,South Korean Won,Syrian Pound,C) South Korean Won,The official currency used in South Korea is the South Korean Won.,Countries & Capitals,Country Currencies
What is the capital of Indonesia?,Warsaw,Manama,Victoria,Jakarta,D) Jakarta,The capital city of Indonesia is Jakarta.,Countries & Capitals,Country Capitals
Jakarta is the capital city of which country?,Mongolia,Eswatini,Indonesia,Guinea,C) Indonesia,Jakarta serves as the capital city of Indonesia.,Countries & Capitals,Country Capitals
Indonesia is located on which continent?,South America,Asia,Oceania,Africa,B) Asia,Indonesia is located on the continent of Asia.,Countries & Capitals,Asia Countries
What is the official currency of Indonesia?,Lesotho Loti,North Korean Won,Mongolian Tugrik,Indonesian Rupiah,D) Indonesian Rupiah,The official currency used in Indonesia is the Indonesian Rupiah.,Countries & Capitals,Country Currencies
What is the capital of Pakistan?,Port Vila,Canberra,Tarawa,Islamabad,D) Islamabad,The capital city of Pakistan is Islamabad.,Countries & Capitals,Country Capitals
Islamabad is the capital city of which country?,Pakistan,Eswatini,Malta,Switzerland,A) Pakistan,Islamabad serves as the capital city of Pakistan.,Countries & Capitals,Country Capitals
Pakistan is located on which continent?,Oceania,Africa,Europe,Asia,D) Asia,Pakistan is located on the continent of Asia.,Countries & Capitals,Asia Countries
What is the official currency of Pakistan?,Costa Rican Colon,Pakistani Rupee,Sri Lankan Rupee,Lao Kip,B) Pakistani Rupee,The official currency used in Pakistan is the Pakistani Rupee.,Countries & Capitals,Country Currencies
What is the capital of Bangladesh?,Ashgabat,Kingston,Dhaka,Jakarta,C) Dhaka,The capital city of Bangladesh is Dhaka.,Countries & Capitals,Country Capitals
Dhaka is the capital city of which country?,Syria,South Africa,Bangladesh,Togo,C) Bangladesh,Dhaka serves as the capital city of Bangladesh.,Countries & Capitals,Country Capitals
Bangladesh is located on which continent?,North America,Asia,South America,Africa,B) Asia,Bangladesh is located on the continent of Asia.,Countries & Capitals,Asia Countries
What is the official currency of Bangladesh?,Bangladeshi Taka,Botswana Pula,Belarusian Ruble,Philippine Peso,A) Bangladeshi Taka,The official currency used in Bangladesh is the Bangladeshi Taka.,Countries & Capitals,Country Currencies
What is the capital of Sri Lanka?,San Salvador,Libreville,Tegucigalpa,Colombo,D) Colombo,The capital city of Sri Lanka is Colombo.,Countries & Capitals,Country Capitals
Colombo is the capital city of which country?,Sri Lanka,Kazakhstan,Bhutan,Egypt,A) Sri Lanka,Colombo serves as the capital city of Sri Lanka.,Countries & Capitals,Country Capitals
Sri Lanka is located on which continent?,South America,North America,Africa,Asia,D) Asia,Sri Lanka is located on the continent of Asia.,Countries & Capitals,Asia Countries
What is the official currency of Sri Lanka?,Yemeni Rial,Sri Lankan Rupee,Saudi Riyal,Lao Kip,B) Sri Lankan Rupee,The official currency used in Sri Lanka is the Sri Lankan Rupee.,Countries & Capitals,Country Currencies
What is the capital of Nepal?,Oslo,Kathmandu,Jakarta,Bucharest,B) Kathmandu,The capital city of Nepal is Kathmandu.,Countries & Capitals,Country Capitals
Kathmandu is the capital city of which country?,Peru,Sri Lanka,Saudi Arabia,Nepal,D) Nepal,Kathmandu serves as the capital city of Nepal.,Countries & Capitals,Country Capitals
Nepal is located on which continent?,North America,Asia,South America,Africa,B) Asia,Nepal is located on the continent of Asia.,Countries & Capitals,Asia Countries
What is the official currency of Nepal?,Bhutanese Ngultrum,Nepalese Rupee,Norwegian Krone,Tajikistani Somoni,B) Nepalese Rupee,The official currency used in Nepal is the Nepalese Rupee.,Countries & Capitals,Country Currencies
What is the capital of Bhutan?,Thimphu,Tallinn,Santiago,New Delhi,A) Thimphu,The capital city of Bhutan is Thimphu.,Countries & Capitals,Country Capitals
Thimphu is the capital city of which country?,Syria,Bhutan,Belize,Croatia,B) Bhutan,Thimphu serves as the capital city of Bhutan.,Countries & Capitals,Country Capitals
Bhutan is located on which continent?,Africa,South America,Europe,Asia,D) Asia,Bhutan is located on the continent of Asia.,Countries & Capitals,Asia Countries
What is the official currency of Bhutan?,Peruvian Sol,Kuwaiti Dinar,Bhutanese Ngultrum,Nigerian Naira,C) Bhutanese Ngultrum,The official currency used in Bhutan is the Bhutanese Ngultrum.,Countries & Capitals,Country Currencies
What is the capital of Myanmar?,Andorra la Vella,Naypyidaw,Nicosia,Luxembourg City,B) Naypyidaw,The capital city of Myanmar is Naypyidaw.,Countries & Capitals,Country Capitals
Naypyidaw is the capital city of which country?,Ghana,Myanmar,Libya,Mongolia,B) Myanmar,Naypyidaw serves as the capital city of Myanmar.,Countries & Capitals,Country Capitals
Myanmar is located on which continent?,South America,Asia,Africa,North America,B) Asia,Myanmar is located on the continent of Asia.,Countries & Capitals,Asia Countries
What is the official currency of Myanmar?,Myanmar Kyat,UAE Dirham,Lao Kip,Philippine Peso,A) Myanmar Kyat,The official currency used in Myanmar is the Myanmar Kyat.,Countries & Capitals,Country Currencies
What is the capital of Thailand?,Ottawa,Wellington,Bangkok,Asmara,C) Bangkok,The capital city of Thailand is Bangkok.,Countries & Capitals,Country Capitals
Bangkok is the capital city of which country?,Austria,Netherlands,Liberia,Thailand,D) Thailand,Bangkok serves as the capital city of Thailand.,Countries & Capitals,Country Capitals
Thailand is located on which continent?,South America,Oceania,Asia,Africa,C) Asia,Thailand is located on the continent of Asia.,Countries & Capitals,Asia Countries
What is the official currency of Thailand?,Brazilian Real,Moroccan Dirham,Thai Baht,Bahraini Dinar,C) Thai Baht,The official currency used in Thailand is the Thai Baht.,Countries & Capitals,Country Currencies
What is the capital of Vietnam?,Hanoi,Kigali,Funafuti,Canberra,A) Hanoi,The capital city of Vietnam is Hanoi.,Countries & Capitals,Country Capitals
Hanoi is the capital city of which country?,Israel,Vietnam,Syria,Norway,B) Vietnam,Hanoi serves as the capital city of Vietnam.,Countries & Capitals,Country Capitals
Vietnam is located on which continent?,North America,Asia,Europe,South America,B) Asia,Vietnam is located on the continent of Asia.,Countries & Capitals,Asia Countries
What is the official currency of Vietnam?,Mexican Peso,Vietnamese Dong,Moroccan Dirham,Tunisian Dinar,B) Vietnamese Dong,The official currency used in Vietnam is the Vietnamese Dong.,Countries & Capitals,Country Currencies
What is the capital of Cambodia?,Budapest,"Washington, D.C.",Phnom Penh,Vienna,C) Phnom Penh,The capital city of Cambodia is Phnom Penh.,Countries & Capitals,Country Capitals
Phnom Penh is the capital city of which country?,Cambodia,Seychelles,Kyrgyzstan,Brazil,A) Cambodia,Phnom Penh serves as the capital city of Cambodia.,Countries & Capitals,Country Capitals
Cambodia is located on which continent?,North America,Asia,Africa,South America,B) Asia,Cambodia is located on the continent of Asia.,Countries & Capitals,Asia Countries
What is the official currency of Cambodia?,Bahraini Dinar,Eritrean Nakfa,Cambodian Riel,Singapore Dollar,C) Cambodian Riel,The official currency used in Cambodia is the Cambodian Riel.,Countries & Capitals,Country Currencies
What is the capital of Laos?,Conakry,Vientiane,Brasilia,Mogadishu,B) Vientiane,The capital city of Laos is Vientiane.,Countries & Capitals,Country Capitals
Vientiane is the capital city of which country?,United Kingdom,Micronesia,Maldives,Laos,D) Laos,Vientiane serves as the capital city of Laos.,Countries & Capitals,Country Capitals
Laos is located on which continent?,Europe,Asia,Oceania,Africa,B) Asia,Laos is located on the continent of Asia.,Countries & Capitals,Asia Countries
What is the official currency of Laos?,Zimbabwean Dollar,Macedonian Denar,Icelandic Krona,Lao Kip,D) Lao Kip,The official currency used in Laos is the Lao Kip.,Countries & Capitals,Country Currencies
What is the capital of Malaysia?,Tripoli,Kuala Lumpur,Beijing,Majuro,B) Kuala Lumpur,The capital city of Malaysia is Kuala Lumpur.,Countries & Capitals,Country Capitals
Kuala Lumpur is the capital city of which country?,Spain,New Zealand,Malaysia,Dominican Republic,C) Malaysia,Kuala Lumpur serves as the capital city of Malaysia.,Countries & Capitals,Country Capitals
Malaysia is located on which continent?,South America,North America,Asia,Oceania,C) Asia,Malaysia is located on the continent of Asia.,Countries & Capitals,Asia Countries
What is the official currency of Malaysia?,Kenyan Shilling,Bahraini Dinar,Malaysian Ringgit,Czech Koruna,C) Malaysian Ringgit,The official currency used in Malaysia is the Malaysian Ringgit.,Countries & Capitals,Country Currencies
What is the capital of Singapore?,Luanda,New Delhi,Paris,Singapore,D) Singapore,The capital city of Singapore is Singapore.,Countries & Capitals,Country Capitals
Singapore is the capital city of which country?,Singapore,United Kingdom,Turkmenistan,Romania,A) Singapore,Singapore serves as the capital city of Singapore.,Countries & Capitals,Country Capitals
Singapore is located on which continent?,North America,Africa,South America,Asia,D) Asia,Singapore is located on the continent of Asia.,Countries & Capitals,Asia Countries
What is the official currency of Singapore?,Maldivian Rufiyaa,New Taiwan Dollar,Mexican Peso,Singapore Dollar,D) Singapore Dollar,The official currency used in Singapore is the Singapore Dollar.,Countries & Capitals,Country Currencies
What is the capital of Philippines?,Apia,Manila,"Washington, D.C.",Thimphu,B) Manila,The capital city of Philippines is Manila.,Countries & Capitals,Country Capitals
Manila is the capital city of which country?,Philippines,Kazakhstan,Eswatini,San Marino,A) Philippines,Manila serves as the capital city of Philippines.,Countries & Capitals,Country Capitals
Philippines is located on which continent?,South America,Africa,Oceania,Asia,D) Asia,Philippines is located on the continent of Asia.,Countries & Capitals,Asia Countries
What is the official currency of Philippines?,UAE Dirham,Brunei Dollar,Peruvian Sol,Philippine Peso,D) Philippine Peso,The official currency used in Philippines is the Philippine Peso.,Countries & Capitals,Country Currencies
What is the capital of Mongolia?,Kampala,Ulaanbaatar,San Jose,Male,B) Ulaanbaatar,The capital city of Mongolia is Ulaanbaatar.,Countries & Capitals,Country Capitals
Ulaanbaatar is the capital city of which country?,Mongolia,Zambia,Uruguay,Singapore,A) Mongolia,Ulaanbaatar serves as the capital city of Mongolia.,Countries & Capitals,Country Capitals
Mongolia is located on which continent?,North America,Asia,Europe,South America,B) Asia,Mongolia is located on the continent of Asia.,Countries & Capitals,Asia Countries
What is the official currency of Mongolia?,Central African CFA Franc,Mongolian Tugrik,Guyanese Dollar,Brazilian Real,B) Mongolian Tugrik,The official currency used in Mongolia is the Mongolian Tugrik.,Countries & Capitals,Country Currencies
What is the capital of Afghanistan?,Tirana,Tarawa,Windhoek,Kabul,D) Kabul,The capital city of Afghanistan is Kabul.,Countries & Capitals,Country Capitals
Kabul is the capital city of which country?,Afghanistan,Colombia,Nauru,Eritrea,A) Afghanistan,Kabul serves as the capital city of Afghanistan.,Countries & Capitals,Country Capitals
Afghanistan is located on which continent?,Asia,South America,Oceania,Africa,A) Asia,Afghanistan is located on the continent of Asia.,Countries & Capitals,Asia Countries
What is the official currency of Afghanistan?,Hungarian Forint,Australian Dollar,Afghan Afghani,Bosnia-Herzegovina Convertible Mark,C) Afghan Afghani,The official currency used in Afghanistan is the Afghan Afghani.,Countries & Capitals,Country Currencies
What is the capital of Iran?,Yerevan,Tehran,Antananarivo,Ulaanbaatar,B) Tehran,The capital city of Iran is Tehran.,Countries & Capitals,Country Capitals
Tehran is the capital city of which country?,Czech Republic,Sierra Leone,Iran,Syria,C) Iran,Tehran serves as the capital city of Iran.,Countries & Capitals,Country Capitals
Iran is located on which continent?,Europe,Oceania,Asia,North America,C) Asia,Iran is located on the continent of Asia.,Countries & Capitals,Asia Countries
What is the official currency of Iran?,Polish Zloty,Kyrgyzstani Som,Iranian Rial,Seychellois Rupee,C) Iranian Rial,The official currency used in Iran is the Iranian Rial.,Countries & Capitals,Country Currencies
What is the capital of Iraq?,Gaborone,Islamabad,Baghdad,Tripoli,C) Baghdad,The capital city of Iraq is Baghdad.,Countries & Capitals,Country Capitals
Baghdad is the capital city of which country?,Malta,Zimbabwe,Turkey,Iraq,D) Iraq,Baghdad serves as the capital city of Iraq.,Countries & Capitals,Country Capitals
Iraq is located on which continent?,Asia,North America,South America,Europe,A) Asia,Iraq is located on the continent of Asia.,Countries & Capitals,Asia Countries
What is the official currency of Iraq?,Iraqi Dinar,Moldovan Leu,Swedish Krona,South African Rand,A) Iraqi Dinar,The official currency used in Iraq is the Iraqi Dinar.,Countries & Capitals,Country Currencies
What is the capital of Saudi Arabia?,Riyadh,London,Algiers,Oslo,A) Riyadh,The capital city of Saudi Arabia is Riyadh.,Countries & Capitals,Country Capitals
Riyadh is the capital city of which country?,Saudi Arabia,Armenia,Haiti,Ukraine,A) Saudi Arabia,Riyadh serves as the capital city of Saudi Arabia.,Countries & Capitals,Country Capitals
Saudi Arabia is located on which continent?,Africa,Europe,North America,Asia,D) Asia,Saudi Arabia is located on the continent of Asia.,Countries & Capitals,Asia Countries
What is the official currency of Saudi Arabia?,Colombian Peso,Mongolian Tugrik,Saudi Riyal,Honduran Lempira,C) Saudi Riyal,The official currency used in Saudi Arabia is the Saudi Riyal.,Countries & Capitals,Country Currencies
What is the capital of United Arab Emirates?,Vaduz,Prague,Abu Dhabi,Muscat,C) Abu Dhabi,The capital city of United Arab Emirates is Abu Dhabi.,Countries & Capitals,Country Capitals
Abu Dhabi is the capital city of which country?,Haiti,United Arab Emirates,Greece,Netherlands,B) United Arab Emirates,Abu Dhabi serves as the capital city of United Arab Emirates.,Countries & Capitals,Country Capitals
United Arab Emirates is located on which continent?,South America,Europe,Asia,Oceania,C) Asia,United Arab Emirates is located on the continent of Asia.,Countries & Capitals,Asia Countries
What is the official currency of United Arab Emirates?,Qatari Riyal,Japanese Yen,Rwandan Franc,UAE Dirham,D) UAE Dirham,The official currency used in United Arab Emirates is the UAE Dirham.,Countries & Capitals,Country Currencies
What is the capital of Qatar?,Sana'a,Santiago,Tirana,Doha,D) Doha,The capital city of Qatar is Doha.,Countries & Capitals,Country Capitals
Doha is the capital city of which country?,Qatar,Syria,Belarus,Belgium,A) Qatar,Doha serves as the capital city of Qatar.,Countries & Capitals,Country Capitals
Qatar is located on which continent?,Asia,South America,Africa,North America,A) Asia,Qatar is located on the continent of Asia.,Countries & Capitals,Asia Countries
What is the official currency of Qatar?,Seychellois Rupee,Algerian Dinar,Qatari Riyal,Bhutanese Ngultrum,C) Qatari Riyal,The official currency used in Qatar is the Qatari Riyal.,Countries & Capitals,Country Currencies
What is the capital of Kuwait?,Dili,Ljubljana,Kuwait City,Tunis,C) Kuwait City,The capital city of Kuwait is Kuwait City.,Countries & Capitals,Country Capitals
Kuwait City is the capital city of which country?,Kuwait,Libya,Estonia,Turkmenistan,A) Kuwait,Kuwait City serves as the capital city of Kuwait.,Countries & Capitals,Country Capitals
Kuwait is located on which continent?,Africa,Asia,Oceania,Europe,B) Asia,Kuwait is located on the continent of Asia.,Countries & Capitals,Asia Countries
What is the official currency of Kuwait?,Kuwaiti Dinar,Pakistani Rupee,Singapore Dollar,North Korean Won,A) Kuwaiti Dinar,The official currency used in Kuwait is the Kuwaiti Dinar.,Countries & Capitals,Country Currencies
What is the capital of Bahrain?,Ngerulmud,Lome,Manama,Beijing,C) Manama,The capital city of Bahrain is Manama.,Countries & Capitals,Country Capitals
Manama is the capital city of which country?,Andorra,Malaysia,Libya,Bahrain,D) Bahrain,Manama serves as the capital city of Bahrain.,Countries & Capitals,Country Capitals
Bahrain is located on which continent?,Africa,Oceania,Asia,South America,C) Asia,Bahrain is located on the continent of Asia.,Countries & Capitals,Asia Countries
What is the official currency of Bahrain?,Bahraini Dinar,Maldivian Rufiyaa,Guinean Franc,Norwegian Krone,A) Bahraini Dinar,The official currency used in Bahrain is the Bahraini Dinar.,Countries & Capitals,Country Currencies
What is the capital of Oman?,Vatican City,Muscat,Paris,Moscow,B) Muscat,The capital city of Oman is Muscat.,Countries & Capitals,Country Capitals
Muscat is the capital city of which country?,Oman,Bahamas,Bulgaria,United Arab Emirates,A) Oman,Muscat serves as the capital city of Oman.,Countries & Capitals,Country Capitals
Oman is located on which continent?,Africa,Asia,Europe,North America,B) Asia,Oman is located on the continent of Asia.,Countries & Capitals,Asia Countries
What is the official currency of Oman?,Omani Rial,US Dollar,Macedonian Denar,Vietnamese Dong,A) Omani Rial,The official currency used in Oman is the Omani Rial.,Countries & Capitals,Country Currencies
What is the capital of Israel?,Cairo,Jerusalem,Pyongyang,Maseru,B) Jerusalem,The capital city of Israel is Jerusalem.,Countries & Capitals,Country Capitals
Jerusalem is the capital city of which country?,Congo,Palau,Taiwan,Israel,D) Israel,Jerusalem serves as the capital city of Israel.,Countries & Capitals,Country Capitals
Israel is located on which continent?,Asia,North America,Europe,Oceania,A) Asia,Israel is located on the continent of Asia.,Countries & Capitals,Asia Countries
What is the official currency of Israel?,Rwandan Franc,Japanese Yen,Turkish Lira,Israeli Shekel,D) Israeli Shekel,The official currency used in Israel is the Israeli Shekel.,Countries & Capitals,Country Currencies
What is the capital of Jordan?,Amman,Ouagadougou,Jakarta,Funafuti,A) Amman,The capital city of Jordan is Amman.,Countries & Capitals,Country Capitals
Amman is the capital city of which country?,Canada,Jordan,Liberia,Kenya,B) Jordan,Amman serves as the capital city of Jordan.,Countries & Capitals,Country Capitals
Jordan is located on which continent?,Oceania,South America,Asia,Europe,C) Asia,Jordan is located on the continent of Asia.,Countries & Capitals,Asia Countries
What is the official currency of Jordan?,UAE Dirham,Bulgarian Lev,Icelandic Krona,Jordanian Dinar,D) Jordanian Dinar,The official currency used in Jordan is the Jordanian Dinar.,Countries & Capitals,Country Currencies
What is the capital of Lebanon?,Beirut,Bucharest,Dili,Muscat,A) Beirut,The capital city of Lebanon is Beirut.,Countries & Capitals,Country Capitals
Beirut is the capital city of which country?,Zambia,Lebanon,Albania,Italy,B) Lebanon,Beirut serves as the capital city of Lebanon.,Countries & Capitals,Country Capitals
Lebanon is located on which continent?,North America,Asia,Europe,Africa,B) Asia,Lebanon is located on the continent of Asia.,Countries & Capitals,Asia Countries
What is the official currency of Lebanon?,Lebanese Pound,Georgian Lari,Turkmenistan Manat,Thai Baht,A) Lebanese Pound,The official currency used in Lebanon is the Lebanese Pound.,Countries & Capitals,Country Currencies
What is the capital of Syria?,Damascus,Brasilia,Kathmandu,Nassau,A) Damascus,The capital city of Syria is Damascus.,Countries & Capitals,Country Capitals
Damascus is the capital city of which country?,Croatia,Czech Republic,Congo,Syria,D) Syria,Damascus serves as the capital city of Syria.,Countries & Capitals,Country Capitals
Syria is located on which continent?,Asia,Oceania,Europe,South America,A) Asia,Syria is located on the continent of Asia.,Countries & Capitals,Asia Countries
What is the official currency of Syria?,Qatari Riyal,Syrian Pound,Kazakhstani Tenge,Omani Rial,B) Syrian Pound,The official currency used in Syria is the Syrian Pound.,Countries & Capitals,Country Currencies
What is the capital of Turkey?,Tripoli,Ankara,Chisinau,Yaounde,B) Ankara,The capital city of Turkey is Ankara.,Countries & Capitals,Country Capitals
Ankara is the capital city of which country?,Ghana,United Arab Emirates,Seychelles,Turkey,D) Turkey,Ankara serves as the capital city of Turkey.,Countries & Capitals,Country Capitals
Turkey is located on which continent?,South America,Asia,Oceania,Europe,B) Asia,Turkey is located on the continent of Asia.,Countries & Capitals,Asia Countries
What is the official currency of Turkey?,Turkish Lira,Lao Kip,Afghan Afghani,Fijian Dollar,A) Turkish Lira,The official currency used in Turkey is the Turkish Lira.,Countries & Capitals,Country Currencies
What is the capital of Yemen?,Cairo,Canberra,Bangkok,Sana'a,D) Sana'a,The capital city of Yemen is Sana'a.,Countries & Capitals,Country Capitals
Sana'a is the capital city of which country?,Kuwait,China,Yemen,Guatemala,C) Yemen,Sana'a serves as the capital city of Yemen.,Countries & Capitals,Country Capitals
Yemen is located on which continent?,South America,Africa,Asia,North America,C) Asia,Yemen is located on the continent of Asia.,Countries & Capitals,Asia Countries
What is the official currency of Yemen?,Brazilian Real,Armenian Dram,Rwandan Franc,Yemeni Rial,D) Yemeni Rial,The official currency used in Yemen is the Yemeni Rial.,Countries & Capitals,Country Currencies
What is the capital of Kazakhstan?,Vatican City,Bratislava,Astana,Jakarta,C) Astana,The capital city of Kazakhstan is Astana.,Countries & Capitals,Country Capitals
Astana is the capital city of which country?,Portugal,Chile,Kazakhstan,El Salvador,C) Kazakhstan,Astana serves as the capital city of Kazakhstan.,Countries & Capitals,Country Capitals
Kazakhstan is located on which continent?,Oceania,North America,Europe,Asia,D) Asia,Kazakhstan is located on the continent of Asia.,Countries & Capitals,Asia Countries
What is the official currency of Kazakhstan?,Papua New Guinean Kina,Botswana Pula,Seychellois Rupee,Kazakhstani Tenge,D) Kazakhstani Tenge,The official currency used in Kazakhstan is the Kazakhstani Tenge.,Countries & Capitals,Country Currencies
What is the capital of Uzbekistan?,Yaounde,Accra,Tashkent,Addis Ababa,C) Tashkent,The capital city of Uzbekistan is Tashkent.,Countries & Capitals,Country Capitals
Tashkent is the capital city of which country?,Gabon,India,Uzbekistan,Austria,C) Uzbekistan,Tashkent serves as the capital city of Uzbekistan.,Countries & Capitals,Country Capitals
Uzbekistan is located on which continent?,North America,Oceania,Asia,Africa,C) Asia,Uzbekistan is located on the continent of Asia.,Countries & Capitals,Asia Countries
What is the official currency of Uzbekistan?,Samoan Tala,Uzbekistani Som,Swazi Lilangeni,Lebanese Pound,B) Uzbekistani Som,The official currency used in Uzbekistan is the Uzbekistani Som.,Countries & Capitals,Country Currencies
What is the capital of Turkmenistan?,Panama City,Rabat,Vienna,Ashgabat,D) Ashgabat,The capital city of Turkmenistan is Ashgabat.,Countries & Capitals,Country Capitals
Ashgabat is the capital city of which country?,Turkmenistan,Singapore,Panama,Georgia,A) Turkmenistan,Ashgabat serves as the capital city of Turkmenistan.,Countries & Capitals,Country Capitals
Turkmenistan is located on which continent?,Oceania,Africa,Asia,Europe,C) Asia,Turkmenistan is located on the continent of Asia.,Countries & Capitals,Asia Countries
What is the official currency of Turkmenistan?,Papua New Guinean Kina,Afghan Afghani,Nicaraguan Cordoba,Turkmenistan Manat,D) Turkmenistan Manat,The official currency used in Turkmenistan is the Turkmenistan Manat.,Countries & Capitals,Country Currencies
What is the capital of Tajikistan?,Yaounde,Vaduz,Dushanbe,Monrovia,C) Dushanbe,The capital city of Tajikistan is Dushanbe.,Countries & Capitals,Country Capitals
Dushanbe is the capital city of which country?,Yemen,Tajikistan,North Korea,Vatican City,B) Tajikistan,Dushanbe serves as the capital city of Tajikistan.,Countries & Capitals,Country Capitals
Tajikistan is located on which continent?,Asia,Oceania,Europe,North America,A) Asia,Tajikistan is located on the continent of Asia.,Countries & Capitals,Asia Countries
What is the official currency of Tajikistan?,Tajikistani Somoni,Kazakhstani Tenge,Zimbabwean Dollar,Pound Sterling,A) Tajikistani Somoni,The official currency used in Tajikistan is the Tajikistani Somoni.,Countries & Capitals,Country Currencies
What is the capital of Kyrgyzstan?,Addis Ababa,Port of Spain,Dakar,Bishkek,D) Bishkek,The capital city of Kyrgyzstan is Bishkek.,Countries & Capitals,Country Capitals
Bishkek is the capital city of which country?,Cuba,Kyrgyzstan,Maldives,Colombia,B) Kyrgyzstan,Bishkek serves as the capital city of Kyrgyzstan.,Countries & Capitals,Country Capitals
Kyrgyzstan is located on which continent?,North America,Oceania,Asia,Africa,C) Asia,Kyrgyzstan is located on the continent of Asia.,Countries & Capitals,Asia Countries
What is the official currency of Kyrgyzstan?,Chinese Yuan,Kyrgyzstani Som,Polish Zloty,Samoan Tala,B) Kyrgyzstani Som,The official currency used in Kyrgyzstan is the Kyrgyzstani Som.,Countries & Capitals,Country Currencies
What is the capital of Maldives?,Male,Suva,Valletta,Lima,A) Male,The capital city of Maldives is Male.,Countries & Capitals,Country Capitals
Male is the capital city of which country?,Madagascar,Canada,Tonga,Maldives,D) Maldives,Male serves as the capital city of Maldives.,Countries & Capitals,Country Capitals
Maldives is located on which continent?,Asia,Europe,Africa,Oceania,A) Asia,Maldives is located on the continent of Asia.,Countries & Capitals,Asia Countries
What is the official currency of Maldives?,Maldivian Rufiyaa,Chilean Peso,Belize Dollar,Myanmar Kyat,A) Maldivian Rufiyaa,The official currency used in Maldives is the Maldivian Rufiyaa.,Countries & Capitals,Country Currencies
What is the capital of North Korea?,Pyongyang,Hanoi,Wellington,Seoul,A) Pyongyang,The capital city of North Korea is Pyongyang.,Countries & Capitals,Country Capitals
Pyongyang is the capital city of which country?,Belgium,North Korea,Kiribati,Congo,B) North Korea,Pyongyang serves as the capital city of North Korea.,Countries & Capitals,Country Capitals
North Korea is located on which continent?,Oceania,North America,Africa,Asia,D) Asia,North Korea is located on the continent of Asia.,Countries & Capitals,Asia Countries
What is the official currency of North Korea?,Swedish Krona,North Korean Won,Iranian Rial,Japanese Yen,B) North Korean Won,The official currency used in North Korea is the North Korean Won.,Countries & Capitals,Country Currencies
What is the capital of Taiwan?,Monaco,Phnom Penh,Taipei,Funafuti,C) Taipei,The capital city of Taiwan is Taipei.,Countries & Capitals,Country Capitals
Taipei is the capital city of which country?,Jordan,Italy,Taiwan,Serbia,C) Taiwan,Taipei serves as the capital city of Taiwan.,Countries & Capitals,Country Capitals
Taiwan is located on which continent?,Asia,Europe,Oceania,Africa,A) Asia,Taiwan is located on the continent of Asia.,Countries & Capitals,Asia Countries
What is the official currency of Taiwan?,Qatari Riyal,Botswana Pula,New Taiwan Dollar,Kazakhstani Tenge,C) New Taiwan Dollar,The official currency used in Taiwan is the New Taiwan Dollar.,Countries & Capitals,Country Currencies
What is the capital of Brunei?,Bandar Seri Begawan,Ashgabat,Helsinki,Copenhagen,A) Bandar Seri Begawan,The capital city of Brunei is Bandar Seri Begawan.,Countries & Capitals,Country Capitals
Bandar Seri Begawan is the capital city of which country?,Brunei,Ivory Coast,Kazakhstan,Dominican Republic,A) Brunei,Bandar Seri Begawan serves as the capital city of Brunei.,Countries & Capitals,Country Capitals
Brunei is located on which continent?,Oceania,Asia,South America,Europe,B) Asia,Brunei is located on the continent of Asia.,Countries & Capitals,Asia Countries
What is the official currency of Brunei?,Hungarian Forint,Brunei Dollar,Yemeni Rial,Dominican Peso,B) Brunei Dollar,The official currency used in Brunei is the Brunei Dollar.,Countries & Capitals,Country Currencies
What is the capital of Timor-Leste?,Suva,Dili,Riga,Funafuti,B) Dili,The capital city of Timor-Leste is Dili.,Countries & Capitals,Country Capitals
Dili is the capital city of which country?,Angola,Timor-Leste,Zambia,Costa Rica,B) Timor-Leste,Dili serves as the capital city of Timor-Leste.,Countries & Capitals,Country Capitals
Timor-Leste is located on which continent?,Europe,South America,North America,Asia,D) Asia,Timor-Leste is located on the continent of Asia.,Countries & Capitals,Asia Countries
What is the official currency of Timor-Leste?,Ukrainian Hryvnia,Bulgarian Lev,Icelandic Krona,US Dollar,D) US Dollar,The official currency used in Timor-Leste is the US Dollar.,Countries & Capitals,Country Currencies
What is the capital of Georgia?,Tunis,Skopje,Tbilisi,Beijing,C) Tbilisi,The capital city of Georgia is Tbilisi.,Countries & Capitals,Country Capitals
Tbilisi is the capital city of which country?,Morocco,Georgia,Marshall Islands,Singapore,B) Georgia,Tbilisi serves as the capital city of Georgia.,Countries & Capitals,Country Capitals
Georgia is located on which continent?,Europe,Asia,South America,North America,B) Asia,Georgia is located on the continent of Asia.,Countries & Capitals,Asia Countries
What is the official currency of Georgia?,Liberian Dollar,Ethiopian Birr,Guyanese Dollar,Georgian Lari,D) Georgian Lari,The official currency used in Georgia is the Georgian Lari.,Countries & Capitals,Country Currencies
What is the capital of Armenia?,London,Yerevan,Vilnius,San Jose,B) Yerevan,The capital city of Armenia is Yerevan.,Countries & Capitals,Country Capitals
Yerevan is the capital city of which country?,Georgia,Netherlands,Armenia,Trinidad and Tobago,C) Armenia,Yerevan serves as the capital city of Armenia.,Countries & Capitals,Country Capitals
Armenia is located on which continent?,Asia,Africa,Europe,Oceania,A) Asia,Armenia is located on the continent of Asia.,Countries & Capitals,Asia Countries
What is the official currency of Armenia?,Turkmenistan Manat,Haitian Gourde,Armenian Dram,Vanuatu Vatu,C) Armenian Dram,The official currency used in Armenia is the Armenian Dram.,Countries & Capitals,Country Currencies
What is the capital of Azerbaijan?,Port of Spain,Baku,Taipei,Bucharest,B) Baku,The capital city of Azerbaijan is Baku.,Countries & Capitals,Country Capitals
Baku is the capital city of which country?,India,Kyrgyzstan,Maldives,Azerbaijan,D) Azerbaijan,Baku serves as the capital city of Azerbaijan.,Countries & Capitals,Country Capitals
Azerbaijan is located on which continent?,Asia,Africa,Oceania,Europe,A) Asia,Azerbaijan is located on the continent of Asia.,Countries & Capitals,Asia Countries
What is the official currency of Azerbaijan?,Armenian Dram,Azerbaijani Manat,Moroccan Dirham,Venezuelan Bolivar,B) Azerbaijani Manat,The official currency used in Azerbaijan is the Azerbaijani Manat.,Countries & Capitals,Country Currencies
What is the capital of United Kingdom?,London,Bucharest,Algiers,Lilongwe,A) London,The capital city of United Kingdom is London.,Countries & Capitals,Country Capitals
London is the capital city of which country?,Guinea,United Kingdom,Congo,Russia,B) United Kingdom,London serves as the capital city of United Kingdom.,Countries & Capitals,Country Capitals
United Kingdom is located on which continent?,North America,Europe,Asia,Africa,B) Europe,United Kingdom is located on the continent of Europe.,Countries & Capitals,Europe Countries
What is the official currency of United Kingdom?,Serbian Dinar,Argentine Peso,Tunisian Dinar,Pound Sterling,D) Pound Sterling,The official currency used in United Kingdom is the Pound Sterling.,Countries & Capitals,Country Currencies
What is the capital of France?,Port-au-Prince,Warsaw,Canberra,Paris,D) Paris,The capital city of France is Paris.,Countries & Capitals,Country Capitals
Paris is the capital city of which country?,Vietnam,France,Fiji,Tanzania,B) France,Paris serves as the capital city of France.,Countries & Capitals,Country Capitals
France is located on which continent?,North America,Asia,Europe,Africa,C) Europe,France is located on the continent of Europe.,Countries & Capitals,Europe Countries
What is the official currency of France?,Tongan Pa'anga,Euro,Rwandan Franc,Moroccan Dirham,B) Euro,The official currency used in France is the Euro.,Countries & Capitals,Country Currencies
What is the capital of Germany?,Santiago,Gaborone,Zagreb,Berlin,D) Berlin,The capital city of Germany is Berlin.,Countries & Capitals,Country Capitals
Berlin is the capital city of which country?,Germany,Angola,Slovakia,Saudi Arabia,A) Germany,Berlin serves as the capital city of Germany.,Countries & Capitals,Country Capitals
Germany is located on which continent?,North America,Asia,Europe,South America,C) Europe,Germany is located on the continent of Europe.,Countries & Capitals,Europe Countries
What is the official currency of Germany?,South African Rand,Swazi Lilangeni,Angolan Kwanza,Euro,D) Euro,The official currency used in Germany is the Euro.,Countries & Capitals,Country Currencies
What is the capital of Italy?,Rome,Sucre,Bandar Seri Begawan,Yaren,A) Rome,The capital city of Italy is Rome.,Countries & Capitals,Country Capitals
Rome is the capital city of which country?,Switzerland,Italy,Chile,North Macedonia,B) Italy,Rome serves as the capital city of Italy.,Countries & Capitals,Country Capitals
Italy is located on which continent?,Europe,Oceania,Africa,Asia,A) Europe,Italy is located on the continent of Europe.,Countries & Capitals,Europe Countries
What is the official currency of Italy?,Euro,Lebanese Pound,Czech Koruna,Uzbekistani Som,A) Euro,The official currency used in Italy is the Euro.,Countries & Capitals,Country Currencies
What is the capital of Spain?,Conakry,Asmara,Abu Dhabi,Madrid,D) Madrid,The capital city of Spain is Madrid.,Countries & Capitals,Country Capitals
Madrid is the capital city of which country?,China,Spain,Malaysia,Mauritius,B) Spain,Madrid serves as the capital city of Spain.,Countries & Capitals,Country Capitals
Spain is located on which continent?,Europe,Oceania,Asia,North America,A) Europe,Spain is located on the continent of Europe.,Countries & Capitals,Europe Countries
What is the official currency of Spain?,Somali Shilling,Euro,North Korean Won,Belarusian Ruble,B) Euro,The official currency used in Spain is the Euro.,Countries & Capitals,Country Currencies
What is the capital of Portugal?,Tbilisi,Nicosia,Suva,Lisbon,D) Lisbon,The capital city of Portugal is Lisbon.,Countries & Capitals,Country Capitals
Lisbon is the capital city of which country?,Kuwait,Italy,Palau,Portugal,D) Portugal,Lisbon serves as the capital city of Portugal.,Countries & Capitals,Country Capitals
Portugal is located on which continent?,Oceania,Europe,Asia,South America,B) Europe,Portugal is located on the continent of Europe.,Countries & Capitals,Europe Countries
What is the official currency of Portugal?,Malawian Kwacha,Euro,Sri Lankan Rupee,Uruguayan Peso,B) Euro,The official currency used in Portugal is the Euro.,Countries & Capitals,Country Currencies
What is the capital of Netherlands?,Guatemala City,Amsterdam,Vaduz,Montevideo,B) Amsterdam,The capital city of Netherlands is Amsterdam.,Countries & Capitals,Country Capitals
Amsterdam is the capital city of which country?,Mauritius,Latvia,Netherlands,Marshall Islands,C) Netherlands,Amsterdam serves as the capital city of Netherlands.,Countries & Capitals,Country Capitals
Netherlands is located on which continent?,Africa,South America,Europe,Asia,C) Europe,Netherlands is located on the continent of Europe.,Countries & Capitals,Europe Countries
What is the official currency of Netherlands?,Pakistani Rupee,Tanzanian Shilling,Euro,Indonesian Rupiah,C) Euro,The official currency used in Netherlands is the Euro.,Countries & Capitals,Country Currencies
What is the capital of Belgium?,Riga,Podgorica,Brussels,Sucre,C) Brussels,The capital city of Belgium is Brussels.,Countries & Capitals,Country Capitals
Brussels is the capital city of which country?,Belgium,Seychelles,Guinea,Tunisia,A) Belgium,Brussels serves as the capital city of Belgium.,Countries & Capitals,Country Capitals
Belgium is located on which continent?,Europe,Africa,Oceania,Asia,A) Europe,Belgium is located on the continent of Europe.,Countries & Capitals,Europe Countries
What is the official currency of Belgium?,Fijian Dollar,Euro,Panamanian Balboa,Djiboutian Franc,B) Euro,The official currency used in Belgium is the Euro.,Countries & Capitals,Country Currencies
What is the capital of Switzerland?,Niamey,Freetown,Bern,Thimphu,C) Bern,The capital city of Switzerland is Bern.,Countries & Capitals,Country Capitals
Bern is the capital city of which country?,Moldova,United Arab Emirates,Panama,Switzerland,D) Switzerland,Bern serves as the capital city of Switzerland.,Countries & Capitals,Country Capitals
Switzerland is located on which continent?,Asia,Europe,Oceania,Africa,B) Europe,Switzerland is located on the continent of Europe.,Countries & Capitals,Europe Countries
What is the official currency of Switzerland?,Bhutanese Ngultrum,Ukrainian Hryvnia,Afghan Afghani,Swiss Franc,D) Swiss Franc,The official currency used in Switzerland is the Swiss Franc.,Countries & Capitals,Country Currencies
What is the capital of Austria?,Vienna,Port Louis,Victoria,Kingston,A) Vienna,The capital city of Austria is Vienna.,Countries & Capitals,Country Capitals
Vienna is the capital city of which country?,South Korea,Austria,Croatia,Georgia,B) Austria,Vienna serves as the capital city of Austria.,Countries & Capitals,Country Capitals
Austria is located on which continent?,South America,Asia,Europe,North America,C) Europe,Austria is located on the continent of Europe.,Countries & Capitals,Europe Countries
What is the official currency of Austria?,Bulgarian Lev,Euro,Malawian Kwacha,Afghan Afghani,B) Euro,The official currency used in Austria is the Euro.,Countries & Capitals,Country Currencies
What is the capital of Sweden?,Vatican City,Maputo,Stockholm,Windhoek,C) Stockholm,The capital city of Sweden is Stockholm.,Countries & Capitals,Country Capitals
Stockholm is the capital city of which country?,Mozambique,Sweden,Malaysia,Nicaragua,B) Sweden,Stockholm serves as the capital city of Sweden.,Countries & Capitals,Country Capitals
Sweden is located on which continent?,Asia,Oceania,Europe,Africa,C) Europe,Sweden is located on the continent of Europe.,Countries & Capitals,Europe Countries
What is the official currency of Sweden?,Guyanese Dollar,Bolivian Boliviano,Swedish Krona,Mongolian Tugrik,C) Swedish Krona,The official currency used in Sweden is the Swedish Krona.,Countries & Capitals,Country Currencies
What is the capital of Norway?,Madrid,Sarajevo,Oslo,Beirut,C) Oslo,The capital city of Norway is Oslo.,Countries & Capitals,Country Capitals
Oslo is the capital city of which country?,Angola,Tunisia,Norway,Azerbaijan,C) Norway,Oslo serves as the capital city of Norway.,Countries & Capitals,Country Capitals
Norway is located on which continent?,Europe,Oceania,Asia,South America,A) Europe,Norway is located on the continent of Europe.,Countries & Capitals,Europe Countries
What is the official currency of Norway?,Kuwaiti Dinar,Chinese Yuan,Norwegian Krone,Saudi Riyal,C) Norwegian Krone,The official currency used in Norway is the Norwegian Krone.,Countries & Capitals,Country Currencies
What is the capital of Denmark?,Tehran,Copenhagen,Pristina,Mogadishu,B) Copenhagen,The capital city of Denmark is Copenhagen.,Countries & Capitals,Country Capitals
Copenhagen is the capital city of which country?,Denmark,Sweden,Slovenia,Philippines,A) Denmark,Copenhagen serves as the capital city of Denmark.,Countries & Capitals,Country Capitals
Denmark is located on which continent?,Europe,Oceania,Africa,North America,A) Europe,Denmark is located on the continent of Europe.,Countries & Capitals,Europe Countries
What is the official currency of Denmark?,Danish Krone,Egyptian Pound,Argentine Peso,New Taiwan Dollar,A) Danish Krone,The official currency used in Denmark is the Danish Krone.,Countries & Capitals,Country Currencies
What is the capital of Finland?,Asmara,Helsinki,Vienna,Windhoek,B) Helsinki,The capital city of Finland is Helsinki.,Countries & Capitals,Country Capitals
Helsinki is the capital city of which country?,Qatar,Finland,Albania,Serbia,B) Finland,Helsinki serves as the capital city of Finland.,Countries & Capitals,Country Capitals
Finland is located on which continent?,South America,Europe,Africa,Asia,B) Europe,Finland is located on the continent of Europe.,Countries & Capitals,Europe Countries
What is the official currency of Finland?,Algerian Dinar,Nepalese Rupee,Israeli Shekel,Euro,D) Euro,The official currency used in Finland is the Euro.,Countries & Capitals,Country Currencies
What is the capital of Iceland?,Reykjavik,San Salvador,Maputo,Bucharest,A) Reykjavik,The capital city of Iceland is Reykjavik.,Countries & Capitals,Country Capitals
Reykjavik is the capital city of which country?,Monaco,North Macedonia,Qatar,Iceland,D) Iceland,Reykjavik serves as the capital city of Iceland.,Countries & Capitals,Country Capitals
Iceland is located on which continent?,South America,Europe,Africa,Oceania,B) Europe,Iceland is located on the continent of Europe.,Countries & Capitals,Europe Countries
What is the official currency of Iceland?,Brunei Dollar,Turkmenistan Manat,Swiss Franc,Icelandic Krona,D) Icelandic Krona,The official currency used in Iceland is the Icelandic Krona.,Countries & Capitals,Country Currencies
What is the capital of Ireland?,Khartoum,Dublin,Montevideo,Kathmandu,B) Dublin,The capital city of Ireland is Dublin.,Countries & Capitals,Country Capitals
Dublin is the capital city of which country?,Ecuador,Kazakhstan,Ireland,Nepal,C) Ireland,Dublin serves as the capital city of Ireland.,Countries & Capitals,Country Capitals
Ireland is located on which continent?,Asia,Europe,Oceania,North America,B) Europe,Ireland is located on the continent of Europe.,Countries & Capitals,Europe Countries
What is the official currency of Ireland?,Euro,Eritrean Nakfa,Honduran Lempira,Tongan Pa'anga,A) Euro,The official currency used in Ireland is the Euro.,Countries & Capitals,Country Currencies
What is the capital of Poland?,Manama,Nairobi,Valletta,Warsaw,D) Warsaw,The capital city of Poland is Warsaw.,Countries & Capitals,Country Capitals
Warsaw is the capital city of which country?,Bahrain,Poland,Singapore,Rwanda,B) Poland,Warsaw serves as the capital city of Poland.,Countries & Capitals,Country Capitals
Poland is located on which continent?,Africa,Europe,Oceania,North America,B) Europe,Poland is located on the continent of Europe.,Countries & Capitals,Europe Countries
What is the official currency of Poland?,Japanese Yen,Mongolian Tugrik,Polish Zloty,Lao Kip,C) Polish Zloty,The official currency used in Poland is the Polish Zloty.,Countries & Capitals,Country Currencies
What is the capital of Czech Republic?,Prague,Berlin,Brussels,Colombo,A) Prague,The capital city of Czech Republic is Prague.,Countries & Capitals,Country Capitals
Prague is the capital city of which country?,Djibouti,Moldova,Liechtenstein,Czech Republic,D) Czech Republic,Prague serves as the capital city of Czech Republic.,Countries & Capitals,Country Capitals
Czech Republic is located on which continent?,Europe,Africa,Oceania,Asia,A) Europe,Czech Republic is located on the continent of Europe.,Countries & Capitals,Europe Countries
What is the official currency of Czech Republic?,Omani Rial,Czech Koruna,Cuban Peso,Malaysian Ringgit,B) Czech Koruna,The official currency used in Czech Republic is the Czech Koruna.,Countries & Capitals,Country Currencies
What is the capital of Slovakia?,Freetown,Algiers,Paramaribo,Bratislava,D) Bratislava,The capital city of Slovakia is Bratislava.,Countries & Capitals,Country Capitals
Bratislava is the capital city of which country?,Slovakia,Serbia,Denmark,Poland,A) Slovakia,Bratislava serves as the capital city of Slovakia.,Countries & Capitals,Country Capitals
Slovakia is located on which continent?,North America,Europe,Asia,Oceania,B) Europe,Slovakia is located on the continent of Europe.,Countries & Capitals,Europe Countries
What is the official currency of Slovakia?,Peruvian Sol,Euro,Tanzanian Shilling,Cambodian Riel,B) Euro,The official currency used in Slovakia is the Euro.,Countries & Capitals,Country Currencies
What is the capital of Hungary?,Ngerulmud,Budapest,Asmara,Port-au-Prince,B) Budapest,The capital city of Hungary is Budapest.,Countries & Capitals,Country Capitals
Budapest is the capital city of which country?,Morocco,Hungary,Israel,Philippines,B) Hungary,Budapest serves as the capital city of Hungary.,Countries & Capitals,Country Capitals
Hungary is located on which continent?,South America,Africa,Asia,Europe,D) Europe,Hungary is located on the continent of Europe.,Countries & Capitals,Europe Countries
What is the official currency of Hungary?,Hungarian Forint,Moldovan Leu,Omani Rial,Costa Rican Colon,A) Hungarian Forint,The official currency used in Hungary is the Hungarian Forint.,Countries & Capitals,Country Currencies
What is the capital of Romania?,Lilongwe,Monrovia,Lome,Bucharest,D) Bucharest,The capital city of Romania is Bucharest.,Countries & Capitals,Country Capitals
Bucharest is the capital city of which country?,Chile,Romania,Vietnam,Georgia,B) Romania,Bucharest serves as the capital city of Romania.,Countries & Capitals,Country Capitals
Romania is located on which continent?,Europe,Asia,South America,Africa,A) Europe,Romania is located on the continent of Europe.,Countries & Capitals,Europe Countries
What is the official currency of Romania?,Haitian Gourde,Nicaraguan Cordoba,Romanian Leu,Guatemalan Quetzal,C) Romanian Leu,The official currency used in Romania is the Romanian Leu.,Countries & Capitals,Country Currencies
What is the capital of Bulgaria?,Kingston,Islamabad,Yaren,Sofia,D) Sofia,The capital city of Bulgaria is Sofia.,Countries & Capitals,Country Capitals
Sofia is the capital city of which country?,Brunei,Bulgaria,Greece,Poland,B) Bulgaria,Sofia serves as the capital city of Bulgaria.,Countries & Capitals,Country Capitals
Bulgaria is located on which continent?,North America,South America,Europe,Africa,C) Europe,Bulgaria is located on the continent of Europe.,Countries & Capitals,Europe Countries
What is the official currency of Bulgaria?,Malawian Kwacha,Bulgarian Lev,Tajikistani Somoni,Euro,B) Bulgarian Lev,The official currency used in Bulgaria is the Bulgarian Lev.,Countries & Capitals,Country Currencies
What is the capital of Greece?,Libreville,Apia,Montevideo,Athens,D) Athens,The capital city of Greece is Athens.,Countries & Capitals,Country Capitals
Athens is the capital city of which country?,Greece,Iran,Namibia,Panama,A) Greece,Athens serves as the capital city of Greece.,Countries & Capitals,Country Capitals
Greece is located on which continent?,Asia,North America,Oceania,Europe,D) Europe,Greece is located on the continent of Europe.,Countries & Capitals,Europe Countries
What is the official currency of Greece?,Tongan Pa'anga,Euro,Egyptian Pound,Sri Lankan Rupee,B) Euro,The official currency used in Greece is the Euro.,Countries & Capitals,Country Currencies
What is the capital of Croatia?,Copenhagen,Zagreb,Sana'a,Ngerulmud,B) Zagreb,The capital city of Croatia is Zagreb.,Countries & Capitals,Country Capitals
Zagreb is the capital city of which country?,Eswatini,Bahamas,Guyana,Croatia,D) Croatia,Zagreb serves as the capital city of Croatia.,Countries & Capitals,Country Capitals
Croatia is located on which continent?,Europe,Africa,South America,Asia,A) Europe,Croatia is located on the continent of Europe.,Countries & Capitals,Europe Countries
What is the official currency of Croatia?,Euro,Mozambican Metical,Costa Rican Colon,Honduran Lempira,A) Euro,The official currency used in Croatia is the Euro.,Countries & Capitals,Country Currencies
What is the capital of Serbia?,Belgrade,Thimphu,Belmopan,Luanda,A) Belgrade,The capital city of Serbia is Belgrade.,Countries & Capitals,Country Capitals
Belgrade is the capital city of which country?,Cambodia,Singapore,Egypt,Serbia,D) Serbia,Belgrade serves as the capital city of Serbia.,Countries & Capitals,Country Capitals
Serbia is located on which continent?,North America,Asia,Europe,Africa,C) Europe,Serbia is located on the continent of Europe.,Countries & Capitals,Europe Countries
What is the official currency of Serbia?,Serbian Dinar,Kuwaiti Dinar,Guinean Franc,Iranian Rial,A) Serbian Dinar,The official currency used in Serbia is the Serbian Dinar.,Countries & Capitals,Country Currencies
What is the capital of Slovenia?,Chisinau,Berlin,Ljubljana,Zagreb,C) Ljubljana,The capital city of Slovenia is Ljubljana.,Countries & Capitals,Country Capitals
Ljubljana is the capital city of which country?,Botswana,Nauru,Ireland,Slovenia,D) Slovenia,Ljubljana serves as the capital city of Slovenia.,Countries & Capitals,Country Capitals
Slovenia is located on which continent?,Africa,North America,Europe,South America,C) Europe,Slovenia is located on the continent of Europe.,Countries & Capitals,Europe Countries
What is the official currency of Slovenia?,Rwandan Franc,Russian Ruble,Nicaraguan Cordoba,Euro,D) Euro,The official currency used in Slovenia is the Euro.,Countries & Capitals,Country Currencies
What is the capital of Bosnia and Herzegovina?,Mexico City,Sarajevo,Managua,Riyadh,B) Sarajevo,The capital city of Bosnia and Herzegovina is Sarajevo.,Countries & Capitals,Country Capitals
Sarajevo is the capital city of which country?,Peru,Bosnia and Herzegovina,Norway,Romania,B) Bosnia and Herzegovina,Sarajevo serves as the capital city of Bosnia and Herzegovina.,Countries & Capitals,Country Capitals
Bosnia and Herzegovina is located on which continent?,Africa,North America,Europe,South America,C) Europe,Bosnia and Herzegovina is located on the continent of Europe.,Countries & Capitals,Europe Countries
What is the official currency of Bosnia and Herzegovina?,Colombian Peso,Bosnia-Herzegovina Convertible Mark,Japanese Yen,Cuban Peso,B) Bosnia-Herzegovina Convertible Mark,The official currency used in Bosnia and Herzegovina is the Bosnia-Herzegovina Convertible Mark.,Countries & Capitals,Country Currencies
What is the capital of Albania?,Buenos Aires,Maseru,Tirana,Tehran,C) Tirana,The capital city of Albania is Tirana.,Countries & Capitals,Country Capitals
Tirana is the capital city of which country?,Albania,North Korea,Nauru,Sri Lanka,A) Albania,Tirana serves as the capital city of Albania.,Countries & Capitals,Country Capitals
Albania is located on which continent?,Europe,South America,Oceania,Africa,A) Europe,Albania is located on the continent of Europe.,Countries & Capitals,Europe Countries
What is the official currency of Albania?,Brazilian Real,Ugandan Shilling,Swazi Lilangeni,Albanian Lek,D) Albanian Lek,The official currency used in Albania is the Albanian Lek.,Countries & Capitals,Country Currencies
What is the capital of North Macedonia?,Antananarivo,Skopje,Maputo,Quito,B) Skopje,The capital city of North Macedonia is Skopje.,Countries & Capitals,Country Capitals
Skopje is the capital city of which country?,Kyrgyzstan,North Macedonia,Samoa,Zambia,B) North Macedonia,Skopje serves as the capital city of North Macedonia.,Countries & Capitals,Country Capitals
North Macedonia is located on which continent?,Africa,Europe,North America,Oceania,B) Europe,North Macedonia is located on the continent of Europe.,Countries & Capitals,Europe Countries
What is the official currency of North Macedonia?,Macedonian Denar,Mexican Peso,South African Rand,Moroccan Dirham,A) Macedonian Denar,The official currency used in North Macedonia is the Macedonian Denar.,Countries & Capitals,Country Currencies
What is the capital of Montenegro?,Astana,Podgorica,Buenos Aires,San Marino,B) Podgorica,The capital city of Montenegro is Podgorica.,Countries & Capitals,Country Capitals
Podgorica is the capital city of which country?,Burkina Faso,Albania,Norway,Montenegro,D) Montenegro,Podgorica serves as the capital city of Montenegro.,Countries & Capitals,Country Capitals
Montenegro is located on which continent?,Africa,South America,Europe,Asia,C) Europe,Montenegro is located on the continent of Europe.,Countries & Capitals,Europe Countries
What is the official currency of Montenegro?,Azerbaijani Manat,Surinamese Dollar,Uruguayan Peso,Euro,D) Euro,The official currency used in Montenegro is the Euro.,Countries & Capitals,Country Currencies
What is the capital of Kosovo?,Baghdad,Berlin,Paris,Pristina,D) Pristina,The capital city of Kosovo is Pristina.,Countries & Capitals,Country Capitals
Pristina is the capital city of which country?,Kosovo,Madagascar,Chad,Libya,A) Kosovo,Pristina serves as the capital city of Kosovo.,Countries & Capitals,Country Capitals
Kosovo is located on which continent?,North America,South America,Africa,Europe,D) Europe,Kosovo is located on the continent of Europe.,Countries & Capitals,Europe Countries
What is the official currency of Kosovo?,North Korean Won,Cuban Peso,Euro,Malawian Kwacha,C) Euro,The official currency used in Kosovo is the Euro.,Countries & Capitals,Country Currencies
What is the capital of Ukraine?,Vatican City,Phnom Penh,Paris,Kyiv,D) Kyiv,The capital city of Ukraine is Kyiv.,Countries & Capitals,Country Capitals
Kyiv is the capital city of which country?,Ukraine,Finland,New Zealand,Estonia,A) Ukraine,Kyiv serves as the capital city of Ukraine.,Countries & Capitals,Country Capitals
Ukraine is located on which continent?,Africa,Europe,North America,Oceania,B) Europe,Ukraine is located on the continent of Europe.,Countries & Capitals,Europe Countries
What is the official currency of Ukraine?,Colombian Peso,Ukrainian Hryvnia,Uruguayan Peso,Euro,B) Ukrainian Hryvnia,The official currency used in Ukraine is the Ukrainian Hryvnia.,Countries & Capitals,Country Currencies
What is the capital of Belarus?,Panama City,Minsk,Algiers,Buenos Aires,B) Minsk,The capital city of Belarus is Minsk.,Countries & Capitals,Country Capitals
Minsk is the capital city of which country?,Albania,Belarus,Indonesia,Zimbabwe,B) Belarus,Minsk serves as the capital city of Belarus.,Countries & Capitals,Country Capitals
Belarus is located on which continent?,Europe,Asia,Africa,North America,A) Europe,Belarus is located on the continent of Europe.,Countries & Capitals,Europe Countries
What is the official currency of Belarus?,Tajikistani Somoni,Belarusian Ruble,Bhutanese Ngultrum,Somali Shilling,B) Belarusian Ruble,The official currency used in Belarus is the Belarusian Ruble.,Countries & Capitals,Country Currencies
What is the capital of Moldova?,Chisinau,Ankara,Riyadh,Nairobi,A) Chisinau,The capital city of Moldova is Chisinau.,Countries & Capitals,Country Capitals
Chisinau is the capital city of which country?,Moldova,Norway,Iran,Algeria,A) Moldova,Chisinau serves as the capital city of Moldova.,Countries & Capitals,Country Capitals
Moldova is located on which continent?,South America,Europe,Africa,North America,B) Europe,Moldova is located on the continent of Europe.,Countries & Capitals,Europe Countries
What is the official currency of Moldova?,Central African CFA Franc,Uruguayan Peso,Moldovan Leu,Belarusian Ruble,C) Moldovan Leu,The official currency used in Moldova is the Moldovan Leu.,Countries & Capitals,Country Currencies
What is the capital of Lithuania?,Vilnius,Islamabad,Managua,Maseru,A) Vilnius,The capital city of Lithuania is Vilnius.,Countries & Capitals,Country Capitals
Vilnius is the capital city of which country?,Myanmar,Finland,Marshall Islands,Lithuania,D) Lithuania,Vilnius serves as the capital city of Lithuania.,Countries & Capitals,Country Capitals
Lithuania is located on which continent?,Oceania,Europe,Asia,North America,B) Europe,Lithuania is located on the continent of Europe.,Countries & Capitals,Europe Countries
What is the official currency of Lithuania?,Zambian Kwacha,New Zealand Dollar,US Dollar,Euro,D) Euro,The official currency used in Lithuania is the Euro.,Countries & Capitals,Country Currencies
What is the capital of Latvia?,Monaco,Riga,Dublin,Taipei,B) Riga,The capital city of Latvia is Riga.,Countries & Capitals,Country Capitals
Riga is the capital city of which country?,Latvia,Zambia,Liechtenstein,Azerbaijan,A) Latvia,Riga serves as the capital city of Latvia.,Countries & Capitals,Country Capitals
Latvia is located on which continent?,South America,Oceania,Africa,Europe,D) Europe,Latvia is located on the continent of Europe.,Countries & Capitals,Europe Countries
What is the official currency of Latvia?,Euro,Guyanese Dollar,Guatemalan Quetzal,Vietnamese Dong,A) Euro,The official currency used in Latvia is the Euro.,Countries & Capitals,Country Currencies
What is the capital of Estonia?,Tallinn,Rome,Jakarta,Abu Dhabi,A) Tallinn,The capital city of Estonia is Tallinn.,Countries & Capitals,Country Capitals
Tallinn is the capital city of which country?,North Korea,Estonia,Ethiopia,Italy,B) Estonia,Tallinn serves as the capital city of Estonia.,Countries & Capitals,Country Capitals
Estonia is located on which continent?,Europe,Africa,South America,Oceania,A) Europe,Estonia is located on the continent of Europe.,Countries & Capitals,Europe Countries
What is the official currency of Estonia?,Bhutanese Ngultrum,Danish Krone,Mexican Peso,Euro,D) Euro,The official currency used in Estonia is the Euro.,Countries & Capitals,Country Currencies
What is the capital of Russia?,Muscat,Manama,Moscow,Nuku'alofa,C) Moscow,The capital city of Russia is Moscow.,Countries & Capitals,Country Capitals
Moscow is the capital city of which country?,Honduras,Switzerland,Georgia,Russia,D) Russia,Moscow serves as the capital city of Russia.,Countries & Capitals,Country Capitals
Russia is located on which continent?,Asia,North America,Europe,Oceania,C) Europe,Russia is located on the continent of Europe.,Countries & Capitals,Europe Countries
What is the official currency of Russia?,Russian Ruble,Fijian Dollar,Central African CFA Franc,Jamaican Dollar,A) Russian Ruble,The official currency used in Russia is the Russian Ruble.,Countries & Capitals,Country Currencies
What is the capital of Luxembourg?,Port Louis,Luxembourg City,Port-au-Prince,Suva,B) Luxembourg City,The capital city of Luxembourg is Luxembourg City.,Countries & Capitals,Country Capitals
Luxembourg City is the capital city of which country?,Luxembourg,Kazakhstan,Switzerland,Brunei,A) Luxembourg,Luxembourg City serves as the capital city of Luxembourg.,Countries & Capitals,Country Capitals
Luxembourg is located on which continent?,Europe,Africa,Asia,North America,A) Europe,Luxembourg is located on the continent of Europe.,Countries & Capitals,Europe Countries
What is the official currency of Luxembourg?,Tanzanian Shilling,Euro,Tunisian Dinar,Bolivian Boliviano,B) Euro,The official currency used in Luxembourg is the Euro.,Countries & Capitals,Country Currencies
What is the capital of Malta?,Hanoi,Luanda,Mbabane,Valletta,D) Valletta,The capital city of Malta is Valletta.,Countries & Capitals,Country Capitals
Valletta is the capital city of which country?,Switzerland,Malta,New Zealand,Algeria,B) Malta,Valletta serves as the capital city of Malta.,Countries & Capitals,Country Capitals
Malta is located on which continent?,South America,Europe,Africa,Oceania,B) Europe,Malta is located on the continent of Europe.,Countries & Capitals,Europe Countries
What is the official currency of Malta?,Sudanese Pound,Kyrgyzstani Som,Euro,Japanese Yen,C) Euro,The official currency used in Malta is the Euro.,Countries & Capitals,Country Currencies
What is the capital of Cyprus?,Funafuti,Nicosia,Guatemala City,Managua,B) Nicosia,The capital city of Cyprus is Nicosia.,Countries & Capitals,Country Capitals
Nicosia is the capital city of which country?,Cyprus,Ghana,New Zealand,Kosovo,A) Cyprus,Nicosia serves as the capital city of Cyprus.,Countries & Capitals,Country Capitals
Cyprus is located on which continent?,Asia,Europe,North America,Oceania,B) Europe,Cyprus is located on the continent of Europe.,Countries & Capitals,Europe Countries
What is the official currency of Cyprus?,Qatari Riyal,Euro,Bahamian Dollar,New Taiwan Dollar,B) Euro,The official currency used in Cyprus is the Euro.,Countries & Capitals,Country Currencies
What is the capital of Monaco?,Brussels,Monaco,Tripoli,Singapore,B) Monaco,The capital city of Monaco is Monaco.,Countries & Capitals,Country Capitals
Monaco is the capital city of which country?,Luxembourg,Paraguay,Monaco,Czech Republic,C) Monaco,Monaco serves as the capital city of Monaco.,Countries & Capitals,Country Capitals
Monaco is located on which continent?,Europe,Africa,Asia,Oceania,A) Europe,Monaco is located on the continent of Europe.,Countries & Capitals,Europe Countries
What is the official currency of Monaco?,Jamaican Dollar,Zimbabwean Dollar,Euro,Trinidad and Tobago Dollar,C) Euro,The official currency used in Monaco is the Euro.,Countries & Capitals,Country Currencies
What is the capital of Andorra?,Andorra la Vella,Stockholm,Jerusalem,Pyongyang,A) Andorra la Vella,The capital city of Andorra is Andorra la Vella.,Countries & Capitals,Country Capitals
Andorra la Vella is the capital city of which country?,Andorra,Bulgaria,Sierra Leone,Lebanon,A) Andorra,Andorra la Vella serves as the capital city of Andorra.,Countries & Capitals,Country Capitals
Andorra is located on which continent?,Asia,Europe,South America,North America,B) Europe,Andorra is located on the continent of Europe.,Countries & Capitals,Europe Countries
What is the official currency of Andorra?,Czech Koruna,Kuwaiti Dinar,Euro,Armenian Dram,C) Euro,The official currency used in Andorra is the Euro.,Countries & Capitals,Country Currencies
What is the capital of San Marino?,Singapore,Nassau,Mbabane,San Marino,D) San Marino,The capital city of San Marino is San Marino.,Countries & Capitals,Country Capitals
San Marino is the capital city of which country?,Nigeria,Argentina,San Marino,Papua New Guinea,C) San Marino,San Marino serves as the capital city of San Marino.,Countries & Capitals,Country Capitals
San Marino is located on which continent?,Europe,Africa,Asia,Oceania,A) Europe,San Marino is located on the continent of Europe.,Countries & Capitals,Europe Countries
What is the official currency of San Marino?,Honduran Lempira,Euro,Indonesian Rupiah,Iranian Rial,B) Euro,The official currency used in San Marino is the Euro.,Countries & Capitals,Country Currencies
What is the capital of Vatican City?,Islamabad,Paramaribo,Vatican City,Port of Spain,C) Vatican City,The capital city of Vatican City is Vatican City.,Countries & Capitals,Country Capitals
Vatican City is the capital city of which country?,Benin,Tajikistan,Sudan,Vatican City,D) Vatican City,Vatican City serves as the capital city of Vatican City.,Countries & Capitals,Country Capitals
Vatican City is located on which continent?,Africa,North America,Oceania,Europe,D) Europe,Vatican City is located on the continent of Europe.,Countries & Capitals,Europe Countries
What is the official currency of Vatican City?,Australian Dollar,Euro,Guyanese Dollar,Ugandan Shilling,B) Euro,The official currency used in Vatican City is the Euro.,Countries & Capitals,Country Currencies
What is the capital of Liechtenstein?,Pyongyang,Brussels,Vaduz,Sucre,C) Vaduz,The capital city of Liechtenstein is Vaduz.,Countries & Capitals,Country Capitals
Vaduz is the capital city of which country?,Cambodia,Luxembourg,Solomon Islands,Liechtenstein,D) Liechtenstein,Vaduz serves as the capital city of Liechtenstein.,Countries & Capitals,Country Capitals
Liechtenstein is located on which continent?,Oceania,Europe,North America,Asia,B) Europe,Liechtenstein is located on the continent of Europe.,Countries & Capitals,Europe Countries
What is the official currency of Liechtenstein?,Nicaraguan Cordoba,Cambodian Riel,Central African CFA Franc,Swiss Franc,D) Swiss Franc,The official currency used in Liechtenstein is the Swiss Franc.,Countries & Capitals,Country Currencies
What is the capital of United States?,Dili,Harare,Vienna,"Washington, D.C.","D) Washington, D.C.","The capital city of United States is Washington, D.C..",Countries & Capitals,Country Capitals
"Washington, D.C. is the capital city of which country?",United States,Pakistan,Iran,Russia,A) United States,"Washington, D.C. serves as the capital city of United States.",Countries & Capitals,Country Capitals
United States is located on which continent?,North America,South America,Oceania,Asia,A) North America,United States is located on the continent of North America.,Countries & Capitals,North America Countries
What is the official currency of United States?,Moroccan Dirham,US Dollar,Syrian Pound,Lao Kip,B) US Dollar,The official currency used in United States is the US Dollar.,Countries & Capitals,Country Currencies
What is the capital of Canada?,Tbilisi,Ottawa,Lima,Brussels,B) Ottawa,The capital city of Canada is Ottawa.,Countries & Capitals,Country Capitals
Ottawa is the capital city of which country?,Canada,Liechtenstein,Niger,Iceland,A) Canada,Ottawa serves as the capital city of Canada.,Countries & Capitals,Country Capitals
Canada is located on which continent?,North America,Oceania,Europe,South America,A) North America,Canada is located on the continent of North America.,Countries & Capitals,North America Countries
What is the official currency of Canada?,Liberian Dollar,Canadian Dollar,Guyanese Dollar,South African Rand,B) Canadian Dollar,The official currency used in Canada is the Canadian Dollar.,Countries & Capitals,Country Currencies
What is the capital of Mexico?,Vientiane,Mogadishu,Tripoli,Mexico City,D) Mexico City,The capital city of Mexico is Mexico City.,Countries & Capitals,Country Capitals
Mexico City is the capital city of which country?,Syria,Mexico,Uganda,Sierra Leone,B) Mexico,Mexico City serves as the capital city of Mexico.,Countries & Capitals,Country Capitals
Mexico is located on which continent?,Asia,South America,Oceania,North America,D) North America,Mexico is located on the continent of North America.,Countries & Capitals,North America Countries
What is the official currency of Mexico?,Mexican Peso,Danish Krone,Haitian Gourde,Indian Rupee,A) Mexican Peso,The official currency used in Mexico is the Mexican Peso.,Countries & Capitals,Country Currencies
What is the capital of Cuba?,Havana,Santo Domingo,New Delhi,Beijing,A) Havana,The capital city of Cuba is Havana.,Countries & Capitals,Country Capitals
Havana is the capital city of which country?,Ivory Coast,Ethiopia,Laos,Cuba,D) Cuba,Havana serves as the capital city of Cuba.,Countries & Capitals,Country Capitals
Cuba is located on which continent?,Asia,North America,South America,Europe,B) North America,Cuba is located on the continent of North America.,Countries & Capitals,North America Countries
What is the official currency of Cuba?,Malagasy Ariary,Jamaican Dollar,Cuban Peso,Afghan Afghani,C) Cuban Peso,The official currency used in Cuba is the Cuban Peso.,Countries & Capitals,Country Currencies
What is the capital of Jamaica?,Vienna,Kingston,Port-au-Prince,Djibouti City,B) Kingston,The capital city of Jamaica is Kingston.,Countries & Capitals,Country Capitals
Kingston is the capital city of which country?,Jamaica,Fiji,New Zealand,Laos,A) Jamaica,Kingston serves as the capital city of Jamaica.,Countries & Capitals,Country Capitals
Jamaica is located on which continent?,North America,Oceania,South America,Asia,A) North America,Jamaica is located on the continent of North America.,Countries & Capitals,North America Countries
What is the official currency of Jamaica?,Panamanian Balboa,Kuwaiti Dinar,Tanzanian Shilling,Jamaican Dollar,D) Jamaican Dollar,The official currency used in Jamaica is the Jamaican Dollar.,Countries & Capitals,Country Currencies
What is the capital of Haiti?,Cairo,Podgorica,Singapore,Port-au-Prince,D) Port-au-Prince,The capital city of Haiti is Port-au-Prince.,Countries & Capitals,Country Capitals
Port-au-Prince is the capital city of which country?,Haiti,Indonesia,Armenia,Madagascar,A) Haiti,Port-au-Prince serves as the capital city of Haiti.,Countries & Capitals,Country Capitals
Haiti is located on which continent?,North America,South America,Europe,Africa,A) North America,Haiti is located on the continent of North America.,Countries & Capitals,North America Countries
What is the official currency of Haiti?,Thai Baht,Sri Lankan Rupee,Israeli Shekel,Haitian Gourde,D) Haitian Gourde,The official currency used in Haiti is the Haitian Gourde.,Countries & Capitals,Country Currencies
What is the capital of Dominican Republic?,Taipei,Suva,Bishkek,Santo Domingo,D) Santo Domingo,The capital city of Dominican Republic is Santo Domingo.,Countries & Capitals,Country Capitals
Santo Domingo is the capital city of which country?,Japan,Turkey,Canada,Dominican Republic,D) Dominican Republic,Santo Domingo serves as the capital city of Dominican Republic.,Countries & Capitals,Country Capitals
Dominican Republic is located on which continent?,Africa,Europe,North America,Oceania,C) North America,Dominican Republic is located on the continent of North America.,Countries & Capitals,North America Countries
What is the official currency of Dominican Republic?,Maldivian Rufiyaa,Danish Krone,Dominican Peso,New Taiwan Dollar,C) Dominican Peso,The official currency used in Dominican Republic is the Dominican Peso.,Countries & Capitals,Country Currencies
What is the capital of Guatemala?,Guatemala City,Beijing,Podgorica,Belmopan,A) Guatemala City,The capital city of Guatemala is Guatemala City.,Countries & Capitals,Country Capitals
Guatemala City is the capital city of which country?,Madagascar,Tanzania,Kosovo,Guatemala,D) Guatemala,Guatemala City serves as the capital city of Guatemala.,Countries & Capitals,Country Capitals
Guatemala is located on which continent?,Oceania,North America,Asia,Africa,B) North America,Guatemala is located on the continent of North America.,Countries & Capitals,North America Countries
What is the official currency of Guatemala?,Chinese Yuan,Rwandan Franc,Guatemalan Quetzal,Kuwaiti Dinar,C) Guatemalan Quetzal,The official currency used in Guatemala is the Guatemalan Quetzal.,Countries & Capitals,Country Currencies
What is the capital of Honduras?,Tegucigalpa,Tirana,Male,Yerevan,A) Tegucigalpa,The capital city of Honduras is Tegucigalpa.,Countries & Capitals,Country Capitals
Tegucigalpa is the capital city of which country?,Cuba,Sweden,Papua New Guinea,Honduras,D) Honduras,Tegucigalpa serves as the capital city of Honduras.,Countries & Capitals,Country Capitals
Honduras is located on which continent?,South America,Oceania,North America,Europe,C) North America,Honduras is located on the continent of North America.,Countries & Capitals,North America Countries
What is the official currency of Honduras?,Kenyan Shilling,Honduran Lempira,Jamaican Dollar,Iraqi Dinar,B) Honduran Lempira,The official currency used in Honduras is the Honduran Lempira.,Countries & Capitals,Country Currencies
What is the capital of El Salvador?,Algiers,Ottawa,Palikir,San Salvador,D) San Salvador,The capital city of El Salvador is San Salvador.,Countries & Capitals,Country Capitals
San Salvador is the capital city of which country?,Morocco,Taiwan,El Salvador,Zimbabwe,C) El Salvador,San Salvador serves as the capital city of El Salvador.,Countries & Capitals,Country Capitals
El Salvador is located on which continent?,North America,Asia,Europe,Africa,A) North America,El Salvador is located on the continent of North America.,Countries & Capitals,North America Countries
What is the official currency of El Salvador?,US Dollar,Serbian Dinar,Czech Koruna,Sudanese Pound,A) US Dollar,The official currency used in El Salvador is the US Dollar.,Countries & Capitals,Country Currencies
What is the capital of Nicaragua?,Sana'a,Managua,Monaco,Amsterdam,B) Managua,The capital city of Nicaragua is Managua.,Countries & Capitals,Country Capitals
Managua is the capital city of which country?,Germany,Russia,Congo,Nicaragua,D) Nicaragua,Managua serves as the capital city of Nicaragua.,Countries & Capitals,Country Capitals
Nicaragua is located on which continent?,Africa,Europe,North America,Oceania,C) North America,Nicaragua is located on the continent of North America.,Countries & Capitals,North America Countries
What is the official currency of Nicaragua?,Tajikistani Somoni,Mozambican Metical,Nicaraguan Cordoba,Haitian Gourde,C) Nicaraguan Cordoba,The official currency used in Nicaragua is the Nicaraguan Cordoba.,Countries & Capitals,Country Currencies
What is the capital of Costa Rica?,Brasilia,Monrovia,San Jose,Ottawa,C) San Jose,The capital city of Costa Rica is San Jose.,Countries & Capitals,Country Capitals
San Jose is the capital city of which country?,Costa Rica,Trinidad and Tobago,Pakistan,Kyrgyzstan,A) Costa Rica,San Jose serves as the capital city of Costa Rica.,Countries & Capitals,Country Capitals
Costa Rica is located on which continent?,North America,South America,Oceania,Europe,A) North America,Costa Rica is located on the continent of North America.,Countries & Capitals,North America Countries
What is the official currency of Costa Rica?,Lao Kip,Costa Rican Colon,Central African CFA Franc,Sierra Leonean Leone,B) Costa Rican Colon,The official currency used in Costa Rica is the Costa Rican Colon.,Countries & Capitals,Country Currencies
What is the capital of Panama?,Santo Domingo,Wellington,Astana,Panama City,D) Panama City,The capital city of Panama is Panama City.,Countries & Capitals,Country Capitals
Panama City is the capital city of which country?,Finland,Algeria,Panama,Sri Lanka,C) Panama,Panama City serves as the capital city of Panama.,Countries & Capitals,Country Capitals
Panama is located on which continent?,South America,Africa,North America,Oceania,C) North America,Panama is located on the continent of North America.,Countries & Capitals,North America Countries
What is the official currency of Panama?,Syrian Pound,Libyan Dinar,West African CFA Franc,Panamanian Balboa,D) Panamanian Balboa,The official currency used in Panama is the Panamanian Balboa.,Countries & Capitals,Country Currencies
What is the capital of Belize?,N'Djamena,Stockholm,Belmopan,Kampala,C) Belmopan,The capital city of Belize is Belmopan.,Countries & Capitals,Country Capitals
Belmopan is the capital city of which country?,Eswatini,Taiwan,Belize,Moldova,C) Belize,Belmopan serves as the capital city of Belize.,Countries & Capitals,Country Capitals
Belize is located on which continent?,North America,Europe,South America,Asia,A) North America,Belize is located on the continent of North America.,Countries & Capitals,North America Countries
What is the official currency of Belize?,Belize Dollar,North Korean Won,Afghan Afghani,Ghanaian Cedi,A) Belize Dollar,The official currency used in Belize is the Belize Dollar.,Countries & Capitals,Country Currencies
What is the capital of Bahamas?,Ankara,Nassau,Yamoussoukro,Male,B) Nassau,The capital city of Bahamas is Nassau.,Countries & Capitals,Country Capitals
Nassau is the capital city of which country?,Lithuania,Tanzania,Canada,Bahamas,D) Bahamas,Nassau serves as the capital city of Bahamas.,Countries & Capitals,Country Capitals
Bahamas is located on which continent?,Oceania,South America,Europe,North America,D) North America,Bahamas is located on the continent of North America.,Countries & Capitals,North America Countries
What is the official currency of Bahamas?,Bahamian Dollar,Albanian Lek,Serbian Dinar,Kyrgyzstani Som,A) Bahamian Dollar,The official currency used in Bahamas is the Bahamian Dollar.,Countries & Capitals,Country Currencies
What is the capital of Trinidad and Tobago?,Kathmandu,Port of Spain,Quito,Tripoli,B) Port of Spain,The capital city of Trinidad and Tobago is Port of Spain.,Countries & Capitals,Country Capitals
Port of Spain is the capital city of which country?,Samoa,Trinidad and Tobago,Ecuador,Vanuatu,B) Trinidad and Tobago,Port of Spain serves as the capital city of Trinidad and Tobago.,Countries & Capitals,Country Capitals
Trinidad and Tobago is located on which continent?,North America,Europe,Africa,Oceania,A) North America,Trinidad and Tobago is located on the continent of North America.,Countries & Capitals,North America Countries
What is the official currency of Trinidad and Tobago?,Trinidad and Tobago Dollar,Tanzanian Shilling,Vietnamese Dong,Mongolian Tugrik,A) Trinidad and Tobago Dollar,The official currency used in Trinidad and Tobago is the Trinidad and Tobago Dollar.,Countries & Capitals,Country Currencies
What is the capital of Brazil?,Brasilia,Dodoma,Manama,Warsaw,A) Brasilia,The capital city of Brazil is Brasilia.,Countries & Capitals,Country Capitals
Brasilia is the capital city of which country?,Myanmar,Paraguay,San Marino,Brazil,D) Brazil,Brasilia serves as the capital city of Brazil.,Countries & Capitals,Country Capitals
Brazil is located on which continent?,South America,Africa,North America,Oceania,A) South America,Brazil is located on the continent of South America.,Countries & Capitals,South America Countries
What is the official currency of Brazil?,Swazi Lilangeni,Brazilian Real,Iranian Rial,Seychellois Rupee,B) Brazilian Real,The official currency used in Brazil is the Brazilian Real.,Countries & Capitals,Country Currencies
What is the capital of Argentina?,Lusaka,Belmopan,Valletta,Buenos Aires,D) Buenos Aires,The capital city of Argentina is Buenos Aires.,Countries & Capitals,Country Capitals
Buenos Aires is the capital city of which country?,Argentina,Burkina Faso,Cuba,Denmark,A) Argentina,Buenos Aires serves as the capital city of Argentina.,Countries & Capitals,Country Capitals
Argentina is located on which continent?,Europe,South America,Oceania,Africa,B) South America,Argentina is located on the continent of South America.,Countries & Capitals,South America Countries
What is the official currency of Argentina?,West African CFA Franc,Somali Shilling,Argentine Peso,Bosnia-Herzegovina Convertible Mark,C) Argentine Peso,The official currency used in Argentina is the Argentine Peso.,Countries & Capitals,Country Currencies
What is the capital of Chile?,Vatican City,Abuja,Santiago,Guatemala City,C) Santiago,The capital city of Chile is Santiago.,Countries & Capitals,Country Capitals
Santiago is the capital city of which country?,Brunei,Sri Lanka,Switzerland,Chile,D) Chile,Santiago serves as the capital city of Chile.,Countries & Capitals,Country Capitals
Chile is located on which continent?,South America,Asia,Oceania,Africa,A) South America,Chile is located on the continent of South America.,Countries & Capitals,South America Countries
What is the official currency of Chile?,Bosnia-Herzegovina Convertible Mark,Chilean Peso,Paraguayan Guarani,Mongolian Tugrik,B) Chilean Peso,The official currency used in Chile is the Chilean Peso.,Countries & Capitals,Country Currencies
What is the capital of Peru?,Lima,Manama,Port Moresby,Stockholm,A) Lima,The capital city of Peru is Lima.,Countries & Capitals,Country Capitals
Lima is the capital city of which country?,Eritrea,Cyprus,Ethiopia,Peru,D) Peru,Lima serves as the capital city of Peru.,Countries & Capitals,Country Capitals
Peru is located on which continent?,North America,Oceania,South America,Asia,C) South America,Peru is located on the continent of South America.,Countries & Capitals,South America Countries
What is the official currency of Peru?,Peruvian Sol,Ethiopian Birr,Azerbaijani Manat,Belize Dollar,A) Peruvian Sol,The official currency used in Peru is the Peruvian Sol.,Countries & Capitals,Country Currencies
What is the capital of Colombia?,Kyiv,Ljubljana,Bogota,Beijing,C) Bogota,The capital city of Colombia is Bogota.,Countries & Capitals,Country Capitals
Bogota is the capital city of which country?,Syria,Colombia,Liechtenstein,Afghanistan,B) Colombia,Bogota serves as the capital city of Colombia.,Countries & Capitals,Country Capitals
Colombia is located on which continent?,North America,Africa,Asia,South America,D) South America,Colombia is located on the continent of South America.,Countries & Capitals,South America Countries
What is the official currency of Colombia?,Kenyan Shilling,Vanuatu Vatu,Colombian Peso,Swedish Krona,C) Colombian Peso,The official currency used in Colombia is the Colombian Peso.,Countries & Capitals,Country Currencies
What is the capital of Venezuela?,Apia,Caracas,Ashgabat,Reykjavik,B) Caracas,The capital city of Venezuela is Caracas.,Countries & Capitals,Country Capitals
Caracas is the capital city of which country?,Venezuela,Uzbekistan,Canada,Mexico,A) Venezuela,Caracas serves as the capital city of Venezuela.,Countries & Capitals,Country Capitals
Venezuela is located on which continent?,North America,Asia,South America,Africa,C) South America,Venezuela is located on the continent of South America.,Countries & Capitals,South America Countries
What is the official currency of Venezuela?,Bahraini Dinar,Thai Baht,Trinidad and Tobago Dollar,Venezuelan Bolivar,D) Venezuelan Bolivar,The official currency used in Venezuela is the Venezuelan Bolivar.,Countries & Capitals,Country Currencies
What is the capital of Ecuador?,Ankara,Zagreb,Sarajevo,Quito,D) Quito,The capital city of Ecuador is Quito.,Countries & Capitals,Country Capitals
Quito is the capital city of which country?,Ghana,Jordan,Ecuador,United Kingdom,C) Ecuador,Quito serves as the capital city of Ecuador.,Countries & Capitals,Country Capitals
Ecuador is located on which continent?,Asia,South America,Africa,Oceania,B) South America,Ecuador is located on the continent of South America.,Countries & Capitals,South America Countries
What is the official currency of Ecuador?,US Dollar,Brunei Dollar,Canadian Dollar,Uruguayan Peso,A) US Dollar,The official currency used in Ecuador is the US Dollar.,Countries & Capitals,Country Currencies
What is the capital of Bolivia?,Colombo,Sucre,Brazzaville,Dushanbe,B) Sucre,The capital city of Bolivia is Sucre.,Countries & Capitals,Country Capitals
Sucre is the capital city of which country?,Djibouti,Bolivia,Greece,Finland,B) Bolivia,Sucre serves as the capital city of Bolivia.,Countries & Capitals,Country Capitals
Bolivia is located on which continent?,Africa,Oceania,South America,Europe,C) South America,Bolivia is located on the continent of South America.,Countries & Capitals,South America Countries
What is the official currency of Bolivia?,Bolivian Boliviano,Moldovan Leu,Icelandic Krona,Costa Rican Colon,A) Bolivian Boliviano,The official currency used in Bolivia is the Bolivian Boliviano.,Countries & Capitals,Country Currencies
What is the capital of Paraguay?,Kingston,Port Moresby,Sana'a,Asuncion,D) Asuncion,The capital city of Paraguay is Asuncion.,Countries & Capitals,Country Capitals
Asuncion is the capital city of which country?,New Zealand,Belize,Paraguay,Mozambique,C) Paraguay,Asuncion serves as the capital city of Paraguay.,Countries & Capitals,Country Capitals
Paraguay is located on which continent?,Asia,Europe,Africa,South America,D) South America,Paraguay is located on the continent of South America.,Countries & Capitals,South America Countries
What is the official currency of Paraguay?,Paraguayan Guarani,Kenyan Shilling,Uzbekistani Som,Azerbaijani Manat,A) Paraguayan Guarani,The official currency used in Paraguay is the Paraguayan Guarani.,Countries & Capitals,Country Currencies
What is the capital of Uruguay?,Naypyidaw,"Washington, D.C.",Montevideo,New Delhi,C) Montevideo,The capital city of Uruguay is Montevideo.,Countries & Capitals,Country Capitals
Montevideo is the capital city of which country?,Ecuador,Uruguay,Egypt,Djibouti,B) Uruguay,Montevideo serves as the capital city of Uruguay.,Countries & Capitals,Country Capitals
Uruguay is located on which continent?,North America,South America,Oceania,Asia,B) South America,Uruguay is located on the continent of South America.,Countries & Capitals,South America Countries
What is the official currency of Uruguay?,Nicaraguan Cordoba,Cambodian Riel,Uruguayan Peso,New Zealand Dollar,C) Uruguayan Peso,The official currency used in Uruguay is the Uruguayan Peso.,Countries & Capitals,Country Currencies
What is the capital of Guyana?,Georgetown,Brazzaville,Kigali,Asmara,A) Georgetown,The capital city of Guyana is Georgetown.,Countries & Capitals,Country Capitals
Georgetown is the capital city of which country?,Eritrea,Peru,Montenegro,Guyana,D) Guyana,Georgetown serves as the capital city of Guyana.,Countries & Capitals,Country Capitals
Guyana is located on which continent?,South America,Africa,Oceania,Asia,A) South America,Guyana is located on the continent of South America.,Countries & Capitals,South America Countries
What is the official currency of Guyana?,Eritrean Nakfa,Liberian Dollar,Icelandic Krona,Guyanese Dollar,D) Guyanese Dollar,The official currency used in Guyana is the Guyanese Dollar.,Countries & Capitals,Country Currencies
What is the capital of Suriname?,Zagreb,Victoria,Paramaribo,Valletta,C) Paramaribo,The capital city of Suriname is Paramaribo.,Countries & Capitals,Country Capitals
Paramaribo is the capital city of which country?,Kyrgyzstan,Sudan,Suriname,Armenia,C) Suriname,Paramaribo serves as the capital city of Suriname.,Countries & Capitals,Country Capitals
Suriname is located on which continent?,South America,North America,Oceania,Europe,A) South America,Suriname is located on the continent of South America.,Countries & Capitals,South America Countries
What is the official currency of Suriname?,Somali Shilling,Surinamese Dollar,Omani Rial,Euro,B) Surinamese Dollar,The official currency used in Suriname is the Surinamese Dollar.,Countries & Capitals,Country Currencies
What is the capital of Egypt?,Helsinki,Cairo,Seoul,Managua,B) Cairo,The capital city of Egypt is Cairo.,Countries & Capitals,Country Capitals
Cairo is the capital city of which country?,Afghanistan,Egypt,North Macedonia,Mauritius,B) Egypt,Cairo serves as the capital city of Egypt.,Countries & Capitals,Country Capitals
Egypt is located on which continent?,North America,Europe,Africa,Oceania,C) Africa,Egypt is located on the continent of Africa.,Countries & Capitals,Africa Countries
What is the official currency of Egypt?,Dominican Peso,Libyan Dinar,Egyptian Pound,Omani Rial,C) Egyptian Pound,The official currency used in Egypt is the Egyptian Pound.,Countries & Capitals,Country Currencies
What is the capital of Nigeria?,Nicosia,Porto-Novo,Abuja,Dhaka,C) Abuja,The capital city of Nigeria is Abuja.,Countries & Capitals,Country Capitals
Abuja is the capital city of which country?,Timor-Leste,Afghanistan,Brunei,Nigeria,D) Nigeria,Abuja serves as the capital city of Nigeria.,Countries & Capitals,Country Capitals
Nigeria is located on which continent?,South America,Europe,Oceania,Africa,D) Africa,Nigeria is located on the continent of Africa.,Countries & Capitals,Africa Countries
What is the official currency of Nigeria?,Vietnamese Dong,Jordanian Dinar,Nigerian Naira,Namibian Dollar,C) Nigerian Naira,The official currency used in Nigeria is the Nigerian Naira.,Countries & Capitals,Country Currencies
What is the capital of South Africa?,Moscow,Vilnius,Chisinau,Pretoria,D) Pretoria,The capital city of South Africa is Pretoria.,Countries & Capitals,Country Capitals
Pretoria is the capital city of which country?,Austria,Kyrgyzstan,Trinidad and Tobago,South Africa,D) South Africa,Pretoria serves as the capital city of South Africa.,Countries & Capitals,Country Capitals
South Africa is located on which continent?,Oceania,Africa,Asia,North America,B) Africa,South Africa is located on the continent of Africa.,Countries & Capitals,Africa Countries
What is the official currency of South Africa?,Lebanese Pound,Polish Zloty,Kenyan Shilling,South African Rand,D) South African Rand,The official currency used in South Africa is the South African Rand.,Countries & Capitals,Country Currencies
What is the capital of Kenya?,Singapore,San Jose,Sofia,Nairobi,D) Nairobi,The capital city of Kenya is Nairobi.,Countries & Capitals,Country Capitals
Nairobi is the capital city of which country?,Kenya,Morocco,Belize,Malaysia,A) Kenya,Nairobi serves as the capital city of Kenya.,Countries & Capitals,Country Capitals
Kenya is located on which continent?,Africa,Asia,North America,Oceania,A) Africa,Kenya is located on the continent of Africa.,Countries & Capitals,Africa Countries
What is the official currency of Kenya?,Kenyan Shilling,Danish Krone,Liberian Dollar,Nepalese Rupee,A) Kenyan Shilling,The official currency used in Kenya is the Kenyan Shilling.,Countries & Capitals,Country Currencies
What is the capital of Ethiopia?,Tashkent,Sarajevo,Addis Ababa,Khartoum,C) Addis Ababa,The capital city of Ethiopia is Addis Ababa.,Countries & Capitals,Country Capitals
Addis Ababa is the capital city of which country?,France,Ethiopia,Czech Republic,Russia,B) Ethiopia,Addis Ababa serves as the capital city of Ethiopia.,Countries & Capitals,Country Capitals
Ethiopia is located on which continent?,South America,Oceania,Asia,Africa,D) Africa,Ethiopia is located on the continent of Africa.,Countries & Capitals,Africa Countries
What is the official currency of Ethiopia?,Ethiopian Birr,South African Rand,Venezuelan Bolivar,Chinese Yuan,A) Ethiopian Birr,The official currency used in Ethiopia is the Ethiopian Birr.,Countries & Capitals,Country Currencies
What is the capital of Ghana?,Accra,Tokyo,Palikir,Rabat,A) Accra,The capital city of Ghana is Accra.,Countries & Capitals,Country Capitals
Accra is the capital city of which country?,Monaco,Libya,Guyana,Ghana,D) Ghana,Accra serves as the capital city of Ghana.,Countries & Capitals,Country Capitals
Ghana is located on which continent?,Oceania,South America,North America,Africa,D) Africa,Ghana is located on the continent of Africa.,Countries & Capitals,Africa Countries
What is the official currency of Ghana?,Ghanaian Cedi,Yemeni Rial,Pakistani Rupee,Nicaraguan Cordoba,A) Ghanaian Cedi,The official currency used in Ghana is the Ghanaian Cedi.,Countries & Capitals,Country Currencies
What is the capital of Morocco?,Bangkok,Ashgabat,Rabat,Panama City,C) Rabat,The capital city of Morocco is Rabat.,Countries & Capitals,Country Capitals
Rabat is the capital city of which country?,Burkina Faso,Switzerland,Ethiopia,Morocco,D) Morocco,Rabat serves as the capital city of Morocco.,Countries & Capitals,Country Capitals
Morocco is located on which continent?,North America,Europe,Asia,Africa,D) Africa,Morocco is located on the continent of Africa.,Countries & Capitals,Africa Countries
What is the official currency of Morocco?,Moroccan Dirham,Icelandic Krona,Sri Lankan Rupee,Honduran Lempira,A) Moroccan Dirham,The official currency used in Morocco is the Moroccan Dirham.,Countries & Capitals,Country Currencies
What is the capital of Algeria?,Algiers,Amman,Freetown,Ankara,A) Algiers,The capital city of Algeria is Algiers.,Countries & Capitals,Country Capitals
Algiers is the capital city of which country?,Botswana,Nepal,United Arab Emirates,Algeria,D) Algeria,Algiers serves as the capital city of Algeria.,Countries & Capitals,Country Capitals
Algeria is located on which continent?,South America,Europe,Africa,North America,C) Africa,Algeria is located on the continent of Africa.,Countries & Capitals,Africa Countries
What is the official currency of Algeria?,Algerian Dinar,Qatari Riyal,UAE Dirham,Venezuelan Bolivar,A) Algerian Dinar,The official currency used in Algeria is the Algerian Dinar.,Countries & Capitals,Country Currencies
What is the capital of Tunisia?,Ulaanbaatar,San Marino,Tunis,Kampala,C) Tunis,The capital city of Tunisia is Tunis.,Countries & Capitals,Country Capitals
Tunis is the capital city of which country?,Slovakia,Vietnam,Tunisia,Jordan,C) Tunisia,Tunis serves as the capital city of Tunisia.,Countries & Capitals,Country Capitals
Tunisia is located on which continent?,North America,Europe,Asia,Africa,D) Africa,Tunisia is located on the continent of Africa.,Countries & Capitals,Africa Countries
What is the official currency of Tunisia?,Colombian Peso,Tunisian Dinar,Cuban Peso,Sierra Leonean Leone,B) Tunisian Dinar,The official currency used in Tunisia is the Tunisian Dinar.,Countries & Capitals,Country Currencies
What is the capital of Libya?,Singapore,Lusaka,Kigali,Tripoli,D) Tripoli,The capital city of Libya is Tripoli.,Countries & Capitals,Country Capitals
Tripoli is the capital city of which country?,Libya,South Korea,Chad,Israel,A) Libya,Tripoli serves as the capital city of Libya.,Countries & Capitals,Country Capitals
Libya is located on which continent?,Oceania,Africa,Asia,North America,B) Africa,Libya is located on the continent of Africa.,Countries & Capitals,Africa Countries
What is the official currency of Libya?,Chinese Yuan,Libyan Dinar,Kyrgyzstani Som,Peruvian Sol,B) Libyan Dinar,The official currency used in Libya is the Libyan Dinar.,Countries & Capitals,Country Currencies
What is the capital of Sudan?,Khartoum,Tokyo,Georgetown,Caracas,A) Khartoum,The capital city of Sudan is Khartoum.,Countries & Capitals,Country Capitals
Khartoum is the capital city of which country?,Sudan,Benin,Mauritius,Ivory Coast,A) Sudan,Khartoum serves as the capital city of Sudan.,Countries & Capitals,Country Capitals
Sudan is located on which continent?,North America,Africa,Europe,Oceania,B) Africa,Sudan is located on the continent of Africa.,Countries & Capitals,Africa Countries
What is the official currency of Sudan?,Icelandic Krona,Ethiopian Birr,Sudanese Pound,Solomon Islands Dollar,C) Sudanese Pound,The official currency used in Sudan is the Sudanese Pound.,Countries & Capitals,Country Currencies
What is the capital of Tanzania?,Ashgabat,Dodoma,Tirana,Vientiane,B) Dodoma,The capital city of Tanzania is Dodoma.,Countries & Capitals,Country Capitals
Dodoma is the capital city of which country?,Tanzania,Chile,Lebanon,Luxembourg,A) Tanzania,Dodoma serves as the capital city of Tanzania.,Countries & Capitals,Country Capitals
Tanzania is located on which continent?,Asia,North America,Africa,Oceania,C) Africa,Tanzania is located on the continent of Africa.,Countries & Capitals,Africa Countries
What is the official currency of Tanzania?,Vanuatu Vatu,Tanzanian Shilling,Zambian Kwacha,Papua New Guinean Kina,B) Tanzanian Shilling,The official currency used in Tanzania is the Tanzanian Shilling.,Countries & Capitals,Country Currencies
What is the capital of Uganda?,Brussels,Seoul,Kyiv,Kampala,D) Kampala,The capital city of Uganda is Kampala.,Countries & Capitals,Country Capitals
Kampala is the capital city of which country?,South Africa,Timor-Leste,Uganda,Finland,C) Uganda,Kampala serves as the capital city of Uganda.,Countries & Capitals,Country Capitals
Uganda is located on which continent?,Africa,Oceania,Europe,North America,A) Africa,Uganda is located on the continent of Africa.,Countries & Capitals,Africa Countries
What is the official currency of Uganda?,UAE Dirham,Brazilian Real,South African Rand,Ugandan Shilling,D) Ugandan Shilling,The official currency used in Uganda is the Ugandan Shilling.,Countries & Capitals,Country Currencies
What is the capital of Zimbabwe?,Kathmandu,Mbabane,Harare,Doha,C) Harare,The capital city of Zimbabwe is Harare.,Countries & Capitals,Country Capitals
Harare is the capital city of which country?,Belgium,Kiribati,Zimbabwe,China,C) Zimbabwe,Harare serves as the capital city of Zimbabwe.,Countries & Capitals,Country Capitals
Zimbabwe is located on which continent?,South America,Asia,Oceania,Africa,D) Africa,Zimbabwe is located on the continent of Africa.,Countries & Capitals,Africa Countries
What is the official currency of Zimbabwe?,Bahraini Dinar,Pound Sterling,Zimbabwean Dollar,Mozambican Metical,C) Zimbabwean Dollar,The official currency used in Zimbabwe is the Zimbabwean Dollar.,Countries & Capitals,Country Currencies
What is the capital of Zambia?,Bandar Seri Begawan,Lusaka,Nicosia,Bamako,B) Lusaka,The capital city of Zambia is Lusaka.,Countries & Capitals,Country Capitals
Lusaka is the capital city of which country?,Kuwait,Egypt,Zambia,Algeria,C) Zambia,Lusaka serves as the capital city of Zambia.,Countries & Capitals,Country Capitals
Zambia is located on which continent?,Oceania,Asia,Africa,North America,C) Africa,Zambia is located on the continent of Africa.,Countries & Capitals,Africa Countries
What is the official currency of Zambia?,Zambian Kwacha,Paraguayan Guarani,Malawian Kwacha,Fijian Dollar,A) Zambian Kwacha,The official currency used in Zambia is the Zambian Kwacha.,Countries & Capitals,Country Currencies
What is the capital of Mozambique?,Maputo,Yamoussoukro,Algiers,Lilongwe,A) Maputo,The capital city of Mozambique is Maputo.,Countries & Capitals,Country Capitals
Maputo is the capital city of which country?,Democratic Republic of the Congo,Thailand,Mozambique,Tajikistan,C) Mozambique,Maputo serves as the capital city of Mozambique.,Countries & Capitals,Country Capitals
Mozambique is located on which continent?,Asia,North America,Africa,South America,C) Africa,Mozambique is located on the continent of Africa.,Countries & Capitals,Africa Countries
What is the official currency of Mozambique?,Belarusian Ruble,Mozambican Metical,Solomon Islands Dollar,Namibian Dollar,B) Mozambican Metical,The official currency used in Mozambique is the Mozambican Metical.,Countries & Capitals,Country Currencies
What is the capital of Angola?,Kabul,Bamako,Luanda,Yamoussoukro,C) Luanda,The capital city of Angola is Luanda.,Countries & Capitals,Country Capitals
Luanda is the capital city of which country?,San Marino,Laos,Angola,Estonia,C) Angola,Luanda serves as the capital city of Angola.,Countries & Capitals,Country Capitals
Angola is located on which continent?,Africa,South America,Europe,Oceania,A) Africa,Angola is located on the continent of Africa.,Countries & Capitals,Africa Countries
What is the official currency of Angola?,Namibian Dollar,Jamaican Dollar,Angolan Kwanza,Danish Krone,C) Angolan Kwanza,The official currency used in Angola is the Angolan Kwanza.,Countries & Capitals,Country Currencies
What is the capital of Senegal?,Kabul,Dakar,Montevideo,Andorra la Vella,B) Dakar,The capital city of Senegal is Dakar.,Countries & Capitals,Country Capitals
Dakar is the capital city of which country?,Slovakia,Senegal,Mozambique,Greece,B) Senegal,Dakar serves as the capital city of Senegal.,Countries & Capitals,Country Capitals
Senegal is located on which continent?,Oceania,North America,Africa,South America,C) Africa,Senegal is located on the continent of Africa.,Countries & Capitals,Africa Countries
What is the official currency of Senegal?,Afghan Afghani,Georgian Lari,West African CFA Franc,Seychellois Rupee,C) West African CFA Franc,The official currency used in Senegal is the West African CFA Franc.,Countries & Capitals,Country Currencies
What is the capital of Mali?,Santo Domingo,Andorra la Vella,Podgorica,Bamako,D) Bamako,The capital city of Mali is Bamako.,Countries & Capitals,Country Capitals
Bamako is the capital city of which country?,Tajikistan,Niger,Mali,Peru,C) Mali,Bamako serves as the capital city of Mali.,Countries & Capitals,Country Capitals
Mali is located on which continent?,North America,Africa,Oceania,South America,B) Africa,Mali is located on the continent of Africa.,Countries & Capitals,Africa Countries
What is the official currency of Mali?,Swiss Franc,Solomon Islands Dollar,West African CFA Franc,Sudanese Pound,C) West African CFA Franc,The official currency used in Mali is the West African CFA Franc.,Countries & Capitals,Country Currencies
What is the capital of Niger?,Pyongyang,Niamey,Bangkok,Ngerulmud,B) Niamey,The capital city of Niger is Niamey.,Countries & Capitals,Country Capitals
Niamey is the capital city of which country?,Niger,Sri Lanka,Malawi,Uzbekistan,A) Niger,Niamey serves as the capital city of Niger.,Countries & Capitals,Country Capitals
Niger is located on which continent?,Asia,Africa,Europe,South America,B) Africa,Niger is located on the continent of Africa.,Countries & Capitals,Africa Countries
What is the official currency of Niger?,Czech Koruna,West African CFA Franc,Euro,New Taiwan Dollar,B) West African CFA Franc,The official currency used in Niger is the West African CFA Franc.,Countries & Capitals,Country Currencies
What is the capital of Chad?,N'Djamena,Quito,San Jose,Mbabane,A) N'Djamena,The capital city of Chad is N'Djamena.,Countries & Capitals,Country Capitals
N'Djamena is the capital city of which country?,Chad,Timor-Leste,Australia,Taiwan,A) Chad,N'Djamena serves as the capital city of Chad.,Countries & Capitals,Country Capitals
Chad is located on which continent?,Oceania,Europe,Africa,Asia,C) Africa,Chad is located on the continent of Africa.,Countries & Capitals,Africa Countries
What is the official currency of Chad?,Sierra Leonean Leone,Peruvian Sol,Bolivian Boliviano,Central African CFA Franc,D) Central African CFA Franc,The official currency used in Chad is the Central African CFA Franc.,Countries & Capitals,Country Currencies
What is the capital of Cameroon?,Tokyo,Yaounde,Male,Funafuti,B) Yaounde,The capital city of Cameroon is Yaounde.,Countries & Capitals,Country Capitals
Yaounde is the capital city of which country?,Colombia,Djibouti,Yemen,Cameroon,D) Cameroon,Yaounde serves as the capital city of Cameroon.,Countries & Capitals,Country Capitals
Cameroon is located on which continent?,Asia,Africa,Oceania,South America,B) Africa,Cameroon is located on the continent of Africa.,Countries & Capitals,Africa Countries
What is the official currency of Cameroon?,Jamaican Dollar,Bhutanese Ngultrum,Albanian Lek,Central African CFA Franc,D) Central African CFA Franc,The official currency used in Cameroon is the Central African CFA Franc.,Countries & Capitals,Country Currencies
What is the capital of Ivory Coast?,Thimphu,Freetown,Yamoussoukro,Ouagadougou,C) Yamoussoukro,The capital city of Ivory Coast is Yamoussoukro.,Countries & Capitals,Country Capitals
Yamoussoukro is the capital city of which country?,Italy,United Arab Emirates,Ivory Coast,San Marino,C) Ivory Coast,Yamoussoukro serves as the capital city of Ivory Coast.,Countries & Capitals,Country Capitals
Ivory Coast is located on which continent?,Europe,Oceania,Asia,Africa,D) Africa,Ivory Coast is located on the continent of Africa.,Countries & Capitals,Africa Countries
What is the official currency of Ivory Coast?,Indonesian Rupiah,Somali Shilling,Tunisian Dinar,West African CFA Franc,D) West African CFA Franc,The official currency used in Ivory Coast is the West African CFA Franc.,Countries & Capitals,Country Currencies
What is the capital of Rwanda?,Santiago,Madrid,Khartoum,Kigali,D) Kigali,The capital city of Rwanda is Kigali.,Countries & Capitals,Country Capitals
Kigali is the capital city of which country?,Seychelles,Rwanda,Benin,Lesotho,B) Rwanda,Kigali serves as the capital city of Rwanda.,Countries & Capitals,Country Capitals
Rwanda is located on which continent?,Africa,Europe,North America,Asia,A) Africa,Rwanda is located on the continent of Africa.,Countries & Capitals,Africa Countries
What is the official currency of Rwanda?,Maldivian Rufiyaa,Iranian Rial,Rwandan Franc,Samoan Tala,C) Rwandan Franc,The official currency used in Rwanda is the Rwandan Franc.,Countries & Capitals,Country Currencies
What is the capital of Somalia?,Amsterdam,Mogadishu,Tegucigalpa,Freetown,B) Mogadishu,The capital city of Somalia is Mogadishu.,Countries & Capitals,Country Capitals
Mogadishu is the capital city of which country?,Somalia,Switzerland,China,Paraguay,A) Somalia,Mogadishu serves as the capital city of Somalia.,Countries & Capitals,Country Capitals
Somalia is located on which continent?,Asia,Africa,North America,Europe,B) Africa,Somalia is located on the continent of Africa.,Countries & Capitals,Africa Countries
What is the official currency of Somalia?,Australian Dollar,Venezuelan Bolivar,Zambian Kwacha,Somali Shilling,D) Somali Shilling,The official currency used in Somalia is the Somali Shilling.,Countries & Capitals,Country Currencies
What is the capital of Namibia?,Apia,Windhoek,Bishkek,Stockholm,B) Windhoek,The capital city of Namibia is Windhoek.,Countries & Capitals,Country Capitals
Windhoek is the capital city of which country?,Namibia,Czech Republic,Kiribati,Kyrgyzstan,A) Namibia,Windhoek serves as the capital city of Namibia.,Countries & Capitals,Country Capitals
Namibia is located on which continent?,Africa,Oceania,North America,Asia,A) Africa,Namibia is located on the continent of Africa.,Countries & Capitals,Africa Countries
What is the official currency of Namibia?,Namibian Dollar,Azerbaijani Manat,Canadian Dollar,Kuwaiti Dinar,A) Namibian Dollar,The official currency used in Namibia is the Namibian Dollar.,Countries & Capitals,Country Currencies
What is the capital of Botswana?,Baghdad,Gaborone,Madrid,Male,B) Gaborone,The capital city of Botswana is Gaborone.,Countries & Capitals,Country Capitals
Gaborone is the capital city of which country?,Russia,United Arab Emirates,Botswana,Kosovo,C) Botswana,Gaborone serves as the capital city of Botswana.,Countries & Capitals,Country Capitals
Botswana is located on which continent?,Africa,South America,North America,Oceania,A) Africa,Botswana is located on the continent of Africa.,Countries & Capitals,Africa Countries
What is the official currency of Botswana?,Romanian Leu,Lao Kip,Icelandic Krona,Botswana Pula,D) Botswana Pula,The official currency used in Botswana is the Botswana Pula.,Countries & Capitals,Country Currencies
What is the capital of Madagascar?,Antananarivo,Vienna,Lisbon,Zagreb,A) Antananarivo,The capital city of Madagascar is Antananarivo.,Countries & Capitals,Country Capitals
Antananarivo is the capital city of which country?,Madagascar,Kenya,Mongolia,Tonga,A) Madagascar,Antananarivo serves as the capital city of Madagascar.,Countries & Capitals,Country Capitals
Madagascar is located on which continent?,Oceania,Asia,North America,Africa,D) Africa,Madagascar is located on the continent of Africa.,Countries & Capitals,Africa Countries
What is the official currency of Madagascar?,Samoan Tala,Malagasy Ariary,Panamanian Balboa,Bulgarian Lev,B) Malagasy Ariary,The official currency used in Madagascar is the Malagasy Ariary.,Countries & Capitals,Country Currencies
What is the capital of Malawi?,Prague,Lilongwe,San Salvador,Tbilisi,B) Lilongwe,The capital city of Malawi is Lilongwe.,Countries & Capitals,Country Capitals
Lilongwe is the capital city of which country?,Zambia,Cameroon,Malawi,Vietnam,C) Malawi,Lilongwe serves as the capital city of Malawi.,Countries & Capitals,Country Capitals
Malawi is located on which continent?,Africa,Asia,North America,South America,A) Africa,Malawi is located on the continent of Africa.,Countries & Capitals,Africa Countries
What is the official currency of Malawi?,Polish Zloty,Malawian Kwacha,Bangladeshi Taka,Tajikistani Somoni,B) Malawian Kwacha,The official currency used in Malawi is the Malawian Kwacha.,Countries & Capitals,Country Currencies
What is the capital of Gabon?,Bangkok,Libreville,Harare,Prague,B) Libreville,The capital city of Gabon is Libreville.,Countries & Capitals,Country Capitals
Libreville is the capital city of which country?,Vietnam,Gabon,Jordan,Thailand,B) Gabon,Libreville serves as the capital city of Gabon.,Countries & Capitals,Country Capitals
Gabon is located on which continent?,Africa,Oceania,South America,Asia,A) Africa,Gabon is located on the continent of Africa.,Countries & Capitals,Africa Countries
What is the official currency of Gabon?,Jamaican Dollar,Nicaraguan Cordoba,Central African CFA Franc,Samoan Tala,C) Central African CFA Franc,The official currency used in Gabon is the Central African CFA Franc.,Countries & Capitals,Country Currencies
What is the capital of Congo?,Male,Brazzaville,Tokyo,Ankara,B) Brazzaville,The capital city of Congo is Brazzaville.,Countries & Capitals,Country Capitals
Brazzaville is the capital city of which country?,Belarus,Cameroon,Switzerland,Congo,D) Congo,Brazzaville serves as the capital city of Congo.,Countries & Capitals,Country Capitals
Congo is located on which continent?,South America,North America,Africa,Oceania,C) Africa,Congo is located on the continent of Africa.,Countries & Capitals,Africa Countries
What is the official currency of Congo?,Mongolian Tugrik,Peruvian Sol,Central African CFA Franc,Azerbaijani Manat,C) Central African CFA Franc,The official currency used in Congo is the Central African CFA Franc.,Countries & Capitals,Country Currencies
What is the capital of Democratic Republic of the Congo?,Port-au-Prince,Andorra la Vella,Kinshasa,Nicosia,C) Kinshasa,The capital city of Democratic Republic of the Congo is Kinshasa.,Countries & Capitals,Country Capitals
Kinshasa is the capital city of which country?,Nepal,Democratic Republic of the Congo,Congo,Fiji,B) Democratic Republic of the Congo,Kinshasa serves as the capital city of Democratic Republic of the Congo.,Countries & Capitals,Country Capitals
Democratic Republic of the Congo is located on which continent?,Europe,North America,Africa,Oceania,C) Africa,Democratic Republic of the Congo is located on the continent of Africa.,Countries & Capitals,Africa Countries
What is the official currency of Democratic Republic of the Congo?,Qatari Riyal,Congolese Franc,Macedonian Denar,Kuwaiti Dinar,B) Congolese Franc,The official currency used in Democratic Republic of the Congo is the Congolese Franc.,Countries & Capitals,Country Currencies
What is the capital of Benin?,Naypyidaw,N'Djamena,Porto-Novo,Nicosia,C) Porto-Novo,The capital city of Benin is Porto-Novo.,Countries & Capitals,Country Capitals
Porto-Novo is the capital city of which country?,Eritrea,Benin,Thailand,Lesotho,B) Benin,Porto-Novo serves as the capital city of Benin.,Countries & Capitals,Country Capitals
Benin is located on which continent?,Africa,South America,Europe,Asia,A) Africa,Benin is located on the continent of Africa.,Countries & Capitals,Africa Countries
What is the official currency of Benin?,West African CFA Franc,Colombian Peso,Jamaican Dollar,Liberian Dollar,A) West African CFA Franc,The official currency used in Benin is the West African CFA Franc.,Countries & Capitals,Country Currencies
What is the capital of Togo?,Vilnius,Lome,Bamako,Pretoria,B) Lome,The capital city of Togo is Lome.,Countries & Capitals,Country Capitals
Lome is the capital city of which country?,Togo,Liberia,Mauritius,Guatemala,A) Togo,Lome serves as the capital city of Togo.,Countries & Capitals,Country Capitals
Togo is located on which continent?,Africa,Oceania,Asia,North America,A) Africa,Togo is located on the continent of Africa.,Countries & Capitals,Africa Countries
What is the official currency of Togo?,Chinese Yuan,South African Rand,West African CFA Franc,Sri Lankan Rupee,C) West African CFA Franc,The official currency used in Togo is the West African CFA Franc.,Countries & Capitals,Country Currencies
What is the capital of Sierra Leone?,Skopje,Ankara,Freetown,Bangkok,C) Freetown,The capital city of Sierra Leone is Freetown.,Countries & Capitals,Country Capitals
Freetown is the capital city of which country?,Haiti,Sierra Leone,Seychelles,Andorra,B) Sierra Leone,Freetown serves as the capital city of Sierra Leone.,Countries & Capitals,Country Capitals
Sierra Leone is located on which continent?,South America,Asia,Oceania,Africa,D) Africa,Sierra Leone is located on the continent of Africa.,Countries & Capitals,Africa Countries
What is the official currency of Sierra Leone?,Omani Rial,Ghanaian Cedi,Guyanese Dollar,Sierra Leonean Leone,D) Sierra Leonean Leone,The official currency used in Sierra Leone is the Sierra Leonean Leone.,Countries & Capitals,Country Currencies
What is the capital of Liberia?,Conakry,Freetown,San Marino,Monrovia,D) Monrovia,The capital city of Liberia is Monrovia.,Countries & Capitals,Country Capitals
Monrovia is the capital city of which country?,Liberia,Jordan,Monaco,Haiti,A) Liberia,Monrovia serves as the capital city of Liberia.,Countries & Capitals,Country Capitals
Liberia is located on which continent?,Oceania,South America,North America,Africa,D) Africa,Liberia is located on the continent of Africa.,Countries & Capitals,Africa Countries
What is the official currency of Liberia?,West African CFA Franc,Liberian Dollar,Samoan Tala,Seychellois Rupee,B) Liberian Dollar,The official currency used in Liberia is the Liberian Dollar.,Countries & Capitals,Country Currencies
What is the capital of Guinea?,Prague,Conakry,Kuala Lumpur,Kingston,B) Conakry,The capital city of Guinea is Conakry.,Countries & Capitals,Country Capitals
Conakry is the capital city of which country?,Moldova,Montenegro,Micronesia,Guinea,D) Guinea,Conakry serves as the capital city of Guinea.,Countries & Capitals,Country Capitals
Guinea is located on which continent?,Europe,South America,Africa,Oceania,C) Africa,Guinea is located on the continent of Africa.,Countries & Capitals,Africa Countries
What is the official currency of Guinea?,Polish Zloty,Guinean Franc,Omani Rial,West African CFA Franc,B) Guinean Franc,The official currency used in Guinea is the Guinean Franc.,Countries & Capitals,Country Currencies
What is the capital of Burkina Faso?,Ouagadougou,Skopje,Lisbon,Tashkent,A) Ouagadougou,The capital city of Burkina Faso is Ouagadougou.,Countries & Capitals,Country Capitals
Ouagadougou is the capital city of which country?,Greece,Burkina Faso,Togo,Latvia,B) Burkina Faso,Ouagadougou serves as the capital city of Burkina Faso.,Countries & Capitals,Country Capitals
Burkina Faso is located on which continent?,Europe,Africa,North America,South America,B) Africa,Burkina Faso is located on the continent of Africa.,Countries & Capitals,Africa Countries
What is the official currency of Burkina Faso?,Tanzanian Shilling,Malawian Kwacha,West African CFA Franc,Chilean Peso,C) West African CFA Franc,The official currency used in Burkina Faso is the West African CFA Franc.,Countries & Capitals,Country Currencies
What is the capital of Eritrea?,Helsinki,Jerusalem,Asmara,Freetown,C) Asmara,The capital city of Eritrea is Asmara.,Countries & Capitals,Country Capitals
Asmara is the capital city of which country?,Sierra Leone,Madagascar,Kyrgyzstan,Eritrea,D) Eritrea,Asmara serves as the capital city of Eritrea.,Countries & Capitals,Country Capitals
Eritrea is located on which continent?,Oceania,Europe,Africa,North America,C) Africa,Eritrea is located on the continent of Africa.,Countries & Capitals,Africa Countries
What is the official currency of Eritrea?,Congolese Franc,Libyan Dinar,Eritrean Nakfa,Hungarian Forint,C) Eritrean Nakfa,The official currency used in Eritrea is the Eritrean Nakfa.,Countries & Capitals,Country Currencies
What is the capital of Djibouti?,Quito,Managua,Djibouti City,Port Moresby,C) Djibouti City,The capital city of Djibouti is Djibouti City.,Countries & Capitals,Country Capitals
Djibouti City is the capital city of which country?,United States,Djibouti,Uganda,Namibia,B) Djibouti,Djibouti City serves as the capital city of Djibouti.,Countries & Capitals,Country Capitals
Djibouti is located on which continent?,South America,Europe,Oceania,Africa,D) Africa,Djibouti is located on the continent of Africa.,Countries & Capitals,Africa Countries
What is the official currency of Djibouti?,Djiboutian Franc,Turkish Lira,Czech Koruna,Ugandan Shilling,A) Djiboutian Franc,The official currency used in Djibouti is the Djiboutian Franc.,Countries & Capitals,Country Currencies
What is the capital of Lesotho?,Singapore,Maseru,Kampala,Mogadishu,B) Maseru,The capital city of Lesotho is Maseru.,Countries & Capitals,Country Capitals
Maseru is the capital city of which country?,Lesotho,Burkina Faso,Malawi,Jordan,A) Lesotho,Maseru serves as the capital city of Lesotho.,Countries & Capitals,Country Capitals
Lesotho is located on which continent?,South America,Asia,Africa,Europe,C) Africa,Lesotho is located on the continent of Africa.,Countries & Capitals,Africa Countries
What is the official currency of Lesotho?,Hungarian Forint,Botswana Pula,Lesotho Loti,Sudanese Pound,C) Lesotho Loti,The official currency used in Lesotho is the Lesotho Loti.,Countries & Capitals,Country Currencies
What is the capital of Eswatini?,Mbabane,Baghdad,Funafuti,Bratislava,A) Mbabane,The capital city of Eswatini is Mbabane.,Countries & Capitals,Country Capitals
Mbabane is the capital city of which country?,Libya,Poland,Eswatini,Burkina Faso,C) Eswatini,Mbabane serves as the capital city of Eswatini.,Countries & Capitals,Country Capitals
Eswatini is located on which continent?,Asia,Africa,South America,Oceania,B) Africa,Eswatini is located on the continent of Africa.,Countries & Capitals,Africa Countries
What is the official currency of Eswatini?,South Korean Won,Swazi Lilangeni,Honduran Lempira,South African Rand,B) Swazi Lilangeni,The official currency used in Eswatini is the Swazi Lilangeni.,Countries & Capitals,Country Currencies
What is the capital of Mauritius?,Belmopan,Vienna,Port Louis,Amsterdam,C) Port Louis,The capital city of Mauritius is Port Louis.,Countries & Capitals,Country Capitals
Port Louis is the capital city of which country?,Mauritius,Bolivia,Taiwan,Oman,A) Mauritius,Port Louis serves as the capital city of Mauritius.,Countries & Capitals,Country Capitals
Mauritius is located on which continent?,South America,Europe,Africa,Oceania,C) Africa,Mauritius is located on the continent of Africa.,Countries & Capitals,Africa Countries
What is the official currency of Mauritius?,Mauritian Rupee,Romanian Leu,Fijian Dollar,Venezuelan Bolivar,A) Mauritian Rupee,The official currency used in Mauritius is the Mauritian Rupee.,Countries & Capitals,Country Currencies
What is the capital of Seychelles?,Yaren,Victoria,Djibouti City,Podgorica,B) Victoria,The capital city of Seychelles is Victoria.,Countries & Capitals,Country Capitals
Victoria is the capital city of which country?,Seychelles,Solomon Islands,Finland,Lesotho,A) Seychelles,Victoria serves as the capital city of Seychelles.,Countries & Capitals,Country Capitals
Seychelles is located on which continent?,South America,Africa,Asia,North America,B) Africa,Seychelles is located on the continent of Africa.,Countries & Capitals,Africa Countries
What is the official currency of Seychelles?,Seychellois Rupee,Canadian Dollar,Colombian Peso,Japanese Yen,A) Seychellois Rupee,The official currency used in Seychelles is the Seychellois Rupee.,Countries & Capitals,Country Currencies
What is the capital of Australia?,Phnom Penh,Bamako,Canberra,Asuncion,C) Canberra,The capital city of Australia is Canberra.,Countries & Capitals,Country Capitals
Canberra is the capital city of which country?,Bahamas,Honduras,Australia,Finland,C) Australia,Canberra serves as the capital city of Australia.,Countries & Capitals,Country Capitals
Australia is located on which continent?,Oceania,Africa,North America,South America,A) Oceania,Australia is located on the continent of Oceania.,Countries & Capitals,Oceania Countries
What is the official currency of Australia?,Norwegian Krone,Trinidad and Tobago Dollar,Australian Dollar,Serbian Dinar,C) Australian Dollar,The official currency used in Australia is the Australian Dollar.,Countries & Capitals,Country Currencies
What is the capital of New Zealand?,Guatemala City,Vientiane,Wellington,Brasilia,C) Wellington,The capital city of New Zealand is Wellington.,Countries & Capitals,Country Capitals
Wellington is the capital city of which country?,Belarus,Fiji,Netherlands,New Zealand,D) New Zealand,Wellington serves as the capital city of New Zealand.,Countries & Capitals,Country Capitals
New Zealand is located on which continent?,Oceania,Europe,South America,North America,A) Oceania,New Zealand is located on the continent of Oceania.,Countries & Capitals,Oceania Countries
What is the official currency of New Zealand?,Tanzanian Shilling,Bangladeshi Taka,New Zealand Dollar,Tongan Pa'anga,C) New Zealand Dollar,The official currency used in New Zealand is the New Zealand Dollar.,Countries & Capitals,Country Currencies
What is the capital of Fiji?,Canberra,Suva,Tripoli,Pretoria,B) Suva,The capital city of Fiji is Suva.,Countries & Capitals,Country Capitals
Suva is the capital city of which country?,Albania,El Salvador,Kenya,Fiji,D) Fiji,Suva serves as the capital city of Fiji.,Countries & Capitals,Country Capitals
Fiji is located on which continent?,North America,Africa,South America,Oceania,D) Oceania,Fiji is located on the continent of Oceania.,Countries & Capitals,Oceania Countries
What is the official currency of Fiji?,Fijian Dollar,Iranian Rial,Botswana Pula,Congolese Franc,A) Fijian Dollar,The official currency used in Fiji is the Fijian Dollar.,Countries & Capitals,Country Currencies
What is the capital of Papua New Guinea?,Bern,Helsinki,Addis Ababa,Port Moresby,D) Port Moresby,The capital city of Papua New Guinea is Port Moresby.,Countries & Capitals,Country Capitals
Port Moresby is the capital city of which country?,Marshall Islands,Japan,Iran,Papua New Guinea,D) Papua New Guinea,Port Moresby serves as the capital city of Papua New Guinea.,Countries & Capitals,Country Capitals
Papua New Guinea is located on which continent?,Asia,Europe,Oceania,Africa,C) Oceania,Papua New Guinea is located on the continent of Oceania.,Countries & Capitals,Oceania Countries
What is the official currency of Papua New Guinea?,Icelandic Krona,Singapore Dollar,Papua New Guinean Kina,Tunisian Dinar,C) Papua New Guinean Kina,The official currency used in Papua New Guinea is the Papua New Guinean Kina.,Countries & Capitals,Country Currencies
What is the capital of Samoa?,Palikir,Seoul,Apia,Sarajevo,C) Apia,The capital city of Samoa is Apia.,Countries & Capitals,Country Capitals
Apia is the capital city of which country?,Rwanda,Moldova,Sweden,Samoa,D) Samoa,Apia serves as the capital city of Samoa.,Countries & Capitals,Country Capitals
Samoa is located on which continent?,South America,Asia,Oceania,Africa,C) Oceania,Samoa is located on the continent of Oceania.,Countries & Capitals,Oceania Countries
What is the official currency of Samoa?,Pound Sterling,Kyrgyzstani Som,Samoan Tala,Rwandan Franc,C) Samoan Tala,The official currency used in Samoa is the Samoan Tala.,Countries & Capitals,Country Currencies
What is the capital of Tonga?,Bishkek,Nuku'alofa,Kinshasa,Windhoek,B) Nuku'alofa,The capital city of Tonga is Nuku'alofa.,Countries & Capitals,Country Capitals
Nuku'alofa is the capital city of which country?,Bahrain,Tonga,Djibouti,Costa Rica,B) Tonga,Nuku'alofa serves as the capital city of Tonga.,Countries & Capitals,Country Capitals
Tonga is located on which continent?,Africa,North America,Oceania,Europe,C) Oceania,Tonga is located on the continent of Oceania.,Countries & Capitals,Oceania Countries
What is the official currency of Tonga?,Tongan Pa'anga,Russian Ruble,Turkmenistan Manat,Ugandan Shilling,A) Tongan Pa'anga,The official currency used in Tonga is the Tongan Pa'anga.,Countries & Capitals,Country Currencies
What is the capital of Vanuatu?,Port Vila,Dublin,Canberra,Yaounde,A) Port Vila,The capital city of Vanuatu is Port Vila.,Countries & Capitals,Country Capitals
Port Vila is the capital city of which country?,Lithuania,Vanuatu,Senegal,South Africa,B) Vanuatu,Port Vila serves as the capital city of Vanuatu.,Countries & Capitals,Country Capitals
Vanuatu is located on which continent?,Europe,South America,Oceania,Asia,C) Oceania,Vanuatu is located on the continent of Oceania.,Countries & Capitals,Oceania Countries
What is the official currency of Vanuatu?,Australian Dollar,Bhutanese Ngultrum,Vanuatu Vatu,Somali Shilling,C) Vanuatu Vatu,The official currency used in Vanuatu is the Vanuatu Vatu.,Countries & Capitals,Country Currencies
What is the capital of Solomon Islands?,Khartoum,Sarajevo,Honiara,Dodoma,C) Honiara,The capital city of Solomon Islands is Honiara.,Countries & Capitals,Country Capitals
Honiara is the capital city of which country?,Solomon Islands,Malawi,Switzerland,Ukraine,A) Solomon Islands,Honiara serves as the capital city of Solomon Islands.,Countries & Capitals,Country Capitals
Solomon Islands is located on which continent?,Asia,Europe,South America,Oceania,D) Oceania,Solomon Islands is located on the continent of Oceania.,Countries & Capitals,Oceania Countries
What is the official currency of Solomon Islands?,Belarusian Ruble,Bhutanese Ngultrum,Solomon Islands Dollar,Qatari Riyal,C) Solomon Islands Dollar,The official currency used in Solomon Islands is the Solomon Islands Dollar.,Countries & Capitals,Country Currencies
What is the capital of Kiribati?,Tarawa,Georgetown,Bucharest,Podgorica,A) Tarawa,The capital city of Kiribati is Tarawa.,Countries & Capitals,Country Capitals
Tarawa is the capital city of which country?,Bolivia,Tanzania,Nauru,Kiribati,D) Kiribati,Tarawa serves as the capital city of Kiribati.,Countries & Capitals,Country Capitals
Kiribati is located on which continent?,Oceania,North America,Asia,South America,A) Oceania,Kiribati is located on the continent of Oceania.,Countries & Capitals,Oceania Countries
What is the official currency of Kiribati?,South African Rand,Guyanese Dollar,Australian Dollar,Syrian Pound,C) Australian Dollar,The official currency used in Kiribati is the Australian Dollar.,Countries & Capitals,Country Currencies
What is the capital of Palau?,Managua,Ngerulmud,"Washington, D.C.",Monrovia,B) Ngerulmud,The capital city of Palau is Ngerulmud.,Countries & Capitals,Country Capitals
Ngerulmud is the capital city of which country?,Fiji,Sri Lanka,Ghana,Palau,D) Palau,Ngerulmud serves as the capital city of Palau.,Countries & Capitals,Country Capitals
Palau is located on which continent?,North America,Africa,Asia,Oceania,D) Oceania,Palau is located on the continent of Oceania.,Countries & Capitals,Oceania Countries
What is the official currency of Palau?,Rwandan Franc,Chinese Yuan,Iranian Rial,US Dollar,D) US Dollar,The official currency used in Palau is the US Dollar.,Countries & Capitals,Country Currencies
What is the capital of Marshall Islands?,Vilnius,Port Louis,Majuro,Jakarta,C) Majuro,The capital city of Marshall Islands is Majuro.,Countries & Capitals,Country Capitals
Majuro is the capital city of which country?,Marshall Islands,Malta,Ghana,Qatar,A) Marshall Islands,Majuro serves as the capital city of Marshall Islands.,Countries & Capitals,Country Capitals
Marshall Islands is located on which continent?,North America,South America,Oceania,Europe,C) Oceania,Marshall Islands is located on the continent of Oceania.,Countries & Capitals,Oceania Countries
What is the official currency of Marshall Islands?,Azerbaijani Manat,North Korean Won,Eritrean Nakfa,US Dollar,D) US Dollar,The official currency used in Marshall Islands is the US Dollar.,Countries & Capitals,Country Currencies
What is the capital of Micronesia?,Palikir,Dublin,Taipei,Tehran,A) Palikir,The capital city of Micronesia is Palikir.,Countries & Capitals,Country Capitals
Palikir is the capital city of which country?,Bahrain,Micronesia,South Africa,Lebanon,B) Micronesia,Palikir serves as the capital city of Micronesia.,Countries & Capitals,Country Capitals
Micronesia is located on which continent?,Europe,South America,Oceania,Africa,C) Oceania,Micronesia is located on the continent of Oceania.,Countries & Capitals,Oceania Countries
What is the official currency of Micronesia?,Mauritian Rupee,Bangladeshi Taka,US Dollar,Somali Shilling,C) US Dollar,The official currency used in Micronesia is the US Dollar.,Countries & Capitals,Country Currencies
What is the capital of Nauru?,Port Vila,Yaren,Athens,Kyiv,B) Yaren,The capital city of Nauru is Yaren.,Countries & Capitals,Country Capitals
Yaren is the capital city of which country?,Honduras,Nauru,Zimbabwe,Cuba,B) Nauru,Yaren serves as the capital city of Nauru.,Countries & Capitals,Country Capitals
Nauru is located on which continent?,Oceania,South America,Africa,Asia,A) Oceania,Nauru is located on the continent of Oceania.,Countries & Capitals,Oceania Countries
What is the official currency of Nauru?,Vietnamese Dong,Australian Dollar,Peruvian Sol,Algerian Dinar,B) Australian Dollar,The official currency used in Nauru is the Australian Dollar.,Countries & Capitals,Country Currencies
What is the capital of Tuvalu?,Port-au-Prince,Funafuti,Kinshasa,Baku,B) Funafuti,The capital city of Tuvalu is Funafuti.,Countries & Capitals,Country Capitals
Funafuti is the capital city of which country?,Ecuador,Tuvalu,Bosnia and Herzegovina,Nigeria,B) Tuvalu,Funafuti serves as the capital city of Tuvalu.,Countries & Capitals,Country Capitals
Tuvalu is located on which continent?,Asia,South America,North America,Oceania,D) Oceania,Tuvalu is located on the continent of Oceania.,Countries & Capitals,Oceania Countries
What is the official currency of Tuvalu?,Australian Dollar,Mongolian Tugrik,Lebanese Pound,Ghanaian Cedi,A) Australian Dollar,The official currency used in Tuvalu is the Australian Dollar.,Countries & Capitals,Country Currencies
Which city serves as the seat of government (capital) of India?,Mbabane,Dili,New Delhi,Colombo,C) New Delhi,New Delhi is the seat of government and capital of India.,Countries & Capitals,Country Capitals
Which continent is India part of?,Europe,Asia,Oceania,North America,B) Asia,India is part of the continent of Asia.,Countries & Capitals,Asia Countries
Which city serves as the seat of government (capital) of China?,Windhoek,Canberra,Pretoria,Beijing,D) Beijing,Beijing is the seat of government and capital of China.,Countries & Capitals,Country Capitals
Which continent is China part of?,Oceania,Asia,North America,Africa,B) Asia,China is part of the continent of Asia.,Countries & Capitals,Asia Countries
Which city serves as the seat of government (capital) of Japan?,Andorra la Vella,Yamoussoukro,Tokyo,Kuwait City,C) Tokyo,Tokyo is the seat of government and capital of Japan.,Countries & Capitals,Country Capitals
Which continent is Japan part of?,Europe,South America,Africa,Asia,D) Asia,Japan is part of the continent of Asia.,Countries & Capitals,Asia Countries
Which city serves as the seat of government (capital) of South Korea?,Seoul,Ouagadougou,Vientiane,Valletta,A) Seoul,Seoul is the seat of government and capital of South Korea.,Countries & Capitals,Country Capitals
Which continent is South Korea part of?,Asia,Oceania,North America,Africa,A) Asia,South Korea is part of the continent of Asia.,Countries & Capitals,Asia Countries
Which city serves as the seat of government (capital) of Indonesia?,Libreville,Singapore,Jakarta,Damascus,C) Jakarta,Jakarta is the seat of government and capital of Indonesia.,Countries & Capitals,Country Capitals
Which continent is Indonesia part of?,Africa,Oceania,Asia,Europe,C) Asia,Indonesia is part of the continent of Asia.,Countries & Capitals,Asia Countries
Which city serves as the seat of government (capital) of Pakistan?,Islamabad,Vienna,Victoria,Dhaka,A) Islamabad,Islamabad is the seat of government and capital of Pakistan.,Countries & Capitals,Country Capitals
Which continent is Pakistan part of?,South America,Asia,North America,Oceania,B) Asia,Pakistan is part of the continent of Asia.,Countries & Capitals,Asia Countries
Which city serves as the seat of government (capital) of Bangladesh?,Jerusalem,Baghdad,Dhaka,Lome,C) Dhaka,Dhaka is the seat of government and capital of Bangladesh.,Countries & Capitals,Country Capitals
Which continent is Bangladesh part of?,Asia,Europe,Oceania,South America,A) Asia,Bangladesh is part of the continent of Asia.,Countries & Capitals,Asia Countries
Which city serves as the seat of government (capital) of Sri Lanka?,Ngerulmud,Colombo,Tegucigalpa,Kuala Lumpur,B) Colombo,Colombo is the seat of government and capital of Sri Lanka.,Countries & Capitals,Country Capitals
Which continent is Sri Lanka part of?,Europe,Asia,South America,North America,B) Asia,Sri Lanka is part of the continent of Asia.,Countries & Capitals,Asia Countries
Which city serves as the seat of government (capital) of Nepal?,Port of Spain,Pretoria,Kathmandu,Harare,C) Kathmandu,Kathmandu is the seat of government and capital of Nepal.,Countries & Capitals,Country Capitals
Which continent is Nepal part of?,Asia,Oceania,North America,Europe,A) Asia,Nepal is part of the continent of Asia.,Countries & Capitals,Asia Countries
Which city serves as the seat of government (capital) of Bhutan?,Damascus,Tokyo,Buenos Aires,Thimphu,D) Thimphu,Thimphu is the seat of government and capital of Bhutan.,Countries & Capitals,Country Capitals
Which continent is Bhutan part of?,North America,Asia,Europe,Africa,B) Asia,Bhutan is part of the continent of Asia.,Countries & Capitals,Asia Countries
Which city serves as the seat of government (capital) of Myanmar?,Tehran,Naypyidaw,Vatican City,Budapest,B) Naypyidaw,Naypyidaw is the seat of government and capital of Myanmar.,Countries & Capitals,Country Capitals
Which continent is Myanmar part of?,Africa,Europe,Asia,South America,C) Asia,Myanmar is part of the continent of Asia.,Countries & Capitals,Asia Countries
Which city serves as the seat of government (capital) of Thailand?,Madrid,Kinshasa,San Marino,Bangkok,D) Bangkok,Bangkok is the seat of government and capital of Thailand.,Countries & Capitals,Country Capitals
Which continent is Thailand part of?,South America,Africa,Asia,North America,C) Asia,Thailand is part of the continent of Asia.,Countries & Capitals,Asia Countries
Which city serves as the seat of government (capital) of Vietnam?,Conakry,Hanoi,Kuwait City,Paris,B) Hanoi,Hanoi is the seat of government and capital of Vietnam.,Countries & Capitals,Country Capitals
Which continent is Vietnam part of?,South America,Asia,North America,Europe,B) Asia,Vietnam is part of the continent of Asia.,Countries & Capitals,Asia Countries
Which city serves as the seat of government (capital) of Cambodia?,Vatican City,Dodoma,Ouagadougou,Phnom Penh,D) Phnom Penh,Phnom Penh is the seat of government and capital of Cambodia.,Countries & Capitals,Country Capitals
Which continent is Cambodia part of?,Asia,Oceania,Europe,North America,A) Asia,Cambodia is part of the continent of Asia.,Countries & Capitals,Asia Countries
Which city serves as the seat of government (capital) of Laos?,Vientiane,New Delhi,Tirana,Nassau,A) Vientiane,Vientiane is the seat of government and capital of Laos.,Countries & Capitals,Country Capitals
Which continent is Laos part of?,Asia,Europe,Africa,Oceania,A) Asia,Laos is part of the continent of Asia.,Countries & Capitals,Asia Countries
Which city serves as the seat of government (capital) of Malaysia?,Niamey,Kuala Lumpur,Port-au-Prince,Riga,B) Kuala Lumpur,Kuala Lumpur is the seat of government and capital of Malaysia.,Countries & Capitals,Country Capitals
Which continent is Malaysia part of?,South America,North America,Europe,Asia,D) Asia,Malaysia is part of the continent of Asia.,Countries & Capitals,Asia Countries
Which city serves as the seat of government (capital) of Singapore?,Yerevan,Guatemala City,Port Moresby,Singapore,D) Singapore,Singapore is the seat of government and capital of Singapore.,Countries & Capitals,Country Capitals
Which continent is Singapore part of?,Asia,South America,Europe,Africa,A) Asia,Singapore is part of the continent of Asia.,Countries & Capitals,Asia Countries
Which city serves as the seat of government (capital) of Philippines?,Algiers,Belgrade,Manila,Pristina,C) Manila,Manila is the seat of government and capital of Philippines.,Countries & Capitals,Country Capitals
Which continent is Philippines part of?,South America,North America,Asia,Europe,C) Asia,Philippines is part of the continent of Asia.,Countries & Capitals,Asia Countries
Which city serves as the seat of government (capital) of Mongolia?,Nassau,Berlin,Ulaanbaatar,Minsk,C) Ulaanbaatar,Ulaanbaatar is the seat of government and capital of Mongolia.,Countries & Capitals,Country Capitals
Which continent is Mongolia part of?,South America,Asia,North America,Africa,B) Asia,Mongolia is part of the continent of Asia.,Countries & Capitals,Asia Countries
Which city serves as the seat of government (capital) of Afghanistan?,Kabul,Andorra la Vella,Accra,Ankara,A) Kabul,Kabul is the seat of government and capital of Afghanistan.,Countries & Capitals,Country Capitals
Which continent is Afghanistan part of?,Africa,Europe,Asia,North America,C) Asia,Afghanistan is part of the continent of Asia.,Countries & Capitals,Asia Countries
Which city serves as the seat of government (capital) of Iran?,Tehran,Oslo,Tallinn,Taipei,A) Tehran,Tehran is the seat of government and capital of Iran.,Countries & Capitals,Country Capitals
Which continent is Iran part of?,Asia,Oceania,North America,Europe,A) Asia,Iran is part of the continent of Asia.,Countries & Capitals,Asia Countries
Which city serves as the seat of government (capital) of Iraq?,Amsterdam,Accra,Riga,Baghdad,D) Baghdad,Baghdad is the seat of government and capital of Iraq.,Countries & Capitals,Country Capitals
Which continent is Iraq part of?,Africa,Asia,North America,Oceania,B) Asia,Iraq is part of the continent of Asia.,Countries & Capitals,Asia Countries
Which city serves as the seat of government (capital) of Saudi Arabia?,Riyadh,Kathmandu,"Washington, D.C.",Hanoi,A) Riyadh,Riyadh is the seat of government and capital of Saudi Arabia.,Countries & Capitals,Country Capitals
Which continent is Saudi Arabia part of?,Asia,South America,North America,Europe,A) Asia,Saudi Arabia is part of the continent of Asia.,Countries & Capitals,Asia Countries
Which city serves as the seat of government (capital) of United Arab Emirates?,Kathmandu,Brazzaville,Porto-Novo,Abu Dhabi,D) Abu Dhabi,Abu Dhabi is the seat of government and capital of United Arab Emirates.,Countries & Capitals,Country Capitals
Which continent is United Arab Emirates part of?,South America,Asia,North America,Europe,B) Asia,United Arab Emirates is part of the continent of Asia.,Countries & Capitals,Asia Countries
Which city serves as the seat of government (capital) of Qatar?,Addis Ababa,Ljubljana,Niamey,Doha,D) Doha,Doha is the seat of government and capital of Qatar.,Countries & Capitals,Country Capitals
Which continent is Qatar part of?,Europe,Asia,North America,Africa,B) Asia,Qatar is part of the continent of Asia.,Countries & Capitals,Asia Countries
Which city serves as the seat of government (capital) of Kuwait?,Rabat,Bucharest,Kuwait City,Montevideo,C) Kuwait City,Kuwait City is the seat of government and capital of Kuwait.,Countries & Capitals,Country Capitals
Which continent is Kuwait part of?,South America,Asia,Oceania,Europe,B) Asia,Kuwait is part of the continent of Asia.,Countries & Capitals,Asia Countries
Which city serves as the seat of government (capital) of Bahrain?,Colombo,Port Moresby,Manama,Abu Dhabi,C) Manama,Manama is the seat of government and capital of Bahrain.,Countries & Capitals,Country Capitals
Which continent is Bahrain part of?,Asia,South America,Africa,North America,A) Asia,Bahrain is part of the continent of Asia.,Countries & Capitals,Asia Countries
Which city serves as the seat of government (capital) of Oman?,Kigali,Pyongyang,Nuku'alofa,Muscat,D) Muscat,Muscat is the seat of government and capital of Oman.,Countries & Capitals,Country Capitals
Which continent is Oman part of?,Europe,North America,Asia,Africa,C) Asia,Oman is part of the continent of Asia.,Countries & Capitals,Asia Countries
Which city serves as the seat of government (capital) of Israel?,Apia,Libreville,Manama,Jerusalem,D) Jerusalem,Jerusalem is the seat of government and capital of Israel.,Countries & Capitals,Country Capitals
Which continent is Israel part of?,Africa,Asia,South America,North America,B) Asia,Israel is part of the continent of Asia.,Countries & Capitals,Asia Countries
Which city serves as the seat of government (capital) of Jordan?,Gaborone,Asuncion,Amman,Vilnius,C) Amman,Amman is the seat of government and capital of Jordan.,Countries & Capitals,Country Capitals
Which continent is Jordan part of?,South America,North America,Asia,Africa,C) Asia,Jordan is part of the continent of Asia.,Countries & Capitals,Asia Countries
Which city serves as the seat of government (capital) of Lebanon?,Port Louis,Beirut,Abuja,Dakar,B) Beirut,Beirut is the seat of government and capital of Lebanon.,Countries & Capitals,Country Capitals
Which continent is Lebanon part of?,Africa,Europe,Oceania,Asia,D) Asia,Lebanon is part of the continent of Asia.,Countries & Capitals,Asia Countries
Which city serves as the seat of government (capital) of Syria?,Astana,Damascus,Baghdad,Budapest,B) Damascus,Damascus is the seat of government and capital of Syria.,Countries & Capitals,Country Capitals
Which continent is Syria part of?,Oceania,Africa,North America,Asia,D) Asia,Syria is part of the continent of Asia.,Countries & Capitals,Asia Countries
Which city serves as the seat of government (capital) of Turkey?,Ankara,Mbabane,Port Vila,Freetown,A) Ankara,Ankara is the seat of government and capital of Turkey.,Countries & Capitals,Country Capitals
Which continent is Turkey part of?,North America,Oceania,Africa,Asia,D) Asia,Turkey is part of the continent of Asia.,Countries & Capitals,Asia Countries
Which city serves as the seat of government (capital) of Yemen?,Santiago,Baku,Luanda,Sana'a,D) Sana'a,Sana'a is the seat of government and capital of Yemen.,Countries & Capitals,Country Capitals
Which continent is Yemen part of?,Oceania,Asia,Africa,Europe,B) Asia,Yemen is part of the continent of Asia.,Countries & Capitals,Asia Countries
Which city serves as the seat of government (capital) of Kazakhstan?,Astana,Victoria,Porto-Novo,Tegucigalpa,A) Astana,Astana is the seat of government and capital of Kazakhstan.,Countries & Capitals,Country Capitals
Which continent is Kazakhstan part of?,Europe,Africa,Asia,South America,C) Asia,Kazakhstan is part of the continent of Asia.,Countries & Capitals,Asia Countries
Which city serves as the seat of government (capital) of Uzbekistan?,Brussels,Tegucigalpa,Tashkent,Belmopan,C) Tashkent,Tashkent is the seat of government and capital of Uzbekistan.,Countries & Capitals,Country Capitals
Which continent is Uzbekistan part of?,Asia,South America,Oceania,Europe,A) Asia,Uzbekistan is part of the continent of Asia.,Countries & Capitals,Asia Countries
Which city serves as the seat of government (capital) of Turkmenistan?,Lome,Niamey,Ashgabat,Antananarivo,C) Ashgabat,Ashgabat is the seat of government and capital of Turkmenistan.,Countries & Capitals,Country Capitals
Which continent is Turkmenistan part of?,Africa,Asia,South America,North America,B) Asia,Turkmenistan is part of the continent of Asia.,Countries & Capitals,Asia Countries
Which city serves as the seat of government (capital) of Tajikistan?,Podgorica,Dushanbe,Freetown,Zagreb,B) Dushanbe,Dushanbe is the seat of government and capital of Tajikistan.,Countries & Capitals,Country Capitals
Which continent is Tajikistan part of?,Asia,North America,Europe,South America,A) Asia,Tajikistan is part of the continent of Asia.,Countries & Capitals,Asia Countries
Which city serves as the seat of government (capital) of Kyrgyzstan?,Bishkek,Astana,Vilnius,Sarajevo,A) Bishkek,Bishkek is the seat of government and capital of Kyrgyzstan.,Countries & Capitals,Country Capitals
Which continent is Kyrgyzstan part of?,Europe,North America,Africa,Asia,D) Asia,Kyrgyzstan is part of the continent of Asia.,Countries & Capitals,Asia Countries
Which city serves as the seat of government (capital) of Maldives?,Manila,Male,Taipei,Athens,B) Male,Male is the seat of government and capital of Maldives.,Countries & Capitals,Country Capitals
Which continent is Maldives part of?,North America,Oceania,Africa,Asia,D) Asia,Maldives is part of the continent of Asia.,Countries & Capitals,Asia Countries
Which city serves as the seat of government (capital) of North Korea?,Pyongyang,N'Djamena,Djibouti City,Suva,A) Pyongyang,Pyongyang is the seat of government and capital of North Korea.,Countries & Capitals,Country Capitals
Which continent is North Korea part of?,South America,Oceania,Africa,Asia,D) Asia,North Korea is part of the continent of Asia.,Countries & Capitals,Asia Countries
Which city serves as the seat of government (capital) of Taiwan?,Tashkent,Djibouti City,Taipei,Singapore,C) Taipei,Taipei is the seat of government and capital of Taiwan.,Countries & Capitals,Country Capitals
Which continent is Taiwan part of?,North America,South America,Asia,Africa,C) Asia,Taiwan is part of the continent of Asia.,Countries & Capitals,Asia Countries
Which city serves as the seat of government (capital) of Brunei?,Georgetown,Wellington,Bandar Seri Begawan,Algiers,C) Bandar Seri Begawan,Bandar Seri Begawan is the seat of government and capital of Brunei.,Countries & Capitals,Country Capitals
Which continent is Brunei part of?,Africa,South America,Asia,Oceania,C) Asia,Brunei is part of the continent of Asia.,Countries & Capitals,Asia Countries
Which city serves as the seat of government (capital) of Timor-Leste?,Harare,Cairo,Kathmandu,Dili,D) Dili,Dili is the seat of government and capital of Timor-Leste.,Countries & Capitals,Country Capitals
Which continent is Timor-Leste part of?,South America,North America,Asia,Europe,C) Asia,Timor-Leste is part of the continent of Asia.,Countries & Capitals,Asia Countries
Which city serves as the seat of government (capital) of Georgia?,Guatemala City,Tbilisi,Moscow,Ankara,B) Tbilisi,Tbilisi is the seat of government and capital of Georgia.,Countries & Capitals,Country Capitals
Which continent is Georgia part of?,Asia,North America,Oceania,Africa,A) Asia,Georgia is part of the continent of Asia.,Countries & Capitals,Asia Countries
Which city serves as the seat of government (capital) of Armenia?,Yerevan,Tashkent,Maputo,Brussels,A) Yerevan,Yerevan is the seat of government and capital of Armenia.,Countries & Capitals,Country Capitals
Which continent is Armenia part of?,Oceania,South America,North America,Asia,D) Asia,Armenia is part of the continent of Asia.,Countries & Capitals,Asia Countries
Which city serves as the seat of government (capital) of Azerbaijan?,Brazzaville,Baku,Chisinau,Lome,B) Baku,Baku is the seat of government and capital of Azerbaijan.,Countries & Capitals,Country Capitals
Which continent is Azerbaijan part of?,Oceania,Europe,Africa,Asia,D) Asia,Azerbaijan is part of the continent of Asia.,Countries & Capitals,Asia Countries
Which city serves as the seat of government (capital) of United Kingdom?,Sofia,Tripoli,Mexico City,London,D) London,London is the seat of government and capital of United Kingdom.,Countries & Capitals,Country Capitals
Which continent is United Kingdom part of?,Africa,Asia,Europe,North America,C) Europe,United Kingdom is part of the continent of Europe.,Countries & Capitals,Europe Countries
Which city serves as the seat of government (capital) of France?,Bamako,San Salvador,Paris,Minsk,C) Paris,Paris is the seat of government and capital of France.,Countries & Capitals,Country Capitals
Which continent is France part of?,Oceania,Africa,Europe,North America,C) Europe,France is part of the continent of Europe.,Countries & Capitals,Europe Countries
Which city serves as the seat of government (capital) of Germany?,Muscat,Lima,Manama,Berlin,D) Berlin,Berlin is the seat of government and capital of Germany.,Countries & Capitals,Country Capitals
Which continent is Germany part of?,Europe,North America,Asia,South America,A) Europe,Germany is part of the continent of Europe.,Countries & Capitals,Europe Countries
Which city serves as the seat of government (capital) of Italy?,N'Djamena,Ashgabat,Dili,Rome,D) Rome,Rome is the seat of government and capital of Italy.,Countries & Capitals,Country Capitals
Which continent is Italy part of?,Europe,Oceania,North America,South America,A) Europe,Italy is part of the continent of Europe.,Countries & Capitals,Europe Countries
Which city serves as the seat of government (capital) of Spain?,Madrid,Bucharest,Reykjavik,Kyiv,A) Madrid,Madrid is the seat of government and capital of Spain.,Countries & Capitals,Country Capitals
Which continent is Spain part of?,Oceania,South America,Africa,Europe,D) Europe,Spain is part of the continent of Europe.,Countries & Capitals,Europe Countries
Which city serves as the seat of government (capital) of Portugal?,Georgetown,Nassau,Algiers,Lisbon,D) Lisbon,Lisbon is the seat of government and capital of Portugal.,Countries & Capitals,Country Capitals
Which continent is Portugal part of?,Africa,Asia,Europe,Oceania,C) Europe,Portugal is part of the continent of Europe.,Countries & Capitals,Europe Countries
Which city serves as the seat of government (capital) of Netherlands?,Amsterdam,Georgetown,Port Louis,Buenos Aires,A) Amsterdam,Amsterdam is the seat of government and capital of Netherlands.,Countries & Capitals,Country Capitals
Which continent is Netherlands part of?,Oceania,Africa,Europe,South America,C) Europe,Netherlands is part of the continent of Europe.,Countries & Capitals,Europe Countries
Which city serves as the seat of government (capital) of Belgium?,Ngerulmud,Budapest,Brussels,Port-au-Prince,C) Brussels,Brussels is the seat of government and capital of Belgium.,Countries & Capitals,Country Capitals
Which continent is Belgium part of?,Europe,North America,Oceania,South America,A) Europe,Belgium is part of the continent of Europe.,Countries & Capitals,Europe Countries
Which city serves as the seat of government (capital) of Switzerland?,Bern,San Salvador,Majuro,Tashkent,A) Bern,Bern is the seat of government and capital of Switzerland.,Countries & Capitals,Country Capitals
Which continent is Switzerland part of?,Europe,Africa,South America,North America,A) Europe,Switzerland is part of the continent of Europe.,Countries & Capitals,Europe Countries
Which city serves as the seat of government (capital) of Austria?,Algiers,Taipei,Abuja,Vienna,D) Vienna,Vienna is the seat of government and capital of Austria.,Countries & Capitals,Country Capitals
Which continent is Austria part of?,Oceania,Europe,Asia,North America,B) Europe,Austria is part of the continent of Europe.,Countries & Capitals,Europe Countries
Which city serves as the seat of government (capital) of Sweden?,Harare,Tegucigalpa,Stockholm,Dushanbe,C) Stockholm,Stockholm is the seat of government and capital of Sweden.,Countries & Capitals,Country Capitals
Which continent is Sweden part of?,Africa,South America,Europe,North America,C) Europe,Sweden is part of the continent of Europe.,Countries & Capitals,Europe Countries
Which city serves as the seat of government (capital) of Norway?,Oslo,Vatican City,Ashgabat,Honiara,A) Oslo,Oslo is the seat of government and capital of Norway.,Countries & Capitals,Country Capitals
Which continent is Norway part of?,South America,Oceania,Europe,Africa,C) Europe,Norway is part of the continent of Europe.,Countries & Capitals,Europe Countries
Which city serves as the seat of government (capital) of Denmark?,Dhaka,Copenhagen,Victoria,Belgrade,B) Copenhagen,Copenhagen is the seat of government and capital of Denmark.,Countries & Capitals,Country Capitals
Which continent is Denmark part of?,Europe,Asia,North America,South America,A) Europe,Denmark is part of the continent of Europe.,Countries & Capitals,Europe Countries
Which city serves as the seat of government (capital) of Finland?,Hanoi,Port Louis,Helsinki,Lilongwe,C) Helsinki,Helsinki is the seat of government and capital of Finland.,Countries & Capitals,Country Capitals
Which continent is Finland part of?,Oceania,South America,Asia,Europe,D) Europe,Finland is part of the continent of Europe.,Countries & Capitals,Europe Countries
Which city serves as the seat of government (capital) of Iceland?,Sarajevo,Reykjavik,Colombo,Vaduz,B) Reykjavik,Reykjavik is the seat of government and capital of Iceland.,Countries & Capitals,Country Capitals
Which continent is Iceland part of?,Europe,Asia,North America,South America,A) Europe,Iceland is part of the continent of Europe.,Countries & Capitals,Europe Countries
Which city serves as the seat of government (capital) of Ireland?,Reykjavik,Dublin,Port Vila,Brasilia,B) Dublin,Dublin is the seat of government and capital of Ireland.,Countries & Capitals,Country Capitals
Which continent is Ireland part of?,North America,Asia,Europe,Oceania,C) Europe,Ireland is part of the continent of Europe.,Countries & Capitals,Europe Countries
Which city serves as the seat of government (capital) of Poland?,Libreville,Valletta,Abu Dhabi,Warsaw,D) Warsaw,Warsaw is the seat of government and capital of Poland.,Countries & Capitals,Country Capitals
Which continent is Poland part of?,Africa,Asia,South America,Europe,D) Europe,Poland is part of the continent of Europe.,Countries & Capitals,Europe Countries
Which city serves as the seat of government (capital) of Czech Republic?,Bratislava,Pristina,Paris,Prague,D) Prague,Prague is the seat of government and capital of Czech Republic.,Countries & Capitals,Country Capitals
Which continent is Czech Republic part of?,South America,Asia,Europe,Oceania,C) Europe,Czech Republic is part of the continent of Europe.,Countries & Capitals,Europe Countries
Which city serves as the seat of government (capital) of Slovakia?,Funafuti,Yaounde,Bratislava,Moscow,C) Bratislava,Bratislava is the seat of government and capital of Slovakia.,Countries & Capitals,Country Capitals
Which continent is Slovakia part of?,Africa,South America,Oceania,Europe,D) Europe,Slovakia is part of the continent of Europe.,Countries & Capitals,Europe Countries
Which city serves as the seat of government (capital) of Hungary?,Astana,Tegucigalpa,Panama City,Budapest,D) Budapest,Budapest is the seat of government and capital of Hungary.,Countries & Capitals,Country Capitals
Which continent is Hungary part of?,Asia,Oceania,Europe,South America,C) Europe,Hungary is part of the continent of Europe.,Countries & Capitals,Europe Countries
Which city serves as the seat of government (capital) of Romania?,San Jose,Guatemala City,Bucharest,Amman,C) Bucharest,Bucharest is the seat of government and capital of Romania.,Countries & Capitals,Country Capitals
Which continent is Romania part of?,Europe,North America,South America,Asia,A) Europe,Romania is part of the continent of Europe.,Countries & Capitals,Europe Countries
Which city serves as the seat of government (capital) of Bulgaria?,Zagreb,Nairobi,Sofia,Tripoli,C) Sofia,Sofia is the seat of government and capital of Bulgaria.,Countries & Capitals,Country Capitals
Which continent is Bulgaria part of?,North America,Asia,Europe,Oceania,C) Europe,Bulgaria is part of the continent of Europe.,Countries & Capitals,Europe Countries
Which city serves as the seat of government (capital) of Greece?,Tehran,Cairo,Bratislava,Athens,D) Athens,Athens is the seat of government and capital of Greece.,Countries & Capitals,Country Capitals
Which continent is Greece part of?,Asia,North America,Europe,Africa,C) Europe,Greece is part of the continent of Europe.,Countries & Capitals,Europe Countries
Which city serves as the seat of government (capital) of Croatia?,Zagreb,Jakarta,Caracas,Porto-Novo,A) Zagreb,Zagreb is the seat of government and capital of Croatia.,Countries & Capitals,Country Capitals
Which continent is Croatia part of?,North America,Europe,Oceania,Africa,B) Europe,Croatia is part of the continent of Europe.,Countries & Capitals,Europe Countries
Which city serves as the seat of government (capital) of Serbia?,Belgrade,Asuncion,Luxembourg City,Minsk,A) Belgrade,Belgrade is the seat of government and capital of Serbia.,Countries & Capitals,Country Capitals
Which continent is Serbia part of?,North America,Asia,Africa,Europe,D) Europe,Serbia is part of the continent of Europe.,Countries & Capitals,Europe Countries
Which city serves as the seat of government (capital) of Slovenia?,Reykjavik,Abuja,Ljubljana,Windhoek,C) Ljubljana,Ljubljana is the seat of government and capital of Slovenia.,Countries & Capitals,Country Capitals
Which continent is Slovenia part of?,South America,Oceania,Europe,Asia,C) Europe,Slovenia is part of the continent of Europe.,Countries & Capitals,Europe Countries
Which city serves as the seat of government (capital) of Bosnia and Herzegovina?,Suva,Sarajevo,Athens,Kigali,B) Sarajevo,Sarajevo is the seat of government and capital of Bosnia and Herzegovina.,Countries & Capitals,Country Capitals
Which continent is Bosnia and Herzegovina part of?,Europe,South America,Oceania,Asia,A) Europe,Bosnia and Herzegovina is part of the continent of Europe.,Countries & Capitals,Europe Countries
Which city serves as the seat of government (capital) of Albania?,Ashgabat,Moscow,Tirana,Vatican City,C) Tirana,Tirana is the seat of government and capital of Albania.,Countries & Capitals,Country Capitals
Which continent is Albania part of?,Asia,South America,Europe,Oceania,C) Europe,Albania is part of the continent of Europe.,Countries & Capitals,Europe Countries
Which city serves as the seat of government (capital) of North Macedonia?,Budapest,Skopje,Oslo,Santiago,B) Skopje,Skopje is the seat of government and capital of North Macedonia.,Countries & Capitals,Country Capitals
Which continent is North Macedonia part of?,Europe,Asia,Africa,South America,A) Europe,North Macedonia is part of the continent of Europe.,Countries & Capitals,Europe Countries
Which city serves as the seat of government (capital) of Montenegro?,Nairobi,Port of Spain,Yaounde,Podgorica,D) Podgorica,Podgorica is the seat of government and capital of Montenegro.,Countries & Capitals,Country Capitals
Which continent is Montenegro part of?,North America,Africa,Asia,Europe,D) Europe,Montenegro is part of the continent of Europe.,Countries & Capitals,Europe Countries
Which city serves as the seat of government (capital) of Kosovo?,Minsk,Pristina,Dodoma,Kabul,B) Pristina,Pristina is the seat of government and capital of Kosovo.,Countries & Capitals,Country Capitals
Which continent is Kosovo part of?,South America,Oceania,Asia,Europe,D) Europe,Kosovo is part of the continent of Europe.,Countries & Capitals,Europe Countries
Which city serves as the seat of government (capital) of Ukraine?,Kyiv,Guatemala City,Tbilisi,Vienna,A) Kyiv,Kyiv is the seat of government and capital of Ukraine.,Countries & Capitals,Country Capitals
Which continent is Ukraine part of?,North America,Europe,South America,Africa,B) Europe,Ukraine is part of the continent of Europe.,Countries & Capitals,Europe Countries
Which city serves as the seat of government (capital) of Belarus?,Minsk,Asuncion,Vaduz,Chisinau,A) Minsk,Minsk is the seat of government and capital of Belarus.,Countries & Capitals,Country Capitals
Which continent is Belarus part of?,South America,Europe,Africa,Oceania,B) Europe,Belarus is part of the continent of Europe.,Countries & Capitals,Europe Countries
Which city serves as the seat of government (capital) of Moldova?,Nuku'alofa,Apia,Chisinau,Addis Ababa,C) Chisinau,Chisinau is the seat of government and capital of Moldova.,Countries & Capitals,Country Capitals
Which continent is Moldova part of?,Africa,Oceania,North America,Europe,D) Europe,Moldova is part of the continent of Europe.,Countries & Capitals,Europe Countries
Which city serves as the seat of government (capital) of Lithuania?,Paramaribo,Bangkok,Apia,Vilnius,D) Vilnius,Vilnius is the seat of government and capital of Lithuania.,Countries & Capitals,Country Capitals
Which continent is Lithuania part of?,North America,Europe,Oceania,Asia,B) Europe,Lithuania is part of the continent of Europe.,Countries & Capitals,Europe Countries
Which city serves as the seat of government (capital) of Latvia?,Accra,Athens,Riga,Bern,C) Riga,Riga is the seat of government and capital of Latvia.,Countries & Capitals,Country Capitals
Which continent is Latvia part of?,Africa,Asia,South America,Europe,D) Europe,Latvia is part of the continent of Europe.,Countries & Capitals,Europe Countries
Which city serves as the seat of government (capital) of Estonia?,Tallinn,Damascus,Tbilisi,Valletta,A) Tallinn,Tallinn is the seat of government and capital of Estonia.,Countries & Capitals,Country Capitals
Which continent is Estonia part of?,Europe,South America,Africa,Asia,A) Europe,Estonia is part of the continent of Europe.,Countries & Capitals,Europe Countries
Which city serves as the seat of government (capital) of Russia?,Port of Spain,Kingston,Luxembourg City,Moscow,D) Moscow,Moscow is the seat of government and capital of Russia.,Countries & Capitals,Country Capitals
Which continent is Russia part of?,North America,Europe,Oceania,South America,B) Europe,Russia is part of the continent of Europe.,Countries & Capitals,Europe Countries
Which city serves as the seat of government (capital) of Luxembourg?,Majuro,Luxembourg City,Rome,Santo Domingo,B) Luxembourg City,Luxembourg City is the seat of government and capital of Luxembourg.,Countries & Capitals,Country Capitals
Which continent is Luxembourg part of?,Africa,North America,Europe,South America,C) Europe,Luxembourg is part of the continent of Europe.,Countries & Capitals,Europe Countries
Which city serves as the seat of government (capital) of Malta?,Paramaribo,Valletta,Dakar,Libreville,B) Valletta,Valletta is the seat of government and capital of Malta.,Countries & Capitals,Country Capitals
Which continent is Malta part of?,North America,Europe,South America,Africa,B) Europe,Malta is part of the continent of Europe.,Countries & Capitals,Europe Countries
Which city serves as the seat of government (capital) of Cyprus?,Brazzaville,Tokyo,Ashgabat,Nicosia,D) Nicosia,Nicosia is the seat of government and capital of Cyprus.,Countries & Capitals,Country Capitals
Which continent is Cyprus part of?,Asia,Europe,North America,Oceania,B) Europe,Cyprus is part of the continent of Europe.,Countries & Capitals,Europe Countries
Which city serves as the seat of government (capital) of Monaco?,Monaco,Lome,Copenhagen,Jerusalem,A) Monaco,Monaco is the seat of government and capital of Monaco.,Countries & Capitals,Country Capitals
Which continent is Monaco part of?,Europe,Africa,South America,Oceania,A) Europe,Monaco is part of the continent of Europe.,Countries & Capitals,Europe Countries
Which city serves as the seat of government (capital) of Andorra?,Taipei,Brazzaville,Andorra la Vella,New Delhi,C) Andorra la Vella,Andorra la Vella is the seat of government and capital of Andorra.,Countries & Capitals,Country Capitals
Which continent is Andorra part of?,North America,Europe,Africa,South America,B) Europe,Andorra is part of the continent of Europe.,Countries & Capitals,Europe Countries
Which city serves as the seat of government (capital) of San Marino?,San Marino,Minsk,Doha,Port Vila,A) San Marino,San Marino is the seat of government and capital of San Marino.,Countries & Capitals,Country Capitals
Which continent is San Marino part of?,Asia,Europe,South America,Africa,B) Europe,San Marino is part of the continent of Europe.,Countries & Capitals,Europe Countries
Which city serves as the seat of government (capital) of Vatican City?,Vatican City,Sucre,Ottawa,Tallinn,A) Vatican City,Vatican City is the seat of government and capital of Vatican City.,Countries & Capitals,Country Capitals
Which continent is Vatican City part of?,Asia,South America,North America,Europe,D) Europe,Vatican City is part of the continent of Europe.,Countries & Capitals,Europe Countries
Which city serves as the seat of government (capital) of Liechtenstein?,Vaduz,Accra,Warsaw,Rome,A) Vaduz,Vaduz is the seat of government and capital of Liechtenstein.,Countries & Capitals,Country Capitals
Which continent is Liechtenstein part of?,Europe,Africa,Oceania,North America,A) Europe,Liechtenstein is part of the continent of Europe.,Countries & Capitals,Europe Countries
Which city serves as the seat of government (capital) of United States?,Asmara,Athens,"Washington, D.C.",Baku,"C) Washington, D.C.","Washington, D.C. is the seat of government and capital of United States.",Countries & Capitals,Country Capitals
Which continent is United States part of?,Asia,Europe,North America,Africa,C) North America,United States is part of the continent of North America.,Countries & Capitals,North America Countries
Which city serves as the seat of government (capital) of Canada?,Sofia,Buenos Aires,Ottawa,Asuncion,C) Ottawa,Ottawa is the seat of government and capital of Canada.,Countries & Capitals,Country Capitals
Which continent is Canada part of?,Africa,North America,Europe,Oceania,B) North America,Canada is part of the continent of North America.,Countries & Capitals,North America Countries
Which city serves as the seat of government (capital) of Mexico?,Asmara,Phnom Penh,Mexico City,Dublin,C) Mexico City,Mexico City is the seat of government and capital of Mexico.,Countries & Capitals,Country Capitals
Which continent is Mexico part of?,North America,Africa,Oceania,Europe,A) North America,Mexico is part of the continent of North America.,Countries & Capitals,North America Countries
Which city serves as the seat of government (capital) of Cuba?,Havana,Lusaka,Dili,Honiara,A) Havana,Havana is the seat of government and capital of Cuba.,Countries & Capitals,Country Capitals
Which continent is Cuba part of?,North America,Europe,Asia,Africa,A) North America,Cuba is part of the continent of North America.,Countries & Capitals,North America Countries
Which city serves as the seat of government (capital) of Jamaica?,Tashkent,Sarajevo,Kingston,Copenhagen,C) Kingston,Kingston is the seat of government and capital of Jamaica.,Countries & Capitals,Country Capitals
Which continent is Jamaica part of?,South America,North America,Asia,Europe,B) North America,Jamaica is part of the continent of North America.,Countries & Capitals,North America Countries
Which city serves as the seat of government (capital) of Haiti?,Port-au-Prince,Amman,Guatemala City,Beijing,A) Port-au-Prince,Port-au-Prince is the seat of government and capital of Haiti.,Countries & Capitals,Country Capitals
Which continent is Haiti part of?,Oceania,Africa,Europe,North America,D) North America,Haiti is part of the continent of North America.,Countries & Capitals,North America Countries
Which city serves as the seat of government (capital) of Dominican Republic?,Nuku'alofa,Santo Domingo,San Salvador,Phnom Penh,B) Santo Domingo,Santo Domingo is the seat of government and capital of Dominican Republic.,Countries & Capitals,Country Capitals
Which continent is Dominican Republic part of?,Europe,Africa,South America,North America,D) North America,Dominican Republic is part of the continent of North America.,Countries & Capitals,North America Countries
Which city serves as the seat of government (capital) of Guatemala?,Lome,Gaborone,Guatemala City,Thimphu,C) Guatemala City,Guatemala City is the seat of government and capital of Guatemala.,Countries & Capitals,Country Capitals
Which continent is Guatemala part of?,Asia,Africa,North America,South America,C) North America,Guatemala is part of the continent of North America.,Countries & Capitals,North America Countries
Which city serves as the seat of government (capital) of Honduras?,London,Tegucigalpa,Accra,Ankara,B) Tegucigalpa,Tegucigalpa is the seat of government and capital of Honduras.,Countries & Capitals,Country Capitals
Which continent is Honduras part of?,South America,Europe,Asia,North America,D) North America,Honduras is part of the continent of North America.,Countries & Capitals,North America Countries
Which city serves as the seat of government (capital) of El Salvador?,Tokyo,San Salvador,Nuku'alofa,Kuwait City,B) San Salvador,San Salvador is the seat of government and capital of El Salvador.,Countries & Capitals,Country Capitals
Which continent is El Salvador part of?,Europe,North America,Africa,Oceania,B) North America,El Salvador is part of the continent of North America.,Countries & Capitals,North America Countries
Which city serves as the seat of government (capital) of Nicaragua?,Managua,Tokyo,Nassau,Zagreb,A) Managua,Managua is the seat of government and capital of Nicaragua.,Countries & Capitals,Country Capitals
Which continent is Nicaragua part of?,North America,Asia,Europe,Africa,A) North America,Nicaragua is part of the continent of North America.,Countries & Capitals,North America Countries
Which city serves as the seat of government (capital) of Costa Rica?,San Jose,Lima,Moscow,Damascus,A) San Jose,San Jose is the seat of government and capital of Costa Rica.,Countries & Capitals,Country Capitals
Which continent is Costa Rica part of?,South America,Africa,Oceania,North America,D) North America,Costa Rica is part of the continent of North America.,Countries & Capitals,North America Countries
Which city serves as the seat of government (capital) of Panama?,Rome,Panama City,Yaren,Belgrade,B) Panama City,Panama City is the seat of government and capital of Panama.,Countries & Capitals,Country Capitals
Which continent is Panama part of?,Oceania,North America,South America,Africa,B) North America,Panama is part of the continent of North America.,Countries & Capitals,North America Countries
Which city serves as the seat of government (capital) of Belize?,Riyadh,Belmopan,Montevideo,Amman,B) Belmopan,Belmopan is the seat of government and capital of Belize.,Countries & Capitals,Country Capitals
Which continent is Belize part of?,South America,Europe,North America,Asia,C) North America,Belize is part of the continent of North America.,Countries & Capitals,North America Countries
Which city serves as the seat of government (capital) of Bahamas?,Valletta,Nassau,Hanoi,Kuala Lumpur,B) Nassau,Nassau is the seat of government and capital of Bahamas.,Countries & Capitals,Country Capitals
Which continent is Bahamas part of?,Oceania,Europe,North America,Asia,C) North America,Bahamas is part of the continent of North America.,Countries & Capitals,North America Countries
Which city serves as the seat of government (capital) of Trinidad and Tobago?,Harare,Luxembourg City,Managua,Port of Spain,D) Port of Spain,Port of Spain is the seat of government and capital of Trinidad and Tobago.,Countries & Capitals,Country Capitals
Which continent is Trinidad and Tobago part of?,South America,Africa,North America,Europe,C) North America,Trinidad and Tobago is part of the continent of North America.,Countries & Capitals,North America Countries
Which city serves as the seat of government (capital) of Brazil?,Brasilia,Ulaanbaatar,Ljubljana,Dakar,A) Brasilia,Brasilia is the seat of government and capital of Brazil.,Countries & Capitals,Country Capitals
Which continent is Brazil part of?,Europe,North America,Africa,South America,D) South America,Brazil is part of the continent of South America.,Countries & Capitals,South America Countries
Which city serves as the seat of government (capital) of Argentina?,Buenos Aires,Damascus,Dhaka,Islamabad,A) Buenos Aires,Buenos Aires is the seat of government and capital of Argentina.,Countries & Capitals,Country Capitals
Which continent is Argentina part of?,South America,Oceania,Europe,North America,A) South America,Argentina is part of the continent of South America.,Countries & Capitals,South America Countries
Which city serves as the seat of government (capital) of Chile?,Nuku'alofa,Santiago,Addis Ababa,Vaduz,B) Santiago,Santiago is the seat of government and capital of Chile.,Countries & Capitals,Country Capitals
Which continent is Chile part of?,Africa,Europe,South America,North America,C) South America,Chile is part of the continent of South America.,Countries & Capitals,South America Countries
Which city serves as the seat of government (capital) of Peru?,Yerevan,Kuala Lumpur,Lima,Seoul,C) Lima,Lima is the seat of government and capital of Peru.,Countries & Capitals,Country Capitals
Which continent is Peru part of?,Asia,Oceania,Africa,South America,D) South America,Peru is part of the continent of South America.,Countries & Capitals,South America Countries
Which city serves as the seat of government (capital) of Colombia?,Ulaanbaatar,Bangkok,Dhaka,Bogota,D) Bogota,Bogota is the seat of government and capital of Colombia.,Countries & Capitals,Country Capitals
Which continent is Colombia part of?,South America,Oceania,Africa,Europe,A) South America,Colombia is part of the continent of South America.,Countries & Capitals,South America Countries
Which city serves as the seat of government (capital) of Venezuela?,Asmara,Victoria,Guatemala City,Caracas,D) Caracas,Caracas is the seat of government and capital of Venezuela.,Countries & Capitals,Country Capitals
Which continent is Venezuela part of?,North America,Asia,Africa,South America,D) South America,Venezuela is part of the continent of South America.,Countries & Capitals,South America Countries
Which city serves as the seat of government (capital) of Ecuador?,Port of Spain,Quito,Nairobi,Tehran,B) Quito,Quito is the seat of government and capital of Ecuador.,Countries & Capitals,Country Capitals
Which continent is Ecuador part of?,Europe,Asia,Oceania,South America,D) South America,Ecuador is part of the continent of South America.,Countries & Capitals,South America Countries
Which city serves as the seat of government (capital) of Bolivia?,Montevideo,Brazzaville,Kingston,Sucre,D) Sucre,Sucre is the seat of government and capital of Bolivia.,Countries & Capitals,Country Capitals
Which continent is Bolivia part of?,Africa,South America,Oceania,North America,B) South America,Bolivia is part of the continent of South America.,Countries & Capitals,South America Countries
Which city serves as the seat of government (capital) of Paraguay?,Maputo,Niamey,Mbabane,Asuncion,D) Asuncion,Asuncion is the seat of government and capital of Paraguay.,Countries & Capitals,Country Capitals
Which continent is Paraguay part of?,Africa,Oceania,North America,South America,D) South America,Paraguay is part of the continent of South America.,Countries & Capitals,South America Countries
Which city serves as the seat of government (capital) of Uruguay?,Taipei,Port Louis,Montevideo,Ouagadougou,C) Montevideo,Montevideo is the seat of government and capital of Uruguay.,Countries & Capitals,Country Capitals
Which continent is Uruguay part of?,Africa,North America,South America,Asia,C) South America,Uruguay is part of the continent of South America.,Countries & Capitals,South America Countries
Which city serves as the seat of government (capital) of Guyana?,Nairobi,Sucre,Georgetown,Bogota,C) Georgetown,Georgetown is the seat of government and capital of Guyana.,Countries & Capitals,Country Capitals
Which continent is Guyana part of?,Asia,Europe,Oceania,South America,D) South America,Guyana is part of the continent of South America.,Countries & Capitals,South America Countries
Which city serves as the seat of government (capital) of Suriname?,Yerevan,Ouagadougou,Paramaribo,Georgetown,C) Paramaribo,Paramaribo is the seat of government and capital of Suriname.,Countries & Capitals,Country Capitals
Which continent is Suriname part of?,North America,Oceania,Europe,South America,D) South America,Suriname is part of the continent of South America.,Countries & Capitals,South America Countries
Which city serves as the seat of government (capital) of Egypt?,Kyiv,Manama,Lilongwe,Cairo,D) Cairo,Cairo is the seat of government and capital of Egypt.,Countries & Capitals,Country Capitals
Which continent is Egypt part of?,Oceania,Africa,South America,Asia,B) Africa,Egypt is part of the continent of Africa.,Countries & Capitals,Africa Countries
Which city serves as the seat of government (capital) of Nigeria?,New Delhi,Tbilisi,Abuja,Bandar Seri Begawan,C) Abuja,Abuja is the seat of government and capital of Nigeria.,Countries & Capitals,Country Capitals
Which continent is Nigeria part of?,Oceania,Africa,North America,Asia,B) Africa,Nigeria is part of the continent of Africa.,Countries & Capitals,Africa Countries
Which city serves as the seat of government (capital) of South Africa?,Podgorica,Honiara,Kinshasa,Pretoria,D) Pretoria,Pretoria is the seat of government and capital of South Africa.,Countries & Capitals,Country Capitals
Which continent is South Africa part of?,Europe,Oceania,Asia,Africa,D) Africa,South Africa is part of the continent of Africa.,Countries & Capitals,Africa Countries
Which city serves as the seat of government (capital) of Kenya?,Ankara,Podgorica,Port of Spain,Nairobi,D) Nairobi,Nairobi is the seat of government and capital of Kenya.,Countries & Capitals,Country Capitals
Which continent is Kenya part of?,Europe,North America,Africa,South America,C) Africa,Kenya is part of the continent of Africa.,Countries & Capitals,Africa Countries
Which city serves as the seat of government (capital) of Ethiopia?,Yaounde,Addis Ababa,Sofia,Athens,B) Addis Ababa,Addis Ababa is the seat of government and capital of Ethiopia.,Countries & Capitals,Country Capitals
Which continent is Ethiopia part of?,North America,Asia,Africa,South America,C) Africa,Ethiopia is part of the continent of Africa.,Countries & Capitals,Africa Countries
Which city serves as the seat of government (capital) of Ghana?,Brasilia,Lusaka,Accra,Port Louis,C) Accra,Accra is the seat of government and capital of Ghana.,Countries & Capitals,Country Capitals
Which continent is Ghana part of?,South America,Europe,Oceania,Africa,D) Africa,Ghana is part of the continent of Africa.,Countries & Capitals,Africa Countries
Which city serves as the seat of government (capital) of Morocco?,Rabat,Tehran,Wellington,Chisinau,A) Rabat,Rabat is the seat of government and capital of Morocco.,Countries & Capitals,Country Capitals
Which continent is Morocco part of?,South America,North America,Asia,Africa,D) Africa,Morocco is part of the continent of Africa.,Countries & Capitals,Africa Countries
Which city serves as the seat of government (capital) of Algeria?,Brussels,Conakry,Tirana,Algiers,D) Algiers,Algiers is the seat of government and capital of Algeria.,Countries & Capitals,Country Capitals
Which continent is Algeria part of?,Asia,South America,Africa,Europe,C) Africa,Algeria is part of the continent of Africa.,Countries & Capitals,Africa Countries
Which city serves as the seat of government (capital) of Tunisia?,Honiara,Kinshasa,Dodoma,Tunis,D) Tunis,Tunis is the seat of government and capital of Tunisia.,Countries & Capitals,Country Capitals
Which continent is Tunisia part of?,Africa,North America,South America,Oceania,A) Africa,Tunisia is part of the continent of Africa.,Countries & Capitals,Africa Countries
Which city serves as the seat of government (capital) of Libya?,Lima,Porto-Novo,Tripoli,Rabat,C) Tripoli,Tripoli is the seat of government and capital of Libya.,Countries & Capitals,Country Capitals
Which continent is Libya part of?,Asia,Africa,Europe,North America,B) Africa,Libya is part of the continent of Africa.,Countries & Capitals,Africa Countries
Which city serves as the seat of government (capital) of Sudan?,Berlin,Bangkok,Khartoum,Yaounde,C) Khartoum,Khartoum is the seat of government and capital of Sudan.,Countries & Capitals,Country Capitals
Which continent is Sudan part of?,South America,Africa,Asia,North America,B) Africa,Sudan is part of the continent of Africa.,Countries & Capitals,Africa Countries
Which city serves as the seat of government (capital) of Tanzania?,Antananarivo,Budapest,Dodoma,Havana,C) Dodoma,Dodoma is the seat of government and capital of Tanzania.,Countries & Capitals,Country Capitals
Which continent is Tanzania part of?,Africa,North America,Oceania,Asia,A) Africa,Tanzania is part of the continent of Africa.,Countries & Capitals,Africa Countries
Which city serves as the seat of government (capital) of Uganda?,Kampala,Montevideo,Ottawa,Bishkek,A) Kampala,Kampala is the seat of government and capital of Uganda.,Countries & Capitals,Country Capitals
Which continent is Uganda part of?,South America,Africa,North America,Oceania,B) Africa,Uganda is part of the continent of Africa.,Countries & Capitals,Africa Countries
Which city serves as the seat of government (capital) of Zimbabwe?,Tripoli,Gaborone,Harare,Hanoi,C) Harare,Harare is the seat of government and capital of Zimbabwe.,Countries & Capitals,Country Capitals
Which continent is Zimbabwe part of?,North America,Africa,Europe,Asia,B) Africa,Zimbabwe is part of the continent of Africa.,Countries & Capitals,Africa Countries
Which city serves as the seat of government (capital) of Zambia?,Podgorica,Lusaka,Tbilisi,Kigali,B) Lusaka,Lusaka is the seat of government and capital of Zambia.,Countries & Capitals,Country Capitals
Which continent is Zambia part of?,Europe,North America,Oceania,Africa,D) Africa,Zambia is part of the continent of Africa.,Countries & Capitals,Africa Countries
Which city serves as the seat of government (capital) of Mozambique?,San Marino,Manila,Pretoria,Maputo,D) Maputo,Maputo is the seat of government and capital of Mozambique.,Countries & Capitals,Country Capitals
Which continent is Mozambique part of?,North America,Oceania,Asia,Africa,D) Africa,Mozambique is part of the continent of Africa.,Countries & Capitals,Africa Countries
Which city serves as the seat of government (capital) of Angola?,Riyadh,Palikir,Luanda,Nuku'alofa,C) Luanda,Luanda is the seat of government and capital of Angola.,Countries & Capitals,Country Capitals
Which continent is Angola part of?,Europe,Oceania,Africa,South America,C) Africa,Angola is part of the continent of Africa.,Countries & Capitals,Africa Countries
Which city serves as the seat of government (capital) of Senegal?,Helsinki,Dakar,Monrovia,Ottawa,B) Dakar,Dakar is the seat of government and capital of Senegal.,Countries & Capitals,Country Capitals
Which continent is Senegal part of?,Asia,Europe,Oceania,Africa,D) Africa,Senegal is part of the continent of Africa.,Countries & Capitals,Africa Countries
Which city serves as the seat of government (capital) of Mali?,Amsterdam,Tashkent,Bamako,Dili,C) Bamako,Bamako is the seat of government and capital of Mali.,Countries & Capitals,Country Capitals
Which continent is Mali part of?,North America,Africa,Asia,Europe,B) Africa,Mali is part of the continent of Africa.,Countries & Capitals,Africa Countries
Which city serves as the seat of government (capital) of Niger?,Khartoum,Montevideo,Niamey,Buenos Aires,C) Niamey,Niamey is the seat of government and capital of Niger.,Countries & Capitals,Country Capitals
Which continent is Niger part of?,Asia,Europe,North America,Africa,D) Africa,Niger is part of the continent of Africa.,Countries & Capitals,Africa Countries
Which city serves as the seat of government (capital) of Chad?,Kinshasa,Maputo,N'Djamena,Ljubljana,C) N'Djamena,N'Djamena is the seat of government and capital of Chad.,Countries & Capitals,Country Capitals
Which continent is Chad part of?,Oceania,South America,Africa,Asia,C) Africa,Chad is part of the continent of Africa.,Countries & Capitals,Africa Countries
Which city serves as the seat of government (capital) of Cameroon?,Mogadishu,Dushanbe,Djibouti City,Yaounde,D) Yaounde,Yaounde is the seat of government and capital of Cameroon.,Countries & Capitals,Country Capitals
Which continent is Cameroon part of?,Africa,Asia,Europe,South America,A) Africa,Cameroon is part of the continent of Africa.,Countries & Capitals,Africa Countries
Which city serves as the seat of government (capital) of Ivory Coast?,Sucre,Seoul,Yamoussoukro,Brussels,C) Yamoussoukro,Yamoussoukro is the seat of government and capital of Ivory Coast.,Countries & Capitals,Country Capitals
Which continent is Ivory Coast part of?,Asia,North America,Europe,Africa,D) Africa,Ivory Coast is part of the continent of Africa.,Countries & Capitals,Africa Countries
Which city serves as the seat of government (capital) of Rwanda?,Pyongyang,Santo Domingo,Beijing,Kigali,D) Kigali,Kigali is the seat of government and capital of Rwanda.,Countries & Capitals,Country Capitals
Which continent is Rwanda part of?,Oceania,North America,South America,Africa,D) Africa,Rwanda is part of the continent of Africa.,Countries & Capitals,Africa Countries
Which city serves as the seat of government (capital) of Somalia?,Madrid,Mogadishu,Cairo,Skopje,B) Mogadishu,Mogadishu is the seat of government and capital of Somalia.,Countries & Capitals,Country Capitals
Which continent is Somalia part of?,Africa,Europe,Oceania,North America,A) Africa,Somalia is part of the continent of Africa.,Countries & Capitals,Africa Countries
Which city serves as the seat of government (capital) of Namibia?,Windhoek,Seoul,Nassau,Brasilia,A) Windhoek,Windhoek is the seat of government and capital of Namibia.,Countries & Capitals,Country Capitals
Which continent is Namibia part of?,Oceania,North America,Africa,Europe,C) Africa,Namibia is part of the continent of Africa.,Countries & Capitals,Africa Countries
Which city serves as the seat of government (capital) of Botswana?,Podgorica,Port-au-Prince,Tegucigalpa,Gaborone,D) Gaborone,Gaborone is the seat of government and capital of Botswana.,Countries & Capitals,Country Capitals
Which continent is Botswana part of?,Asia,Oceania,Africa,Europe,C) Africa,Botswana is part of the continent of Africa.,Countries & Capitals,Africa Countries
Which city serves as the seat of government (capital) of Madagascar?,Antananarivo,Tashkent,Ankara,Conakry,A) Antananarivo,Antananarivo is the seat of government and capital of Madagascar.,Countries & Capitals,Country Capitals
Which continent is Madagascar part of?,Oceania,South America,Africa,Europe,C) Africa,Madagascar is part of the continent of Africa.,Countries & Capitals,Africa Countries
Which city serves as the seat of government (capital) of Malawi?,San Marino,Bandar Seri Begawan,Lilongwe,Thimphu,C) Lilongwe,Lilongwe is the seat of government and capital of Malawi.,Countries & Capitals,Country Capitals
Which continent is Malawi part of?,Oceania,Asia,South America,Africa,D) Africa,Malawi is part of the continent of Africa.,Countries & Capitals,Africa Countries
Which city serves as the seat of government (capital) of Gabon?,Majuro,Cairo,Libreville,Ankara,C) Libreville,Libreville is the seat of government and capital of Gabon.,Countries & Capitals,Country Capitals
Which continent is Gabon part of?,Asia,North America,Europe,Africa,D) Africa,Gabon is part of the continent of Africa.,Countries & Capitals,Africa Countries
Which city serves as the seat of government (capital) of Congo?,Brazzaville,San Jose,Asmara,San Salvador,A) Brazzaville,Brazzaville is the seat of government and capital of Congo.,Countries & Capitals,Country Capitals
Which continent is Congo part of?,Europe,Africa,Asia,North America,B) Africa,Congo is part of the continent of Africa.,Countries & Capitals,Africa Countries
Which city serves as the seat of government (capital) of Democratic Republic of the Congo?,Damascus,Belgrade,Kinshasa,Ankara,C) Kinshasa,Kinshasa is the seat of government and capital of Democratic Republic of the Congo.,Countries & Capitals,Country Capitals
Which continent is Democratic Republic of the Congo part of?,Asia,Africa,North America,Oceania,B) Africa,Democratic Republic of the Congo is part of the continent of Africa.,Countries & Capitals,Africa Countries
Which city serves as the seat of government (capital) of Benin?,Porto-Novo,Lusaka,Vatican City,Abu Dhabi,A) Porto-Novo,Porto-Novo is the seat of government and capital of Benin.,Countries & Capitals,Country Capitals
Which continent is Benin part of?,South America,Asia,Oceania,Africa,D) Africa,Benin is part of the continent of Africa.,Countries & Capitals,Africa Countries
Which city serves as the seat of government (capital) of Togo?,Nuku'alofa,Sana'a,Yaounde,Lome,D) Lome,Lome is the seat of government and capital of Togo.,Countries & Capitals,Country Capitals
Which continent is Togo part of?,Europe,South America,Africa,Oceania,C) Africa,Togo is part of the continent of Africa.,Countries & Capitals,Africa Countries
Which city serves as the seat of government (capital) of Sierra Leone?,Berlin,Freetown,San Salvador,Ouagadougou,B) Freetown,Freetown is the seat of government and capital of Sierra Leone.,Countries & Capitals,Country Capitals
Which continent is Sierra Leone part of?,Oceania,Europe,North America,Africa,D) Africa,Sierra Leone is part of the continent of Africa.,Countries & Capitals,Africa Countries
Which city serves as the seat of government (capital) of Liberia?,Lima,Buenos Aires,Gaborone,Monrovia,D) Monrovia,Monrovia is the seat of government and capital of Liberia.,Countries & Capitals,Country Capitals
Which continent is Liberia part of?,South America,Asia,Oceania,Africa,D) Africa,Liberia is part of the continent of Africa.,Countries & Capitals,Africa Countries
Which city serves as the seat of government (capital) of Guinea?,Panama City,Victoria,Conakry,Bucharest,C) Conakry,Conakry is the seat of government and capital of Guinea.,Countries & Capitals,Country Capitals
Which continent is Guinea part of?,South America,Oceania,Africa,North America,C) Africa,Guinea is part of the continent of Africa.,Countries & Capitals,Africa Countries
Which city serves as the seat of government (capital) of Burkina Faso?,Niamey,Canberra,Nassau,Ouagadougou,D) Ouagadougou,Ouagadougou is the seat of government and capital of Burkina Faso.,Countries & Capitals,Country Capitals
Which continent is Burkina Faso part of?,Oceania,Asia,South America,Africa,D) Africa,Burkina Faso is part of the continent of Africa.,Countries & Capitals,Africa Countries
Which city serves as the seat of government (capital) of Eritrea?,Tripoli,Asmara,Phnom Penh,Male,B) Asmara,Asmara is the seat of government and capital of Eritrea.,Countries & Capitals,Country Capitals
Which continent is Eritrea part of?,North America,Africa,Europe,South America,B) Africa,Eritrea is part of the continent of Africa.,Countries & Capitals,Africa Countries
Which city serves as the seat of government (capital) of Djibouti?,Djibouti City,Windhoek,Lusaka,Pyongyang,A) Djibouti City,Djibouti City is the seat of government and capital of Djibouti.,Countries & Capitals,Country Capitals
Which continent is Djibouti part of?,Oceania,Asia,Africa,South America,C) Africa,Djibouti is part of the continent of Africa.,Countries & Capitals,Africa Countries
Which city serves as the seat of government (capital) of Lesotho?,Ulaanbaatar,Maseru,Valletta,Stockholm,B) Maseru,Maseru is the seat of government and capital of Lesotho.,Countries & Capitals,Country Capitals
Which continent is Lesotho part of?,Africa,South America,Oceania,North America,A) Africa,Lesotho is part of the continent of Africa.,Countries & Capitals,Africa Countries
Which city serves as the seat of government (capital) of Eswatini?,Jakarta,Mbabane,Djibouti City,Baghdad,B) Mbabane,Mbabane is the seat of government and capital of Eswatini.,Countries & Capitals,Country Capitals
Which continent is Eswatini part of?,South America,Africa,Asia,Oceania,B) Africa,Eswatini is part of the continent of Africa.,Countries & Capitals,Africa Countries
Which city serves as the seat of government (capital) of Mauritius?,Port Louis,Ouagadougou,San Jose,Tallinn,A) Port Louis,Port Louis is the seat of government and capital of Mauritius.,Countries & Capitals,Country Capitals
Which continent is Mauritius part of?,South America,Oceania,Europe,Africa,D) Africa,Mauritius is part of the continent of Africa.,Countries & Capitals,Africa Countries
Which city serves as the seat of government (capital) of Seychelles?,Monrovia,Vienna,Victoria,"Washington, D.C.",C) Victoria,Victoria is the seat of government and capital of Seychelles.,Countries & Capitals,Country Capitals
Which continent is Seychelles part of?,North America,South America,Oceania,Africa,D) Africa,Seychelles is part of the continent of Africa.,Countries & Capitals,Africa Countries
Which city serves as the seat of government (capital) of Australia?,Lusaka,Bishkek,Canberra,Kinshasa,C) Canberra,Canberra is the seat of government and capital of Australia.,Countries & Capitals,Country Capitals
Which continent is Australia part of?,Europe,Oceania,South America,Asia,B) Oceania,Australia is part of the continent of Oceania.,Countries & Capitals,Oceania Countries
Which city serves as the seat of government (capital) of New Zealand?,Rabat,Ottawa,Port of Spain,Wellington,D) Wellington,Wellington is the seat of government and capital of New Zealand.,Countries & Capitals,Country Capitals
Which continent is New Zealand part of?,Europe,Oceania,Africa,South America,B) Oceania,New Zealand is part of the continent of Oceania.,Countries & Capitals,Oceania Countries
Which city serves as the seat of government (capital) of Fiji?,Berlin,Ashgabat,Suva,Copenhagen,C) Suva,Suva is the seat of government and capital of Fiji.,Countries & Capitals,Country Capitals
Which continent is Fiji part of?,Europe,Asia,Oceania,North America,C) Oceania,Fiji is part of the continent of Oceania.,Countries & Capitals,Oceania Countries
Which city serves as the seat of government (capital) of Papua New Guinea?,Amsterdam,Nicosia,Port Moresby,Colombo,C) Port Moresby,Port Moresby is the seat of government and capital of Papua New Guinea.,Countries & Capitals,Country Capitals
Which continent is Papua New Guinea part of?,Africa,Oceania,Asia,Europe,B) Oceania,Papua New Guinea is part of the continent of Oceania.,Countries & Capitals,Oceania Countries
Which city serves as the seat of government (capital) of Samoa?,Chisinau,Monrovia,Kyiv,Apia,D) Apia,Apia is the seat of government and capital of Samoa.,Countries & Capitals,Country Capitals
Which continent is Samoa part of?,Europe,North America,South America,Oceania,D) Oceania,Samoa is part of the continent of Oceania.,Countries & Capitals,Oceania Countries
Which city serves as the seat of government (capital) of Tonga?,Beirut,Tirana,Rabat,Nuku'alofa,D) Nuku'alofa,Nuku'alofa is the seat of government and capital of Tonga.,Countries & Capitals,Country Capitals
Which continent is Tonga part of?,Asia,North America,South America,Oceania,D) Oceania,Tonga is part of the continent of Oceania.,Countries & Capitals,Oceania Countries
Which city serves as the seat of government (capital) of Vanuatu?,"Washington, D.C.",Funafuti,Port Vila,Lome,C) Port Vila,Port Vila is the seat of government and capital of Vanuatu.,Countries & Capitals,Country Capitals
Which continent is Vanuatu part of?,North America,Africa,Asia,Oceania,D) Oceania,Vanuatu is part of the continent of Oceania.,Countries & Capitals,Oceania Countries
Which city serves as the seat of government (capital) of Solomon Islands?,Gaborone,Honiara,Nairobi,Majuro,B) Honiara,Honiara is the seat of government and capital of Solomon Islands.,Countries & Capitals,Country Capitals
Which continent is Solomon Islands part of?,Oceania,Europe,South America,Asia,A) Oceania,Solomon Islands is part of the continent of Oceania.,Countries & Capitals,Oceania Countries
Which city serves as the seat of government (capital) of Kiribati?,Tarawa,Valletta,Hanoi,Kampala,A) Tarawa,Tarawa is the seat of government and capital of Kiribati.,Countries & Capitals,Country Capitals
Which continent is Kiribati part of?,Europe,North America,Asia,Oceania,D) Oceania,Kiribati is part of the continent of Oceania.,Countries & Capitals,Oceania Countries
Which city serves as the seat of government (capital) of Palau?,Ashgabat,Sofia,Ngerulmud,Monaco,C) Ngerulmud,Ngerulmud is the seat of government and capital of Palau.,Countries & Capitals,Country Capitals
Which continent is Palau part of?,South America,Oceania,North America,Africa,B) Oceania,Palau is part of the continent of Oceania.,Countries & Capitals,Oceania Countries
Which city serves as the seat of government (capital) of Marshall Islands?,Managua,Islamabad,Majuro,Tallinn,C) Majuro,Majuro is the seat of government and capital of Marshall Islands.,Countries & Capitals,Country Capitals
Which continent is Marshall Islands part of?,Oceania,Asia,South America,Europe,A) Oceania,Marshall Islands is part of the continent of Oceania.,Countries & Capitals,Oceania Countries
Which city serves as the seat of government (capital) of Micronesia?,Abu Dhabi,Madrid,Niamey,Palikir,D) Palikir,Palikir is the seat of government and capital of Micronesia.,Countries & Capitals,Country Capitals
Which continent is Micronesia part of?,South America,Asia,Oceania,Africa,C) Oceania,Micronesia is part of the continent of Oceania.,Countries & Capitals,Oceania Countries
Which city serves as the seat of government (capital) of Nauru?,Andorra la Vella,Santo Domingo,Warsaw,Yaren,D) Yaren,Yaren is the seat of government and capital of Nauru.,Countries & Capitals,Country Capitals
Which continent is Nauru part of?,Oceania,South America,Asia,Africa,A) Oceania,Nauru is part of the continent of Oceania.,Countries & Capitals,Oceania Countries
Which city serves as the seat of government (capital) of Tuvalu?,Manama,Funafuti,Nicosia,Gaborone,B) Funafuti,Funafuti is the seat of government and capital of Tuvalu.,Countries & Capitals,Country Capitals
Which continent is Tuvalu part of?,Oceania,North America,Asia,Africa,A) Oceania,Tuvalu is part of the continent of Oceania.,Countries & Capitals,Oceania Countries
