Question,Option A,Option B,Option C,Option D,Correct Answer,Solution/Explanation,Category,Subcategory
Who invented the telephone?,Thomas Edison,Nikola Tesla,Alexander Graham Bell,Guglielmo Marconi,C) Alexander Graham Bell,Alexander Graham Bell is credited with inventing the first practical telephone in 1876.,General Trivia,Unusual Facts
What is Mount Everest's approximate height?,"About 6,200 meters","About 7,500 meters","About 9,500 meters","About 8,849 meters","D) About 8,849 meters","Mount Everest, the world's highest peak, stands at approximately 8,849 meters above sea level.",General Trivia,World Facts
Which is the longest river in the world?,The Nile,The Mississippi,The Amazon,The Yangtze,A) The Nile,The Nile River in Africa is generally considered the longest river in the world.,General Trivia,World Facts
What is the smallest country in the world by area?,Liechtenstein,Monaco,San Marino,Vatican City,D) Vatican City,Vatican City is the smallest independent country in the world by both area and population.,General Trivia,World Records
What is the largest coral reef system in the world?,The Red Sea Coral Reef,The Andaman Coral Reef,The Great Barrier Reef,The Belize Barrier Reef,C) The Great Barrier Reef,"The Great Barrier Reef, off the coast of Australia, is the world's largest coral reef system.",General Trivia,World Facts
What is the study of ancient artifacts and human history called?,Paleontology,Geology,Archaeology,Anthropology,C) Archaeology,Archaeology is the study of human history through the excavation and analysis of artifacts and physical remains.,General Trivia,Mixed Trivia
"What is the fastest-growing sport globally by some measures in recent years, known for a small paddle-based court game?",Squash,Badminton,Padel,Pickleball,D) Pickleball,"Pickleball, a paddle sport combining elements of tennis and badminton, has been noted as one of the fastest-growing sports in several countries in recent years.",General Trivia,Mixed Trivia
"Who invented the light bulb (as a practical, commercially viable design)?",Nikola Tesla,Alexander Graham Bell,Michael Faraday,Thomas Edison,D) Thomas Edison,"Thomas Edison developed a practical, long-lasting incandescent light bulb in 1879.",General Trivia,Unusual Facts
What is considered the first university in the world (an ancient center of learning)?,Oxford University,Cambridge University,Nalanda University,Harvard University,C) Nalanda University,"Nalanda University in ancient India, established around the 5th century CE, is considered one of the world's earliest centers of higher learning.",General Trivia,Firsts in the World
Who wrote India's national anthem?,Mahatma Gandhi,Bankim Chandra Chatterjee,Rabindranath Tagore,Sarojini Naidu,C) Rabindranath Tagore,"Rabindranath Tagore composed 'Jana Gana Mana', India's national anthem.",General Trivia,India Facts
Which country is known as the 'Land of the Rising Sun'?,Japan,Thailand,China,South Korea,A) Japan,"Japan is known as the 'Land of the Rising Sun', reflected in its name '(Nihon/Nippon)', meaning origin of the sun.",General Trivia,World Facts
What is the fastest land animal?,The horse,The cheetah,The lion,The gazelle,B) The cheetah,"The cheetah is the fastest land animal, capable of reaching speeds up to 100-120 km/h.",General Trivia,Records
What is the largest desert in the world?,The Sahara Desert,The Arabian Desert,The Antarctic Desert,The Gobi Desert,C) The Antarctic Desert,"The Antarctic Desert is technically the largest desert in the world by area, as deserts are defined by low precipitation, not just heat.",General Trivia,World Facts
What is the currency of the United States?,Euro,Canadian Dollar,US Dollar,Pound Sterling,C) US Dollar,The official currency of the United States is the US Dollar.,General Trivia,World Facts
What is the national animal of India?,Lion,Leopard,Elephant,Tiger,D) Tiger,The Bengal tiger is the national animal of India.,General Trivia,India Facts
What is the national fruit of India?,Banana,Papaya,Mango,Apple,C) Mango,The mango is recognized as the national fruit of India.,General Trivia,India Facts
Which is the largest democracy in the world by population?,Indonesia,India,United States,Brazil,B) India,India is widely recognized as the world's largest democracy by population.,General Trivia,World Facts
What is the national flower of India?,Sunflower,Rose,Lotus,Marigold,C) Lotus,"The lotus is the national flower of India, symbolizing purity.",General Trivia,India Facts
Who wrote India's national song?,Sarojini Naidu,Rabindranath Tagore,Bankim Chandra Chatterjee,Subhas Chandra Bose,C) Bankim Chandra Chatterjee,"Bankim Chandra Chatterjee wrote 'Vande Mataram', India's national song.",General Trivia,India Facts
What is the largest mammal in the world?,The elephant,The hippopotamus,The giraffe,The blue whale,D) The blue whale,"The blue whale is the largest mammal, and indeed the largest animal, known to have ever existed.",General Trivia,Records
What is the national bird of India?,Eagle,Peacock,Crow,Parrot,B) Peacock,"The peacock is the national bird of India, known for its colorful plumage.",General Trivia,India Facts
Which was the first Indian state to be formed on a linguistic basis?,Andhra Pradesh,Karnataka,Kerala,Tamil Nadu,A) Andhra Pradesh,"Andhra Pradesh was the first state in India to be organized on a linguistic basis, formed in 1953.",General Trivia,Firsts in India
Which was the first country to grant women the right to vote?,New Zealand,United States,France,United Kingdom,A) New Zealand,"New Zealand became the first self-governing country to grant women the right to vote, in 1893.",General Trivia,Firsts in the World
Which is the largest hot desert in the world?,The Kalahari Desert,The Thar Desert,The Sahara Desert,The Gobi Desert,C) The Sahara Desert,The Sahara Desert in Africa is the largest hot desert in the world.,General Trivia,World Facts
Which is the tallest man-made structure in the world (as of the early 2020s)?,Shanghai Tower,Burj Khalifa,Empire State Building,Eiffel Tower,B) Burj Khalifa,The Burj Khalifa in Dubai is the tallest man-made structure in the world.,General Trivia,Famous Places
Which option correctly answers this: What is the national flower of India?,Lotus,The Amazon Rainforest,Saturn (closely followed by Jupiter),Japan,A) Lotus,"The lotus is the national flower of India, symbolizing purity.",General Trivia,India Facts
Choose the correct answer: What is the national animal of India?,US Dollar,Mango,Tiger,Bankim Chandra Chatterjee,C) Tiger,The Bengal tiger is the national animal of India.,General Trivia,India Facts
"Which option correctly answers this: Who invented the light bulb (as a practical, commercially viable design)?",Thomas Edison,Mandarin Chinese,The Nile,Greenland,A) Thomas Edison,"Thomas Edison developed a practical, long-lasting incandescent light bulb in 1879.",General Trivia,Unusual Facts
Which option correctly answers this: What is the largest island in the world?,Greenland,The blue whale,Saturn (closely followed by Jupiter),Peacock,A) Greenland,"Greenland is the largest island in the world by area, excluding continental landmasses.",General Trivia,World Facts
Quiz question: What is the smallest country in the world by area?,The Taj Mahal,Vatican City,The Nile,India,B) Vatican City,Vatican City is the smallest independent country in the world by both area and population.,General Trivia,Records
Quiz question: What is the world's largest rainforest?,Tiger,Peacock,Christianity,The Amazon Rainforest,D) The Amazon Rainforest,"The Amazon Rainforest, located mainly in Brazil, is the largest tropical rainforest in the world.",General Trivia,World Facts
Which option correctly answers this: Which country is known as the 'Land of the Rising Sun'?,The Nile,The Amazon Rainforest,Bankim Chandra Chatterjee,Japan,D) Japan,"Japan is known as the 'Land of the Rising Sun', reflected in its name meaning origin of the sun.",General Trivia,World Facts
Who wrote India's national song?,Lake Kariba (on the Zambia-Zimbabwe border),Thomas Edison,Bankim Chandra Chatterjee,The Sahara Desert,C) Bankim Chandra Chatterjee,"Bankim Chandra Chatterjee wrote 'Vande Mataram', India's national song.",General Trivia,India Facts
Quiz question: What is the largest coral reef system in the world?,The Great Barrier Reef,Japan,New Delhi,Vatican City,A) The Great Barrier Reef,"The Great Barrier Reef, off the coast of Australia, is the world's largest coral reef system.",General Trivia,World Facts
Which option correctly answers this: What is Mount Everest's approximate height?,Rabindranath Tagore,Greenland,"About 8,849 meters",The video game industry,"C) About 8,849 meters","Mount Everest, the world's highest peak, stands at approximately 8,849 meters above sea level.",General Trivia,World Facts
Which option correctly answers this: What is the fastest land animal?,Japan,Greenland,The Mariana Trench,The cheetah,D) The cheetah,"The cheetah is the fastest land animal, capable of reaching speeds up to 100-120 km/h.",General Trivia,Amazing Facts
Which option correctly answers this: What is the largest mammal in the world?,Lake Kariba (on the Zambia-Zimbabwe border),Mandarin Chinese,The blue whale,The Great Barrier Reef,C) The blue whale,"The blue whale is the largest mammal, and indeed the largest animal, known to have ever existed.",General Trivia,Amazing Facts
Choose the correct answer: What is the national animal of India?,Alexander Graham Bell,Tiger,Rabindranath Tagore,Mandarin Chinese,B) Tiger,The Bengal tiger is the national animal of India.,General Trivia,India Facts
"Choose the correct answer: What is the highest-grossing form of entertainment industry globally often cited in trivia, alongside film?",The video game industry,Bankim Chandra Chatterjee,The Mariana Trench,Thomas Edison,A) The video game industry,"The global video game industry is frequently cited in trivia as a very high-grossing entertainment sector, often compared to or exceeding film.",General Trivia,Amazing Facts
"What is the highest-grossing form of entertainment industry globally often cited in trivia, alongside film?","About 8,849 meters",Japan,Christianity,The video game industry,D) The video game industry,"The global video game industry is frequently cited in trivia as a very high-grossing entertainment sector, often compared to or exceeding film.",General Trivia,Amazing Facts
Choose the correct answer: What is Mount Everest's approximate height?,The Great Barrier Reef,"About 8,849 meters",Saturn (closely followed by Jupiter),Andhra Pradesh,"B) About 8,849 meters","Mount Everest, the world's highest peak, stands at approximately 8,849 meters above sea level.",General Trivia,World Facts
What is the national bird of India?,Peacock,Alexander Graham Bell,Japan,Mandarin Chinese,A) Peacock,"The peacock is the national bird of India, known for its colorful plumage.",General Trivia,India Facts
What is the largest desert in the world?,Archaeology,New Delhi,Andhra Pradesh,The Antarctic Desert,D) The Antarctic Desert,"The Antarctic Desert is technically the largest desert in the world by area, as deserts are defined by low precipitation, not just heat.",General Trivia,World Facts
What is the world's largest rainforest?,The blue whale,The Amazon Rainforest,Lake Kariba (on the Zambia-Zimbabwe border),US Dollar,B) The Amazon Rainforest,"The Amazon Rainforest, located mainly in Brazil, is the largest tropical rainforest in the world.",General Trivia,World Facts
"Quiz question: Who invented the light bulb (as a practical, commercially viable design)?",The cheetah,Tiger,Mango,Thomas Edison,D) Thomas Edison,"Thomas Edison developed a practical, long-lasting incandescent light bulb in 1879.",General Trivia,Unusual Facts
Which option correctly answers this: What is the world's largest by-volume man-made lake or reservoir often cited in geography trivia?,China,Andhra Pradesh,The Antarctic Desert,Lake Kariba (on the Zambia-Zimbabwe border),D) Lake Kariba (on the Zambia-Zimbabwe border),"Lake Kariba, formed by the Kariba Dam, is often cited as the world's largest reservoir by volume.",General Trivia,Records
Which option correctly answers this: What is the most widely practiced religion in the world by number of adherents?,The cheetah,New Zealand,The Nile,Christianity,D) Christianity,Christianity is generally considered the religion with the largest number of adherents worldwide.,General Trivia,World Facts
Which option correctly answers this: Which country is known as the 'Land of the Rising Sun'?,The Taj Mahal,The video game industry,Alexander Graham Bell,Japan,D) Japan,"Japan is known as the 'Land of the Rising Sun', reflected in its name meaning origin of the sun.",General Trivia,World Facts
Choose the correct answer: What is the national flower of India?,The cheetah,Lotus,Mango,Rabindranath Tagore,B) Lotus,"The lotus is the national flower of India, symbolizing purity.",General Trivia,India Facts
"What is the highest-grossing form of entertainment industry globally often cited in trivia, alongside film?",Mandarin Chinese,The video game industry,The Nile,Vatican City,B) The video game industry,"The global video game industry is frequently cited in trivia as a very high-grossing entertainment sector, often compared to or exceeding film.",General Trivia,Amazing Facts
Quiz question: What is the world's largest rainforest?,The Great Barrier Reef,The Amazon Rainforest,The Sahara Desert,The cheetah,B) The Amazon Rainforest,"The Amazon Rainforest, located mainly in Brazil, is the largest tropical rainforest in the world.",General Trivia,World Facts
Which option correctly answers this: What is the national bird of India?,Saturn (closely followed by Jupiter),Peacock,Japan,Andhra Pradesh,B) Peacock,"The peacock is the national bird of India, known for its colorful plumage.",General Trivia,India Facts
Quiz question: What is the currency of the United States?,US Dollar,New Zealand,Thomas Edison,Lotus,A) US Dollar,The official currency of the United States is the US Dollar.,General Trivia,World Facts
Which country is known as the 'Land of the Rising Sun'?,Lotus,New Delhi,Japan,Christianity,C) Japan,"Japan is known as the 'Land of the Rising Sun', reflected in its name meaning origin of the sun.",General Trivia,World Facts
Choose the correct answer: Which was the first country to grant women the right to vote?,Burj Khalifa,New Zealand,Thomas Edison,The Mariana Trench,B) New Zealand,"New Zealand became the first self-governing country to grant women the right to vote, in 1893.",General Trivia,Firsts in the World
Choose the correct answer: What is the largest desert in the world?,Rabindranath Tagore,Christianity,The Antarctic Desert,The Taj Mahal,C) The Antarctic Desert,"The Antarctic Desert is technically the largest desert in the world by area, as deserts are defined by low precipitation, not just heat.",General Trivia,World Facts
Choose the correct answer: Which is the largest hot desert in the world?,Andhra Pradesh,Angel Falls (Venezuela),The Sahara Desert,Japan,C) The Sahara Desert,The Sahara Desert in Africa is the largest hot desert in the world.,General Trivia,World Facts
Choose the correct answer: Which is the longest river in the world?,Alexander Graham Bell,The blue whale,The Nile,Lake Kariba (on the Zambia-Zimbabwe border),C) The Nile,The Nile River in Africa is generally considered the longest river in the world.,General Trivia,World Facts
Quiz question: Which country produces the most rice globally?,China,Andhra Pradesh,Nalanda University,New Zealand,A) China,China is historically the world's largest producer of rice.,General Trivia,World Facts
Which is the largest hot desert in the world?,The Amazon Rainforest,Saturn (closely followed by Jupiter),The Sahara Desert,Burj Khalifa,C) The Sahara Desert,The Sahara Desert in Africa is the largest hot desert in the world.,General Trivia,World Facts
Quiz question: What is the largest desert in the world?,The cheetah,US Dollar,Alexander Graham Bell,The Antarctic Desert,D) The Antarctic Desert,"The Antarctic Desert is technically the largest desert in the world by area, as deserts are defined by low precipitation, not just heat.",General Trivia,World Facts
What is the smallest country in the world by area?,New Delhi,Alexander Graham Bell,Vatican City,Bankim Chandra Chatterjee,C) Vatican City,Vatican City is the smallest independent country in the world by both area and population.,General Trivia,Records
Who wrote India's national anthem?,New Delhi,The Mariana Trench,Rabindranath Tagore,Mandarin Chinese,C) Rabindranath Tagore,"Rabindranath Tagore composed 'Jana Gana Mana', India's national anthem.",General Trivia,India Facts
Who wrote India's national anthem?,Archaeology,Rabindranath Tagore,Nalanda University,The cheetah,B) Rabindranath Tagore,"Rabindranath Tagore composed 'Jana Gana Mana', India's national anthem.",General Trivia,India Facts
Choose the correct answer: What is the largest coral reef system in the world?,The video game industry,Andhra Pradesh,Lake Kariba (on the Zambia-Zimbabwe border),The Great Barrier Reef,D) The Great Barrier Reef,"The Great Barrier Reef, off the coast of Australia, is the world's largest coral reef system.",General Trivia,World Facts
"Quiz question: Which Indian city hosted the first modern Commonwealth Games in India, in 2010?",New Delhi,US Dollar,The Nile,Angel Falls (Venezuela),A) New Delhi,"New Delhi hosted the 2010 Commonwealth Games, the first time India hosted the event.",General Trivia,Firsts in India
Which option correctly answers this: What is the most widely practiced religion in the world by number of adherents?,Vatican City,Christianity,The Mariana Trench,Alexander Graham Bell,B) Christianity,Christianity is generally considered the religion with the largest number of adherents worldwide.,General Trivia,World Facts
Quiz question: Which is the longest river in the world?,The Nile,Saturn (closely followed by Jupiter),The cheetah,Burj Khalifa,A) The Nile,The Nile River in Africa is generally considered the longest river in the world.,General Trivia,World Facts
Quiz question: What is the national bird of India?,Lotus,Saturn (closely followed by Jupiter),Peacock,Mandarin Chinese,C) Peacock,"The peacock is the national bird of India, known for its colorful plumage.",General Trivia,India Facts
"Who invented the light bulb (as a practical, commercially viable design)?","About 8,849 meters",Mandarin Chinese,Thomas Edison,The Sahara Desert,C) Thomas Edison,"Thomas Edison developed a practical, long-lasting incandescent light bulb in 1879.",General Trivia,Unusual Facts
What is the world's largest rainforest?,The Amazon Rainforest,The Antarctic Desert,New Delhi,The blue whale,A) The Amazon Rainforest,"The Amazon Rainforest, located mainly in Brazil, is the largest tropical rainforest in the world.",General Trivia,World Facts
Which option correctly answers this: What is the smallest country in the world by area?,Vatican City,US Dollar,New Zealand,The Sahara Desert,A) Vatican City,Vatican City is the smallest independent country in the world by both area and population.,General Trivia,Records
Quiz question: What is the national fruit of India?,Bankim Chandra Chatterjee,Lotus,Christianity,Mango,D) Mango,The mango is recognized as the national fruit of India.,General Trivia,India Facts
Choose the correct answer: What is Mount Everest's approximate height?,Alexander Graham Bell,China,"About 8,849 meters",New Zealand,"C) About 8,849 meters","Mount Everest, the world's highest peak, stands at approximately 8,849 meters above sea level.",General Trivia,World Facts
"Who invented the light bulb (as a practical, commercially viable design)?",Rabindranath Tagore,The Nile,Thomas Edison,The cheetah,C) Thomas Edison,"Thomas Edison developed a practical, long-lasting incandescent light bulb in 1879.",General Trivia,Unusual Facts
Which option correctly answers this: Which was the first country to grant women the right to vote?,New Zealand,Japan,China,The Mariana Trench,A) New Zealand,"New Zealand became the first self-governing country to grant women the right to vote, in 1893.",General Trivia,Firsts in the World
Choose the correct answer: What is the world's largest by-volume man-made lake or reservoir often cited in geography trivia?,Lake Kariba (on the Zambia-Zimbabwe border),China,Nalanda University,Tiger,A) Lake Kariba (on the Zambia-Zimbabwe border),"Lake Kariba, formed by the Kariba Dam, is often cited as the world's largest reservoir by volume.",General Trivia,Records
Choose the correct answer: What is the largest coral reef system in the world?,Nalanda University,The Great Barrier Reef,New Delhi,The blue whale,B) The Great Barrier Reef,"The Great Barrier Reef, off the coast of Australia, is the world's largest coral reef system.",General Trivia,World Facts
Which option correctly answers this: Who invented the telephone?,Alexander Graham Bell,The cheetah,US Dollar,Mandarin Chinese,A) Alexander Graham Bell,Alexander Graham Bell is credited with inventing the first practical telephone in 1876.,General Trivia,Unusual Facts
What is the world's largest rainforest?,The Taj Mahal,US Dollar,The Amazon Rainforest,Burj Khalifa,C) The Amazon Rainforest,"The Amazon Rainforest, located mainly in Brazil, is the largest tropical rainforest in the world.",General Trivia,World Facts
Choose the correct answer: What is the world's largest rainforest?,Christianity,The Taj Mahal,The cheetah,The Amazon Rainforest,D) The Amazon Rainforest,"The Amazon Rainforest, located mainly in Brazil, is the largest tropical rainforest in the world.",General Trivia,World Facts
What is the largest desert in the world?,Andhra Pradesh,The Antarctic Desert,Peacock,Mandarin Chinese,B) The Antarctic Desert,"The Antarctic Desert is technically the largest desert in the world by area, as deserts are defined by low precipitation, not just heat.",General Trivia,World Facts
Which is the largest democracy in the world by population?,The Great Barrier Reef,India,Peacock,Alexander Graham Bell,B) India,India is widely recognized as the world's largest democracy by population.,General Trivia,World Facts
Quiz question: Which was the first country to grant women the right to vote?,The Nile,Greenland,Mandarin Chinese,New Zealand,D) New Zealand,"New Zealand became the first self-governing country to grant women the right to vote, in 1893.",General Trivia,Firsts in the World
Quiz question: What is the deepest known point in the world's oceans?,The Mariana Trench,New Delhi,Mango,Alexander Graham Bell,A) The Mariana Trench,"The Mariana Trench, in the Pacific Ocean, is the deepest known point in any of Earth's oceans.",General Trivia,Records
Which option correctly answers this: What is the world's largest by-volume man-made lake or reservoir often cited in geography trivia?,The Mariana Trench,Thomas Edison,Lake Kariba (on the Zambia-Zimbabwe border),Archaeology,C) Lake Kariba (on the Zambia-Zimbabwe border),"Lake Kariba, formed by the Kariba Dam, is often cited as the world's largest reservoir by volume.",General Trivia,Records
Choose the correct answer: What is the tallest waterfall in the world?,China,New Delhi,Angel Falls (Venezuela),US Dollar,C) Angel Falls (Venezuela),"Angel Falls, located in Venezuela, is the world's tallest uninterrupted waterfall.",General Trivia,Records
Choose the correct answer: Which is the largest democracy in the world by population?,The Sahara Desert,The Great Barrier Reef,India,Vatican City,C) India,India is widely recognized as the world's largest democracy by population.,General Trivia,World Facts
Quiz question: Which country is known as the 'Land of the Rising Sun'?,Tiger,Japan,Alexander Graham Bell,US Dollar,B) Japan,"Japan is known as the 'Land of the Rising Sun', reflected in its name meaning origin of the sun.",General Trivia,World Facts
What is the world's largest rainforest?,Archaeology,The Amazon Rainforest,The Taj Mahal,New Zealand,B) The Amazon Rainforest,"The Amazon Rainforest, located mainly in Brazil, is the largest tropical rainforest in the world.",General Trivia,World Facts
Choose the correct answer: What is the currency of the United States?,Archaeology,India,US Dollar,Lotus,C) US Dollar,The official currency of the United States is the US Dollar.,General Trivia,World Facts
Which is the largest hot desert in the world?,Thomas Edison,Alexander Graham Bell,The Sahara Desert,The cheetah,C) The Sahara Desert,The Sahara Desert in Africa is the largest hot desert in the world.,General Trivia,World Facts
Which option correctly answers this: Which famous structure in India is one of the New Seven Wonders of the World?,The Taj Mahal,Andhra Pradesh,New Delhi,Peacock,A) The Taj Mahal,"The Taj Mahal, in Agra, India, is recognized as one of the New Seven Wonders of the World.",General Trivia,Famous Places
Which option correctly answers this: What is the smallest country in the world by area?,US Dollar,China,Bankim Chandra Chatterjee,Vatican City,D) Vatican City,Vatican City is the smallest independent country in the world by both area and population.,General Trivia,Records
Choose the correct answer: Which was the first Indian state to be formed on a linguistic basis?,New Zealand,Mandarin Chinese,The Nile,Andhra Pradesh,D) Andhra Pradesh,"Andhra Pradesh was the first state in India to be organized on a linguistic basis, formed in 1953.",General Trivia,Firsts in India
"Choose the correct answer: Which is considered one of the world's earliest centers of higher learning, located in ancient India?",The Nile,The blue whale,Mandarin Chinese,Nalanda University,D) Nalanda University,"Nalanda University in ancient India, established around the 5th century CE, is considered one of the world's earliest centers of higher learning.",General Trivia,Firsts in the World
Choose the correct answer: Which country produces the most rice globally?,Angel Falls (Venezuela),US Dollar,China,The blue whale,C) China,China is historically the world's largest producer of rice.,General Trivia,World Facts
Quiz question: Which planet in our Solar System is known for having the most moons among the largest planets?,The Amazon Rainforest,Bankim Chandra Chatterjee,Saturn (closely followed by Jupiter),Christianity,C) Saturn (closely followed by Jupiter),Saturn and Jupiter have the largest known number of moons among planets in our Solar System.,General Trivia,Amazing Facts
Choose the correct answer: Which was the first Indian state to be formed on a linguistic basis?,Lake Kariba (on the Zambia-Zimbabwe border),Archaeology,Mango,Andhra Pradesh,D) Andhra Pradesh,"Andhra Pradesh was the first state in India to be organized on a linguistic basis, formed in 1953.",General Trivia,Firsts in India
Quiz question: What is the largest mammal in the world?,The Nile,Japan,The blue whale,Alexander Graham Bell,C) The blue whale,"The blue whale is the largest mammal, and indeed the largest animal, known to have ever existed.",General Trivia,Amazing Facts
Quiz question: Which is the longest river in the world?,Alexander Graham Bell,The Nile,The Great Barrier Reef,The Antarctic Desert,B) The Nile,The Nile River in Africa is generally considered the longest river in the world.,General Trivia,World Facts
Choose the correct answer: What is the fastest land animal?,The Sahara Desert,US Dollar,The cheetah,New Zealand,C) The cheetah,"The cheetah is the fastest land animal, capable of reaching speeds up to 100-120 km/h.",General Trivia,Amazing Facts
Quiz question: Which is the largest democracy in the world by population?,Lake Kariba (on the Zambia-Zimbabwe border),India,Mango,Thomas Edison,B) India,India is widely recognized as the world's largest democracy by population.,General Trivia,World Facts
Quiz question: What is the deepest known point in the world's oceans?,Peacock,"About 8,849 meters",The Mariana Trench,New Zealand,C) The Mariana Trench,"The Mariana Trench, in the Pacific Ocean, is the deepest known point in any of Earth's oceans.",General Trivia,Records
Quiz question: Which country produces the most rice globally?,Lake Kariba (on the Zambia-Zimbabwe border),New Delhi,Japan,China,D) China,China is historically the world's largest producer of rice.,General Trivia,World Facts
Which option correctly answers this: Which country is known as the 'Land of the Rising Sun'?,Mandarin Chinese,Japan,Peacock,Andhra Pradesh,B) Japan,"Japan is known as the 'Land of the Rising Sun', reflected in its name meaning origin of the sun.",General Trivia,World Facts
Choose the correct answer: What is Mount Everest's approximate height?,Rabindranath Tagore,Christianity,"About 8,849 meters",The video game industry,"C) About 8,849 meters","Mount Everest, the world's highest peak, stands at approximately 8,849 meters above sea level.",General Trivia,World Facts
Choose the correct answer: What is the largest desert in the world?,Lake Kariba (on the Zambia-Zimbabwe border),The Antarctic Desert,Mandarin Chinese,Alexander Graham Bell,B) The Antarctic Desert,"The Antarctic Desert is technically the largest desert in the world by area, as deserts are defined by low precipitation, not just heat.",General Trivia,World Facts
Choose the correct answer: Which was the first Indian state to be formed on a linguistic basis?,Thomas Edison,Andhra Pradesh,India,The video game industry,B) Andhra Pradesh,"Andhra Pradesh was the first state in India to be organized on a linguistic basis, formed in 1953.",General Trivia,Firsts in India
Choose the correct answer: Who invented the telephone?,New Delhi,The Sahara Desert,Alexander Graham Bell,Mango,C) Alexander Graham Bell,Alexander Graham Bell is credited with inventing the first practical telephone in 1876.,General Trivia,Unusual Facts
"Which option correctly answers this: Who invented the light bulb (as a practical, commercially viable design)?",The video game industry,Peacock,Thomas Edison,Angel Falls (Venezuela),C) Thomas Edison,"Thomas Edison developed a practical, long-lasting incandescent light bulb in 1879.",General Trivia,Unusual Facts
Which option correctly answers this: What is the national fruit of India?,New Delhi,Tiger,Lotus,Mango,D) Mango,The mango is recognized as the national fruit of India.,General Trivia,India Facts
Which option correctly answers this: What is the most widely practiced religion in the world by number of adherents?,The Amazon Rainforest,Christianity,China,Japan,B) Christianity,Christianity is generally considered the religion with the largest number of adherents worldwide.,General Trivia,World Facts
Who wrote India's national anthem?,Rabindranath Tagore,US Dollar,Greenland,Alexander Graham Bell,A) Rabindranath Tagore,"Rabindranath Tagore composed 'Jana Gana Mana', India's national anthem.",General Trivia,India Facts
What is Mount Everest's approximate height?,Saturn (closely followed by Jupiter),Bankim Chandra Chatterjee,"About 8,849 meters",China,"C) About 8,849 meters","Mount Everest, the world's highest peak, stands at approximately 8,849 meters above sea level.",General Trivia,World Facts
Which option correctly answers this: Which planet in our Solar System is known for having the most moons among the largest planets?,Mango,Saturn (closely followed by Jupiter),Thomas Edison,Christianity,B) Saturn (closely followed by Jupiter),Saturn and Jupiter have the largest known number of moons among planets in our Solar System.,General Trivia,Amazing Facts
Which option correctly answers this: What is the national fruit of India?,Mango,Andhra Pradesh,The Nile,"About 8,849 meters",A) Mango,The mango is recognized as the national fruit of India.,General Trivia,India Facts
Which option correctly answers this: What is the largest island in the world?,Greenland,Bankim Chandra Chatterjee,Thomas Edison,Mandarin Chinese,A) Greenland,"Greenland is the largest island in the world by area, excluding continental landmasses.",General Trivia,World Facts
Quiz question: What is the largest coral reef system in the world?,New Delhi,The Great Barrier Reef,Rabindranath Tagore,Burj Khalifa,B) The Great Barrier Reef,"The Great Barrier Reef, off the coast of Australia, is the world's largest coral reef system.",General Trivia,World Facts
Which option correctly answers this: What is the tallest waterfall in the world?,The Mariana Trench,US Dollar,Angel Falls (Venezuela),The cheetah,C) Angel Falls (Venezuela),"Angel Falls, located in Venezuela, is the world's tallest uninterrupted waterfall.",General Trivia,Records
Choose the correct answer: What is the largest coral reef system in the world?,Bankim Chandra Chatterjee,Mandarin Chinese,US Dollar,The Great Barrier Reef,D) The Great Barrier Reef,"The Great Barrier Reef, off the coast of Australia, is the world's largest coral reef system.",General Trivia,World Facts
Quiz question: What is the largest island in the world?,Greenland,New Delhi,The Great Barrier Reef,Tiger,A) Greenland,"Greenland is the largest island in the world by area, excluding continental landmasses.",General Trivia,World Facts
Which option correctly answers this: What is the world's largest by-volume man-made lake or reservoir often cited in geography trivia?,India,Lake Kariba (on the Zambia-Zimbabwe border),The Mariana Trench,Burj Khalifa,B) Lake Kariba (on the Zambia-Zimbabwe border),"Lake Kariba, formed by the Kariba Dam, is often cited as the world's largest reservoir by volume.",General Trivia,Records
What is the most widely practiced religion in the world by number of adherents?,US Dollar,Vatican City,The Nile,Christianity,D) Christianity,Christianity is generally considered the religion with the largest number of adherents worldwide.,General Trivia,World Facts
Quiz question: What is the most widely practiced religion in the world by number of adherents?,Archaeology,Christianity,Greenland,Angel Falls (Venezuela),B) Christianity,Christianity is generally considered the religion with the largest number of adherents worldwide.,General Trivia,World Facts
Which option correctly answers this: Which country is known as the 'Land of the Rising Sun'?,Japan,Alexander Graham Bell,New Zealand,Mandarin Chinese,A) Japan,"Japan is known as the 'Land of the Rising Sun', reflected in its name meaning origin of the sun.",General Trivia,World Facts
Quiz question: Which was the first country to grant women the right to vote?,The video game industry,New Zealand,Andhra Pradesh,The cheetah,B) New Zealand,"New Zealand became the first self-governing country to grant women the right to vote, in 1893.",General Trivia,Firsts in the World
Which option correctly answers this: What is the currency of the United States?,Mandarin Chinese,Angel Falls (Venezuela),US Dollar,Christianity,C) US Dollar,The official currency of the United States is the US Dollar.,General Trivia,World Facts
Which famous structure in India is one of the New Seven Wonders of the World?,Greenland,Angel Falls (Venezuela),The Amazon Rainforest,The Taj Mahal,D) The Taj Mahal,"The Taj Mahal, in Agra, India, is recognized as one of the New Seven Wonders of the World.",General Trivia,Famous Places
"Quiz question: Which is considered one of the world's earliest centers of higher learning, located in ancient India?",The Taj Mahal,Nalanda University,Mandarin Chinese,Andhra Pradesh,B) Nalanda University,"Nalanda University in ancient India, established around the 5th century CE, is considered one of the world's earliest centers of higher learning.",General Trivia,Firsts in the World
Which option correctly answers this: What is the world's most spoken native language?,Vatican City,The Great Barrier Reef,Nalanda University,Mandarin Chinese,D) Mandarin Chinese,Mandarin Chinese has the largest number of native speakers of any language in the world.,General Trivia,World Facts
Which option correctly answers this: What is the national animal of India?,Vatican City,Angel Falls (Venezuela),Tiger,Alexander Graham Bell,C) Tiger,The Bengal tiger is the national animal of India.,General Trivia,India Facts
Which option correctly answers this: What is the tallest waterfall in the world?,Japan,Angel Falls (Venezuela),India,Vatican City,B) Angel Falls (Venezuela),"Angel Falls, located in Venezuela, is the world's tallest uninterrupted waterfall.",General Trivia,Records
Choose the correct answer: What is the world's largest rainforest?,Christianity,Angel Falls (Venezuela),The Amazon Rainforest,Andhra Pradesh,C) The Amazon Rainforest,"The Amazon Rainforest, located mainly in Brazil, is the largest tropical rainforest in the world.",General Trivia,World Facts
Choose the correct answer: What is Mount Everest's approximate height?,"About 8,849 meters",Rabindranath Tagore,Andhra Pradesh,Burj Khalifa,"A) About 8,849 meters","Mount Everest, the world's highest peak, stands at approximately 8,849 meters above sea level.",General Trivia,World Facts
Choose the correct answer: What is the national flower of India?,Archaeology,Lotus,China,New Delhi,B) Lotus,"The lotus is the national flower of India, symbolizing purity.",General Trivia,India Facts
Quiz question: What is the tallest waterfall in the world?,Saturn (closely followed by Jupiter),Archaeology,Thomas Edison,Angel Falls (Venezuela),D) Angel Falls (Venezuela),"Angel Falls, located in Venezuela, is the world's tallest uninterrupted waterfall.",General Trivia,Records
"Which is considered one of the world's earliest centers of higher learning, located in ancient India?",Mango,Nalanda University,The Nile,Christianity,B) Nalanda University,"Nalanda University in ancient India, established around the 5th century CE, is considered one of the world's earliest centers of higher learning.",General Trivia,Firsts in the World
Quiz question: Which is the largest hot desert in the world?,New Delhi,The cheetah,"About 8,849 meters",The Sahara Desert,D) The Sahara Desert,The Sahara Desert in Africa is the largest hot desert in the world.,General Trivia,World Facts
"Quiz question: Which is considered one of the world's earliest centers of higher learning, located in ancient India?",Saturn (closely followed by Jupiter),Nalanda University,The video game industry,Vatican City,B) Nalanda University,"Nalanda University in ancient India, established around the 5th century CE, is considered one of the world's earliest centers of higher learning.",General Trivia,Firsts in the World
Choose the correct answer: What is Mount Everest's approximate height?,Peacock,"About 8,849 meters",India,The Mariana Trench,"B) About 8,849 meters","Mount Everest, the world's highest peak, stands at approximately 8,849 meters above sea level.",General Trivia,World Facts
"Quiz question: Which Indian city hosted the first modern Commonwealth Games in India, in 2010?",Christianity,New Delhi,Archaeology,Peacock,B) New Delhi,"New Delhi hosted the 2010 Commonwealth Games, the first time India hosted the event.",General Trivia,Firsts in India
Quiz question: Which is the tallest man-made structure in the world (as of the early 2020s)?,Alexander Graham Bell,New Zealand,The Amazon Rainforest,Burj Khalifa,D) Burj Khalifa,The Burj Khalifa in Dubai is the tallest man-made structure in the world.,General Trivia,Famous Places
Quiz question: What is the world's largest rainforest?,Christianity,Mango,Mandarin Chinese,The Amazon Rainforest,D) The Amazon Rainforest,"The Amazon Rainforest, located mainly in Brazil, is the largest tropical rainforest in the world.",General Trivia,World Facts
Which is the largest democracy in the world by population?,India,Andhra Pradesh,New Delhi,Angel Falls (Venezuela),A) India,India is widely recognized as the world's largest democracy by population.,General Trivia,World Facts
Quiz question: Which is the tallest man-made structure in the world (as of the early 2020s)?,Burj Khalifa,India,The video game industry,The Antarctic Desert,A) Burj Khalifa,The Burj Khalifa in Dubai is the tallest man-made structure in the world.,General Trivia,Famous Places
What is the study of ancient artifacts and human history called?,Mandarin Chinese,Greenland,Archaeology,"About 8,849 meters",C) Archaeology,Archaeology is the study of human history through the excavation and analysis of artifacts and physical remains.,General Trivia,Mixed Trivia
Quiz question: Which is the largest hot desert in the world?,The blue whale,Mango,Archaeology,The Sahara Desert,D) The Sahara Desert,The Sahara Desert in Africa is the largest hot desert in the world.,General Trivia,World Facts
"Quiz question: Who invented the light bulb (as a practical, commercially viable design)?","About 8,849 meters",The Nile,Thomas Edison,The video game industry,C) Thomas Edison,"Thomas Edison developed a practical, long-lasting incandescent light bulb in 1879.",General Trivia,Unusual Facts
Which country produces the most rice globally?,Vatican City,China,New Delhi,Mandarin Chinese,B) China,China is historically the world's largest producer of rice.,General Trivia,World Facts
Quiz question: Which country is known as the 'Land of the Rising Sun'?,Japan,Mango,Saturn (closely followed by Jupiter),Tiger,A) Japan,"Japan is known as the 'Land of the Rising Sun', reflected in its name meaning origin of the sun.",General Trivia,World Facts
"Which option correctly answers this: Who invented the light bulb (as a practical, commercially viable design)?",Vatican City,US Dollar,"About 8,849 meters",Thomas Edison,D) Thomas Edison,"Thomas Edison developed a practical, long-lasting incandescent light bulb in 1879.",General Trivia,Unusual Facts
Choose the correct answer: What is the national fruit of India?,Mango,Saturn (closely followed by Jupiter),The Great Barrier Reef,The video game industry,A) Mango,The mango is recognized as the national fruit of India.,General Trivia,India Facts
Which is the largest democracy in the world by population?,"About 8,849 meters",The Antarctic Desert,The Mariana Trench,India,D) India,India is widely recognized as the world's largest democracy by population.,General Trivia,World Facts
"Which Indian city hosted the first modern Commonwealth Games in India, in 2010?",US Dollar,China,Angel Falls (Venezuela),New Delhi,D) New Delhi,"New Delhi hosted the 2010 Commonwealth Games, the first time India hosted the event.",General Trivia,Firsts in India
"Who invented the light bulb (as a practical, commercially viable design)?",Alexander Graham Bell,Thomas Edison,New Zealand,The Nile,B) Thomas Edison,"Thomas Edison developed a practical, long-lasting incandescent light bulb in 1879.",General Trivia,Unusual Facts
Which option correctly answers this: What is the largest island in the world?,Greenland,Lotus,The Antarctic Desert,Thomas Edison,A) Greenland,"Greenland is the largest island in the world by area, excluding continental landmasses.",General Trivia,World Facts
What is the world's largest by-volume man-made lake or reservoir often cited in geography trivia?,Angel Falls (Venezuela),Lake Kariba (on the Zambia-Zimbabwe border),The Nile,Tiger,B) Lake Kariba (on the Zambia-Zimbabwe border),"Lake Kariba, formed by the Kariba Dam, is often cited as the world's largest reservoir by volume.",General Trivia,Records
Quiz question: What is the most widely practiced religion in the world by number of adherents?,Christianity,Tiger,The Antarctic Desert,The cheetah,A) Christianity,Christianity is generally considered the religion with the largest number of adherents worldwide.,General Trivia,World Facts
What is the largest desert in the world?,Mandarin Chinese,Japan,Archaeology,The Antarctic Desert,D) The Antarctic Desert,"The Antarctic Desert is technically the largest desert in the world by area, as deserts are defined by low precipitation, not just heat.",General Trivia,World Facts
Which option correctly answers this: What is the fastest land animal?,US Dollar,The cheetah,Rabindranath Tagore,The Taj Mahal,B) The cheetah,"The cheetah is the fastest land animal, capable of reaching speeds up to 100-120 km/h.",General Trivia,Amazing Facts
"Quiz question: Who invented the light bulb (as a practical, commercially viable design)?",Thomas Edison,New Delhi,Christianity,The Sahara Desert,A) Thomas Edison,"Thomas Edison developed a practical, long-lasting incandescent light bulb in 1879.",General Trivia,Unusual Facts
Which option correctly answers this: What is the world's largest by-volume man-made lake or reservoir often cited in geography trivia?,The cheetah,Bankim Chandra Chatterjee,Lake Kariba (on the Zambia-Zimbabwe border),Mandarin Chinese,C) Lake Kariba (on the Zambia-Zimbabwe border),"Lake Kariba, formed by the Kariba Dam, is often cited as the world's largest reservoir by volume.",General Trivia,Records
Choose the correct answer: What is the largest coral reef system in the world?,New Delhi,The Great Barrier Reef,US Dollar,Vatican City,B) The Great Barrier Reef,"The Great Barrier Reef, off the coast of Australia, is the world's largest coral reef system.",General Trivia,World Facts
Choose the correct answer: What is the world's largest rainforest?,The Amazon Rainforest,Tiger,New Zealand,Rabindranath Tagore,A) The Amazon Rainforest,"The Amazon Rainforest, located mainly in Brazil, is the largest tropical rainforest in the world.",General Trivia,World Facts
Which option correctly answers this: What is the world's largest rainforest?,The Amazon Rainforest,The blue whale,Alexander Graham Bell,Mandarin Chinese,A) The Amazon Rainforest,"The Amazon Rainforest, located mainly in Brazil, is the largest tropical rainforest in the world.",General Trivia,World Facts
Quiz question: Who invented the telephone?,Alexander Graham Bell,The Sahara Desert,New Delhi,China,A) Alexander Graham Bell,Alexander Graham Bell is credited with inventing the first practical telephone in 1876.,General Trivia,Unusual Facts
Which option correctly answers this: What is the world's most spoken native language?,Mandarin Chinese,Rabindranath Tagore,Christianity,The Mariana Trench,A) Mandarin Chinese,Mandarin Chinese has the largest number of native speakers of any language in the world.,General Trivia,World Facts
Choose the correct answer: What is the national animal of India?,US Dollar,Rabindranath Tagore,Tiger,Greenland,C) Tiger,The Bengal tiger is the national animal of India.,General Trivia,India Facts
Which is the tallest man-made structure in the world (as of the early 2020s)?,Burj Khalifa,Mango,The cheetah,Lake Kariba (on the Zambia-Zimbabwe border),A) Burj Khalifa,The Burj Khalifa in Dubai is the tallest man-made structure in the world.,General Trivia,Famous Places
What is the largest mammal in the world?,Japan,Peacock,The Sahara Desert,The blue whale,D) The blue whale,"The blue whale is the largest mammal, and indeed the largest animal, known to have ever existed.",General Trivia,Amazing Facts
Quiz question: Which was the first country to grant women the right to vote?,Nalanda University,The Taj Mahal,New Zealand,Andhra Pradesh,C) New Zealand,"New Zealand became the first self-governing country to grant women the right to vote, in 1893.",General Trivia,Firsts in the World
Which option correctly answers this: What is the largest coral reef system in the world?,The Antarctic Desert,Rabindranath Tagore,Alexander Graham Bell,The Great Barrier Reef,D) The Great Barrier Reef,"The Great Barrier Reef, off the coast of Australia, is the world's largest coral reef system.",General Trivia,World Facts
Who invented the telephone?,Alexander Graham Bell,The Great Barrier Reef,US Dollar,Burj Khalifa,A) Alexander Graham Bell,Alexander Graham Bell is credited with inventing the first practical telephone in 1876.,General Trivia,Unusual Facts
Quiz question: Which planet in our Solar System is known for having the most moons among the largest planets?,Vatican City,Saturn (closely followed by Jupiter),Thomas Edison,The Antarctic Desert,B) Saturn (closely followed by Jupiter),Saturn and Jupiter have the largest known number of moons among planets in our Solar System.,General Trivia,Amazing Facts
Choose the correct answer: What is the world's largest by-volume man-made lake or reservoir often cited in geography trivia?,Saturn (closely followed by Jupiter),The blue whale,Tiger,Lake Kariba (on the Zambia-Zimbabwe border),D) Lake Kariba (on the Zambia-Zimbabwe border),"Lake Kariba, formed by the Kariba Dam, is often cited as the world's largest reservoir by volume.",General Trivia,Records
Choose the correct answer: What is the world's largest rainforest?,Lake Kariba (on the Zambia-Zimbabwe border),The Sahara Desert,The Amazon Rainforest,Burj Khalifa,C) The Amazon Rainforest,"The Amazon Rainforest, located mainly in Brazil, is the largest tropical rainforest in the world.",General Trivia,World Facts
Which option correctly answers this: What is the national bird of India?,Angel Falls (Venezuela),Alexander Graham Bell,The cheetah,Peacock,D) Peacock,"The peacock is the national bird of India, known for its colorful plumage.",General Trivia,India Facts
Choose the correct answer: Which famous structure in India is one of the New Seven Wonders of the World?,Vatican City,The Taj Mahal,Japan,Peacock,B) The Taj Mahal,"The Taj Mahal, in Agra, India, is recognized as one of the New Seven Wonders of the World.",General Trivia,Famous Places
Quiz question: What is the world's most spoken native language?,Saturn (closely followed by Jupiter),Bankim Chandra Chatterjee,Mandarin Chinese,Vatican City,C) Mandarin Chinese,Mandarin Chinese has the largest number of native speakers of any language in the world.,General Trivia,World Facts
Choose the correct answer: Who wrote India's national song?,The blue whale,Saturn (closely followed by Jupiter),"About 8,849 meters",Bankim Chandra Chatterjee,D) Bankim Chandra Chatterjee,"Bankim Chandra Chatterjee wrote 'Vande Mataram', India's national song.",General Trivia,India Facts
Choose the correct answer: Which country is known as the 'Land of the Rising Sun'?,US Dollar,New Delhi,Japan,Saturn (closely followed by Jupiter),C) Japan,"Japan is known as the 'Land of the Rising Sun', reflected in its name meaning origin of the sun.",General Trivia,World Facts
What is the world's most spoken native language?,Vatican City,The blue whale,Saturn (closely followed by Jupiter),Mandarin Chinese,D) Mandarin Chinese,Mandarin Chinese has the largest number of native speakers of any language in the world.,General Trivia,World Facts
Which option correctly answers this: What is the national fruit of India?,Rabindranath Tagore,Vatican City,US Dollar,Mango,D) Mango,The mango is recognized as the national fruit of India.,General Trivia,India Facts
"Quiz question: Which Indian city hosted the first modern Commonwealth Games in India, in 2010?",New Zealand,New Delhi,Lake Kariba (on the Zambia-Zimbabwe border),The Taj Mahal,B) New Delhi,"New Delhi hosted the 2010 Commonwealth Games, the first time India hosted the event.",General Trivia,Firsts in India
Quiz question: What is the deepest known point in the world's oceans?,The Mariana Trench,Archaeology,The Sahara Desert,The video game industry,A) The Mariana Trench,"The Mariana Trench, in the Pacific Ocean, is the deepest known point in any of Earth's oceans.",General Trivia,Records
Which option correctly answers this: What is the largest coral reef system in the world?,Mango,The Nile,Rabindranath Tagore,The Great Barrier Reef,D) The Great Barrier Reef,"The Great Barrier Reef, off the coast of Australia, is the world's largest coral reef system.",General Trivia,World Facts
Which option correctly answers this: What is the world's most spoken native language?,The Taj Mahal,Mandarin Chinese,The Amazon Rainforest,The blue whale,B) Mandarin Chinese,Mandarin Chinese has the largest number of native speakers of any language in the world.,General Trivia,World Facts
Who wrote India's national anthem?,New Zealand,The Taj Mahal,The Mariana Trench,Rabindranath Tagore,D) Rabindranath Tagore,"Rabindranath Tagore composed 'Jana Gana Mana', India's national anthem.",General Trivia,India Facts
Choose the correct answer: Who wrote India's national song?,Rabindranath Tagore,Bankim Chandra Chatterjee,Thomas Edison,Mandarin Chinese,B) Bankim Chandra Chatterjee,"Bankim Chandra Chatterjee wrote 'Vande Mataram', India's national song.",General Trivia,India Facts
Quiz question: What is the largest coral reef system in the world?,Angel Falls (Venezuela),The Amazon Rainforest,China,The Great Barrier Reef,D) The Great Barrier Reef,"The Great Barrier Reef, off the coast of Australia, is the world's largest coral reef system.",General Trivia,World Facts
Quiz question: What is the national flower of India?,Saturn (closely followed by Jupiter),US Dollar,India,Lotus,D) Lotus,"The lotus is the national flower of India, symbolizing purity.",General Trivia,India Facts
Which option correctly answers this: Who wrote India's national anthem?,Lotus,Rabindranath Tagore,The blue whale,US Dollar,B) Rabindranath Tagore,"Rabindranath Tagore composed 'Jana Gana Mana', India's national anthem.",General Trivia,India Facts
Which option correctly answers this: What is Mount Everest's approximate height?,"About 8,849 meters",Lotus,Angel Falls (Venezuela),Mandarin Chinese,"A) About 8,849 meters","Mount Everest, the world's highest peak, stands at approximately 8,849 meters above sea level.",General Trivia,World Facts
What is the most widely practiced religion in the world by number of adherents?,The blue whale,Christianity,Angel Falls (Venezuela),Archaeology,B) Christianity,Christianity is generally considered the religion with the largest number of adherents worldwide.,General Trivia,World Facts
What is the world's most spoken native language?,Peacock,Saturn (closely followed by Jupiter),Japan,Mandarin Chinese,D) Mandarin Chinese,Mandarin Chinese has the largest number of native speakers of any language in the world.,General Trivia,World Facts
Which option correctly answers this: What is the largest coral reef system in the world?,Peacock,The Sahara Desert,The Great Barrier Reef,Bankim Chandra Chatterjee,C) The Great Barrier Reef,"The Great Barrier Reef, off the coast of Australia, is the world's largest coral reef system.",General Trivia,World Facts
"Quiz question: What is the highest-grossing form of entertainment industry globally often cited in trivia, alongside film?",The Amazon Rainforest,Mandarin Chinese,The video game industry,Tiger,C) The video game industry,"The global video game industry is frequently cited in trivia as a very high-grossing entertainment sector, often compared to or exceeding film.",General Trivia,Amazing Facts
Quiz question: Which is the largest democracy in the world by population?,The Amazon Rainforest,Bankim Chandra Chatterjee,India,China,C) India,India is widely recognized as the world's largest democracy by population.,General Trivia,World Facts
"Which option correctly answers this: Which Indian city hosted the first modern Commonwealth Games in India, in 2010?",New Delhi,The Sahara Desert,Alexander Graham Bell,Saturn (closely followed by Jupiter),A) New Delhi,"New Delhi hosted the 2010 Commonwealth Games, the first time India hosted the event.",General Trivia,Firsts in India
Quiz question: Which country produces the most rice globally?,Thomas Edison,China,Bankim Chandra Chatterjee,Archaeology,B) China,China is historically the world's largest producer of rice.,General Trivia,World Facts
Choose the correct answer: What is the largest mammal in the world?,The blue whale,Thomas Edison,Saturn (closely followed by Jupiter),The Great Barrier Reef,A) The blue whale,"The blue whale is the largest mammal, and indeed the largest animal, known to have ever existed.",General Trivia,Amazing Facts
Quiz question: What is the currency of the United States?,Christianity,Nalanda University,US Dollar,Thomas Edison,C) US Dollar,The official currency of the United States is the US Dollar.,General Trivia,World Facts
Choose the correct answer: What is the smallest country in the world by area?,The Mariana Trench,Vatican City,China,Nalanda University,B) Vatican City,Vatican City is the smallest independent country in the world by both area and population.,General Trivia,Records
"Which Indian city hosted the first modern Commonwealth Games in India, in 2010?",The Antarctic Desert,New Delhi,Andhra Pradesh,The blue whale,B) New Delhi,"New Delhi hosted the 2010 Commonwealth Games, the first time India hosted the event.",General Trivia,Firsts in India
Choose the correct answer: Which planet in our Solar System is known for having the most moons among the largest planets?,Saturn (closely followed by Jupiter),China,Lake Kariba (on the Zambia-Zimbabwe border),The Great Barrier Reef,A) Saturn (closely followed by Jupiter),Saturn and Jupiter have the largest known number of moons among planets in our Solar System.,General Trivia,Amazing Facts
Which is the tallest man-made structure in the world (as of the early 2020s)?,New Delhi,Burj Khalifa,Nalanda University,The video game industry,B) Burj Khalifa,The Burj Khalifa in Dubai is the tallest man-made structure in the world.,General Trivia,Famous Places
Choose the correct answer: What is the smallest country in the world by area?,Vatican City,Lotus,The Antarctic Desert,The Amazon Rainforest,A) Vatican City,Vatican City is the smallest independent country in the world by both area and population.,General Trivia,Records
Choose the correct answer: What is the national bird of India?,Mandarin Chinese,Thomas Edison,Peacock,The Mariana Trench,C) Peacock,"The peacock is the national bird of India, known for its colorful plumage.",General Trivia,India Facts
"Quiz question: Which Indian city hosted the first modern Commonwealth Games in India, in 2010?",New Delhi,Rabindranath Tagore,US Dollar,Mandarin Chinese,A) New Delhi,"New Delhi hosted the 2010 Commonwealth Games, the first time India hosted the event.",General Trivia,Firsts in India
"Which option correctly answers this: Which is considered one of the world's earliest centers of higher learning, located in ancient India?",Alexander Graham Bell,The Mariana Trench,Saturn (closely followed by Jupiter),Nalanda University,D) Nalanda University,"Nalanda University in ancient India, established around the 5th century CE, is considered one of the world's earliest centers of higher learning.",General Trivia,Firsts in the World
Choose the correct answer: What is the fastest land animal?,Angel Falls (Venezuela),Lake Kariba (on the Zambia-Zimbabwe border),The cheetah,Tiger,C) The cheetah,"The cheetah is the fastest land animal, capable of reaching speeds up to 100-120 km/h.",General Trivia,Amazing Facts
"Choose the correct answer: Who invented the light bulb (as a practical, commercially viable design)?",The Great Barrier Reef,New Delhi,Thomas Edison,Peacock,C) Thomas Edison,"Thomas Edison developed a practical, long-lasting incandescent light bulb in 1879.",General Trivia,Unusual Facts
Quiz question: Which is the tallest man-made structure in the world (as of the early 2020s)?,Burj Khalifa,Angel Falls (Venezuela),Peacock,Bankim Chandra Chatterjee,A) Burj Khalifa,The Burj Khalifa in Dubai is the tallest man-made structure in the world.,General Trivia,Famous Places
Quiz question: What is the world's largest rainforest?,Nalanda University,New Delhi,The Amazon Rainforest,The Taj Mahal,C) The Amazon Rainforest,"The Amazon Rainforest, located mainly in Brazil, is the largest tropical rainforest in the world.",General Trivia,World Facts
What is the national animal of India?,India,The Amazon Rainforest,Tiger,Thomas Edison,C) Tiger,The Bengal tiger is the national animal of India.,General Trivia,India Facts
Choose the correct answer: What is the largest mammal in the world?,Nalanda University,India,Angel Falls (Venezuela),The blue whale,D) The blue whale,"The blue whale is the largest mammal, and indeed the largest animal, known to have ever existed.",General Trivia,Amazing Facts
Quiz question: What is the largest coral reef system in the world?,Christianity,Bankim Chandra Chatterjee,Peacock,The Great Barrier Reef,D) The Great Barrier Reef,"The Great Barrier Reef, off the coast of Australia, is the world's largest coral reef system.",General Trivia,World Facts
Choose the correct answer: Which is the longest river in the world?,India,New Delhi,The Mariana Trench,The Nile,D) The Nile,The Nile River in Africa is generally considered the longest river in the world.,General Trivia,World Facts
Quiz question: What is the currency of the United States?,The Amazon Rainforest,The Taj Mahal,US Dollar,Rabindranath Tagore,C) US Dollar,The official currency of the United States is the US Dollar.,General Trivia,World Facts
Quiz question: Which was the first Indian state to be formed on a linguistic basis?,Andhra Pradesh,Christianity,Lake Kariba (on the Zambia-Zimbabwe border),New Zealand,A) Andhra Pradesh,"Andhra Pradesh was the first state in India to be organized on a linguistic basis, formed in 1953.",General Trivia,Firsts in India
Who wrote India's national song?,The video game industry,Bankim Chandra Chatterjee,The blue whale,Alexander Graham Bell,B) Bankim Chandra Chatterjee,"Bankim Chandra Chatterjee wrote 'Vande Mataram', India's national song.",General Trivia,India Facts
Choose the correct answer: Which was the first country to grant women the right to vote?,Greenland,The cheetah,New Zealand,Tiger,C) New Zealand,"New Zealand became the first self-governing country to grant women the right to vote, in 1893.",General Trivia,Firsts in the World
Which option correctly answers this: What is the most widely practiced religion in the world by number of adherents?,China,US Dollar,Christianity,Andhra Pradesh,C) Christianity,Christianity is generally considered the religion with the largest number of adherents worldwide.,General Trivia,World Facts
Quiz question: Who wrote India's national anthem?,Angel Falls (Venezuela),Rabindranath Tagore,Lake Kariba (on the Zambia-Zimbabwe border),The Antarctic Desert,B) Rabindranath Tagore,"Rabindranath Tagore composed 'Jana Gana Mana', India's national anthem.",General Trivia,India Facts
Which option correctly answers this: What is the largest island in the world?,Greenland,The Mariana Trench,The Taj Mahal,Angel Falls (Venezuela),A) Greenland,"Greenland is the largest island in the world by area, excluding continental landmasses.",General Trivia,World Facts
Which option correctly answers this: Who wrote India's national song?,Rabindranath Tagore,Lake Kariba (on the Zambia-Zimbabwe border),Bankim Chandra Chatterjee,The blue whale,C) Bankim Chandra Chatterjee,"Bankim Chandra Chatterjee wrote 'Vande Mataram', India's national song.",General Trivia,India Facts
Which option correctly answers this: Who invented the telephone?,Burj Khalifa,The Antarctic Desert,Lotus,Alexander Graham Bell,D) Alexander Graham Bell,Alexander Graham Bell is credited with inventing the first practical telephone in 1876.,General Trivia,Unusual Facts
Choose the correct answer: What is the fastest land animal?,Angel Falls (Venezuela),The video game industry,Lake Kariba (on the Zambia-Zimbabwe border),The cheetah,D) The cheetah,"The cheetah is the fastest land animal, capable of reaching speeds up to 100-120 km/h.",General Trivia,Amazing Facts
What is the national animal of India?,Thomas Edison,Tiger,"About 8,849 meters",Peacock,B) Tiger,The Bengal tiger is the national animal of India.,General Trivia,India Facts
Choose the correct answer: What is the national flower of India?,Andhra Pradesh,Lotus,Mango,Japan,B) Lotus,"The lotus is the national flower of India, symbolizing purity.",General Trivia,India Facts
Quiz question: What is the deepest known point in the world's oceans?,Japan,Archaeology,The Nile,The Mariana Trench,D) The Mariana Trench,"The Mariana Trench, in the Pacific Ocean, is the deepest known point in any of Earth's oceans.",General Trivia,Records
What is the world's most spoken native language?,Mandarin Chinese,Vatican City,Andhra Pradesh,Thomas Edison,A) Mandarin Chinese,Mandarin Chinese has the largest number of native speakers of any language in the world.,General Trivia,World Facts
What is the world's largest rainforest?,Lotus,"About 8,849 meters",The video game industry,The Amazon Rainforest,D) The Amazon Rainforest,"The Amazon Rainforest, located mainly in Brazil, is the largest tropical rainforest in the world.",General Trivia,World Facts
Which option correctly answers this: Who wrote India's national song?,Thomas Edison,Archaeology,The video game industry,Bankim Chandra Chatterjee,D) Bankim Chandra Chatterjee,"Bankim Chandra Chatterjee wrote 'Vande Mataram', India's national song.",General Trivia,India Facts
Choose the correct answer: Which is the longest river in the world?,India,Angel Falls (Venezuela),The Nile,Thomas Edison,C) The Nile,The Nile River in Africa is generally considered the longest river in the world.,General Trivia,World Facts
"Which option correctly answers this: What is the highest-grossing form of entertainment industry globally often cited in trivia, alongside film?",Lake Kariba (on the Zambia-Zimbabwe border),China,The Mariana Trench,The video game industry,D) The video game industry,"The global video game industry is frequently cited in trivia as a very high-grossing entertainment sector, often compared to or exceeding film.",General Trivia,Amazing Facts
Choose the correct answer: What is the largest desert in the world?,The Amazon Rainforest,Lotus,Tiger,The Antarctic Desert,D) The Antarctic Desert,"The Antarctic Desert is technically the largest desert in the world by area, as deserts are defined by low precipitation, not just heat.",General Trivia,World Facts
Which option correctly answers this: Which was the first country to grant women the right to vote?,New Zealand,The Antarctic Desert,Lake Kariba (on the Zambia-Zimbabwe border),Angel Falls (Venezuela),A) New Zealand,"New Zealand became the first self-governing country to grant women the right to vote, in 1893.",General Trivia,Firsts in the World
Which option correctly answers this: Which is the largest democracy in the world by population?,US Dollar,India,Lake Kariba (on the Zambia-Zimbabwe border),Saturn (closely followed by Jupiter),B) India,India is widely recognized as the world's largest democracy by population.,General Trivia,World Facts
Choose the correct answer: What is the national bird of India?,Peacock,Lake Kariba (on the Zambia-Zimbabwe border),China,The Sahara Desert,A) Peacock,"The peacock is the national bird of India, known for its colorful plumage.",General Trivia,India Facts
Choose the correct answer: Who wrote India's national anthem?,Tiger,Rabindranath Tagore,Vatican City,Andhra Pradesh,B) Rabindranath Tagore,"Rabindranath Tagore composed 'Jana Gana Mana', India's national anthem.",General Trivia,India Facts
Who wrote India's national anthem?,Rabindranath Tagore,Nalanda University,Christianity,The Sahara Desert,A) Rabindranath Tagore,"Rabindranath Tagore composed 'Jana Gana Mana', India's national anthem.",General Trivia,India Facts
What is Mount Everest's approximate height?,New Delhi,Saturn (closely followed by Jupiter),"About 8,849 meters",The Taj Mahal,"C) About 8,849 meters","Mount Everest, the world's highest peak, stands at approximately 8,849 meters above sea level.",General Trivia,World Facts
Choose the correct answer: What is the fastest land animal?,The Antarctic Desert,Burj Khalifa,The video game industry,The cheetah,D) The cheetah,"The cheetah is the fastest land animal, capable of reaching speeds up to 100-120 km/h.",General Trivia,Amazing Facts
Quiz question: Which is the largest hot desert in the world?,The Sahara Desert,Alexander Graham Bell,Angel Falls (Venezuela),The video game industry,A) The Sahara Desert,The Sahara Desert in Africa is the largest hot desert in the world.,General Trivia,World Facts
Quiz question: What is the largest desert in the world?,The Antarctic Desert,The cheetah,Christianity,Angel Falls (Venezuela),A) The Antarctic Desert,"The Antarctic Desert is technically the largest desert in the world by area, as deserts are defined by low precipitation, not just heat.",General Trivia,World Facts
"Which is considered one of the world's earliest centers of higher learning, located in ancient India?",New Delhi,The Great Barrier Reef,Rabindranath Tagore,Nalanda University,D) Nalanda University,"Nalanda University in ancient India, established around the 5th century CE, is considered one of the world's earliest centers of higher learning.",General Trivia,Firsts in the World
"Quiz question: What is the highest-grossing form of entertainment industry globally often cited in trivia, alongside film?",The Antarctic Desert,The Sahara Desert,Greenland,The video game industry,D) The video game industry,"The global video game industry is frequently cited in trivia as a very high-grossing entertainment sector, often compared to or exceeding film.",General Trivia,Amazing Facts
Quiz question: What is the national flower of India?,Archaeology,The Sahara Desert,Lotus,Angel Falls (Venezuela),C) Lotus,"The lotus is the national flower of India, symbolizing purity.",General Trivia,India Facts
Choose the correct answer: Which famous structure in India is one of the New Seven Wonders of the World?,The Taj Mahal,Archaeology,The blue whale,Japan,A) The Taj Mahal,"The Taj Mahal, in Agra, India, is recognized as one of the New Seven Wonders of the World.",General Trivia,Famous Places
Which option correctly answers this: What is the largest desert in the world?,The video game industry,The Antarctic Desert,Mandarin Chinese,Mango,B) The Antarctic Desert,"The Antarctic Desert is technically the largest desert in the world by area, as deserts are defined by low precipitation, not just heat.",General Trivia,World Facts
Which option correctly answers this: What is the world's largest rainforest?,The Amazon Rainforest,Thomas Edison,India,The video game industry,A) The Amazon Rainforest,"The Amazon Rainforest, located mainly in Brazil, is the largest tropical rainforest in the world.",General Trivia,World Facts
Quiz question: Which is the largest democracy in the world by population?,Bankim Chandra Chatterjee,Christianity,Peacock,India,D) India,India is widely recognized as the world's largest democracy by population.,General Trivia,World Facts
Choose the correct answer: What is the tallest waterfall in the world?,Mandarin Chinese,Angel Falls (Venezuela),The Nile,Thomas Edison,B) Angel Falls (Venezuela),"Angel Falls, located in Venezuela, is the world's tallest uninterrupted waterfall.",General Trivia,Records
Choose the correct answer: What is the national flower of India?,The Sahara Desert,New Zealand,Bankim Chandra Chatterjee,Lotus,D) Lotus,"The lotus is the national flower of India, symbolizing purity.",General Trivia,India Facts
What is the national fruit of India?,Mango,The blue whale,Thomas Edison,Archaeology,A) Mango,The mango is recognized as the national fruit of India.,General Trivia,India Facts
Choose the correct answer: Who wrote India's national song?,Rabindranath Tagore,Alexander Graham Bell,Bankim Chandra Chatterjee,New Zealand,C) Bankim Chandra Chatterjee,"Bankim Chandra Chatterjee wrote 'Vande Mataram', India's national song.",General Trivia,India Facts
What is Mount Everest's approximate height?,The cheetah,"About 8,849 meters",India,Tiger,"B) About 8,849 meters","Mount Everest, the world's highest peak, stands at approximately 8,849 meters above sea level.",General Trivia,World Facts
Choose the correct answer: What is the largest coral reef system in the world?,The Great Barrier Reef,Angel Falls (Venezuela),China,Alexander Graham Bell,A) The Great Barrier Reef,"The Great Barrier Reef, off the coast of Australia, is the world's largest coral reef system.",General Trivia,World Facts
Which option correctly answers this: Which is the longest river in the world?,Alexander Graham Bell,The Nile,Mandarin Chinese,Japan,B) The Nile,The Nile River in Africa is generally considered the longest river in the world.,General Trivia,World Facts
What is the national fruit of India?,Mango,Tiger,Peacock,Thomas Edison,A) Mango,The mango is recognized as the national fruit of India.,General Trivia,India Facts
Which option correctly answers this: What is the national flower of India?,Lotus,The Mariana Trench,Rabindranath Tagore,Alexander Graham Bell,A) Lotus,"The lotus is the national flower of India, symbolizing purity.",General Trivia,India Facts
What is the national animal of India?,Tiger,Burj Khalifa,The Nile,The Taj Mahal,A) Tiger,The Bengal tiger is the national animal of India.,General Trivia,India Facts
What is the study of ancient artifacts and human history called?,"About 8,849 meters",Archaeology,China,Lotus,B) Archaeology,Archaeology is the study of human history through the excavation and analysis of artifacts and physical remains.,General Trivia,Mixed Trivia
Quiz question: What is the most widely practiced religion in the world by number of adherents?,Greenland,Christianity,The Antarctic Desert,Lotus,B) Christianity,Christianity is generally considered the religion with the largest number of adherents worldwide.,General Trivia,World Facts
Which country produces the most rice globally?,China,Archaeology,Lake Kariba (on the Zambia-Zimbabwe border),Thomas Edison,A) China,China is historically the world's largest producer of rice.,General Trivia,World Facts
Choose the correct answer: What is the deepest known point in the world's oceans?,The Mariana Trench,Bankim Chandra Chatterjee,Rabindranath Tagore,New Delhi,A) The Mariana Trench,"The Mariana Trench, in the Pacific Ocean, is the deepest known point in any of Earth's oceans.",General Trivia,Records
Which option correctly answers this: Which country is known as the 'Land of the Rising Sun'?,Mango,Japan,Lotus,Greenland,B) Japan,"Japan is known as the 'Land of the Rising Sun', reflected in its name meaning origin of the sun.",General Trivia,World Facts
Choose the correct answer: Which famous structure in India is one of the New Seven Wonders of the World?,Angel Falls (Venezuela),The Taj Mahal,Archaeology,Alexander Graham Bell,B) The Taj Mahal,"The Taj Mahal, in Agra, India, is recognized as one of the New Seven Wonders of the World.",General Trivia,Famous Places
"Quiz question: Which Indian city hosted the first modern Commonwealth Games in India, in 2010?",The Taj Mahal,Japan,New Delhi,The Amazon Rainforest,C) New Delhi,"New Delhi hosted the 2010 Commonwealth Games, the first time India hosted the event.",General Trivia,Firsts in India
What is the smallest country in the world by area?,Andhra Pradesh,The Mariana Trench,Vatican City,Thomas Edison,C) Vatican City,Vatican City is the smallest independent country in the world by both area and population.,General Trivia,Records
"Quiz question: Which Indian city hosted the first modern Commonwealth Games in India, in 2010?",Tiger,Alexander Graham Bell,Saturn (closely followed by Jupiter),New Delhi,D) New Delhi,"New Delhi hosted the 2010 Commonwealth Games, the first time India hosted the event.",General Trivia,Firsts in India
"Which is considered one of the world's earliest centers of higher learning, located in ancient India?",Lake Kariba (on the Zambia-Zimbabwe border),Saturn (closely followed by Jupiter),Nalanda University,Japan,C) Nalanda University,"Nalanda University in ancient India, established around the 5th century CE, is considered one of the world's earliest centers of higher learning.",General Trivia,Firsts in the World
Choose the correct answer: What is Mount Everest's approximate height?,"About 8,849 meters",The Mariana Trench,Japan,Angel Falls (Venezuela),"A) About 8,849 meters","Mount Everest, the world's highest peak, stands at approximately 8,849 meters above sea level.",General Trivia,World Facts
Which option correctly answers this: Which was the first Indian state to be formed on a linguistic basis?,Alexander Graham Bell,Vatican City,Andhra Pradesh,The Sahara Desert,C) Andhra Pradesh,"Andhra Pradesh was the first state in India to be organized on a linguistic basis, formed in 1953.",General Trivia,Firsts in India
Which option correctly answers this: Which planet in our Solar System is known for having the most moons among the largest planets?,The video game industry,India,Saturn (closely followed by Jupiter),US Dollar,C) Saturn (closely followed by Jupiter),Saturn and Jupiter have the largest known number of moons among planets in our Solar System.,General Trivia,Amazing Facts
Which option correctly answers this: What is the national flower of India?,Lotus,Lake Kariba (on the Zambia-Zimbabwe border),China,Vatican City,A) Lotus,"The lotus is the national flower of India, symbolizing purity.",General Trivia,India Facts
Choose the correct answer: Which was the first country to grant women the right to vote?,The Mariana Trench,Nalanda University,The cheetah,New Zealand,D) New Zealand,"New Zealand became the first self-governing country to grant women the right to vote, in 1893.",General Trivia,Firsts in the World
Which is the largest hot desert in the world?,Thomas Edison,The Sahara Desert,Angel Falls (Venezuela),The cheetah,B) The Sahara Desert,The Sahara Desert in Africa is the largest hot desert in the world.,General Trivia,World Facts
Quiz question: Which is the longest river in the world?,The Nile,Mandarin Chinese,Mango,Archaeology,A) The Nile,The Nile River in Africa is generally considered the longest river in the world.,General Trivia,World Facts
"Choose the correct answer: Who invented the light bulb (as a practical, commercially viable design)?",Thomas Edison,The Nile,The Amazon Rainforest,Mango,A) Thomas Edison,"Thomas Edison developed a practical, long-lasting incandescent light bulb in 1879.",General Trivia,Unusual Facts
Who invented the telephone?,The blue whale,Christianity,Alexander Graham Bell,New Delhi,C) Alexander Graham Bell,Alexander Graham Bell is credited with inventing the first practical telephone in 1876.,General Trivia,Unusual Facts
Choose the correct answer: What is the tallest waterfall in the world?,New Delhi,Angel Falls (Venezuela),The cheetah,US Dollar,B) Angel Falls (Venezuela),"Angel Falls, located in Venezuela, is the world's tallest uninterrupted waterfall.",General Trivia,Records
"Quiz question: Which is considered one of the world's earliest centers of higher learning, located in ancient India?",Mango,Peacock,Nalanda University,Archaeology,C) Nalanda University,"Nalanda University in ancient India, established around the 5th century CE, is considered one of the world's earliest centers of higher learning.",General Trivia,Firsts in the World
Quiz question: What is the largest mammal in the world?,Bankim Chandra Chatterjee,Saturn (closely followed by Jupiter),The blue whale,Lake Kariba (on the Zambia-Zimbabwe border),C) The blue whale,"The blue whale is the largest mammal, and indeed the largest animal, known to have ever existed.",General Trivia,Amazing Facts
Which option correctly answers this: What is the national bird of India?,Peacock,The Taj Mahal,The video game industry,Bankim Chandra Chatterjee,A) Peacock,"The peacock is the national bird of India, known for its colorful plumage.",General Trivia,India Facts
Which option correctly answers this: What is the currency of the United States?,The Taj Mahal,US Dollar,Thomas Edison,Angel Falls (Venezuela),B) US Dollar,The official currency of the United States is the US Dollar.,General Trivia,World Facts
"Which option correctly answers this: Who invented the light bulb (as a practical, commercially viable design)?",Thomas Edison,The video game industry,New Delhi,Greenland,A) Thomas Edison,"Thomas Edison developed a practical, long-lasting incandescent light bulb in 1879.",General Trivia,Unusual Facts
What is the national fruit of India?,India,Mango,The Sahara Desert,Peacock,B) Mango,The mango is recognized as the national fruit of India.,General Trivia,India Facts
Choose the correct answer: Which planet in our Solar System is known for having the most moons among the largest planets?,Lake Kariba (on the Zambia-Zimbabwe border),Bankim Chandra Chatterjee,The Taj Mahal,Saturn (closely followed by Jupiter),D) Saturn (closely followed by Jupiter),Saturn and Jupiter have the largest known number of moons among planets in our Solar System.,General Trivia,Amazing Facts
Choose the correct answer: Who invented the telephone?,US Dollar,Alexander Graham Bell,Christianity,India,B) Alexander Graham Bell,Alexander Graham Bell is credited with inventing the first practical telephone in 1876.,General Trivia,Unusual Facts
Which option correctly answers this: What is the largest island in the world?,Mandarin Chinese,Saturn (closely followed by Jupiter),Thomas Edison,Greenland,D) Greenland,"Greenland is the largest island in the world by area, excluding continental landmasses.",General Trivia,World Facts
Choose the correct answer: What is the national animal of India?,The video game industry,Tiger,Andhra Pradesh,Christianity,B) Tiger,The Bengal tiger is the national animal of India.,General Trivia,India Facts
Which option correctly answers this: What is the largest island in the world?,The Mariana Trench,Thomas Edison,Andhra Pradesh,Greenland,D) Greenland,"Greenland is the largest island in the world by area, excluding continental landmasses.",General Trivia,World Facts
Which country produces the most rice globally?,Mandarin Chinese,The cheetah,The video game industry,China,D) China,China is historically the world's largest producer of rice.,General Trivia,World Facts
Quiz question: What is the tallest waterfall in the world?,New Delhi,Thomas Edison,Peacock,Angel Falls (Venezuela),D) Angel Falls (Venezuela),"Angel Falls, located in Venezuela, is the world's tallest uninterrupted waterfall.",General Trivia,Records
What is the fastest land animal?,Thomas Edison,India,New Delhi,The cheetah,D) The cheetah,"The cheetah is the fastest land animal, capable of reaching speeds up to 100-120 km/h.",General Trivia,Amazing Facts
"Which option correctly answers this: Which is considered one of the world's earliest centers of higher learning, located in ancient India?",Alexander Graham Bell,Nalanda University,Lake Kariba (on the Zambia-Zimbabwe border),The Amazon Rainforest,B) Nalanda University,"Nalanda University in ancient India, established around the 5th century CE, is considered one of the world's earliest centers of higher learning.",General Trivia,Firsts in the World
Choose the correct answer: Which is the tallest man-made structure in the world (as of the early 2020s)?,The Sahara Desert,The blue whale,Vatican City,Burj Khalifa,D) Burj Khalifa,The Burj Khalifa in Dubai is the tallest man-made structure in the world.,General Trivia,Famous Places
Choose the correct answer: Which was the first country to grant women the right to vote?,Tiger,New Zealand,Peacock,The Taj Mahal,B) New Zealand,"New Zealand became the first self-governing country to grant women the right to vote, in 1893.",General Trivia,Firsts in the World
Which was the first country to grant women the right to vote?,The Antarctic Desert,New Zealand,Japan,The Mariana Trench,B) New Zealand,"New Zealand became the first self-governing country to grant women the right to vote, in 1893.",General Trivia,Firsts in the World
Which country produces the most rice globally?,New Zealand,Burj Khalifa,The Amazon Rainforest,China,D) China,China is historically the world's largest producer of rice.,General Trivia,World Facts
What is the national bird of India?,Peacock,New Zealand,Tiger,Nalanda University,A) Peacock,"The peacock is the national bird of India, known for its colorful plumage.",General Trivia,India Facts
"Choose the correct answer: Who invented the light bulb (as a practical, commercially viable design)?",Thomas Edison,Bankim Chandra Chatterjee,Alexander Graham Bell,Peacock,A) Thomas Edison,"Thomas Edison developed a practical, long-lasting incandescent light bulb in 1879.",General Trivia,Unusual Facts
Who invented the telephone?,Alexander Graham Bell,Peacock,The Mariana Trench,The cheetah,A) Alexander Graham Bell,Alexander Graham Bell is credited with inventing the first practical telephone in 1876.,General Trivia,Unusual Facts
"Which Indian city hosted the first modern Commonwealth Games in India, in 2010?",China,New Delhi,Lake Kariba (on the Zambia-Zimbabwe border),Thomas Edison,B) New Delhi,"New Delhi hosted the 2010 Commonwealth Games, the first time India hosted the event.",General Trivia,Firsts in India
What is the smallest country in the world by area?,Peacock,Lotus,Mango,Vatican City,D) Vatican City,Vatican City is the smallest independent country in the world by both area and population.,General Trivia,Records
Which option correctly answers this: Which famous structure in India is one of the New Seven Wonders of the World?,The Taj Mahal,New Delhi,The Antarctic Desert,India,A) The Taj Mahal,"The Taj Mahal, in Agra, India, is recognized as one of the New Seven Wonders of the World.",General Trivia,Famous Places
Quiz question: What is the largest desert in the world?,The video game industry,Angel Falls (Venezuela),The Antarctic Desert,Nalanda University,C) The Antarctic Desert,"The Antarctic Desert is technically the largest desert in the world by area, as deserts are defined by low precipitation, not just heat.",General Trivia,World Facts
Which option correctly answers this: Which is the longest river in the world?,India,Tiger,The Great Barrier Reef,The Nile,D) The Nile,The Nile River in Africa is generally considered the longest river in the world.,General Trivia,World Facts
What is the most widely practiced religion in the world by number of adherents?,New Zealand,Angel Falls (Venezuela),Archaeology,Christianity,D) Christianity,Christianity is generally considered the religion with the largest number of adherents worldwide.,General Trivia,World Facts
Which option correctly answers this: What is the largest mammal in the world?,Christianity,The blue whale,"About 8,849 meters",Peacock,B) The blue whale,"The blue whale is the largest mammal, and indeed the largest animal, known to have ever existed.",General Trivia,Amazing Facts
"Choose the correct answer: What is the highest-grossing form of entertainment industry globally often cited in trivia, alongside film?",The video game industry,US Dollar,Mango,The cheetah,A) The video game industry,"The global video game industry is frequently cited in trivia as a very high-grossing entertainment sector, often compared to or exceeding film.",General Trivia,Amazing Facts
Which option correctly answers this: Which is the largest democracy in the world by population?,New Delhi,The Sahara Desert,India,Mango,C) India,India is widely recognized as the world's largest democracy by population.,General Trivia,World Facts
Quiz question: What is the largest island in the world?,The Antarctic Desert,The blue whale,Greenland,Peacock,C) Greenland,"Greenland is the largest island in the world by area, excluding continental landmasses.",General Trivia,World Facts
Quiz question: Which was the first country to grant women the right to vote?,The Amazon Rainforest,"About 8,849 meters",New Zealand,Tiger,C) New Zealand,"New Zealand became the first self-governing country to grant women the right to vote, in 1893.",General Trivia,Firsts in the World
Which country is known as the 'Land of the Rising Sun'?,Japan,India,Archaeology,"About 8,849 meters",A) Japan,"Japan is known as the 'Land of the Rising Sun', reflected in its name meaning origin of the sun.",General Trivia,World Facts
Which country is known as the 'Land of the Rising Sun'?,Japan,Alexander Graham Bell,Saturn (closely followed by Jupiter),Mandarin Chinese,A) Japan,"Japan is known as the 'Land of the Rising Sun', reflected in its name meaning origin of the sun.",General Trivia,World Facts
Choose the correct answer: Which is the largest hot desert in the world?,The Sahara Desert,The video game industry,Lake Kariba (on the Zambia-Zimbabwe border),Thomas Edison,A) The Sahara Desert,The Sahara Desert in Africa is the largest hot desert in the world.,General Trivia,World Facts
Which option correctly answers this: What is the study of ancient artifacts and human history called?,China,The blue whale,Mandarin Chinese,Archaeology,D) Archaeology,Archaeology is the study of human history through the excavation and analysis of artifacts and physical remains.,General Trivia,Mixed Trivia
"Choose the correct answer: Which is considered one of the world's earliest centers of higher learning, located in ancient India?",The Great Barrier Reef,US Dollar,Thomas Edison,Nalanda University,D) Nalanda University,"Nalanda University in ancient India, established around the 5th century CE, is considered one of the world's earliest centers of higher learning.",General Trivia,Firsts in the World
Choose the correct answer: Which is the largest democracy in the world by population?,"About 8,849 meters",India,Saturn (closely followed by Jupiter),Lake Kariba (on the Zambia-Zimbabwe border),B) India,India is widely recognized as the world's largest democracy by population.,General Trivia,World Facts
Quiz question: Which famous structure in India is one of the New Seven Wonders of the World?,Burj Khalifa,The video game industry,Christianity,The Taj Mahal,D) The Taj Mahal,"The Taj Mahal, in Agra, India, is recognized as one of the New Seven Wonders of the World.",General Trivia,Famous Places
Quiz question: What is the largest island in the world?,The Amazon Rainforest,Greenland,The cheetah,Lake Kariba (on the Zambia-Zimbabwe border),B) Greenland,"Greenland is the largest island in the world by area, excluding continental landmasses.",General Trivia,World Facts
Which was the first country to grant women the right to vote?,Mango,New Zealand,"About 8,849 meters",Andhra Pradesh,B) New Zealand,"New Zealand became the first self-governing country to grant women the right to vote, in 1893.",General Trivia,Firsts in the World
Quiz question: Who wrote India's national anthem?,Greenland,"About 8,849 meters",Rabindranath Tagore,China,C) Rabindranath Tagore,"Rabindranath Tagore composed 'Jana Gana Mana', India's national anthem.",General Trivia,India Facts
"Which is considered one of the world's earliest centers of higher learning, located in ancient India?",Nalanda University,Christianity,Thomas Edison,Peacock,A) Nalanda University,"Nalanda University in ancient India, established around the 5th century CE, is considered one of the world's earliest centers of higher learning.",General Trivia,Firsts in the World
"Which option correctly answers this: What is the highest-grossing form of entertainment industry globally often cited in trivia, alongside film?",The video game industry,Angel Falls (Venezuela),The Sahara Desert,Japan,A) The video game industry,"The global video game industry is frequently cited in trivia as a very high-grossing entertainment sector, often compared to or exceeding film.",General Trivia,Amazing Facts
Which option correctly answers this: What is the largest desert in the world?,Bankim Chandra Chatterjee,US Dollar,Christianity,The Antarctic Desert,D) The Antarctic Desert,"The Antarctic Desert is technically the largest desert in the world by area, as deserts are defined by low precipitation, not just heat.",General Trivia,World Facts
Quiz question: What is the currency of the United States?,Rabindranath Tagore,US Dollar,The blue whale,The cheetah,B) US Dollar,The official currency of the United States is the US Dollar.,General Trivia,World Facts
Choose the correct answer: What is the world's most spoken native language?,Andhra Pradesh,Christianity,Mandarin Chinese,Greenland,C) Mandarin Chinese,Mandarin Chinese has the largest number of native speakers of any language in the world.,General Trivia,World Facts
Choose the correct answer: What is the largest desert in the world?,Alexander Graham Bell,The Antarctic Desert,Mango,The blue whale,B) The Antarctic Desert,"The Antarctic Desert is technically the largest desert in the world by area, as deserts are defined by low precipitation, not just heat.",General Trivia,World Facts
Quiz question: What is the tallest waterfall in the world?,Angel Falls (Venezuela),The Taj Mahal,The Amazon Rainforest,India,A) Angel Falls (Venezuela),"Angel Falls, located in Venezuela, is the world's tallest uninterrupted waterfall.",General Trivia,Records
Which country is known as the 'Land of the Rising Sun'?,The Great Barrier Reef,Tiger,Burj Khalifa,Japan,D) Japan,"Japan is known as the 'Land of the Rising Sun', reflected in its name meaning origin of the sun.",General Trivia,World Facts
Quiz question: What is the world's largest rainforest?,China,The Mariana Trench,The Amazon Rainforest,The video game industry,C) The Amazon Rainforest,"The Amazon Rainforest, located mainly in Brazil, is the largest tropical rainforest in the world.",General Trivia,World Facts
What is the fastest land animal?,Burj Khalifa,The cheetah,Mandarin Chinese,"About 8,849 meters",B) The cheetah,"The cheetah is the fastest land animal, capable of reaching speeds up to 100-120 km/h.",General Trivia,Amazing Facts
Which is the longest river in the world?,Lake Kariba (on the Zambia-Zimbabwe border),Archaeology,The Nile,The Taj Mahal,C) The Nile,The Nile River in Africa is generally considered the longest river in the world.,General Trivia,World Facts
Quiz question: What is the largest coral reef system in the world?,The Great Barrier Reef,Mango,Mandarin Chinese,The cheetah,A) The Great Barrier Reef,"The Great Barrier Reef, off the coast of Australia, is the world's largest coral reef system.",General Trivia,World Facts
Which option correctly answers this: Which country is known as the 'Land of the Rising Sun'?,Greenland,The blue whale,Vatican City,Japan,D) Japan,"Japan is known as the 'Land of the Rising Sun', reflected in its name meaning origin of the sun.",General Trivia,World Facts
Quiz question: What is the smallest country in the world by area?,Vatican City,The Nile,Burj Khalifa,Alexander Graham Bell,A) Vatican City,Vatican City is the smallest independent country in the world by both area and population.,General Trivia,Records
Choose the correct answer: What is the national bird of India?,The Taj Mahal,Christianity,Nalanda University,Peacock,D) Peacock,"The peacock is the national bird of India, known for its colorful plumage.",General Trivia,India Facts
Choose the correct answer: What is the fastest land animal?,The cheetah,New Zealand,Saturn (closely followed by Jupiter),The Taj Mahal,A) The cheetah,"The cheetah is the fastest land animal, capable of reaching speeds up to 100-120 km/h.",General Trivia,Amazing Facts
Choose the correct answer: What is the tallest waterfall in the world?,The Antarctic Desert,Burj Khalifa,The Mariana Trench,Angel Falls (Venezuela),D) Angel Falls (Venezuela),"Angel Falls, located in Venezuela, is the world's tallest uninterrupted waterfall.",General Trivia,Records
Which option correctly answers this: Which is the longest river in the world?,Christianity,Andhra Pradesh,The Nile,Mango,C) The Nile,The Nile River in Africa is generally considered the longest river in the world.,General Trivia,World Facts
"Which is considered one of the world's earliest centers of higher learning, located in ancient India?",US Dollar,Tiger,Vatican City,Nalanda University,D) Nalanda University,"Nalanda University in ancient India, established around the 5th century CE, is considered one of the world's earliest centers of higher learning.",General Trivia,Firsts in the World
Which option correctly answers this: What is the national bird of India?,India,"About 8,849 meters",Peacock,The cheetah,C) Peacock,"The peacock is the national bird of India, known for its colorful plumage.",General Trivia,India Facts
Which option correctly answers this: What is the fastest land animal?,Andhra Pradesh,Nalanda University,The cheetah,Christianity,C) The cheetah,"The cheetah is the fastest land animal, capable of reaching speeds up to 100-120 km/h.",General Trivia,Amazing Facts
Choose the correct answer: Which was the first country to grant women the right to vote?,Angel Falls (Venezuela),Alexander Graham Bell,New Zealand,US Dollar,C) New Zealand,"New Zealand became the first self-governing country to grant women the right to vote, in 1893.",General Trivia,Firsts in the World
Quiz question: Which is the largest democracy in the world by population?,The video game industry,Peacock,India,Mandarin Chinese,C) India,India is widely recognized as the world's largest democracy by population.,General Trivia,World Facts
Which option correctly answers this: What is the tallest waterfall in the world?,Christianity,Angel Falls (Venezuela),Alexander Graham Bell,The Taj Mahal,B) Angel Falls (Venezuela),"Angel Falls, located in Venezuela, is the world's tallest uninterrupted waterfall.",General Trivia,Records
What is the world's largest by-volume man-made lake or reservoir often cited in geography trivia?,Lake Kariba (on the Zambia-Zimbabwe border),Andhra Pradesh,Nalanda University,Archaeology,A) Lake Kariba (on the Zambia-Zimbabwe border),"Lake Kariba, formed by the Kariba Dam, is often cited as the world's largest reservoir by volume.",General Trivia,Records
Choose the correct answer: Which is the tallest man-made structure in the world (as of the early 2020s)?,Christianity,Peacock,Burj Khalifa,The video game industry,C) Burj Khalifa,The Burj Khalifa in Dubai is the tallest man-made structure in the world.,General Trivia,Famous Places
Which is the longest river in the world?,Angel Falls (Venezuela),China,The Nile,The Sahara Desert,C) The Nile,The Nile River in Africa is generally considered the longest river in the world.,General Trivia,World Facts
Which option correctly answers this: Which country is known as the 'Land of the Rising Sun'?,The Antarctic Desert,The cheetah,Alexander Graham Bell,Japan,D) Japan,"Japan is known as the 'Land of the Rising Sun', reflected in its name meaning origin of the sun.",General Trivia,World Facts
Who wrote India's national song?,The Nile,The Taj Mahal,The Sahara Desert,Bankim Chandra Chatterjee,D) Bankim Chandra Chatterjee,"Bankim Chandra Chatterjee wrote 'Vande Mataram', India's national song.",General Trivia,India Facts
Quiz question: What is the deepest known point in the world's oceans?,China,The Mariana Trench,Bankim Chandra Chatterjee,"About 8,849 meters",B) The Mariana Trench,"The Mariana Trench, in the Pacific Ocean, is the deepest known point in any of Earth's oceans.",General Trivia,Records
Choose the correct answer: Who wrote India's national anthem?,Archaeology,Rabindranath Tagore,Peacock,The video game industry,B) Rabindranath Tagore,"Rabindranath Tagore composed 'Jana Gana Mana', India's national anthem.",General Trivia,India Facts
Which famous structure in India is one of the New Seven Wonders of the World?,India,The Taj Mahal,The Antarctic Desert,Thomas Edison,B) The Taj Mahal,"The Taj Mahal, in Agra, India, is recognized as one of the New Seven Wonders of the World.",General Trivia,Famous Places
Choose the correct answer: What is the currency of the United States?,Lotus,Burj Khalifa,The Antarctic Desert,US Dollar,D) US Dollar,The official currency of the United States is the US Dollar.,General Trivia,World Facts
Which option correctly answers this: What is the tallest waterfall in the world?,"About 8,849 meters",Mango,Greenland,Angel Falls (Venezuela),D) Angel Falls (Venezuela),"Angel Falls, located in Venezuela, is the world's tallest uninterrupted waterfall.",General Trivia,Records
"Who invented the light bulb (as a practical, commercially viable design)?",Mandarin Chinese,Greenland,Saturn (closely followed by Jupiter),Thomas Edison,D) Thomas Edison,"Thomas Edison developed a practical, long-lasting incandescent light bulb in 1879.",General Trivia,Unusual Facts
What is the fastest land animal?,The blue whale,The cheetah,The Amazon Rainforest,US Dollar,B) The cheetah,"The cheetah is the fastest land animal, capable of reaching speeds up to 100-120 km/h.",General Trivia,Amazing Facts
Quiz question: What is the national flower of India?,Bankim Chandra Chatterjee,The Taj Mahal,Lake Kariba (on the Zambia-Zimbabwe border),Lotus,D) Lotus,"The lotus is the national flower of India, symbolizing purity.",General Trivia,India Facts
Quiz question: Which is the tallest man-made structure in the world (as of the early 2020s)?,Japan,US Dollar,The video game industry,Burj Khalifa,D) Burj Khalifa,The Burj Khalifa in Dubai is the tallest man-made structure in the world.,General Trivia,Famous Places
Quiz question: What is the deepest known point in the world's oceans?,The Mariana Trench,US Dollar,The Sahara Desert,India,A) The Mariana Trench,"The Mariana Trench, in the Pacific Ocean, is the deepest known point in any of Earth's oceans.",General Trivia,Records
Quiz question: What is the world's largest by-volume man-made lake or reservoir often cited in geography trivia?,Lake Kariba (on the Zambia-Zimbabwe border),US Dollar,"About 8,849 meters",Thomas Edison,A) Lake Kariba (on the Zambia-Zimbabwe border),"Lake Kariba, formed by the Kariba Dam, is often cited as the world's largest reservoir by volume.",General Trivia,Records
Quiz question: What is the deepest known point in the world's oceans?,The blue whale,The Mariana Trench,India,China,B) The Mariana Trench,"The Mariana Trench, in the Pacific Ocean, is the deepest known point in any of Earth's oceans.",General Trivia,Records
Which option correctly answers this: What is the deepest known point in the world's oceans?,The Great Barrier Reef,The Mariana Trench,Tiger,Christianity,B) The Mariana Trench,"The Mariana Trench, in the Pacific Ocean, is the deepest known point in any of Earth's oceans.",General Trivia,Records
Which option correctly answers this: Who invented the telephone?,The Great Barrier Reef,Alexander Graham Bell,Mango,Rabindranath Tagore,B) Alexander Graham Bell,Alexander Graham Bell is credited with inventing the first practical telephone in 1876.,General Trivia,Unusual Facts
Which option correctly answers this: What is the national flower of India?,Lotus,Greenland,Christianity,The Nile,A) Lotus,"The lotus is the national flower of India, symbolizing purity.",General Trivia,India Facts
Which option correctly answers this: What is the smallest country in the world by area?,Thomas Edison,Alexander Graham Bell,Saturn (closely followed by Jupiter),Vatican City,D) Vatican City,Vatican City is the smallest independent country in the world by both area and population.,General Trivia,Records
Quiz question: Which was the first Indian state to be formed on a linguistic basis?,Alexander Graham Bell,"About 8,849 meters",Andhra Pradesh,Vatican City,C) Andhra Pradesh,"Andhra Pradesh was the first state in India to be organized on a linguistic basis, formed in 1953.",General Trivia,Firsts in India
Which option correctly answers this: Which is the longest river in the world?,The Nile,Nalanda University,The video game industry,Christianity,A) The Nile,The Nile River in Africa is generally considered the longest river in the world.,General Trivia,World Facts
Quiz question: What is the currency of the United States?,US Dollar,Burj Khalifa,The cheetah,Rabindranath Tagore,A) US Dollar,The official currency of the United States is the US Dollar.,General Trivia,World Facts
Which option correctly answers this: Which was the first country to grant women the right to vote?,The Nile,New Delhi,Mango,New Zealand,D) New Zealand,"New Zealand became the first self-governing country to grant women the right to vote, in 1893.",General Trivia,Firsts in the World
Choose the correct answer: Which country is known as the 'Land of the Rising Sun'?,Christianity,Japan,Saturn (closely followed by Jupiter),Mango,B) Japan,"Japan is known as the 'Land of the Rising Sun', reflected in its name meaning origin of the sun.",General Trivia,World Facts
Choose the correct answer: What is the most widely practiced religion in the world by number of adherents?,Tiger,Mango,The Mariana Trench,Christianity,D) Christianity,Christianity is generally considered the religion with the largest number of adherents worldwide.,General Trivia,World Facts
Which option correctly answers this: What is the most widely practiced religion in the world by number of adherents?,The Taj Mahal,Christianity,Alexander Graham Bell,Andhra Pradesh,B) Christianity,Christianity is generally considered the religion with the largest number of adherents worldwide.,General Trivia,World Facts
Which option correctly answers this: What is the tallest waterfall in the world?,The cheetah,Christianity,Peacock,Angel Falls (Venezuela),D) Angel Falls (Venezuela),"Angel Falls, located in Venezuela, is the world's tallest uninterrupted waterfall.",General Trivia,Records
Choose the correct answer: What is the world's largest by-volume man-made lake or reservoir often cited in geography trivia?,The Amazon Rainforest,Andhra Pradesh,Greenland,Lake Kariba (on the Zambia-Zimbabwe border),D) Lake Kariba (on the Zambia-Zimbabwe border),"Lake Kariba, formed by the Kariba Dam, is often cited as the world's largest reservoir by volume.",General Trivia,Records
"Quiz question: Who invented the light bulb (as a practical, commercially viable design)?",The Great Barrier Reef,The video game industry,Thomas Edison,"About 8,849 meters",C) Thomas Edison,"Thomas Edison developed a practical, long-lasting incandescent light bulb in 1879.",General Trivia,Unusual Facts
Which option correctly answers this: What is the national fruit of India?,Christianity,"About 8,849 meters",Nalanda University,Mango,D) Mango,The mango is recognized as the national fruit of India.,General Trivia,India Facts
Choose the correct answer: Which country is known as the 'Land of the Rising Sun'?,Japan,US Dollar,Tiger,The Sahara Desert,A) Japan,"Japan is known as the 'Land of the Rising Sun', reflected in its name meaning origin of the sun.",General Trivia,World Facts
What is the world's largest rainforest?,Alexander Graham Bell,The Amazon Rainforest,The Nile,The Sahara Desert,B) The Amazon Rainforest,"The Amazon Rainforest, located mainly in Brazil, is the largest tropical rainforest in the world.",General Trivia,World Facts
Quiz question: Which is the longest river in the world?,India,US Dollar,The Nile,Archaeology,C) The Nile,The Nile River in Africa is generally considered the longest river in the world.,General Trivia,World Facts
Choose the correct answer: Which famous structure in India is one of the New Seven Wonders of the World?,Lake Kariba (on the Zambia-Zimbabwe border),The Amazon Rainforest,Angel Falls (Venezuela),The Taj Mahal,D) The Taj Mahal,"The Taj Mahal, in Agra, India, is recognized as one of the New Seven Wonders of the World.",General Trivia,Famous Places
"What is the highest-grossing form of entertainment industry globally often cited in trivia, alongside film?",Thomas Edison,Christianity,Bankim Chandra Chatterjee,The video game industry,D) The video game industry,"The global video game industry is frequently cited in trivia as a very high-grossing entertainment sector, often compared to or exceeding film.",General Trivia,Amazing Facts
Which option correctly answers this: Which is the tallest man-made structure in the world (as of the early 2020s)?,Burj Khalifa,Archaeology,The Sahara Desert,China,A) Burj Khalifa,The Burj Khalifa in Dubai is the tallest man-made structure in the world.,General Trivia,Famous Places
"Choose the correct answer: Which Indian city hosted the first modern Commonwealth Games in India, in 2010?",Archaeology,New Delhi,Lake Kariba (on the Zambia-Zimbabwe border),Andhra Pradesh,B) New Delhi,"New Delhi hosted the 2010 Commonwealth Games, the first time India hosted the event.",General Trivia,Firsts in India
"What is the highest-grossing form of entertainment industry globally often cited in trivia, alongside film?",Mandarin Chinese,The video game industry,Vatican City,The Taj Mahal,B) The video game industry,"The global video game industry is frequently cited in trivia as a very high-grossing entertainment sector, often compared to or exceeding film.",General Trivia,Amazing Facts
What is the largest desert in the world?,Japan,Lotus,The Antarctic Desert,The video game industry,C) The Antarctic Desert,"The Antarctic Desert is technically the largest desert in the world by area, as deserts are defined by low precipitation, not just heat.",General Trivia,World Facts
Quiz question: Which famous structure in India is one of the New Seven Wonders of the World?,Saturn (closely followed by Jupiter),The Sahara Desert,The Antarctic Desert,The Taj Mahal,D) The Taj Mahal,"The Taj Mahal, in Agra, India, is recognized as one of the New Seven Wonders of the World.",General Trivia,Famous Places
"Who invented the light bulb (as a practical, commercially viable design)?",Alexander Graham Bell,Thomas Edison,Christianity,Saturn (closely followed by Jupiter),B) Thomas Edison,"Thomas Edison developed a practical, long-lasting incandescent light bulb in 1879.",General Trivia,Unusual Facts
Quiz question: What is the study of ancient artifacts and human history called?,Archaeology,Burj Khalifa,Andhra Pradesh,Mandarin Chinese,A) Archaeology,Archaeology is the study of human history through the excavation and analysis of artifacts and physical remains.,General Trivia,Mixed Trivia
What is the world's most spoken native language?,New Delhi,Mandarin Chinese,Tiger,Andhra Pradesh,B) Mandarin Chinese,Mandarin Chinese has the largest number of native speakers of any language in the world.,General Trivia,World Facts
What is the tallest waterfall in the world?,Tiger,The Antarctic Desert,Angel Falls (Venezuela),Mandarin Chinese,C) Angel Falls (Venezuela),"Angel Falls, located in Venezuela, is the world's tallest uninterrupted waterfall.",General Trivia,Records
What is the largest desert in the world?,"About 8,849 meters",The Antarctic Desert,Tiger,Greenland,B) The Antarctic Desert,"The Antarctic Desert is technically the largest desert in the world by area, as deserts are defined by low precipitation, not just heat.",General Trivia,World Facts
Choose the correct answer: Which was the first country to grant women the right to vote?,"About 8,849 meters",New Zealand,The blue whale,Mandarin Chinese,B) New Zealand,"New Zealand became the first self-governing country to grant women the right to vote, in 1893.",General Trivia,Firsts in the World
Which option correctly answers this: Which is the largest democracy in the world by population?,India,The Great Barrier Reef,The blue whale,Mango,A) India,India is widely recognized as the world's largest democracy by population.,General Trivia,World Facts
Who invented the telephone?,Lake Kariba (on the Zambia-Zimbabwe border),The Great Barrier Reef,Andhra Pradesh,Alexander Graham Bell,D) Alexander Graham Bell,Alexander Graham Bell is credited with inventing the first practical telephone in 1876.,General Trivia,Unusual Facts
Which option correctly answers this: What is the largest desert in the world?,The video game industry,The Antarctic Desert,The cheetah,Lotus,B) The Antarctic Desert,"The Antarctic Desert is technically the largest desert in the world by area, as deserts are defined by low precipitation, not just heat.",General Trivia,World Facts
Who invented the telephone?,Rabindranath Tagore,Alexander Graham Bell,India,The Sahara Desert,B) Alexander Graham Bell,Alexander Graham Bell is credited with inventing the first practical telephone in 1876.,General Trivia,Unusual Facts
Which option correctly answers this: What is the smallest country in the world by area?,The Mariana Trench,Archaeology,The Taj Mahal,Vatican City,D) Vatican City,Vatican City is the smallest independent country in the world by both area and population.,General Trivia,Records
Choose the correct answer: What is the national flower of India?,Tiger,Lotus,Mandarin Chinese,Vatican City,B) Lotus,"The lotus is the national flower of India, symbolizing purity.",General Trivia,India Facts
Choose the correct answer: What is the largest island in the world?,Vatican City,Greenland,Andhra Pradesh,India,B) Greenland,"Greenland is the largest island in the world by area, excluding continental landmasses.",General Trivia,World Facts
What is the largest desert in the world?,The cheetah,The Sahara Desert,The Antarctic Desert,Japan,C) The Antarctic Desert,"The Antarctic Desert is technically the largest desert in the world by area, as deserts are defined by low precipitation, not just heat.",General Trivia,World Facts
Choose the correct answer: Who wrote India's national song?,Tiger,New Zealand,Archaeology,Bankim Chandra Chatterjee,D) Bankim Chandra Chatterjee,"Bankim Chandra Chatterjee wrote 'Vande Mataram', India's national song.",General Trivia,India Facts
Which option correctly answers this: Which was the first Indian state to be formed on a linguistic basis?,Vatican City,Andhra Pradesh,Mango,The Great Barrier Reef,B) Andhra Pradesh,"Andhra Pradesh was the first state in India to be organized on a linguistic basis, formed in 1953.",General Trivia,Firsts in India
What is the currency of the United States?,The Great Barrier Reef,US Dollar,Archaeology,China,B) US Dollar,The official currency of the United States is the US Dollar.,General Trivia,World Facts
"Quiz question: Which is considered one of the world's earliest centers of higher learning, located in ancient India?",The blue whale,The Nile,Vatican City,Nalanda University,D) Nalanda University,"Nalanda University in ancient India, established around the 5th century CE, is considered one of the world's earliest centers of higher learning.",General Trivia,Firsts in the World
What is the world's largest by-volume man-made lake or reservoir often cited in geography trivia?,Vatican City,The video game industry,Lake Kariba (on the Zambia-Zimbabwe border),US Dollar,C) Lake Kariba (on the Zambia-Zimbabwe border),"Lake Kariba, formed by the Kariba Dam, is often cited as the world's largest reservoir by volume.",General Trivia,Records
Which option correctly answers this: Which country produces the most rice globally?,Burj Khalifa,The Antarctic Desert,India,China,D) China,China is historically the world's largest producer of rice.,General Trivia,World Facts
Which option correctly answers this: What is the largest coral reef system in the world?,Nalanda University,Mango,Peacock,The Great Barrier Reef,D) The Great Barrier Reef,"The Great Barrier Reef, off the coast of Australia, is the world's largest coral reef system.",General Trivia,World Facts
Choose the correct answer: Which country is known as the 'Land of the Rising Sun'?,Andhra Pradesh,Christianity,The Taj Mahal,Japan,D) Japan,"Japan is known as the 'Land of the Rising Sun', reflected in its name meaning origin of the sun.",General Trivia,World Facts
"Which option correctly answers this: Which is considered one of the world's earliest centers of higher learning, located in ancient India?",Nalanda University,China,The Mariana Trench,Vatican City,A) Nalanda University,"Nalanda University in ancient India, established around the 5th century CE, is considered one of the world's earliest centers of higher learning.",General Trivia,Firsts in the World
Quiz question: What is the largest island in the world?,Andhra Pradesh,Greenland,China,Christianity,B) Greenland,"Greenland is the largest island in the world by area, excluding continental landmasses.",General Trivia,World Facts
Which option correctly answers this: Which is the largest hot desert in the world?,Rabindranath Tagore,The video game industry,Vatican City,The Sahara Desert,D) The Sahara Desert,The Sahara Desert in Africa is the largest hot desert in the world.,General Trivia,World Facts
Choose the correct answer: What is the most widely practiced religion in the world by number of adherents?,The Sahara Desert,Christianity,Mandarin Chinese,Angel Falls (Venezuela),B) Christianity,Christianity is generally considered the religion with the largest number of adherents worldwide.,General Trivia,World Facts
Which is the largest hot desert in the world?,The Sahara Desert,The Great Barrier Reef,Thomas Edison,China,A) The Sahara Desert,The Sahara Desert in Africa is the largest hot desert in the world.,General Trivia,World Facts
Quiz question: What is the national bird of India?,Nalanda University,Mango,Rabindranath Tagore,Peacock,D) Peacock,"The peacock is the national bird of India, known for its colorful plumage.",General Trivia,India Facts
Which country is known as the 'Land of the Rising Sun'?,The Antarctic Desert,Rabindranath Tagore,Saturn (closely followed by Jupiter),Japan,D) Japan,"Japan is known as the 'Land of the Rising Sun', reflected in its name meaning origin of the sun.",General Trivia,World Facts
What is the tallest waterfall in the world?,The cheetah,Greenland,The Nile,Angel Falls (Venezuela),D) Angel Falls (Venezuela),"Angel Falls, located in Venezuela, is the world's tallest uninterrupted waterfall.",General Trivia,Records
Choose the correct answer: What is the study of ancient artifacts and human history called?,Mandarin Chinese,Nalanda University,Archaeology,Bankim Chandra Chatterjee,C) Archaeology,Archaeology is the study of human history through the excavation and analysis of artifacts and physical remains.,General Trivia,Mixed Trivia
What is the fastest land animal?,Rabindranath Tagore,The cheetah,The Antarctic Desert,Alexander Graham Bell,B) The cheetah,"The cheetah is the fastest land animal, capable of reaching speeds up to 100-120 km/h.",General Trivia,Amazing Facts
Quiz question: What is the tallest waterfall in the world?,The Amazon Rainforest,Greenland,Tiger,Angel Falls (Venezuela),D) Angel Falls (Venezuela),"Angel Falls, located in Venezuela, is the world's tallest uninterrupted waterfall.",General Trivia,Records
What is the largest desert in the world?,The cheetah,Japan,The Antarctic Desert,India,C) The Antarctic Desert,"The Antarctic Desert is technically the largest desert in the world by area, as deserts are defined by low precipitation, not just heat.",General Trivia,World Facts
"Which is considered one of the world's earliest centers of higher learning, located in ancient India?",Nalanda University,Bankim Chandra Chatterjee,Alexander Graham Bell,The blue whale,A) Nalanda University,"Nalanda University in ancient India, established around the 5th century CE, is considered one of the world's earliest centers of higher learning.",General Trivia,Firsts in the World
Choose the correct answer: What is the tallest waterfall in the world?,Angel Falls (Venezuela),Peacock,The video game industry,The cheetah,A) Angel Falls (Venezuela),"Angel Falls, located in Venezuela, is the world's tallest uninterrupted waterfall.",General Trivia,Records
Which is the largest hot desert in the world?,The Sahara Desert,Angel Falls (Venezuela),Alexander Graham Bell,The Mariana Trench,A) The Sahara Desert,The Sahara Desert in Africa is the largest hot desert in the world.,General Trivia,World Facts
Which option correctly answers this: What is the national bird of India?,Tiger,Vatican City,The Sahara Desert,Peacock,D) Peacock,"The peacock is the national bird of India, known for its colorful plumage.",General Trivia,India Facts
Quiz question: Who invented the telephone?,The video game industry,The Great Barrier Reef,Alexander Graham Bell,Rabindranath Tagore,C) Alexander Graham Bell,Alexander Graham Bell is credited with inventing the first practical telephone in 1876.,General Trivia,Unusual Facts
Which option correctly answers this: What is the most widely practiced religion in the world by number of adherents?,Japan,Christianity,Archaeology,India,B) Christianity,Christianity is generally considered the religion with the largest number of adherents worldwide.,General Trivia,World Facts
Quiz question: What is the national flower of India?,Lotus,Andhra Pradesh,Japan,Archaeology,A) Lotus,"The lotus is the national flower of India, symbolizing purity.",General Trivia,India Facts
Choose the correct answer: What is the currency of the United States?,Peacock,Saturn (closely followed by Jupiter),US Dollar,The Mariana Trench,C) US Dollar,The official currency of the United States is the US Dollar.,General Trivia,World Facts
What is the national fruit of India?,The video game industry,US Dollar,Mango,Greenland,C) Mango,The mango is recognized as the national fruit of India.,General Trivia,India Facts
Which option correctly answers this: Which is the tallest man-made structure in the world (as of the early 2020s)?,The Sahara Desert,Burj Khalifa,Peacock,The Great Barrier Reef,B) Burj Khalifa,The Burj Khalifa in Dubai is the tallest man-made structure in the world.,General Trivia,Famous Places
What is the deepest known point in the world's oceans?,The Mariana Trench,US Dollar,Saturn (closely followed by Jupiter),The Nile,A) The Mariana Trench,"The Mariana Trench, in the Pacific Ocean, is the deepest known point in any of Earth's oceans.",General Trivia,Records
What is the most widely practiced religion in the world by number of adherents?,The video game industry,Christianity,Peacock,Lotus,B) Christianity,Christianity is generally considered the religion with the largest number of adherents worldwide.,General Trivia,World Facts
Which is the longest river in the world?,The Nile,The Amazon Rainforest,The Sahara Desert,The Great Barrier Reef,A) The Nile,The Nile River in Africa is generally considered the longest river in the world.,General Trivia,World Facts
Choose the correct answer: What is the currency of the United States?,Andhra Pradesh,India,Japan,US Dollar,D) US Dollar,The official currency of the United States is the US Dollar.,General Trivia,World Facts
Which option correctly answers this: What is the world's largest rainforest?,The cheetah,"About 8,849 meters",Alexander Graham Bell,The Amazon Rainforest,D) The Amazon Rainforest,"The Amazon Rainforest, located mainly in Brazil, is the largest tropical rainforest in the world.",General Trivia,World Facts
Which was the first country to grant women the right to vote?,The Mariana Trench,Saturn (closely followed by Jupiter),New Zealand,"About 8,849 meters",C) New Zealand,"New Zealand became the first self-governing country to grant women the right to vote, in 1893.",General Trivia,Firsts in the World
Which option correctly answers this: What is the tallest waterfall in the world?,The Antarctic Desert,India,Angel Falls (Venezuela),Peacock,C) Angel Falls (Venezuela),"Angel Falls, located in Venezuela, is the world's tallest uninterrupted waterfall.",General Trivia,Records
Which is the tallest man-made structure in the world (as of the early 2020s)?,The video game industry,Burj Khalifa,The cheetah,Lotus,B) Burj Khalifa,The Burj Khalifa in Dubai is the tallest man-made structure in the world.,General Trivia,Famous Places
Choose the correct answer: What is the national bird of India?,Peacock,The Taj Mahal,The Nile,Alexander Graham Bell,A) Peacock,"The peacock is the national bird of India, known for its colorful plumage.",General Trivia,India Facts
Which option correctly answers this: What is the tallest waterfall in the world?,The cheetah,Peacock,Angel Falls (Venezuela),Archaeology,C) Angel Falls (Venezuela),"Angel Falls, located in Venezuela, is the world's tallest uninterrupted waterfall.",General Trivia,Records
Choose the correct answer: Which country is known as the 'Land of the Rising Sun'?,Japan,The Nile,Archaeology,New Delhi,A) Japan,"Japan is known as the 'Land of the Rising Sun', reflected in its name meaning origin of the sun.",General Trivia,World Facts
Quiz question: What is the study of ancient artifacts and human history called?,India,Archaeology,New Delhi,Tiger,B) Archaeology,Archaeology is the study of human history through the excavation and analysis of artifacts and physical remains.,General Trivia,Mixed Trivia
Quiz question: Which is the largest hot desert in the world?,Lotus,India,The Sahara Desert,The Nile,C) The Sahara Desert,The Sahara Desert in Africa is the largest hot desert in the world.,General Trivia,World Facts
Quiz question: Who wrote India's national song?,India,Bankim Chandra Chatterjee,Andhra Pradesh,The cheetah,B) Bankim Chandra Chatterjee,"Bankim Chandra Chatterjee wrote 'Vande Mataram', India's national song.",General Trivia,India Facts
Quiz question: What is the deepest known point in the world's oceans?,The video game industry,Lotus,Japan,The Mariana Trench,D) The Mariana Trench,"The Mariana Trench, in the Pacific Ocean, is the deepest known point in any of Earth's oceans.",General Trivia,Records
What is the largest coral reef system in the world?,The Great Barrier Reef,Alexander Graham Bell,Peacock,Andhra Pradesh,A) The Great Barrier Reef,"The Great Barrier Reef, off the coast of Australia, is the world's largest coral reef system.",General Trivia,World Facts
Which option correctly answers this: What is the largest mammal in the world?,India,The Mariana Trench,The blue whale,Christianity,C) The blue whale,"The blue whale is the largest mammal, and indeed the largest animal, known to have ever existed.",General Trivia,Amazing Facts
Quiz question: What is the largest island in the world?,Rabindranath Tagore,Saturn (closely followed by Jupiter),Nalanda University,Greenland,D) Greenland,"Greenland is the largest island in the world by area, excluding continental landmasses.",General Trivia,World Facts
What is the smallest country in the world by area?,Vatican City,Tiger,Saturn (closely followed by Jupiter),Japan,A) Vatican City,Vatican City is the smallest independent country in the world by both area and population.,General Trivia,Records
"Which Indian city hosted the first modern Commonwealth Games in India, in 2010?",The blue whale,New Delhi,US Dollar,The Taj Mahal,B) New Delhi,"New Delhi hosted the 2010 Commonwealth Games, the first time India hosted the event.",General Trivia,Firsts in India
Which is the longest river in the world?,Vatican City,The Nile,Archaeology,Nalanda University,B) The Nile,The Nile River in Africa is generally considered the longest river in the world.,General Trivia,World Facts
Which planet in our Solar System is known for having the most moons among the largest planets?,US Dollar,Christianity,Lotus,Saturn (closely followed by Jupiter),D) Saturn (closely followed by Jupiter),Saturn and Jupiter have the largest known number of moons among planets in our Solar System.,General Trivia,Amazing Facts
"Choose the correct answer: Which Indian city hosted the first modern Commonwealth Games in India, in 2010?",New Delhi,"About 8,849 meters",The Taj Mahal,New Zealand,A) New Delhi,"New Delhi hosted the 2010 Commonwealth Games, the first time India hosted the event.",General Trivia,Firsts in India
Choose the correct answer: What is the national flower of India?,Lotus,Saturn (closely followed by Jupiter),Vatican City,Tiger,A) Lotus,"The lotus is the national flower of India, symbolizing purity.",General Trivia,India Facts
Which option correctly answers this: Which is the largest democracy in the world by population?,China,Tiger,The Antarctic Desert,India,D) India,India is widely recognized as the world's largest democracy by population.,General Trivia,World Facts
Choose the correct answer: Which is the largest democracy in the world by population?,The Antarctic Desert,India,Burj Khalifa,Tiger,B) India,India is widely recognized as the world's largest democracy by population.,General Trivia,World Facts
Quiz question: What is the deepest known point in the world's oceans?,The Antarctic Desert,Andhra Pradesh,The Mariana Trench,US Dollar,C) The Mariana Trench,"The Mariana Trench, in the Pacific Ocean, is the deepest known point in any of Earth's oceans.",General Trivia,Records
Choose the correct answer: What is the most widely practiced religion in the world by number of adherents?,Christianity,Mango,Angel Falls (Venezuela),The Nile,A) Christianity,Christianity is generally considered the religion with the largest number of adherents worldwide.,General Trivia,World Facts
Choose the correct answer: Which country is known as the 'Land of the Rising Sun'?,Lotus,Tiger,Bankim Chandra Chatterjee,Japan,D) Japan,"Japan is known as the 'Land of the Rising Sun', reflected in its name meaning origin of the sun.",General Trivia,World Facts
Which option correctly answers this: Which planet in our Solar System is known for having the most moons among the largest planets?,India,Saturn (closely followed by Jupiter),The Great Barrier Reef,Vatican City,B) Saturn (closely followed by Jupiter),Saturn and Jupiter have the largest known number of moons among planets in our Solar System.,General Trivia,Amazing Facts
Which option correctly answers this: Which is the longest river in the world?,Andhra Pradesh,The Nile,Japan,Tiger,B) The Nile,The Nile River in Africa is generally considered the longest river in the world.,General Trivia,World Facts
Who invented the telephone?,Japan,Lotus,Alexander Graham Bell,Archaeology,C) Alexander Graham Bell,Alexander Graham Bell is credited with inventing the first practical telephone in 1876.,General Trivia,Unusual Facts
Quiz question: What is the tallest waterfall in the world?,Angel Falls (Venezuela),The Nile,Lake Kariba (on the Zambia-Zimbabwe border),New Zealand,A) Angel Falls (Venezuela),"Angel Falls, located in Venezuela, is the world's tallest uninterrupted waterfall.",General Trivia,Records
Which option correctly answers this: What is the deepest known point in the world's oceans?,The cheetah,The Taj Mahal,Bankim Chandra Chatterjee,The Mariana Trench,D) The Mariana Trench,"The Mariana Trench, in the Pacific Ocean, is the deepest known point in any of Earth's oceans.",General Trivia,Records
What is the national animal of India?,Tiger,"About 8,849 meters",US Dollar,Christianity,A) Tiger,The Bengal tiger is the national animal of India.,General Trivia,India Facts
"What is the highest-grossing form of entertainment industry globally often cited in trivia, alongside film?","About 8,849 meters",The video game industry,Burj Khalifa,Greenland,B) The video game industry,"The global video game industry is frequently cited in trivia as a very high-grossing entertainment sector, often compared to or exceeding film.",General Trivia,Amazing Facts
Quiz question: Who wrote India's national anthem?,Mango,Rabindranath Tagore,The Antarctic Desert,Saturn (closely followed by Jupiter),B) Rabindranath Tagore,"Rabindranath Tagore composed 'Jana Gana Mana', India's national anthem.",General Trivia,India Facts
Which option correctly answers this: What is Mount Everest's approximate height?,US Dollar,New Delhi,"About 8,849 meters",Japan,"C) About 8,849 meters","Mount Everest, the world's highest peak, stands at approximately 8,849 meters above sea level.",General Trivia,World Facts
Which was the first Indian state to be formed on a linguistic basis?,The Great Barrier Reef,Nalanda University,Andhra Pradesh,Archaeology,C) Andhra Pradesh,"Andhra Pradesh was the first state in India to be organized on a linguistic basis, formed in 1953.",General Trivia,Firsts in India
Choose the correct answer: Which country produces the most rice globally?,India,China,Andhra Pradesh,Mandarin Chinese,B) China,China is historically the world's largest producer of rice.,General Trivia,World Facts
"Choose the correct answer: Which is considered one of the world's earliest centers of higher learning, located in ancient India?",Angel Falls (Venezuela),Burj Khalifa,Tiger,Nalanda University,D) Nalanda University,"Nalanda University in ancient India, established around the 5th century CE, is considered one of the world's earliest centers of higher learning.",General Trivia,Firsts in the World
"Quiz question: Who invented the light bulb (as a practical, commercially viable design)?",Saturn (closely followed by Jupiter),The video game industry,Thomas Edison,Japan,C) Thomas Edison,"Thomas Edison developed a practical, long-lasting incandescent light bulb in 1879.",General Trivia,Unusual Facts
Which is the largest hot desert in the world?,Lotus,The Sahara Desert,Mango,Rabindranath Tagore,B) The Sahara Desert,The Sahara Desert in Africa is the largest hot desert in the world.,General Trivia,World Facts
Quiz question: What is the world's most spoken native language?,Lotus,Nalanda University,The cheetah,Mandarin Chinese,D) Mandarin Chinese,Mandarin Chinese has the largest number of native speakers of any language in the world.,General Trivia,World Facts
Choose the correct answer: What is the largest mammal in the world?,The blue whale,China,New Delhi,Andhra Pradesh,A) The blue whale,"The blue whale is the largest mammal, and indeed the largest animal, known to have ever existed.",General Trivia,Amazing Facts
Choose the correct answer: What is the deepest known point in the world's oceans?,Vatican City,Greenland,Lake Kariba (on the Zambia-Zimbabwe border),The Mariana Trench,D) The Mariana Trench,"The Mariana Trench, in the Pacific Ocean, is the deepest known point in any of Earth's oceans.",General Trivia,Records
Which option correctly answers this: What is the national bird of India?,Lake Kariba (on the Zambia-Zimbabwe border),Peacock,The Antarctic Desert,Tiger,B) Peacock,"The peacock is the national bird of India, known for its colorful plumage.",General Trivia,India Facts
Which planet in our Solar System is known for having the most moons among the largest planets?,Bankim Chandra Chatterjee,Saturn (closely followed by Jupiter),The Amazon Rainforest,Archaeology,B) Saturn (closely followed by Jupiter),Saturn and Jupiter have the largest known number of moons among planets in our Solar System.,General Trivia,Amazing Facts
Which option correctly answers this: What is the national flower of India?,Thomas Edison,New Zealand,Burj Khalifa,Lotus,D) Lotus,"The lotus is the national flower of India, symbolizing purity.",General Trivia,India Facts
Quiz question: Who wrote India's national song?,Bankim Chandra Chatterjee,Andhra Pradesh,Burj Khalifa,The Sahara Desert,A) Bankim Chandra Chatterjee,"Bankim Chandra Chatterjee wrote 'Vande Mataram', India's national song.",General Trivia,India Facts
"Choose the correct answer: Which is considered one of the world's earliest centers of higher learning, located in ancient India?",India,Nalanda University,Burj Khalifa,Archaeology,B) Nalanda University,"Nalanda University in ancient India, established around the 5th century CE, is considered one of the world's earliest centers of higher learning.",General Trivia,Firsts in the World
"Which Indian city hosted the first modern Commonwealth Games in India, in 2010?",Peacock,US Dollar,New Delhi,Rabindranath Tagore,C) New Delhi,"New Delhi hosted the 2010 Commonwealth Games, the first time India hosted the event.",General Trivia,Firsts in India
Which option correctly answers this: What is the study of ancient artifacts and human history called?,The Mariana Trench,US Dollar,Archaeology,The Amazon Rainforest,C) Archaeology,Archaeology is the study of human history through the excavation and analysis of artifacts and physical remains.,General Trivia,Mixed Trivia
"Which option correctly answers this: Which is considered one of the world's earliest centers of higher learning, located in ancient India?",Nalanda University,Greenland,Christianity,"About 8,849 meters",A) Nalanda University,"Nalanda University in ancient India, established around the 5th century CE, is considered one of the world's earliest centers of higher learning.",General Trivia,Firsts in the World
Choose the correct answer: Which country is known as the 'Land of the Rising Sun'?,The Sahara Desert,Alexander Graham Bell,Saturn (closely followed by Jupiter),Japan,D) Japan,"Japan is known as the 'Land of the Rising Sun', reflected in its name meaning origin of the sun.",General Trivia,World Facts
Which is the longest river in the world?,The Sahara Desert,The Nile,Andhra Pradesh,New Delhi,B) The Nile,The Nile River in Africa is generally considered the longest river in the world.,General Trivia,World Facts
Which option correctly answers this: Which is the largest democracy in the world by population?,Peacock,Alexander Graham Bell,Angel Falls (Venezuela),India,D) India,India is widely recognized as the world's largest democracy by population.,General Trivia,World Facts
Choose the correct answer: Which famous structure in India is one of the New Seven Wonders of the World?,The Amazon Rainforest,Andhra Pradesh,The Taj Mahal,Mango,C) The Taj Mahal,"The Taj Mahal, in Agra, India, is recognized as one of the New Seven Wonders of the World.",General Trivia,Famous Places
Which option correctly answers this: Who wrote India's national song?,New Zealand,Bankim Chandra Chatterjee,The Antarctic Desert,The cheetah,B) Bankim Chandra Chatterjee,"Bankim Chandra Chatterjee wrote 'Vande Mataram', India's national song.",General Trivia,India Facts
Which option correctly answers this: Which was the first country to grant women the right to vote?,New Zealand,The blue whale,US Dollar,Burj Khalifa,A) New Zealand,"New Zealand became the first self-governing country to grant women the right to vote, in 1893.",General Trivia,Firsts in the World
What is the world's largest rainforest?,Vatican City,The blue whale,The Amazon Rainforest,Burj Khalifa,C) The Amazon Rainforest,"The Amazon Rainforest, located mainly in Brazil, is the largest tropical rainforest in the world.",General Trivia,World Facts
Quiz question: Which is the largest democracy in the world by population?,Greenland,India,China,The Taj Mahal,B) India,India is widely recognized as the world's largest democracy by population.,General Trivia,World Facts
Quiz question: What is the tallest waterfall in the world?,Angel Falls (Venezuela),Burj Khalifa,Andhra Pradesh,Tiger,A) Angel Falls (Venezuela),"Angel Falls, located in Venezuela, is the world's tallest uninterrupted waterfall.",General Trivia,Records
Which option correctly answers this: Which was the first country to grant women the right to vote?,New Delhi,New Zealand,Archaeology,The Mariana Trench,B) New Zealand,"New Zealand became the first self-governing country to grant women the right to vote, in 1893.",General Trivia,Firsts in the World
Which option correctly answers this: What is the currency of the United States?,Nalanda University,US Dollar,New Delhi,The video game industry,B) US Dollar,The official currency of the United States is the US Dollar.,General Trivia,World Facts
Quiz question: What is the national fruit of India?,Japan,Christianity,The cheetah,Mango,D) Mango,The mango is recognized as the national fruit of India.,General Trivia,India Facts
Quiz question: What is the national fruit of India?,Alexander Graham Bell,Japan,Thomas Edison,Mango,D) Mango,The mango is recognized as the national fruit of India.,General Trivia,India Facts
What is the smallest country in the world by area?,The Amazon Rainforest,Nalanda University,New Zealand,Vatican City,D) Vatican City,Vatican City is the smallest independent country in the world by both area and population.,General Trivia,Records
"Which option correctly answers this: Which is considered one of the world's earliest centers of higher learning, located in ancient India?",Rabindranath Tagore,New Zealand,Nalanda University,The Mariana Trench,C) Nalanda University,"Nalanda University in ancient India, established around the 5th century CE, is considered one of the world's earliest centers of higher learning.",General Trivia,Firsts in the World
Choose the correct answer: What is the currency of the United States?,US Dollar,Archaeology,Thomas Edison,The Mariana Trench,A) US Dollar,The official currency of the United States is the US Dollar.,General Trivia,World Facts
Quiz question: What is the world's most spoken native language?,Mandarin Chinese,The Amazon Rainforest,Lake Kariba (on the Zambia-Zimbabwe border),The blue whale,A) Mandarin Chinese,Mandarin Chinese has the largest number of native speakers of any language in the world.,General Trivia,World Facts
Choose the correct answer: Which was the first Indian state to be formed on a linguistic basis?,Andhra Pradesh,US Dollar,Bankim Chandra Chatterjee,The blue whale,A) Andhra Pradesh,"Andhra Pradesh was the first state in India to be organized on a linguistic basis, formed in 1953.",General Trivia,Firsts in India
Choose the correct answer: What is the world's largest rainforest?,The Amazon Rainforest,Japan,Greenland,Lake Kariba (on the Zambia-Zimbabwe border),A) The Amazon Rainforest,"The Amazon Rainforest, located mainly in Brazil, is the largest tropical rainforest in the world.",General Trivia,World Facts
"Choose the correct answer: Who invented the light bulb (as a practical, commercially viable design)?",Vatican City,Thomas Edison,"About 8,849 meters",Christianity,B) Thomas Edison,"Thomas Edison developed a practical, long-lasting incandescent light bulb in 1879.",General Trivia,Unusual Facts
Choose the correct answer: Who wrote India's national song?,Bankim Chandra Chatterjee,Lake Kariba (on the Zambia-Zimbabwe border),Tiger,Japan,A) Bankim Chandra Chatterjee,"Bankim Chandra Chatterjee wrote 'Vande Mataram', India's national song.",General Trivia,India Facts
Choose the correct answer: Which country produces the most rice globally?,The cheetah,China,Mandarin Chinese,Angel Falls (Venezuela),B) China,China is historically the world's largest producer of rice.,General Trivia,World Facts
Which was the first country to grant women the right to vote?,New Zealand,Greenland,India,Archaeology,A) New Zealand,"New Zealand became the first self-governing country to grant women the right to vote, in 1893.",General Trivia,Firsts in the World
Quiz question: What is Mount Everest's approximate height?,Burj Khalifa,"About 8,849 meters",Tiger,Alexander Graham Bell,"B) About 8,849 meters","Mount Everest, the world's highest peak, stands at approximately 8,849 meters above sea level.",General Trivia,World Facts
Quiz question: What is the smallest country in the world by area?,Rabindranath Tagore,Christianity,Vatican City,Angel Falls (Venezuela),C) Vatican City,Vatican City is the smallest independent country in the world by both area and population.,General Trivia,Records
Which famous structure in India is one of the New Seven Wonders of the World?,The Antarctic Desert,The Sahara Desert,The Nile,The Taj Mahal,D) The Taj Mahal,"The Taj Mahal, in Agra, India, is recognized as one of the New Seven Wonders of the World.",General Trivia,Famous Places
"Which option correctly answers this: Which Indian city hosted the first modern Commonwealth Games in India, in 2010?",New Delhi,Tiger,Andhra Pradesh,Alexander Graham Bell,A) New Delhi,"New Delhi hosted the 2010 Commonwealth Games, the first time India hosted the event.",General Trivia,Firsts in India
Quiz question: Which country produces the most rice globally?,China,New Zealand,Mango,The Amazon Rainforest,A) China,China is historically the world's largest producer of rice.,General Trivia,World Facts
What is the study of ancient artifacts and human history called?,Archaeology,Greenland,Andhra Pradesh,"About 8,849 meters",A) Archaeology,Archaeology is the study of human history through the excavation and analysis of artifacts and physical remains.,General Trivia,Mixed Trivia
"Which option correctly answers this: Which Indian city hosted the first modern Commonwealth Games in India, in 2010?",Angel Falls (Venezuela),The Sahara Desert,New Delhi,Saturn (closely followed by Jupiter),C) New Delhi,"New Delhi hosted the 2010 Commonwealth Games, the first time India hosted the event.",General Trivia,Firsts in India
Which option correctly answers this: What is the study of ancient artifacts and human history called?,The Taj Mahal,The Nile,Archaeology,Nalanda University,C) Archaeology,Archaeology is the study of human history through the excavation and analysis of artifacts and physical remains.,General Trivia,Mixed Trivia
What is the smallest country in the world by area?,Mango,The Amazon Rainforest,Thomas Edison,Vatican City,D) Vatican City,Vatican City is the smallest independent country in the world by both area and population.,General Trivia,Records
Which option correctly answers this: Which is the tallest man-made structure in the world (as of the early 2020s)?,Christianity,US Dollar,Nalanda University,Burj Khalifa,D) Burj Khalifa,The Burj Khalifa in Dubai is the tallest man-made structure in the world.,General Trivia,Famous Places
Quiz question: What is the smallest country in the world by area?,The cheetah,Vatican City,The Amazon Rainforest,New Delhi,B) Vatican City,Vatican City is the smallest independent country in the world by both area and population.,General Trivia,Records
What is the deepest known point in the world's oceans?,The Mariana Trench,Angel Falls (Venezuela),The blue whale,Mandarin Chinese,A) The Mariana Trench,"The Mariana Trench, in the Pacific Ocean, is the deepest known point in any of Earth's oceans.",General Trivia,Records
Which option correctly answers this: What is the national flower of India?,Angel Falls (Venezuela),Vatican City,The Sahara Desert,Lotus,D) Lotus,"The lotus is the national flower of India, symbolizing purity.",General Trivia,India Facts
Quiz question: What is the currency of the United States?,The video game industry,Japan,The cheetah,US Dollar,D) US Dollar,The official currency of the United States is the US Dollar.,General Trivia,World Facts
What is the national bird of India?,New Zealand,The Sahara Desert,Peacock,Nalanda University,C) Peacock,"The peacock is the national bird of India, known for its colorful plumage.",General Trivia,India Facts
What is the currency of the United States?,New Delhi,US Dollar,Andhra Pradesh,Vatican City,B) US Dollar,The official currency of the United States is the US Dollar.,General Trivia,World Facts
Quiz question: Which planet in our Solar System is known for having the most moons among the largest planets?,The video game industry,The Amazon Rainforest,Andhra Pradesh,Saturn (closely followed by Jupiter),D) Saturn (closely followed by Jupiter),Saturn and Jupiter have the largest known number of moons among planets in our Solar System.,General Trivia,Amazing Facts
Which option correctly answers this: What is the largest island in the world?,Tiger,Rabindranath Tagore,Greenland,The cheetah,C) Greenland,"Greenland is the largest island in the world by area, excluding continental landmasses.",General Trivia,World Facts
Choose the correct answer: What is the smallest country in the world by area?,US Dollar,The Nile,Vatican City,Archaeology,C) Vatican City,Vatican City is the smallest independent country in the world by both area and population.,General Trivia,Records
Choose the correct answer: What is the world's most spoken native language?,Angel Falls (Venezuela),Mandarin Chinese,The Mariana Trench,India,B) Mandarin Chinese,Mandarin Chinese has the largest number of native speakers of any language in the world.,General Trivia,World Facts
What is the national animal of India?,Nalanda University,Tiger,The Nile,The blue whale,B) Tiger,The Bengal tiger is the national animal of India.,General Trivia,India Facts
What is the national flower of India?,The Taj Mahal,Lotus,The cheetah,India,B) Lotus,"The lotus is the national flower of India, symbolizing purity.",General Trivia,India Facts
Choose the correct answer: What is the study of ancient artifacts and human history called?,Archaeology,The blue whale,Tiger,The Sahara Desert,A) Archaeology,Archaeology is the study of human history through the excavation and analysis of artifacts and physical remains.,General Trivia,Mixed Trivia
Which option correctly answers this: What is the world's most spoken native language?,Greenland,Christianity,Mandarin Chinese,The Great Barrier Reef,C) Mandarin Chinese,Mandarin Chinese has the largest number of native speakers of any language in the world.,General Trivia,World Facts
Which option correctly answers this: Which famous structure in India is one of the New Seven Wonders of the World?,Saturn (closely followed by Jupiter),India,The Taj Mahal,Lotus,C) The Taj Mahal,"The Taj Mahal, in Agra, India, is recognized as one of the New Seven Wonders of the World.",General Trivia,Famous Places
Choose the correct answer: Which is the largest hot desert in the world?,Christianity,Greenland,The Sahara Desert,The cheetah,C) The Sahara Desert,The Sahara Desert in Africa is the largest hot desert in the world.,General Trivia,World Facts
"Quiz question: Which is considered one of the world's earliest centers of higher learning, located in ancient India?",Rabindranath Tagore,Thomas Edison,Vatican City,Nalanda University,D) Nalanda University,"Nalanda University in ancient India, established around the 5th century CE, is considered one of the world's earliest centers of higher learning.",General Trivia,Firsts in the World
"Quiz question: What is the highest-grossing form of entertainment industry globally often cited in trivia, alongside film?",The video game industry,Angel Falls (Venezuela),The Sahara Desert,The cheetah,A) The video game industry,"The global video game industry is frequently cited in trivia as a very high-grossing entertainment sector, often compared to or exceeding film.",General Trivia,Amazing Facts
Quiz question: What is the deepest known point in the world's oceans?,New Zealand,The video game industry,Andhra Pradesh,The Mariana Trench,D) The Mariana Trench,"The Mariana Trench, in the Pacific Ocean, is the deepest known point in any of Earth's oceans.",General Trivia,Records
What is the most widely practiced religion in the world by number of adherents?,"About 8,849 meters",Andhra Pradesh,Christianity,The cheetah,C) Christianity,Christianity is generally considered the religion with the largest number of adherents worldwide.,General Trivia,World Facts
What is the deepest known point in the world's oceans?,Rabindranath Tagore,New Delhi,Christianity,The Mariana Trench,D) The Mariana Trench,"The Mariana Trench, in the Pacific Ocean, is the deepest known point in any of Earth's oceans.",General Trivia,Records
Which option correctly answers this: What is the fastest land animal?,Alexander Graham Bell,Archaeology,China,The cheetah,D) The cheetah,"The cheetah is the fastest land animal, capable of reaching speeds up to 100-120 km/h.",General Trivia,Amazing Facts
Quiz question: What is the study of ancient artifacts and human history called?,Rabindranath Tagore,India,Tiger,Archaeology,D) Archaeology,Archaeology is the study of human history through the excavation and analysis of artifacts and physical remains.,General Trivia,Mixed Trivia
Choose the correct answer: What is the smallest country in the world by area?,Vatican City,Christianity,Peacock,Nalanda University,A) Vatican City,Vatican City is the smallest independent country in the world by both area and population.,General Trivia,Records
Which option correctly answers this: What is the largest desert in the world?,The Great Barrier Reef,Lake Kariba (on the Zambia-Zimbabwe border),Saturn (closely followed by Jupiter),The Antarctic Desert,D) The Antarctic Desert,"The Antarctic Desert is technically the largest desert in the world by area, as deserts are defined by low precipitation, not just heat.",General Trivia,World Facts
Which is the largest hot desert in the world?,New Delhi,Andhra Pradesh,Japan,The Sahara Desert,D) The Sahara Desert,The Sahara Desert in Africa is the largest hot desert in the world.,General Trivia,World Facts
Which option correctly answers this: What is the currency of the United States?,Burj Khalifa,Angel Falls (Venezuela),US Dollar,The cheetah,C) US Dollar,The official currency of the United States is the US Dollar.,General Trivia,World Facts
What is Mount Everest's approximate height?,"About 8,849 meters",The Great Barrier Reef,Thomas Edison,New Zealand,"A) About 8,849 meters","Mount Everest, the world's highest peak, stands at approximately 8,849 meters above sea level.",General Trivia,World Facts
Quiz question: What is Mount Everest's approximate height?,US Dollar,"About 8,849 meters",Lotus,Nalanda University,"B) About 8,849 meters","Mount Everest, the world's highest peak, stands at approximately 8,849 meters above sea level.",General Trivia,World Facts
Choose the correct answer: What is the fastest land animal?,The blue whale,The cheetah,Mandarin Chinese,Japan,B) The cheetah,"The cheetah is the fastest land animal, capable of reaching speeds up to 100-120 km/h.",General Trivia,Amazing Facts
Quiz question: Who wrote India's national song?,The Mariana Trench,Lotus,Bankim Chandra Chatterjee,Saturn (closely followed by Jupiter),C) Bankim Chandra Chatterjee,"Bankim Chandra Chatterjee wrote 'Vande Mataram', India's national song.",General Trivia,India Facts
Which option correctly answers this: What is Mount Everest's approximate height?,The Antarctic Desert,New Delhi,Burj Khalifa,"About 8,849 meters","D) About 8,849 meters","Mount Everest, the world's highest peak, stands at approximately 8,849 meters above sea level.",General Trivia,World Facts
"Which option correctly answers this: Which is considered one of the world's earliest centers of higher learning, located in ancient India?",Thomas Edison,Archaeology,Nalanda University,Mango,C) Nalanda University,"Nalanda University in ancient India, established around the 5th century CE, is considered one of the world's earliest centers of higher learning.",General Trivia,Firsts in the World
Choose the correct answer: What is the currency of the United States?,The Great Barrier Reef,Alexander Graham Bell,US Dollar,The Antarctic Desert,C) US Dollar,The official currency of the United States is the US Dollar.,General Trivia,World Facts
Which option correctly answers this: Who wrote India's national anthem?,The blue whale,Peacock,Rabindranath Tagore,The Antarctic Desert,C) Rabindranath Tagore,"Rabindranath Tagore composed 'Jana Gana Mana', India's national anthem.",General Trivia,India Facts
Quiz question: Which planet in our Solar System is known for having the most moons among the largest planets?,Saturn (closely followed by Jupiter),India,Burj Khalifa,Thomas Edison,A) Saturn (closely followed by Jupiter),Saturn and Jupiter have the largest known number of moons among planets in our Solar System.,General Trivia,Amazing Facts
"Which option correctly answers this: Which Indian city hosted the first modern Commonwealth Games in India, in 2010?",China,Japan,The Nile,New Delhi,D) New Delhi,"New Delhi hosted the 2010 Commonwealth Games, the first time India hosted the event.",General Trivia,Firsts in India
"Choose the correct answer: Which Indian city hosted the first modern Commonwealth Games in India, in 2010?",Mandarin Chinese,Japan,The cheetah,New Delhi,D) New Delhi,"New Delhi hosted the 2010 Commonwealth Games, the first time India hosted the event.",General Trivia,Firsts in India
Which option correctly answers this: Who wrote India's national anthem?,Rabindranath Tagore,Burj Khalifa,Alexander Graham Bell,Vatican City,A) Rabindranath Tagore,"Rabindranath Tagore composed 'Jana Gana Mana', India's national anthem.",General Trivia,India Facts
Choose the correct answer: Which country is known as the 'Land of the Rising Sun'?,Japan,China,The Sahara Desert,Vatican City,A) Japan,"Japan is known as the 'Land of the Rising Sun', reflected in its name meaning origin of the sun.",General Trivia,World Facts
"Which option correctly answers this: What is the highest-grossing form of entertainment industry globally often cited in trivia, alongside film?",Mango,"About 8,849 meters",The video game industry,The Amazon Rainforest,C) The video game industry,"The global video game industry is frequently cited in trivia as a very high-grossing entertainment sector, often compared to or exceeding film.",General Trivia,Amazing Facts
Quiz question: What is the fastest land animal?,The Amazon Rainforest,Peacock,The cheetah,The Mariana Trench,C) The cheetah,"The cheetah is the fastest land animal, capable of reaching speeds up to 100-120 km/h.",General Trivia,Amazing Facts
Quiz question: What is the national animal of India?,The video game industry,Peacock,"About 8,849 meters",Tiger,D) Tiger,The Bengal tiger is the national animal of India.,General Trivia,India Facts
Quiz question: Which is the largest hot desert in the world?,Mandarin Chinese,Lake Kariba (on the Zambia-Zimbabwe border),Thomas Edison,The Sahara Desert,D) The Sahara Desert,The Sahara Desert in Africa is the largest hot desert in the world.,General Trivia,World Facts
Quiz question: What is the largest mammal in the world?,The blue whale,Burj Khalifa,New Delhi,Andhra Pradesh,A) The blue whale,"The blue whale is the largest mammal, and indeed the largest animal, known to have ever existed.",General Trivia,Amazing Facts
Which option correctly answers this: Who wrote India's national song?,New Zealand,Thomas Edison,Bankim Chandra Chatterjee,Burj Khalifa,C) Bankim Chandra Chatterjee,"Bankim Chandra Chatterjee wrote 'Vande Mataram', India's national song.",General Trivia,India Facts
Choose the correct answer: What is the largest island in the world?,The Antarctic Desert,Thomas Edison,The Great Barrier Reef,Greenland,D) Greenland,"Greenland is the largest island in the world by area, excluding continental landmasses.",General Trivia,World Facts
Quiz question: Which country is known as the 'Land of the Rising Sun'?,Japan,Bankim Chandra Chatterjee,New Delhi,Andhra Pradesh,A) Japan,"Japan is known as the 'Land of the Rising Sun', reflected in its name meaning origin of the sun.",General Trivia,World Facts
Choose the correct answer: What is the study of ancient artifacts and human history called?,China,Vatican City,New Delhi,Archaeology,D) Archaeology,Archaeology is the study of human history through the excavation and analysis of artifacts and physical remains.,General Trivia,Mixed Trivia
What is the world's largest by-volume man-made lake or reservoir often cited in geography trivia?,The cheetah,Lake Kariba (on the Zambia-Zimbabwe border),The Mariana Trench,The Antarctic Desert,B) Lake Kariba (on the Zambia-Zimbabwe border),"Lake Kariba, formed by the Kariba Dam, is often cited as the world's largest reservoir by volume.",General Trivia,Records
Which option correctly answers this: Which is the largest democracy in the world by population?,India,Archaeology,Saturn (closely followed by Jupiter),Greenland,A) India,India is widely recognized as the world's largest democracy by population.,General Trivia,World Facts
Choose the correct answer: What is the world's largest by-volume man-made lake or reservoir often cited in geography trivia?,The Mariana Trench,New Zealand,Lake Kariba (on the Zambia-Zimbabwe border),The Nile,C) Lake Kariba (on the Zambia-Zimbabwe border),"Lake Kariba, formed by the Kariba Dam, is often cited as the world's largest reservoir by volume.",General Trivia,Records
Choose the correct answer: What is the national flower of India?,Tiger,Lotus,Mango,The blue whale,B) Lotus,"The lotus is the national flower of India, symbolizing purity.",General Trivia,India Facts
Quiz question: Who wrote India's national song?,Archaeology,The Antarctic Desert,The Sahara Desert,Bankim Chandra Chatterjee,D) Bankim Chandra Chatterjee,"Bankim Chandra Chatterjee wrote 'Vande Mataram', India's national song.",General Trivia,India Facts
Which option correctly answers this: Which famous structure in India is one of the New Seven Wonders of the World?,China,Vatican City,The Mariana Trench,The Taj Mahal,D) The Taj Mahal,"The Taj Mahal, in Agra, India, is recognized as one of the New Seven Wonders of the World.",General Trivia,Famous Places
Quiz question: What is the study of ancient artifacts and human history called?,Lotus,Archaeology,Andhra Pradesh,Greenland,B) Archaeology,Archaeology is the study of human history through the excavation and analysis of artifacts and physical remains.,General Trivia,Mixed Trivia
"Choose the correct answer: Which Indian city hosted the first modern Commonwealth Games in India, in 2010?",Japan,US Dollar,Lake Kariba (on the Zambia-Zimbabwe border),New Delhi,D) New Delhi,"New Delhi hosted the 2010 Commonwealth Games, the first time India hosted the event.",General Trivia,Firsts in India
Which option correctly answers this: What is the deepest known point in the world's oceans?,Tiger,Saturn (closely followed by Jupiter),The Mariana Trench,India,C) The Mariana Trench,"The Mariana Trench, in the Pacific Ocean, is the deepest known point in any of Earth's oceans.",General Trivia,Records
Which country produces the most rice globally?,Greenland,Peacock,Bankim Chandra Chatterjee,China,D) China,China is historically the world's largest producer of rice.,General Trivia,World Facts
Quiz question: What is the currency of the United States?,Nalanda University,US Dollar,New Zealand,The Taj Mahal,B) US Dollar,The official currency of the United States is the US Dollar.,General Trivia,World Facts
Quiz question: What is the currency of the United States?,US Dollar,Mandarin Chinese,The Great Barrier Reef,Archaeology,A) US Dollar,The official currency of the United States is the US Dollar.,General Trivia,World Facts
What is the smallest country in the world by area?,Vatican City,Lotus,India,Archaeology,A) Vatican City,Vatican City is the smallest independent country in the world by both area and population.,General Trivia,Records
Quiz question: What is the smallest country in the world by area?,Bankim Chandra Chatterjee,"About 8,849 meters",The Antarctic Desert,Vatican City,D) Vatican City,Vatican City is the smallest independent country in the world by both area and population.,General Trivia,Records
Quiz question: What is the national animal of India?,Tiger,Greenland,Bankim Chandra Chatterjee,Mango,A) Tiger,The Bengal tiger is the national animal of India.,General Trivia,India Facts
Choose the correct answer: Who wrote India's national anthem?,The blue whale,New Delhi,Rabindranath Tagore,The Amazon Rainforest,C) Rabindranath Tagore,"Rabindranath Tagore composed 'Jana Gana Mana', India's national anthem.",General Trivia,India Facts
Which option correctly answers this: What is the world's largest by-volume man-made lake or reservoir often cited in geography trivia?,Lake Kariba (on the Zambia-Zimbabwe border),Peacock,The Antarctic Desert,US Dollar,A) Lake Kariba (on the Zambia-Zimbabwe border),"Lake Kariba, formed by the Kariba Dam, is often cited as the world's largest reservoir by volume.",General Trivia,Records
Which was the first country to grant women the right to vote?,Tiger,New Zealand,Bankim Chandra Chatterjee,Andhra Pradesh,B) New Zealand,"New Zealand became the first self-governing country to grant women the right to vote, in 1893.",General Trivia,Firsts in the World
"Choose the correct answer: Who invented the light bulb (as a practical, commercially viable design)?",Vatican City,Thomas Edison,Archaeology,Peacock,B) Thomas Edison,"Thomas Edison developed a practical, long-lasting incandescent light bulb in 1879.",General Trivia,Unusual Facts
Which option correctly answers this: Which was the first Indian state to be formed on a linguistic basis?,"About 8,849 meters",Saturn (closely followed by Jupiter),The cheetah,Andhra Pradesh,D) Andhra Pradesh,"Andhra Pradesh was the first state in India to be organized on a linguistic basis, formed in 1953.",General Trivia,Firsts in India
Choose the correct answer: Which was the first country to grant women the right to vote?,New Zealand,Japan,New Delhi,The Amazon Rainforest,A) New Zealand,"New Zealand became the first self-governing country to grant women the right to vote, in 1893.",General Trivia,Firsts in the World
Which option correctly answers this: What is Mount Everest's approximate height?,"About 8,849 meters",Saturn (closely followed by Jupiter),China,Thomas Edison,"A) About 8,849 meters","Mount Everest, the world's highest peak, stands at approximately 8,849 meters above sea level.",General Trivia,World Facts
Which was the first country to grant women the right to vote?,"About 8,849 meters",New Zealand,The blue whale,The Great Barrier Reef,B) New Zealand,"New Zealand became the first self-governing country to grant women the right to vote, in 1893.",General Trivia,Firsts in the World
"Which option correctly answers this: Which Indian city hosted the first modern Commonwealth Games in India, in 2010?",New Delhi,The Taj Mahal,Andhra Pradesh,Lotus,A) New Delhi,"New Delhi hosted the 2010 Commonwealth Games, the first time India hosted the event.",General Trivia,Firsts in India
What is the largest coral reef system in the world?,Mandarin Chinese,The Great Barrier Reef,China,The Sahara Desert,B) The Great Barrier Reef,"The Great Barrier Reef, off the coast of Australia, is the world's largest coral reef system.",General Trivia,World Facts
"Quiz question: Who invented the light bulb (as a practical, commercially viable design)?",New Delhi,Thomas Edison,Greenland,The Great Barrier Reef,B) Thomas Edison,"Thomas Edison developed a practical, long-lasting incandescent light bulb in 1879.",General Trivia,Unusual Facts
Choose the correct answer: Which is the largest hot desert in the world?,Saturn (closely followed by Jupiter),Peacock,The Sahara Desert,The blue whale,C) The Sahara Desert,The Sahara Desert in Africa is the largest hot desert in the world.,General Trivia,World Facts
Quiz question: What is the fastest land animal?,Christianity,Angel Falls (Venezuela),The cheetah,New Zealand,C) The cheetah,"The cheetah is the fastest land animal, capable of reaching speeds up to 100-120 km/h.",General Trivia,Amazing Facts
Quiz question: Which country is known as the 'Land of the Rising Sun'?,Nalanda University,The Great Barrier Reef,New Delhi,Japan,D) Japan,"Japan is known as the 'Land of the Rising Sun', reflected in its name meaning origin of the sun.",General Trivia,World Facts
Quiz question: What is the national fruit of India?,Mango,Nalanda University,The Great Barrier Reef,Archaeology,A) Mango,The mango is recognized as the national fruit of India.,General Trivia,India Facts
Choose the correct answer: What is the smallest country in the world by area?,Vatican City,New Zealand,Tiger,Angel Falls (Venezuela),A) Vatican City,Vatican City is the smallest independent country in the world by both area and population.,General Trivia,Records
"Which Indian city hosted the first modern Commonwealth Games in India, in 2010?",The Great Barrier Reef,The Antarctic Desert,Archaeology,New Delhi,D) New Delhi,"New Delhi hosted the 2010 Commonwealth Games, the first time India hosted the event.",General Trivia,Firsts in India
"Quiz question: Who invented the light bulb (as a practical, commercially viable design)?",Thomas Edison,Angel Falls (Venezuela),New Delhi,Lake Kariba (on the Zambia-Zimbabwe border),A) Thomas Edison,"Thomas Edison developed a practical, long-lasting incandescent light bulb in 1879.",General Trivia,Unusual Facts
Choose the correct answer: What is the most widely practiced religion in the world by number of adherents?,Christianity,The cheetah,Lotus,Andhra Pradesh,A) Christianity,Christianity is generally considered the religion with the largest number of adherents worldwide.,General Trivia,World Facts
Quiz question: Which was the first Indian state to be formed on a linguistic basis?,The Nile,Mandarin Chinese,Andhra Pradesh,Archaeology,C) Andhra Pradesh,"Andhra Pradesh was the first state in India to be organized on a linguistic basis, formed in 1953.",General Trivia,Firsts in India
Quiz question: Which was the first country to grant women the right to vote?,Andhra Pradesh,New Zealand,The Antarctic Desert,Lake Kariba (on the Zambia-Zimbabwe border),B) New Zealand,"New Zealand became the first self-governing country to grant women the right to vote, in 1893.",General Trivia,Firsts in the World
Quiz question: What is the largest desert in the world?,"About 8,849 meters",The Taj Mahal,Angel Falls (Venezuela),The Antarctic Desert,D) The Antarctic Desert,"The Antarctic Desert is technically the largest desert in the world by area, as deserts are defined by low precipitation, not just heat.",General Trivia,World Facts
"What is the highest-grossing form of entertainment industry globally often cited in trivia, alongside film?",Mandarin Chinese,India,The blue whale,The video game industry,D) The video game industry,"The global video game industry is frequently cited in trivia as a very high-grossing entertainment sector, often compared to or exceeding film.",General Trivia,Amazing Facts
What is the study of ancient artifacts and human history called?,The blue whale,India,Nalanda University,Archaeology,D) Archaeology,Archaeology is the study of human history through the excavation and analysis of artifacts and physical remains.,General Trivia,Mixed Trivia
What is the largest desert in the world?,Mango,Nalanda University,The Antarctic Desert,Angel Falls (Venezuela),C) The Antarctic Desert,"The Antarctic Desert is technically the largest desert in the world by area, as deserts are defined by low precipitation, not just heat.",General Trivia,World Facts
Choose the correct answer: What is the smallest country in the world by area?,The cheetah,Vatican City,The Nile,India,B) Vatican City,Vatican City is the smallest independent country in the world by both area and population.,General Trivia,Records
Quiz question: Which planet in our Solar System is known for having the most moons among the largest planets?,Saturn (closely followed by Jupiter),Burj Khalifa,Bankim Chandra Chatterjee,Greenland,A) Saturn (closely followed by Jupiter),Saturn and Jupiter have the largest known number of moons among planets in our Solar System.,General Trivia,Amazing Facts
Quiz question: What is the study of ancient artifacts and human history called?,"About 8,849 meters",New Zealand,Archaeology,The cheetah,C) Archaeology,Archaeology is the study of human history through the excavation and analysis of artifacts and physical remains.,General Trivia,Mixed Trivia
Who wrote India's national song?,New Zealand,Archaeology,Peacock,Bankim Chandra Chatterjee,D) Bankim Chandra Chatterjee,"Bankim Chandra Chatterjee wrote 'Vande Mataram', India's national song.",General Trivia,India Facts
Quiz question: Which was the first Indian state to be formed on a linguistic basis?,Rabindranath Tagore,The Nile,Lake Kariba (on the Zambia-Zimbabwe border),Andhra Pradesh,D) Andhra Pradesh,"Andhra Pradesh was the first state in India to be organized on a linguistic basis, formed in 1953.",General Trivia,Firsts in India
Which country is known as the 'Land of the Rising Sun'?,Japan,Saturn (closely followed by Jupiter),New Delhi,The Antarctic Desert,A) Japan,"Japan is known as the 'Land of the Rising Sun', reflected in its name meaning origin of the sun.",General Trivia,World Facts
Choose the correct answer: Which is the largest hot desert in the world?,The Sahara Desert,Burj Khalifa,The Great Barrier Reef,Christianity,A) The Sahara Desert,The Sahara Desert in Africa is the largest hot desert in the world.,General Trivia,World Facts
Which is the longest river in the world?,The Nile,Greenland,Lotus,The cheetah,A) The Nile,The Nile River in Africa is generally considered the longest river in the world.,General Trivia,World Facts
What is the smallest country in the world by area?,India,Nalanda University,Vatican City,New Delhi,C) Vatican City,Vatican City is the smallest independent country in the world by both area and population.,General Trivia,Records
Choose the correct answer: Which is the largest hot desert in the world?,India,The Sahara Desert,Rabindranath Tagore,Bankim Chandra Chatterjee,B) The Sahara Desert,The Sahara Desert in Africa is the largest hot desert in the world.,General Trivia,World Facts
Which option correctly answers this: What is the largest island in the world?,The Nile,Peacock,Greenland,Mango,C) Greenland,"Greenland is the largest island in the world by area, excluding continental landmasses.",General Trivia,World Facts
Choose the correct answer: What is the world's largest rainforest?,The Sahara Desert,The Nile,Burj Khalifa,The Amazon Rainforest,D) The Amazon Rainforest,"The Amazon Rainforest, located mainly in Brazil, is the largest tropical rainforest in the world.",General Trivia,World Facts
Choose the correct answer: What is the deepest known point in the world's oceans?,Christianity,The video game industry,The Mariana Trench,Rabindranath Tagore,C) The Mariana Trench,"The Mariana Trench, in the Pacific Ocean, is the deepest known point in any of Earth's oceans.",General Trivia,Records
Choose the correct answer: Which country produces the most rice globally?,Alexander Graham Bell,The Antarctic Desert,Vatican City,China,D) China,China is historically the world's largest producer of rice.,General Trivia,World Facts
Choose the correct answer: Who invented the telephone?,Alexander Graham Bell,The blue whale,"About 8,849 meters",The Antarctic Desert,A) Alexander Graham Bell,Alexander Graham Bell is credited with inventing the first practical telephone in 1876.,General Trivia,Unusual Facts
Which option correctly answers this: What is the national fruit of India?,Saturn (closely followed by Jupiter),Rabindranath Tagore,Mango,The Great Barrier Reef,C) Mango,The mango is recognized as the national fruit of India.,General Trivia,India Facts
Choose the correct answer: What is the largest coral reef system in the world?,The video game industry,Andhra Pradesh,The Mariana Trench,The Great Barrier Reef,D) The Great Barrier Reef,"The Great Barrier Reef, off the coast of Australia, is the world's largest coral reef system.",General Trivia,World Facts
"Which option correctly answers this: Who invented the light bulb (as a practical, commercially viable design)?",The video game industry,Archaeology,Thomas Edison,Greenland,C) Thomas Edison,"Thomas Edison developed a practical, long-lasting incandescent light bulb in 1879.",General Trivia,Unusual Facts
Which option correctly answers this: What is the national bird of India?,The Amazon Rainforest,Greenland,Peacock,"About 8,849 meters",C) Peacock,"The peacock is the national bird of India, known for its colorful plumage.",General Trivia,India Facts
Which is the largest democracy in the world by population?,India,The Sahara Desert,The Antarctic Desert,Lake Kariba (on the Zambia-Zimbabwe border),A) India,India is widely recognized as the world's largest democracy by population.,General Trivia,World Facts
Quiz question: What is the largest coral reef system in the world?,Vatican City,The video game industry,The Great Barrier Reef,China,C) The Great Barrier Reef,"The Great Barrier Reef, off the coast of Australia, is the world's largest coral reef system.",General Trivia,World Facts
Quiz question: What is the national fruit of India?,"About 8,849 meters",Burj Khalifa,US Dollar,Mango,D) Mango,The mango is recognized as the national fruit of India.,General Trivia,India Facts
What is the largest island in the world?,New Zealand,The video game industry,Lake Kariba (on the Zambia-Zimbabwe border),Greenland,D) Greenland,"Greenland is the largest island in the world by area, excluding continental landmasses.",General Trivia,World Facts
Which option correctly answers this: What is the deepest known point in the world's oceans?,Mango,The Antarctic Desert,The Mariana Trench,Thomas Edison,C) The Mariana Trench,"The Mariana Trench, in the Pacific Ocean, is the deepest known point in any of Earth's oceans.",General Trivia,Records
Quiz question: Who wrote India's national anthem?,Rabindranath Tagore,Saturn (closely followed by Jupiter),Greenland,The Amazon Rainforest,A) Rabindranath Tagore,"Rabindranath Tagore composed 'Jana Gana Mana', India's national anthem.",General Trivia,India Facts
Which option correctly answers this: What is the national bird of India?,The Great Barrier Reef,Peacock,Greenland,New Zealand,B) Peacock,"The peacock is the national bird of India, known for its colorful plumage.",General Trivia,India Facts
Which option correctly answers this: Who invented the telephone?,New Delhi,Alexander Graham Bell,The Mariana Trench,Peacock,B) Alexander Graham Bell,Alexander Graham Bell is credited with inventing the first practical telephone in 1876.,General Trivia,Unusual Facts
"Choose the correct answer: Which Indian city hosted the first modern Commonwealth Games in India, in 2010?",The Antarctic Desert,The cheetah,US Dollar,New Delhi,D) New Delhi,"New Delhi hosted the 2010 Commonwealth Games, the first time India hosted the event.",General Trivia,Firsts in India
Choose the correct answer: What is the largest coral reef system in the world?,The blue whale,Mango,Andhra Pradesh,The Great Barrier Reef,D) The Great Barrier Reef,"The Great Barrier Reef, off the coast of Australia, is the world's largest coral reef system.",General Trivia,World Facts
Quiz question: What is the study of ancient artifacts and human history called?,Archaeology,The cheetah,Japan,Bankim Chandra Chatterjee,A) Archaeology,Archaeology is the study of human history through the excavation and analysis of artifacts and physical remains.,General Trivia,Mixed Trivia
Choose the correct answer: What is the world's most spoken native language?,Mandarin Chinese,Angel Falls (Venezuela),New Zealand,Burj Khalifa,A) Mandarin Chinese,Mandarin Chinese has the largest number of native speakers of any language in the world.,General Trivia,World Facts
What is the currency of the United States?,US Dollar,The Great Barrier Reef,Mango,Thomas Edison,A) US Dollar,The official currency of the United States is the US Dollar.,General Trivia,World Facts
Choose the correct answer: Which is the tallest man-made structure in the world (as of the early 2020s)?,New Delhi,Burj Khalifa,Peacock,Mango,B) Burj Khalifa,The Burj Khalifa in Dubai is the tallest man-made structure in the world.,General Trivia,Famous Places
Choose the correct answer: What is the largest coral reef system in the world?,The Great Barrier Reef,Saturn (closely followed by Jupiter),Mandarin Chinese,Burj Khalifa,A) The Great Barrier Reef,"The Great Barrier Reef, off the coast of Australia, is the world's largest coral reef system.",General Trivia,World Facts
Which option correctly answers this: What is the world's largest by-volume man-made lake or reservoir often cited in geography trivia?,The Mariana Trench,Alexander Graham Bell,Lake Kariba (on the Zambia-Zimbabwe border),The Great Barrier Reef,C) Lake Kariba (on the Zambia-Zimbabwe border),"Lake Kariba, formed by the Kariba Dam, is often cited as the world's largest reservoir by volume.",General Trivia,Records
Quiz question: What is the national flower of India?,Lotus,Saturn (closely followed by Jupiter),The Great Barrier Reef,The Antarctic Desert,A) Lotus,"The lotus is the national flower of India, symbolizing purity.",General Trivia,India Facts
Choose the correct answer: What is the national flower of India?,Lotus,Burj Khalifa,US Dollar,Angel Falls (Venezuela),A) Lotus,"The lotus is the national flower of India, symbolizing purity.",General Trivia,India Facts
Which option correctly answers this: What is the national animal of India?,Tiger,The blue whale,Greenland,Lake Kariba (on the Zambia-Zimbabwe border),A) Tiger,The Bengal tiger is the national animal of India.,General Trivia,India Facts
What is the world's most spoken native language?,Christianity,The video game industry,Mandarin Chinese,Burj Khalifa,C) Mandarin Chinese,Mandarin Chinese has the largest number of native speakers of any language in the world.,General Trivia,World Facts
Quiz question: What is the world's most spoken native language?,Mandarin Chinese,China,The blue whale,Archaeology,A) Mandarin Chinese,Mandarin Chinese has the largest number of native speakers of any language in the world.,General Trivia,World Facts
Choose the correct answer: Which is the largest democracy in the world by population?,Andhra Pradesh,India,Archaeology,Greenland,B) India,India is widely recognized as the world's largest democracy by population.,General Trivia,World Facts
Choose the correct answer: Which famous structure in India is one of the New Seven Wonders of the World?,The Taj Mahal,The blue whale,Alexander Graham Bell,Angel Falls (Venezuela),A) The Taj Mahal,"The Taj Mahal, in Agra, India, is recognized as one of the New Seven Wonders of the World.",General Trivia,Famous Places
Quiz question: What is the world's most spoken native language?,Mandarin Chinese,Angel Falls (Venezuela),Rabindranath Tagore,India,A) Mandarin Chinese,Mandarin Chinese has the largest number of native speakers of any language in the world.,General Trivia,World Facts
Quiz question: What is Mount Everest's approximate height?,Peacock,Lake Kariba (on the Zambia-Zimbabwe border),"About 8,849 meters",Vatican City,"C) About 8,849 meters","Mount Everest, the world's highest peak, stands at approximately 8,849 meters above sea level.",General Trivia,World Facts
Which option correctly answers this: What is the study of ancient artifacts and human history called?,Archaeology,The Sahara Desert,The video game industry,New Zealand,A) Archaeology,Archaeology is the study of human history through the excavation and analysis of artifacts and physical remains.,General Trivia,Mixed Trivia
Who invented the telephone?,Alexander Graham Bell,The Mariana Trench,US Dollar,Nalanda University,A) Alexander Graham Bell,Alexander Graham Bell is credited with inventing the first practical telephone in 1876.,General Trivia,Unusual Facts
Who wrote India's national song?,Bankim Chandra Chatterjee,Vatican City,The Great Barrier Reef,Thomas Edison,A) Bankim Chandra Chatterjee,"Bankim Chandra Chatterjee wrote 'Vande Mataram', India's national song.",General Trivia,India Facts
Which option correctly answers this: What is the smallest country in the world by area?,Burj Khalifa,Alexander Graham Bell,US Dollar,Vatican City,D) Vatican City,Vatican City is the smallest independent country in the world by both area and population.,General Trivia,Records
Choose the correct answer: Which famous structure in India is one of the New Seven Wonders of the World?,Lotus,The Nile,Lake Kariba (on the Zambia-Zimbabwe border),The Taj Mahal,D) The Taj Mahal,"The Taj Mahal, in Agra, India, is recognized as one of the New Seven Wonders of the World.",General Trivia,Famous Places
What is the national animal of India?,The Sahara Desert,Saturn (closely followed by Jupiter),Tiger,Lake Kariba (on the Zambia-Zimbabwe border),C) Tiger,The Bengal tiger is the national animal of India.,General Trivia,India Facts
"Which option correctly answers this: What is the highest-grossing form of entertainment industry globally often cited in trivia, alongside film?",Rabindranath Tagore,Alexander Graham Bell,Nalanda University,The video game industry,D) The video game industry,"The global video game industry is frequently cited in trivia as a very high-grossing entertainment sector, often compared to or exceeding film.",General Trivia,Amazing Facts
"Which option correctly answers this: Which Indian city hosted the first modern Commonwealth Games in India, in 2010?",Tiger,Alexander Graham Bell,New Delhi,India,C) New Delhi,"New Delhi hosted the 2010 Commonwealth Games, the first time India hosted the event.",General Trivia,Firsts in India
Choose the correct answer: Which is the largest hot desert in the world?,The cheetah,The Sahara Desert,Rabindranath Tagore,Burj Khalifa,B) The Sahara Desert,The Sahara Desert in Africa is the largest hot desert in the world.,General Trivia,World Facts
Quiz question: Who wrote India's national song?,The Taj Mahal,Peacock,Bankim Chandra Chatterjee,The cheetah,C) Bankim Chandra Chatterjee,"Bankim Chandra Chatterjee wrote 'Vande Mataram', India's national song.",General Trivia,India Facts
Choose the correct answer: Who wrote India's national anthem?,Mandarin Chinese,The cheetah,The Great Barrier Reef,Rabindranath Tagore,D) Rabindranath Tagore,"Rabindranath Tagore composed 'Jana Gana Mana', India's national anthem.",General Trivia,India Facts
Choose the correct answer: What is the world's largest by-volume man-made lake or reservoir often cited in geography trivia?,Archaeology,Rabindranath Tagore,Burj Khalifa,Lake Kariba (on the Zambia-Zimbabwe border),D) Lake Kariba (on the Zambia-Zimbabwe border),"Lake Kariba, formed by the Kariba Dam, is often cited as the world's largest reservoir by volume.",General Trivia,Records
Quiz question: Who wrote India's national song?,Lotus,Lake Kariba (on the Zambia-Zimbabwe border),Greenland,Bankim Chandra Chatterjee,D) Bankim Chandra Chatterjee,"Bankim Chandra Chatterjee wrote 'Vande Mataram', India's national song.",General Trivia,India Facts
Quiz question: Which is the longest river in the world?,The Mariana Trench,Nalanda University,Vatican City,The Nile,D) The Nile,The Nile River in Africa is generally considered the longest river in the world.,General Trivia,World Facts
Which option correctly answers this: Who wrote India's national anthem?,The Antarctic Desert,Rabindranath Tagore,Angel Falls (Venezuela),The video game industry,B) Rabindranath Tagore,"Rabindranath Tagore composed 'Jana Gana Mana', India's national anthem.",General Trivia,India Facts
Choose the correct answer: What is the smallest country in the world by area?,US Dollar,Burj Khalifa,The video game industry,Vatican City,D) Vatican City,Vatican City is the smallest independent country in the world by both area and population.,General Trivia,Records
"What is the highest-grossing form of entertainment industry globally often cited in trivia, alongside film?",The Antarctic Desert,The video game industry,Lake Kariba (on the Zambia-Zimbabwe border),Peacock,B) The video game industry,"The global video game industry is frequently cited in trivia as a very high-grossing entertainment sector, often compared to or exceeding film.",General Trivia,Amazing Facts
Choose the correct answer: Which was the first Indian state to be formed on a linguistic basis?,Lotus,The Taj Mahal,Andhra Pradesh,US Dollar,C) Andhra Pradesh,"Andhra Pradesh was the first state in India to be organized on a linguistic basis, formed in 1953.",General Trivia,Firsts in India
Quiz question: What is the largest desert in the world?,Thomas Edison,The Antarctic Desert,Mango,Christianity,B) The Antarctic Desert,"The Antarctic Desert is technically the largest desert in the world by area, as deserts are defined by low precipitation, not just heat.",General Trivia,World Facts
Quiz question: What is the national bird of India?,Peacock,Greenland,Archaeology,The cheetah,A) Peacock,"The peacock is the national bird of India, known for its colorful plumage.",General Trivia,India Facts
Choose the correct answer: What is the world's largest rainforest?,Lotus,The blue whale,The Amazon Rainforest,Tiger,C) The Amazon Rainforest,"The Amazon Rainforest, located mainly in Brazil, is the largest tropical rainforest in the world.",General Trivia,World Facts
Quiz question: What is the world's most spoken native language?,Vatican City,Alexander Graham Bell,US Dollar,Mandarin Chinese,D) Mandarin Chinese,Mandarin Chinese has the largest number of native speakers of any language in the world.,General Trivia,World Facts
"Quiz question: Who invented the light bulb (as a practical, commercially viable design)?",The video game industry,US Dollar,Thomas Edison,The blue whale,C) Thomas Edison,"Thomas Edison developed a practical, long-lasting incandescent light bulb in 1879.",General Trivia,Unusual Facts
"Choose the correct answer: Which is considered one of the world's earliest centers of higher learning, located in ancient India?",Nalanda University,The Nile,Lake Kariba (on the Zambia-Zimbabwe border),US Dollar,A) Nalanda University,"Nalanda University in ancient India, established around the 5th century CE, is considered one of the world's earliest centers of higher learning.",General Trivia,Firsts in the World
Choose the correct answer: What is Mount Everest's approximate height?,Saturn (closely followed by Jupiter),The blue whale,Mango,"About 8,849 meters","D) About 8,849 meters","Mount Everest, the world's highest peak, stands at approximately 8,849 meters above sea level.",General Trivia,World Facts
What is the most widely practiced religion in the world by number of adherents?,The Antarctic Desert,New Delhi,Christianity,Bankim Chandra Chatterjee,C) Christianity,Christianity is generally considered the religion with the largest number of adherents worldwide.,General Trivia,World Facts
"Quiz question: What is the highest-grossing form of entertainment industry globally often cited in trivia, alongside film?",The Amazon Rainforest,Rabindranath Tagore,The video game industry,Peacock,C) The video game industry,"The global video game industry is frequently cited in trivia as a very high-grossing entertainment sector, often compared to or exceeding film.",General Trivia,Amazing Facts
Who wrote India's national anthem?,Nalanda University,Archaeology,Rabindranath Tagore,Vatican City,C) Rabindranath Tagore,"Rabindranath Tagore composed 'Jana Gana Mana', India's national anthem.",General Trivia,India Facts
Choose the correct answer: What is the currency of the United States?,US Dollar,The Great Barrier Reef,Christianity,Nalanda University,A) US Dollar,The official currency of the United States is the US Dollar.,General Trivia,World Facts
Choose the correct answer: What is the smallest country in the world by area?,Vatican City,Christianity,Thomas Edison,Nalanda University,A) Vatican City,Vatican City is the smallest independent country in the world by both area and population.,General Trivia,Records
What is the national fruit of India?,The Antarctic Desert,Mango,Lake Kariba (on the Zambia-Zimbabwe border),Greenland,B) Mango,The mango is recognized as the national fruit of India.,General Trivia,India Facts
Quiz question: Who wrote India's national song?,Bankim Chandra Chatterjee,Alexander Graham Bell,Christianity,The Great Barrier Reef,A) Bankim Chandra Chatterjee,"Bankim Chandra Chatterjee wrote 'Vande Mataram', India's national song.",General Trivia,India Facts
Which option correctly answers this: What is the largest desert in the world?,Japan,Angel Falls (Venezuela),The Antarctic Desert,Alexander Graham Bell,C) The Antarctic Desert,"The Antarctic Desert is technically the largest desert in the world by area, as deserts are defined by low precipitation, not just heat.",General Trivia,World Facts
Which was the first Indian state to be formed on a linguistic basis?,Andhra Pradesh,Tiger,The Antarctic Desert,The Great Barrier Reef,A) Andhra Pradesh,"Andhra Pradesh was the first state in India to be organized on a linguistic basis, formed in 1953.",General Trivia,Firsts in India
Choose the correct answer: What is the national fruit of India?,Mango,The Amazon Rainforest,The Nile,Lotus,A) Mango,The mango is recognized as the national fruit of India.,General Trivia,India Facts
Choose the correct answer: Which is the tallest man-made structure in the world (as of the early 2020s)?,The Sahara Desert,Lake Kariba (on the Zambia-Zimbabwe border),The Great Barrier Reef,Burj Khalifa,D) Burj Khalifa,The Burj Khalifa in Dubai is the tallest man-made structure in the world.,General Trivia,Famous Places
Choose the correct answer: What is the national fruit of India?,Bankim Chandra Chatterjee,New Zealand,Mango,US Dollar,C) Mango,The mango is recognized as the national fruit of India.,General Trivia,India Facts
Which option correctly answers this: Which is the tallest man-made structure in the world (as of the early 2020s)?,Peacock,Bankim Chandra Chatterjee,Burj Khalifa,Saturn (closely followed by Jupiter),C) Burj Khalifa,The Burj Khalifa in Dubai is the tallest man-made structure in the world.,General Trivia,Famous Places
Which option correctly answers this: What is the world's most spoken native language?,Mandarin Chinese,The video game industry,US Dollar,Saturn (closely followed by Jupiter),A) Mandarin Chinese,Mandarin Chinese has the largest number of native speakers of any language in the world.,General Trivia,World Facts
What is the smallest country in the world by area?,China,The video game industry,Christianity,Vatican City,D) Vatican City,Vatican City is the smallest independent country in the world by both area and population.,General Trivia,Records
Quiz question: What is the tallest waterfall in the world?,The Taj Mahal,Angel Falls (Venezuela),The Amazon Rainforest,Alexander Graham Bell,B) Angel Falls (Venezuela),"Angel Falls, located in Venezuela, is the world's tallest uninterrupted waterfall.",General Trivia,Records
Which is the largest democracy in the world by population?,Mango,Archaeology,India,The Taj Mahal,C) India,India is widely recognized as the world's largest democracy by population.,General Trivia,World Facts
"Choose the correct answer: Who invented the light bulb (as a practical, commercially viable design)?",Rabindranath Tagore,The Sahara Desert,New Delhi,Thomas Edison,D) Thomas Edison,"Thomas Edison developed a practical, long-lasting incandescent light bulb in 1879.",General Trivia,Unusual Facts
Choose the correct answer: What is the world's most spoken native language?,Mandarin Chinese,Nalanda University,Vatican City,The Antarctic Desert,A) Mandarin Chinese,Mandarin Chinese has the largest number of native speakers of any language in the world.,General Trivia,World Facts
"Which Indian city hosted the first modern Commonwealth Games in India, in 2010?",Archaeology,New Delhi,Tiger,Rabindranath Tagore,B) New Delhi,"New Delhi hosted the 2010 Commonwealth Games, the first time India hosted the event.",General Trivia,Firsts in India
What is the national flower of India?,The Amazon Rainforest,Lotus,Nalanda University,The Antarctic Desert,B) Lotus,"The lotus is the national flower of India, symbolizing purity.",General Trivia,India Facts
Quiz question: What is the national animal of India?,Tiger,Archaeology,Peacock,India,A) Tiger,The Bengal tiger is the national animal of India.,General Trivia,India Facts
Quiz question: Which is the largest democracy in the world by population?,The Nile,"About 8,849 meters",Rabindranath Tagore,India,D) India,India is widely recognized as the world's largest democracy by population.,General Trivia,World Facts
Quiz question: What is the national bird of India?,Peacock,Andhra Pradesh,Nalanda University,Lake Kariba (on the Zambia-Zimbabwe border),A) Peacock,"The peacock is the national bird of India, known for its colorful plumage.",General Trivia,India Facts
Which is the tallest man-made structure in the world (as of the early 2020s)?,New Zealand,Burj Khalifa,US Dollar,"About 8,849 meters",B) Burj Khalifa,The Burj Khalifa in Dubai is the tallest man-made structure in the world.,General Trivia,Famous Places
Choose the correct answer: What is the deepest known point in the world's oceans?,The Mariana Trench,China,Burj Khalifa,Andhra Pradesh,A) The Mariana Trench,"The Mariana Trench, in the Pacific Ocean, is the deepest known point in any of Earth's oceans.",General Trivia,Records
Quiz question: What is the largest desert in the world?,The Antarctic Desert,Nalanda University,Mango,Lake Kariba (on the Zambia-Zimbabwe border),A) The Antarctic Desert,"The Antarctic Desert is technically the largest desert in the world by area, as deserts are defined by low precipitation, not just heat.",General Trivia,World Facts
Choose the correct answer: Which famous structure in India is one of the New Seven Wonders of the World?,India,Japan,Saturn (closely followed by Jupiter),The Taj Mahal,D) The Taj Mahal,"The Taj Mahal, in Agra, India, is recognized as one of the New Seven Wonders of the World.",General Trivia,Famous Places
Quiz question: What is the largest mammal in the world?,Burj Khalifa,Mango,The blue whale,Mandarin Chinese,C) The blue whale,"The blue whale is the largest mammal, and indeed the largest animal, known to have ever existed.",General Trivia,Amazing Facts
What is the study of ancient artifacts and human history called?,China,Alexander Graham Bell,Archaeology,The blue whale,C) Archaeology,Archaeology is the study of human history through the excavation and analysis of artifacts and physical remains.,General Trivia,Mixed Trivia
Which option correctly answers this: Which is the longest river in the world?,The Nile,Alexander Graham Bell,Greenland,The blue whale,A) The Nile,The Nile River in Africa is generally considered the longest river in the world.,General Trivia,World Facts
Which option correctly answers this: Which was the first country to grant women the right to vote?,New Zealand,Saturn (closely followed by Jupiter),Peacock,The Sahara Desert,A) New Zealand,"New Zealand became the first self-governing country to grant women the right to vote, in 1893.",General Trivia,Firsts in the World
Which option correctly answers this: What is the national bird of India?,The Great Barrier Reef,The cheetah,The Amazon Rainforest,Peacock,D) Peacock,"The peacock is the national bird of India, known for its colorful plumage.",General Trivia,India Facts
Which famous structure in India is one of the New Seven Wonders of the World?,The Taj Mahal,The blue whale,India,Peacock,A) The Taj Mahal,"The Taj Mahal, in Agra, India, is recognized as one of the New Seven Wonders of the World.",General Trivia,Famous Places
Choose the correct answer: Which country produces the most rice globally?,Burj Khalifa,The cheetah,China,Mango,C) China,China is historically the world's largest producer of rice.,General Trivia,World Facts
Who invented the telephone?,The Great Barrier Reef,Alexander Graham Bell,The Amazon Rainforest,Lake Kariba (on the Zambia-Zimbabwe border),B) Alexander Graham Bell,Alexander Graham Bell is credited with inventing the first practical telephone in 1876.,General Trivia,Unusual Facts
What is the smallest country in the world by area?,Vatican City,China,India,Angel Falls (Venezuela),A) Vatican City,Vatican City is the smallest independent country in the world by both area and population.,General Trivia,Records
"Choose the correct answer: Which Indian city hosted the first modern Commonwealth Games in India, in 2010?",Tiger,Nalanda University,New Delhi,Japan,C) New Delhi,"New Delhi hosted the 2010 Commonwealth Games, the first time India hosted the event.",General Trivia,Firsts in India
Choose the correct answer: Which is the largest democracy in the world by population?,India,The cheetah,"About 8,849 meters",Peacock,A) India,India is widely recognized as the world's largest democracy by population.,General Trivia,World Facts
What is the largest desert in the world?,The Antarctic Desert,Vatican City,Lotus,New Delhi,A) The Antarctic Desert,"The Antarctic Desert is technically the largest desert in the world by area, as deserts are defined by low precipitation, not just heat.",General Trivia,World Facts
Quiz question: Which was the first country to grant women the right to vote?,Lake Kariba (on the Zambia-Zimbabwe border),New Zealand,The Nile,The blue whale,B) New Zealand,"New Zealand became the first self-governing country to grant women the right to vote, in 1893.",General Trivia,Firsts in the World
"Which option correctly answers this: What is the highest-grossing form of entertainment industry globally often cited in trivia, alongside film?",The Antarctic Desert,The blue whale,The video game industry,New Delhi,C) The video game industry,"The global video game industry is frequently cited in trivia as a very high-grossing entertainment sector, often compared to or exceeding film.",General Trivia,Amazing Facts
Quiz question: Which was the first country to grant women the right to vote?,The Nile,New Zealand,Mandarin Chinese,Alexander Graham Bell,B) New Zealand,"New Zealand became the first self-governing country to grant women the right to vote, in 1893.",General Trivia,Firsts in the World
Which option correctly answers this: What is the deepest known point in the world's oceans?,Thomas Edison,The Mariana Trench,India,China,B) The Mariana Trench,"The Mariana Trench, in the Pacific Ocean, is the deepest known point in any of Earth's oceans.",General Trivia,Records
Quiz question: What is the fastest land animal?,The cheetah,New Zealand,Bankim Chandra Chatterjee,The Taj Mahal,A) The cheetah,"The cheetah is the fastest land animal, capable of reaching speeds up to 100-120 km/h.",General Trivia,Amazing Facts
Choose the correct answer: What is the fastest land animal?,The Taj Mahal,The Mariana Trench,The Amazon Rainforest,The cheetah,D) The cheetah,"The cheetah is the fastest land animal, capable of reaching speeds up to 100-120 km/h.",General Trivia,Amazing Facts
Who wrote India's national anthem?,Burj Khalifa,The Amazon Rainforest,Rabindranath Tagore,Mango,C) Rabindranath Tagore,"Rabindranath Tagore composed 'Jana Gana Mana', India's national anthem.",General Trivia,India Facts
What is the national flower of India?,Japan,Greenland,Peacock,Lotus,D) Lotus,"The lotus is the national flower of India, symbolizing purity.",General Trivia,India Facts
"Which option correctly answers this: Who invented the light bulb (as a practical, commercially viable design)?",Thomas Edison,Rabindranath Tagore,"About 8,849 meters",The Amazon Rainforest,A) Thomas Edison,"Thomas Edison developed a practical, long-lasting incandescent light bulb in 1879.",General Trivia,Unusual Facts
What is the most widely practiced religion in the world by number of adherents?,Christianity,The Great Barrier Reef,The Mariana Trench,Peacock,A) Christianity,Christianity is generally considered the religion with the largest number of adherents worldwide.,General Trivia,World Facts
Quiz question: What is the world's largest by-volume man-made lake or reservoir often cited in geography trivia?,The Antarctic Desert,US Dollar,Lake Kariba (on the Zambia-Zimbabwe border),The Sahara Desert,C) Lake Kariba (on the Zambia-Zimbabwe border),"Lake Kariba, formed by the Kariba Dam, is often cited as the world's largest reservoir by volume.",General Trivia,Records
Choose the correct answer: What is the deepest known point in the world's oceans?,New Zealand,Peacock,Alexander Graham Bell,The Mariana Trench,D) The Mariana Trench,"The Mariana Trench, in the Pacific Ocean, is the deepest known point in any of Earth's oceans.",General Trivia,Records
Quiz question: What is the smallest country in the world by area?,Lotus,Vatican City,US Dollar,Rabindranath Tagore,B) Vatican City,Vatican City is the smallest independent country in the world by both area and population.,General Trivia,Records
Choose the correct answer: Which was the first country to grant women the right to vote?,New Zealand,Alexander Graham Bell,Thomas Edison,The Nile,A) New Zealand,"New Zealand became the first self-governing country to grant women the right to vote, in 1893.",General Trivia,Firsts in the World
What is the largest desert in the world?,Angel Falls (Venezuela),Alexander Graham Bell,The Antarctic Desert,Mandarin Chinese,C) The Antarctic Desert,"The Antarctic Desert is technically the largest desert in the world by area, as deserts are defined by low precipitation, not just heat.",General Trivia,World Facts
Choose the correct answer: What is the tallest waterfall in the world?,Lake Kariba (on the Zambia-Zimbabwe border),The Great Barrier Reef,Saturn (closely followed by Jupiter),Angel Falls (Venezuela),D) Angel Falls (Venezuela),"Angel Falls, located in Venezuela, is the world's tallest uninterrupted waterfall.",General Trivia,Records
Quiz question: What is the national fruit of India?,Lake Kariba (on the Zambia-Zimbabwe border),Rabindranath Tagore,Mango,Bankim Chandra Chatterjee,C) Mango,The mango is recognized as the national fruit of India.,General Trivia,India Facts
What is Mount Everest's approximate height?,Christianity,"About 8,849 meters",US Dollar,The Sahara Desert,"B) About 8,849 meters","Mount Everest, the world's highest peak, stands at approximately 8,849 meters above sea level.",General Trivia,World Facts
Which option correctly answers this: Which was the first country to grant women the right to vote?,Thomas Edison,New Zealand,The Great Barrier Reef,Vatican City,B) New Zealand,"New Zealand became the first self-governing country to grant women the right to vote, in 1893.",General Trivia,Firsts in the World
Which option correctly answers this: What is the fastest land animal?,The cheetah,Rabindranath Tagore,Mandarin Chinese,Lake Kariba (on the Zambia-Zimbabwe border),A) The cheetah,"The cheetah is the fastest land animal, capable of reaching speeds up to 100-120 km/h.",General Trivia,Amazing Facts
Choose the correct answer: Who wrote India's national song?,The cheetah,The Sahara Desert,Bankim Chandra Chatterjee,Peacock,C) Bankim Chandra Chatterjee,"Bankim Chandra Chatterjee wrote 'Vande Mataram', India's national song.",General Trivia,India Facts
Quiz question: What is the largest desert in the world?,The cheetah,Christianity,US Dollar,The Antarctic Desert,D) The Antarctic Desert,"The Antarctic Desert is technically the largest desert in the world by area, as deserts are defined by low precipitation, not just heat.",General Trivia,World Facts
Which planet in our Solar System is known for having the most moons among the largest planets?,Japan,Saturn (closely followed by Jupiter),Angel Falls (Venezuela),The video game industry,B) Saturn (closely followed by Jupiter),Saturn and Jupiter have the largest known number of moons among planets in our Solar System.,General Trivia,Amazing Facts
"Quiz question: Which is considered one of the world's earliest centers of higher learning, located in ancient India?",Archaeology,Nalanda University,The Mariana Trench,Mandarin Chinese,B) Nalanda University,"Nalanda University in ancient India, established around the 5th century CE, is considered one of the world's earliest centers of higher learning.",General Trivia,Firsts in the World
Choose the correct answer: What is the smallest country in the world by area?,New Zealand,Mandarin Chinese,Vatican City,The cheetah,C) Vatican City,Vatican City is the smallest independent country in the world by both area and population.,General Trivia,Records
Which option correctly answers this: What is the national animal of India?,The video game industry,India,Tiger,Christianity,C) Tiger,The Bengal tiger is the national animal of India.,General Trivia,India Facts
Choose the correct answer: What is the largest mammal in the world?,Archaeology,Nalanda University,The blue whale,"About 8,849 meters",C) The blue whale,"The blue whale is the largest mammal, and indeed the largest animal, known to have ever existed.",General Trivia,Amazing Facts
Choose the correct answer: Who invented the telephone?,Alexander Graham Bell,Bankim Chandra Chatterjee,Christianity,Burj Khalifa,A) Alexander Graham Bell,Alexander Graham Bell is credited with inventing the first practical telephone in 1876.,General Trivia,Unusual Facts
Which option correctly answers this: Who invented the telephone?,Alexander Graham Bell,The Amazon Rainforest,The Taj Mahal,Lake Kariba (on the Zambia-Zimbabwe border),A) Alexander Graham Bell,Alexander Graham Bell is credited with inventing the first practical telephone in 1876.,General Trivia,Unusual Facts
What is the world's most spoken native language?,The Antarctic Desert,New Delhi,Lake Kariba (on the Zambia-Zimbabwe border),Mandarin Chinese,D) Mandarin Chinese,Mandarin Chinese has the largest number of native speakers of any language in the world.,General Trivia,World Facts
What is the largest desert in the world?,Rabindranath Tagore,The Great Barrier Reef,"About 8,849 meters",The Antarctic Desert,D) The Antarctic Desert,"The Antarctic Desert is technically the largest desert in the world by area, as deserts are defined by low precipitation, not just heat.",General Trivia,World Facts
Quiz question: Which was the first Indian state to be formed on a linguistic basis?,Andhra Pradesh,China,The Taj Mahal,Lake Kariba (on the Zambia-Zimbabwe border),A) Andhra Pradesh,"Andhra Pradesh was the first state in India to be organized on a linguistic basis, formed in 1953.",General Trivia,Firsts in India
"Choose the correct answer: Who invented the light bulb (as a practical, commercially viable design)?",Vatican City,US Dollar,The Amazon Rainforest,Thomas Edison,D) Thomas Edison,"Thomas Edison developed a practical, long-lasting incandescent light bulb in 1879.",General Trivia,Unusual Facts
What is the largest island in the world?,China,Peacock,Greenland,Vatican City,C) Greenland,"Greenland is the largest island in the world by area, excluding continental landmasses.",General Trivia,World Facts
Choose the correct answer: What is Mount Everest's approximate height?,The Mariana Trench,Christianity,Greenland,"About 8,849 meters","D) About 8,849 meters","Mount Everest, the world's highest peak, stands at approximately 8,849 meters above sea level.",General Trivia,World Facts
Quiz question: Which country is known as the 'Land of the Rising Sun'?,Japan,Lake Kariba (on the Zambia-Zimbabwe border),Mango,The Nile,A) Japan,"Japan is known as the 'Land of the Rising Sun', reflected in its name meaning origin of the sun.",General Trivia,World Facts
What is the world's most spoken native language?,The video game industry,Burj Khalifa,Mandarin Chinese,Rabindranath Tagore,C) Mandarin Chinese,Mandarin Chinese has the largest number of native speakers of any language in the world.,General Trivia,World Facts
Choose the correct answer: Who invented the telephone?,Vatican City,China,New Zealand,Alexander Graham Bell,D) Alexander Graham Bell,Alexander Graham Bell is credited with inventing the first practical telephone in 1876.,General Trivia,Unusual Facts
What is the largest mammal in the world?,Saturn (closely followed by Jupiter),The blue whale,Thomas Edison,Mango,B) The blue whale,"The blue whale is the largest mammal, and indeed the largest animal, known to have ever existed.",General Trivia,Amazing Facts
What is the study of ancient artifacts and human history called?,The video game industry,Burj Khalifa,The blue whale,Archaeology,D) Archaeology,Archaeology is the study of human history through the excavation and analysis of artifacts and physical remains.,General Trivia,Mixed Trivia
Choose the correct answer: What is the national bird of India?,Nalanda University,Burj Khalifa,Peacock,US Dollar,C) Peacock,"The peacock is the national bird of India, known for its colorful plumage.",General Trivia,India Facts
What is the world's most spoken native language?,Mandarin Chinese,The Nile,Angel Falls (Venezuela),The blue whale,A) Mandarin Chinese,Mandarin Chinese has the largest number of native speakers of any language in the world.,General Trivia,World Facts
Which option correctly answers this: What is the largest desert in the world?,The Antarctic Desert,Andhra Pradesh,The video game industry,The Amazon Rainforest,A) The Antarctic Desert,"The Antarctic Desert is technically the largest desert in the world by area, as deserts are defined by low precipitation, not just heat.",General Trivia,World Facts
Which option correctly answers this: What is Mount Everest's approximate height?,Lotus,Christianity,China,"About 8,849 meters","D) About 8,849 meters","Mount Everest, the world's highest peak, stands at approximately 8,849 meters above sea level.",General Trivia,World Facts
Quiz question: What is the largest mammal in the world?,Rabindranath Tagore,Burj Khalifa,India,The blue whale,D) The blue whale,"The blue whale is the largest mammal, and indeed the largest animal, known to have ever existed.",General Trivia,Amazing Facts
Which option correctly answers this: What is the study of ancient artifacts and human history called?,US Dollar,Archaeology,Alexander Graham Bell,Andhra Pradesh,B) Archaeology,Archaeology is the study of human history through the excavation and analysis of artifacts and physical remains.,General Trivia,Mixed Trivia
Quiz question: Which country is known as the 'Land of the Rising Sun'?,Mandarin Chinese,Burj Khalifa,China,Japan,D) Japan,"Japan is known as the 'Land of the Rising Sun', reflected in its name meaning origin of the sun.",General Trivia,World Facts
Quiz question: Which is the largest democracy in the world by population?,Lotus,Nalanda University,Mandarin Chinese,India,D) India,India is widely recognized as the world's largest democracy by population.,General Trivia,World Facts
Choose the correct answer: Who wrote India's national song?,Bankim Chandra Chatterjee,India,US Dollar,The Antarctic Desert,A) Bankim Chandra Chatterjee,"Bankim Chandra Chatterjee wrote 'Vande Mataram', India's national song.",General Trivia,India Facts
Quiz question: What is the world's largest rainforest?,The Taj Mahal,The Amazon Rainforest,Nalanda University,Alexander Graham Bell,B) The Amazon Rainforest,"The Amazon Rainforest, located mainly in Brazil, is the largest tropical rainforest in the world.",General Trivia,World Facts
"Choose the correct answer: Who invented the light bulb (as a practical, commercially viable design)?",Angel Falls (Venezuela),Thomas Edison,The Sahara Desert,New Zealand,B) Thomas Edison,"Thomas Edison developed a practical, long-lasting incandescent light bulb in 1879.",General Trivia,Unusual Facts
Quiz question: Which famous structure in India is one of the New Seven Wonders of the World?,Christianity,The Amazon Rainforest,Lotus,The Taj Mahal,D) The Taj Mahal,"The Taj Mahal, in Agra, India, is recognized as one of the New Seven Wonders of the World.",General Trivia,Famous Places
Which option correctly answers this: What is the largest mammal in the world?,Christianity,The video game industry,Alexander Graham Bell,The blue whale,D) The blue whale,"The blue whale is the largest mammal, and indeed the largest animal, known to have ever existed.",General Trivia,Amazing Facts
What is the national flower of India?,The cheetah,Angel Falls (Venezuela),The Mariana Trench,Lotus,D) Lotus,"The lotus is the national flower of India, symbolizing purity.",General Trivia,India Facts
Which option correctly answers this: Which planet in our Solar System is known for having the most moons among the largest planets?,Saturn (closely followed by Jupiter),Lotus,The Nile,Angel Falls (Venezuela),A) Saturn (closely followed by Jupiter),Saturn and Jupiter have the largest known number of moons among planets in our Solar System.,General Trivia,Amazing Facts
What is the largest coral reef system in the world?,Lotus,Alexander Graham Bell,The Great Barrier Reef,The Amazon Rainforest,C) The Great Barrier Reef,"The Great Barrier Reef, off the coast of Australia, is the world's largest coral reef system.",General Trivia,World Facts
Which option correctly answers this: Which is the largest hot desert in the world?,Greenland,The Sahara Desert,Archaeology,India,B) The Sahara Desert,The Sahara Desert in Africa is the largest hot desert in the world.,General Trivia,World Facts
Which option correctly answers this: Which country is known as the 'Land of the Rising Sun'?,India,The video game industry,Vatican City,Japan,D) Japan,"Japan is known as the 'Land of the Rising Sun', reflected in its name meaning origin of the sun.",General Trivia,World Facts
"Which option correctly answers this: Who invented the light bulb (as a practical, commercially viable design)?",Bankim Chandra Chatterjee,Thomas Edison,The Nile,India,B) Thomas Edison,"Thomas Edison developed a practical, long-lasting incandescent light bulb in 1879.",General Trivia,Unusual Facts
Choose the correct answer: Which was the first country to grant women the right to vote?,The blue whale,The Taj Mahal,Lake Kariba (on the Zambia-Zimbabwe border),New Zealand,D) New Zealand,"New Zealand became the first self-governing country to grant women the right to vote, in 1893.",General Trivia,Firsts in the World
"Which is considered one of the world's earliest centers of higher learning, located in ancient India?",Nalanda University,Christianity,US Dollar,Rabindranath Tagore,A) Nalanda University,"Nalanda University in ancient India, established around the 5th century CE, is considered one of the world's earliest centers of higher learning.",General Trivia,Firsts in the World
Choose the correct answer: What is the largest coral reef system in the world?,The blue whale,The Taj Mahal,The Mariana Trench,The Great Barrier Reef,D) The Great Barrier Reef,"The Great Barrier Reef, off the coast of Australia, is the world's largest coral reef system.",General Trivia,World Facts
Which is the longest river in the world?,Angel Falls (Venezuela),India,The Nile,The cheetah,C) The Nile,The Nile River in Africa is generally considered the longest river in the world.,General Trivia,World Facts
Quiz question: What is the largest coral reef system in the world?,Bankim Chandra Chatterjee,Alexander Graham Bell,The Great Barrier Reef,Thomas Edison,C) The Great Barrier Reef,"The Great Barrier Reef, off the coast of Australia, is the world's largest coral reef system.",General Trivia,World Facts
Which option correctly answers this: Which is the longest river in the world?,The Nile,The cheetah,Nalanda University,Lotus,A) The Nile,The Nile River in Africa is generally considered the longest river in the world.,General Trivia,World Facts
"Which option correctly answers this: Who invented the light bulb (as a practical, commercially viable design)?",Tiger,Thomas Edison,Saturn (closely followed by Jupiter),The cheetah,B) Thomas Edison,"Thomas Edison developed a practical, long-lasting incandescent light bulb in 1879.",General Trivia,Unusual Facts
Which famous structure in India is one of the New Seven Wonders of the World?,US Dollar,Vatican City,The Taj Mahal,India,C) The Taj Mahal,"The Taj Mahal, in Agra, India, is recognized as one of the New Seven Wonders of the World.",General Trivia,Famous Places
Which option correctly answers this: What is the world's largest rainforest?,New Delhi,Vatican City,The Amazon Rainforest,New Zealand,C) The Amazon Rainforest,"The Amazon Rainforest, located mainly in Brazil, is the largest tropical rainforest in the world.",General Trivia,World Facts
"Who invented the light bulb (as a practical, commercially viable design)?",Mango,Japan,Thomas Edison,"About 8,849 meters",C) Thomas Edison,"Thomas Edison developed a practical, long-lasting incandescent light bulb in 1879.",General Trivia,Unusual Facts
"Which option correctly answers this: Which is considered one of the world's earliest centers of higher learning, located in ancient India?",Japan,Nalanda University,The video game industry,Mango,B) Nalanda University,"Nalanda University in ancient India, established around the 5th century CE, is considered one of the world's earliest centers of higher learning.",General Trivia,Firsts in the World
Quiz question: Which is the largest democracy in the world by population?,Thomas Edison,The Amazon Rainforest,India,Bankim Chandra Chatterjee,C) India,India is widely recognized as the world's largest democracy by population.,General Trivia,World Facts
Which was the first Indian state to be formed on a linguistic basis?,Christianity,Andhra Pradesh,The Sahara Desert,"About 8,849 meters",B) Andhra Pradesh,"Andhra Pradesh was the first state in India to be organized on a linguistic basis, formed in 1953.",General Trivia,Firsts in India
Which option correctly answers this: Who invented the telephone?,Alexander Graham Bell,Angel Falls (Venezuela),New Delhi,The Taj Mahal,A) Alexander Graham Bell,Alexander Graham Bell is credited with inventing the first practical telephone in 1876.,General Trivia,Unusual Facts
What is the largest mammal in the world?,Thomas Edison,Andhra Pradesh,The blue whale,Mandarin Chinese,C) The blue whale,"The blue whale is the largest mammal, and indeed the largest animal, known to have ever existed.",General Trivia,Amazing Facts
Choose the correct answer: What is the world's most spoken native language?,Bankim Chandra Chatterjee,The Mariana Trench,Mandarin Chinese,The Nile,C) Mandarin Chinese,Mandarin Chinese has the largest number of native speakers of any language in the world.,General Trivia,World Facts
Quiz question: Who wrote India's national anthem?,Saturn (closely followed by Jupiter),Rabindranath Tagore,Thomas Edison,Vatican City,B) Rabindranath Tagore,"Rabindranath Tagore composed 'Jana Gana Mana', India's national anthem.",General Trivia,India Facts
Choose the correct answer: What is the fastest land animal?,The cheetah,Archaeology,The Sahara Desert,Alexander Graham Bell,A) The cheetah,"The cheetah is the fastest land animal, capable of reaching speeds up to 100-120 km/h.",General Trivia,Amazing Facts
"Which option correctly answers this: What is the highest-grossing form of entertainment industry globally often cited in trivia, alongside film?",The video game industry,The Amazon Rainforest,Greenland,Japan,A) The video game industry,"The global video game industry is frequently cited in trivia as a very high-grossing entertainment sector, often compared to or exceeding film.",General Trivia,Amazing Facts
Which planet in our Solar System is known for having the most moons among the largest planets?,Andhra Pradesh,New Zealand,Saturn (closely followed by Jupiter),Alexander Graham Bell,C) Saturn (closely followed by Jupiter),Saturn and Jupiter have the largest known number of moons among planets in our Solar System.,General Trivia,Amazing Facts
"Choose the correct answer: What is the highest-grossing form of entertainment industry globally often cited in trivia, alongside film?",The Sahara Desert,Lake Kariba (on the Zambia-Zimbabwe border),Saturn (closely followed by Jupiter),The video game industry,D) The video game industry,"The global video game industry is frequently cited in trivia as a very high-grossing entertainment sector, often compared to or exceeding film.",General Trivia,Amazing Facts
Choose the correct answer: What is the largest mammal in the world?,The Nile,Alexander Graham Bell,US Dollar,The blue whale,D) The blue whale,"The blue whale is the largest mammal, and indeed the largest animal, known to have ever existed.",General Trivia,Amazing Facts
"Choose the correct answer: Which is considered one of the world's earliest centers of higher learning, located in ancient India?",Christianity,Nalanda University,Mango,The cheetah,B) Nalanda University,"Nalanda University in ancient India, established around the 5th century CE, is considered one of the world's earliest centers of higher learning.",General Trivia,Firsts in the World
What is the largest desert in the world?,The Antarctic Desert,The Taj Mahal,US Dollar,India,A) The Antarctic Desert,"The Antarctic Desert is technically the largest desert in the world by area, as deserts are defined by low precipitation, not just heat.",General Trivia,World Facts
Quiz question: Who invented the telephone?,Rabindranath Tagore,The Antarctic Desert,Alexander Graham Bell,Archaeology,C) Alexander Graham Bell,Alexander Graham Bell is credited with inventing the first practical telephone in 1876.,General Trivia,Unusual Facts
What is the largest island in the world?,Bankim Chandra Chatterjee,Greenland,Mandarin Chinese,Japan,B) Greenland,"Greenland is the largest island in the world by area, excluding continental landmasses.",General Trivia,World Facts
"Quiz question: Which is considered one of the world's earliest centers of higher learning, located in ancient India?",Angel Falls (Venezuela),The Taj Mahal,Nalanda University,Tiger,C) Nalanda University,"Nalanda University in ancient India, established around the 5th century CE, is considered one of the world's earliest centers of higher learning.",General Trivia,Firsts in the World
What is the world's largest rainforest?,Bankim Chandra Chatterjee,The Amazon Rainforest,Tiger,China,B) The Amazon Rainforest,"The Amazon Rainforest, located mainly in Brazil, is the largest tropical rainforest in the world.",General Trivia,World Facts
Choose the correct answer: Which country is known as the 'Land of the Rising Sun'?,The Sahara Desert,Thomas Edison,Japan,Vatican City,C) Japan,"Japan is known as the 'Land of the Rising Sun', reflected in its name meaning origin of the sun.",General Trivia,World Facts
Quiz question: What is the deepest known point in the world's oceans?,The Antarctic Desert,The Mariana Trench,Alexander Graham Bell,Archaeology,B) The Mariana Trench,"The Mariana Trench, in the Pacific Ocean, is the deepest known point in any of Earth's oceans.",General Trivia,Records
Which option correctly answers this: What is the smallest country in the world by area?,Vatican City,US Dollar,Japan,Peacock,A) Vatican City,Vatican City is the smallest independent country in the world by both area and population.,General Trivia,Records
What is Mount Everest's approximate height?,"About 8,849 meters",The Amazon Rainforest,The video game industry,Saturn (closely followed by Jupiter),"A) About 8,849 meters","Mount Everest, the world's highest peak, stands at approximately 8,849 meters above sea level.",General Trivia,World Facts
Choose the correct answer: What is the national animal of India?,The Mariana Trench,Tiger,India,Peacock,B) Tiger,The Bengal tiger is the national animal of India.,General Trivia,India Facts
Which option correctly answers this: What is the study of ancient artifacts and human history called?,Archaeology,Mandarin Chinese,Mango,"About 8,849 meters",A) Archaeology,Archaeology is the study of human history through the excavation and analysis of artifacts and physical remains.,General Trivia,Mixed Trivia
Choose the correct answer: Which was the first Indian state to be formed on a linguistic basis?,The blue whale,US Dollar,The Antarctic Desert,Andhra Pradesh,D) Andhra Pradesh,"Andhra Pradesh was the first state in India to be organized on a linguistic basis, formed in 1953.",General Trivia,Firsts in India
"Choose the correct answer: Which is considered one of the world's earliest centers of higher learning, located in ancient India?",Christianity,Nalanda University,New Delhi,Greenland,B) Nalanda University,"Nalanda University in ancient India, established around the 5th century CE, is considered one of the world's earliest centers of higher learning.",General Trivia,Firsts in the World
Quiz question: Who wrote India's national anthem?,Mandarin Chinese,India,Greenland,Rabindranath Tagore,D) Rabindranath Tagore,"Rabindranath Tagore composed 'Jana Gana Mana', India's national anthem.",General Trivia,India Facts
Choose the correct answer: Which famous structure in India is one of the New Seven Wonders of the World?,Vatican City,Angel Falls (Venezuela),Christianity,The Taj Mahal,D) The Taj Mahal,"The Taj Mahal, in Agra, India, is recognized as one of the New Seven Wonders of the World.",General Trivia,Famous Places
Which famous structure in India is one of the New Seven Wonders of the World?,The cheetah,Mango,The Great Barrier Reef,The Taj Mahal,D) The Taj Mahal,"The Taj Mahal, in Agra, India, is recognized as one of the New Seven Wonders of the World.",General Trivia,Famous Places
Choose the correct answer: What is the world's largest by-volume man-made lake or reservoir often cited in geography trivia?,Andhra Pradesh,Lake Kariba (on the Zambia-Zimbabwe border),New Delhi,Alexander Graham Bell,B) Lake Kariba (on the Zambia-Zimbabwe border),"Lake Kariba, formed by the Kariba Dam, is often cited as the world's largest reservoir by volume.",General Trivia,Records
Choose the correct answer: Who wrote India's national anthem?,Rabindranath Tagore,Saturn (closely followed by Jupiter),The blue whale,The Taj Mahal,A) Rabindranath Tagore,"Rabindranath Tagore composed 'Jana Gana Mana', India's national anthem.",General Trivia,India Facts
Quiz question: What is the largest mammal in the world?,The blue whale,Rabindranath Tagore,The Taj Mahal,The Antarctic Desert,A) The blue whale,"The blue whale is the largest mammal, and indeed the largest animal, known to have ever existed.",General Trivia,Amazing Facts
Choose the correct answer: What is the smallest country in the world by area?,The Taj Mahal,Peacock,Vatican City,The Sahara Desert,C) Vatican City,Vatican City is the smallest independent country in the world by both area and population.,General Trivia,Records
Which option correctly answers this: What is the fastest land animal?,The cheetah,Bankim Chandra Chatterjee,Burj Khalifa,Christianity,A) The cheetah,"The cheetah is the fastest land animal, capable of reaching speeds up to 100-120 km/h.",General Trivia,Amazing Facts
Choose the correct answer: Which country produces the most rice globally?,Mango,Rabindranath Tagore,Lotus,China,D) China,China is historically the world's largest producer of rice.,General Trivia,World Facts
What is the national fruit of India?,The Amazon Rainforest,"About 8,849 meters",The blue whale,Mango,D) Mango,The mango is recognized as the national fruit of India.,General Trivia,India Facts
Which option correctly answers this: Which famous structure in India is one of the New Seven Wonders of the World?,Bankim Chandra Chatterjee,The Nile,The Taj Mahal,"About 8,849 meters",C) The Taj Mahal,"The Taj Mahal, in Agra, India, is recognized as one of the New Seven Wonders of the World.",General Trivia,Famous Places
What is the largest island in the world?,The blue whale,Christianity,Greenland,Tiger,C) Greenland,"Greenland is the largest island in the world by area, excluding continental landmasses.",General Trivia,World Facts
Quiz question: What is the deepest known point in the world's oceans?,The Mariana Trench,Nalanda University,Christianity,"About 8,849 meters",A) The Mariana Trench,"The Mariana Trench, in the Pacific Ocean, is the deepest known point in any of Earth's oceans.",General Trivia,Records
Choose the correct answer: Who wrote India's national anthem?,The Amazon Rainforest,Mango,Rabindranath Tagore,Thomas Edison,C) Rabindranath Tagore,"Rabindranath Tagore composed 'Jana Gana Mana', India's national anthem.",General Trivia,India Facts
Choose the correct answer: Which country produces the most rice globally?,The Nile,China,Burj Khalifa,The blue whale,B) China,China is historically the world's largest producer of rice.,General Trivia,World Facts
What is the largest desert in the world?,Bankim Chandra Chatterjee,The Antarctic Desert,US Dollar,The Mariana Trench,B) The Antarctic Desert,"The Antarctic Desert is technically the largest desert in the world by area, as deserts are defined by low precipitation, not just heat.",General Trivia,World Facts
"Which Indian city hosted the first modern Commonwealth Games in India, in 2010?",US Dollar,Vatican City,New Delhi,"About 8,849 meters",C) New Delhi,"New Delhi hosted the 2010 Commonwealth Games, the first time India hosted the event.",General Trivia,Firsts in India
Which option correctly answers this: What is the most widely practiced religion in the world by number of adherents?,Thomas Edison,Christianity,Vatican City,Japan,B) Christianity,Christianity is generally considered the religion with the largest number of adherents worldwide.,General Trivia,World Facts
Which option correctly answers this: Which is the longest river in the world?,Andhra Pradesh,Mango,India,The Nile,D) The Nile,The Nile River in Africa is generally considered the longest river in the world.,General Trivia,World Facts
Which option correctly answers this: Which is the largest democracy in the world by population?,The video game industry,The cheetah,China,India,D) India,India is widely recognized as the world's largest democracy by population.,General Trivia,World Facts
"Quiz question: Which Indian city hosted the first modern Commonwealth Games in India, in 2010?",The cheetah,The blue whale,New Delhi,Nalanda University,C) New Delhi,"New Delhi hosted the 2010 Commonwealth Games, the first time India hosted the event.",General Trivia,Firsts in India
Choose the correct answer: What is the largest mammal in the world?,The blue whale,Peacock,Tiger,Rabindranath Tagore,A) The blue whale,"The blue whale is the largest mammal, and indeed the largest animal, known to have ever existed.",General Trivia,Amazing Facts
Quiz question: What is the world's largest by-volume man-made lake or reservoir often cited in geography trivia?,Angel Falls (Venezuela),Lake Kariba (on the Zambia-Zimbabwe border),Peacock,The Mariana Trench,B) Lake Kariba (on the Zambia-Zimbabwe border),"Lake Kariba, formed by the Kariba Dam, is often cited as the world's largest reservoir by volume.",General Trivia,Records
Which option correctly answers this: What is the currency of the United States?,Bankim Chandra Chatterjee,Peacock,Greenland,US Dollar,D) US Dollar,The official currency of the United States is the US Dollar.,General Trivia,World Facts
Choose the correct answer: Which famous structure in India is one of the New Seven Wonders of the World?,Saturn (closely followed by Jupiter),Greenland,Tiger,The Taj Mahal,D) The Taj Mahal,"The Taj Mahal, in Agra, India, is recognized as one of the New Seven Wonders of the World.",General Trivia,Famous Places
Which is the largest democracy in the world by population?,India,Saturn (closely followed by Jupiter),Nalanda University,China,A) India,India is widely recognized as the world's largest democracy by population.,General Trivia,World Facts
Who wrote India's national anthem?,Christianity,Rabindranath Tagore,The Great Barrier Reef,Bankim Chandra Chatterjee,B) Rabindranath Tagore,"Rabindranath Tagore composed 'Jana Gana Mana', India's national anthem.",General Trivia,India Facts
Quiz question: Which planet in our Solar System is known for having the most moons among the largest planets?,The Amazon Rainforest,New Zealand,Saturn (closely followed by Jupiter),Christianity,C) Saturn (closely followed by Jupiter),Saturn and Jupiter have the largest known number of moons among planets in our Solar System.,General Trivia,Amazing Facts
Choose the correct answer: What is the tallest waterfall in the world?,Peacock,New Zealand,Angel Falls (Venezuela),Lake Kariba (on the Zambia-Zimbabwe border),C) Angel Falls (Venezuela),"Angel Falls, located in Venezuela, is the world's tallest uninterrupted waterfall.",General Trivia,Records
Choose the correct answer: Which was the first country to grant women the right to vote?,New Delhi,New Zealand,The video game industry,Rabindranath Tagore,B) New Zealand,"New Zealand became the first self-governing country to grant women the right to vote, in 1893.",General Trivia,Firsts in the World
Which is the largest hot desert in the world?,The Amazon Rainforest,Rabindranath Tagore,The Sahara Desert,New Delhi,C) The Sahara Desert,The Sahara Desert in Africa is the largest hot desert in the world.,General Trivia,World Facts
"Quiz question: Which is considered one of the world's earliest centers of higher learning, located in ancient India?",New Zealand,Nalanda University,Bankim Chandra Chatterjee,Tiger,B) Nalanda University,"Nalanda University in ancient India, established around the 5th century CE, is considered one of the world's earliest centers of higher learning.",General Trivia,Firsts in the World
Choose the correct answer: Which country is known as the 'Land of the Rising Sun'?,Japan,Alexander Graham Bell,The Nile,"About 8,849 meters",A) Japan,"Japan is known as the 'Land of the Rising Sun', reflected in its name meaning origin of the sun.",General Trivia,World Facts
Quiz question: What is the largest island in the world?,Tiger,Greenland,US Dollar,New Delhi,B) Greenland,"Greenland is the largest island in the world by area, excluding continental landmasses.",General Trivia,World Facts
Which option correctly answers this: Who wrote India's national anthem?,China,Rabindranath Tagore,Lake Kariba (on the Zambia-Zimbabwe border),The Antarctic Desert,B) Rabindranath Tagore,"Rabindranath Tagore composed 'Jana Gana Mana', India's national anthem.",General Trivia,India Facts
"What is the highest-grossing form of entertainment industry globally often cited in trivia, alongside film?",US Dollar,Christianity,Greenland,The video game industry,D) The video game industry,"The global video game industry is frequently cited in trivia as a very high-grossing entertainment sector, often compared to or exceeding film.",General Trivia,Amazing Facts
Choose the correct answer: Which is the tallest man-made structure in the world (as of the early 2020s)?,Bankim Chandra Chatterjee,The cheetah,Andhra Pradesh,Burj Khalifa,D) Burj Khalifa,The Burj Khalifa in Dubai is the tallest man-made structure in the world.,General Trivia,Famous Places
Which was the first country to grant women the right to vote?,Rabindranath Tagore,New Zealand,The Mariana Trench,Nalanda University,B) New Zealand,"New Zealand became the first self-governing country to grant women the right to vote, in 1893.",General Trivia,Firsts in the World
Which option correctly answers this: What is the national animal of India?,Tiger,Mandarin Chinese,The Great Barrier Reef,Japan,A) Tiger,The Bengal tiger is the national animal of India.,General Trivia,India Facts
Which country is known as the 'Land of the Rising Sun'?,Alexander Graham Bell,The Nile,Japan,Bankim Chandra Chatterjee,C) Japan,"Japan is known as the 'Land of the Rising Sun', reflected in its name meaning origin of the sun.",General Trivia,World Facts
"Choose the correct answer: What is the highest-grossing form of entertainment industry globally often cited in trivia, alongside film?",The blue whale,Burj Khalifa,The video game industry,The Great Barrier Reef,C) The video game industry,"The global video game industry is frequently cited in trivia as a very high-grossing entertainment sector, often compared to or exceeding film.",General Trivia,Amazing Facts
Who wrote India's national song?,The Great Barrier Reef,Bankim Chandra Chatterjee,Rabindranath Tagore,Japan,B) Bankim Chandra Chatterjee,"Bankim Chandra Chatterjee wrote 'Vande Mataram', India's national song.",General Trivia,India Facts
"Which option correctly answers this: Which Indian city hosted the first modern Commonwealth Games in India, in 2010?",New Delhi,The cheetah,The Sahara Desert,Greenland,A) New Delhi,"New Delhi hosted the 2010 Commonwealth Games, the first time India hosted the event.",General Trivia,Firsts in India
"Quiz question: Which is considered one of the world's earliest centers of higher learning, located in ancient India?",Rabindranath Tagore,US Dollar,Nalanda University,Thomas Edison,C) Nalanda University,"Nalanda University in ancient India, established around the 5th century CE, is considered one of the world's earliest centers of higher learning.",General Trivia,Firsts in the World
Who invented the telephone?,Alexander Graham Bell,Lake Kariba (on the Zambia-Zimbabwe border),The Amazon Rainforest,Mango,A) Alexander Graham Bell,Alexander Graham Bell is credited with inventing the first practical telephone in 1876.,General Trivia,Unusual Facts
Quiz question: What is the largest coral reef system in the world?,Bankim Chandra Chatterjee,Greenland,The Great Barrier Reef,Nalanda University,C) The Great Barrier Reef,"The Great Barrier Reef, off the coast of Australia, is the world's largest coral reef system.",General Trivia,World Facts
Which option correctly answers this: What is the most widely practiced religion in the world by number of adherents?,Christianity,Tiger,The Amazon Rainforest,Thomas Edison,A) Christianity,Christianity is generally considered the religion with the largest number of adherents worldwide.,General Trivia,World Facts
Which option correctly answers this: What is the study of ancient artifacts and human history called?,The Amazon Rainforest,New Delhi,Archaeology,China,C) Archaeology,Archaeology is the study of human history through the excavation and analysis of artifacts and physical remains.,General Trivia,Mixed Trivia
"Quiz question: Who invented the light bulb (as a practical, commercially viable design)?",Japan,Thomas Edison,The Sahara Desert,Alexander Graham Bell,B) Thomas Edison,"Thomas Edison developed a practical, long-lasting incandescent light bulb in 1879.",General Trivia,Unusual Facts
Quiz question: What is the currency of the United States?,US Dollar,Lotus,Rabindranath Tagore,The Great Barrier Reef,A) US Dollar,The official currency of the United States is the US Dollar.,General Trivia,World Facts
Quiz question: Which was the first country to grant women the right to vote?,New Zealand,Mandarin Chinese,Burj Khalifa,The video game industry,A) New Zealand,"New Zealand became the first self-governing country to grant women the right to vote, in 1893.",General Trivia,Firsts in the World
Which planet in our Solar System is known for having the most moons among the largest planets?,The video game industry,Alexander Graham Bell,Saturn (closely followed by Jupiter),Rabindranath Tagore,C) Saturn (closely followed by Jupiter),Saturn and Jupiter have the largest known number of moons among planets in our Solar System.,General Trivia,Amazing Facts
What is the most widely practiced religion in the world by number of adherents?,The video game industry,Andhra Pradesh,Christianity,Nalanda University,C) Christianity,Christianity is generally considered the religion with the largest number of adherents worldwide.,General Trivia,World Facts
Which option correctly answers this: What is the largest mammal in the world?,Lotus,The blue whale,Vatican City,Thomas Edison,B) The blue whale,"The blue whale is the largest mammal, and indeed the largest animal, known to have ever existed.",General Trivia,Amazing Facts
Quiz question: What is the deepest known point in the world's oceans?,The Antarctic Desert,The Sahara Desert,The Mariana Trench,Nalanda University,C) The Mariana Trench,"The Mariana Trench, in the Pacific Ocean, is the deepest known point in any of Earth's oceans.",General Trivia,Records
Quiz question: What is the most widely practiced religion in the world by number of adherents?,Christianity,Mango,Andhra Pradesh,China,A) Christianity,Christianity is generally considered the religion with the largest number of adherents worldwide.,General Trivia,World Facts
"Which option correctly answers this: Who invented the light bulb (as a practical, commercially viable design)?",The blue whale,Thomas Edison,The Antarctic Desert,The Mariana Trench,B) Thomas Edison,"Thomas Edison developed a practical, long-lasting incandescent light bulb in 1879.",General Trivia,Unusual Facts
Choose the correct answer: Which is the longest river in the world?,Nalanda University,The Nile,"About 8,849 meters",Saturn (closely followed by Jupiter),B) The Nile,The Nile River in Africa is generally considered the longest river in the world.,General Trivia,World Facts
Choose the correct answer: What is the largest island in the world?,The Nile,Greenland,Peacock,US Dollar,B) Greenland,"Greenland is the largest island in the world by area, excluding continental landmasses.",General Trivia,World Facts
Who wrote India's national anthem?,India,Tiger,Alexander Graham Bell,Rabindranath Tagore,D) Rabindranath Tagore,"Rabindranath Tagore composed 'Jana Gana Mana', India's national anthem.",General Trivia,India Facts
Quiz question: What is the most widely practiced religion in the world by number of adherents?,New Delhi,The Sahara Desert,Lake Kariba (on the Zambia-Zimbabwe border),Christianity,D) Christianity,Christianity is generally considered the religion with the largest number of adherents worldwide.,General Trivia,World Facts
Choose the correct answer: Who wrote India's national song?,Bankim Chandra Chatterjee,Lotus,Mandarin Chinese,China,A) Bankim Chandra Chatterjee,"Bankim Chandra Chatterjee wrote 'Vande Mataram', India's national song.",General Trivia,India Facts
What is the largest mammal in the world?,Archaeology,The blue whale,Bankim Chandra Chatterjee,Greenland,B) The blue whale,"The blue whale is the largest mammal, and indeed the largest animal, known to have ever existed.",General Trivia,Amazing Facts
"Quiz question: Which is considered one of the world's earliest centers of higher learning, located in ancient India?",Japan,Lake Kariba (on the Zambia-Zimbabwe border),Nalanda University,Angel Falls (Venezuela),C) Nalanda University,"Nalanda University in ancient India, established around the 5th century CE, is considered one of the world's earliest centers of higher learning.",General Trivia,Firsts in the World
"Which is considered one of the world's earliest centers of higher learning, located in ancient India?",New Delhi,US Dollar,Nalanda University,Angel Falls (Venezuela),C) Nalanda University,"Nalanda University in ancient India, established around the 5th century CE, is considered one of the world's earliest centers of higher learning.",General Trivia,Firsts in the World
What is the largest coral reef system in the world?,The Great Barrier Reef,China,The Mariana Trench,The video game industry,A) The Great Barrier Reef,"The Great Barrier Reef, off the coast of Australia, is the world's largest coral reef system.",General Trivia,World Facts
Quiz question: What is the smallest country in the world by area?,The Taj Mahal,The blue whale,Vatican City,Alexander Graham Bell,C) Vatican City,Vatican City is the smallest independent country in the world by both area and population.,General Trivia,Records
Which option correctly answers this: Which country is known as the 'Land of the Rising Sun'?,Lotus,New Delhi,Tiger,Japan,D) Japan,"Japan is known as the 'Land of the Rising Sun', reflected in its name meaning origin of the sun.",General Trivia,World Facts
Choose the correct answer: What is the study of ancient artifacts and human history called?,The cheetah,Archaeology,The Antarctic Desert,Andhra Pradesh,B) Archaeology,Archaeology is the study of human history through the excavation and analysis of artifacts and physical remains.,General Trivia,Mixed Trivia
Which is the tallest man-made structure in the world (as of the early 2020s)?,Peacock,Lake Kariba (on the Zambia-Zimbabwe border),Burj Khalifa,The Nile,C) Burj Khalifa,The Burj Khalifa in Dubai is the tallest man-made structure in the world.,General Trivia,Famous Places
Choose the correct answer: Which planet in our Solar System is known for having the most moons among the largest planets?,Thomas Edison,Saturn (closely followed by Jupiter),The Nile,US Dollar,B) Saturn (closely followed by Jupiter),Saturn and Jupiter have the largest known number of moons among planets in our Solar System.,General Trivia,Amazing Facts
What is the national animal of India?,Saturn (closely followed by Jupiter),Archaeology,Tiger,Japan,C) Tiger,The Bengal tiger is the national animal of India.,General Trivia,India Facts
Choose the correct answer: Which planet in our Solar System is known for having the most moons among the largest planets?,Vatican City,The blue whale,Saturn (closely followed by Jupiter),Thomas Edison,C) Saturn (closely followed by Jupiter),Saturn and Jupiter have the largest known number of moons among planets in our Solar System.,General Trivia,Amazing Facts
Quiz question: Who wrote India's national anthem?,The blue whale,The Mariana Trench,Rabindranath Tagore,The Taj Mahal,C) Rabindranath Tagore,"Rabindranath Tagore composed 'Jana Gana Mana', India's national anthem.",General Trivia,India Facts
Which is the largest hot desert in the world?,Greenland,The Sahara Desert,Mango,Thomas Edison,B) The Sahara Desert,The Sahara Desert in Africa is the largest hot desert in the world.,General Trivia,World Facts
Which is the largest hot desert in the world?,China,The Sahara Desert,Nalanda University,The Mariana Trench,B) The Sahara Desert,The Sahara Desert in Africa is the largest hot desert in the world.,General Trivia,World Facts
Quiz question: Which country produces the most rice globally?,Japan,Lake Kariba (on the Zambia-Zimbabwe border),Lotus,China,D) China,China is historically the world's largest producer of rice.,General Trivia,World Facts
Which option correctly answers this: What is Mount Everest's approximate height?,Tiger,Thomas Edison,Greenland,"About 8,849 meters","D) About 8,849 meters","Mount Everest, the world's highest peak, stands at approximately 8,849 meters above sea level.",General Trivia,World Facts
Which country produces the most rice globally?,The Taj Mahal,China,Mandarin Chinese,Angel Falls (Venezuela),B) China,China is historically the world's largest producer of rice.,General Trivia,World Facts
Which option correctly answers this: What is the largest desert in the world?,Mandarin Chinese,Burj Khalifa,India,The Antarctic Desert,D) The Antarctic Desert,"The Antarctic Desert is technically the largest desert in the world by area, as deserts are defined by low precipitation, not just heat.",General Trivia,World Facts
Choose the correct answer: Which is the longest river in the world?,Archaeology,Mandarin Chinese,Mango,The Nile,D) The Nile,The Nile River in Africa is generally considered the longest river in the world.,General Trivia,World Facts
Which option correctly answers this: Which country is known as the 'Land of the Rising Sun'?,Archaeology,Japan,Nalanda University,Lake Kariba (on the Zambia-Zimbabwe border),B) Japan,"Japan is known as the 'Land of the Rising Sun', reflected in its name meaning origin of the sun.",General Trivia,World Facts
Quiz question: Which famous structure in India is one of the New Seven Wonders of the World?,Bankim Chandra Chatterjee,New Zealand,The Taj Mahal,Thomas Edison,C) The Taj Mahal,"The Taj Mahal, in Agra, India, is recognized as one of the New Seven Wonders of the World.",General Trivia,Famous Places
Choose the correct answer: What is the world's largest by-volume man-made lake or reservoir often cited in geography trivia?,Greenland,Tiger,Burj Khalifa,Lake Kariba (on the Zambia-Zimbabwe border),D) Lake Kariba (on the Zambia-Zimbabwe border),"Lake Kariba, formed by the Kariba Dam, is often cited as the world's largest reservoir by volume.",General Trivia,Records
Quiz question: Which country is known as the 'Land of the Rising Sun'?,Nalanda University,Japan,China,US Dollar,B) Japan,"Japan is known as the 'Land of the Rising Sun', reflected in its name meaning origin of the sun.",General Trivia,World Facts
Quiz question: What is the world's largest rainforest?,The Taj Mahal,Tiger,The cheetah,The Amazon Rainforest,D) The Amazon Rainforest,"The Amazon Rainforest, located mainly in Brazil, is the largest tropical rainforest in the world.",General Trivia,World Facts
Quiz question: What is the national animal of India?,Mandarin Chinese,Tiger,The Nile,Christianity,B) Tiger,The Bengal tiger is the national animal of India.,General Trivia,India Facts
"Quiz question: What is the highest-grossing form of entertainment industry globally often cited in trivia, alongside film?",The video game industry,The Great Barrier Reef,Burj Khalifa,The Antarctic Desert,A) The video game industry,"The global video game industry is frequently cited in trivia as a very high-grossing entertainment sector, often compared to or exceeding film.",General Trivia,Amazing Facts
Which option correctly answers this: What is the tallest waterfall in the world?,Rabindranath Tagore,Andhra Pradesh,The video game industry,Angel Falls (Venezuela),D) Angel Falls (Venezuela),"Angel Falls, located in Venezuela, is the world's tallest uninterrupted waterfall.",General Trivia,Records
Quiz question: What is the world's largest rainforest?,Greenland,Nalanda University,Mandarin Chinese,The Amazon Rainforest,D) The Amazon Rainforest,"The Amazon Rainforest, located mainly in Brazil, is the largest tropical rainforest in the world.",General Trivia,World Facts
Choose the correct answer: What is the world's largest by-volume man-made lake or reservoir often cited in geography trivia?,The Nile,Andhra Pradesh,Lake Kariba (on the Zambia-Zimbabwe border),Tiger,C) Lake Kariba (on the Zambia-Zimbabwe border),"Lake Kariba, formed by the Kariba Dam, is often cited as the world's largest reservoir by volume.",General Trivia,Records
Choose the correct answer: Which is the largest democracy in the world by population?,New Zealand,Tiger,India,Japan,C) India,India is widely recognized as the world's largest democracy by population.,General Trivia,World Facts
Which famous structure in India is one of the New Seven Wonders of the World?,The Taj Mahal,The cheetah,The Sahara Desert,Tiger,A) The Taj Mahal,"The Taj Mahal, in Agra, India, is recognized as one of the New Seven Wonders of the World.",General Trivia,Famous Places
Choose the correct answer: What is the fastest land animal?,The Mariana Trench,China,Mandarin Chinese,The cheetah,D) The cheetah,"The cheetah is the fastest land animal, capable of reaching speeds up to 100-120 km/h.",General Trivia,Amazing Facts
Quiz question: Which is the largest democracy in the world by population?,India,Saturn (closely followed by Jupiter),Mandarin Chinese,The Mariana Trench,A) India,India is widely recognized as the world's largest democracy by population.,General Trivia,World Facts
Choose the correct answer: What is the largest desert in the world?,Burj Khalifa,"About 8,849 meters",Angel Falls (Venezuela),The Antarctic Desert,D) The Antarctic Desert,"The Antarctic Desert is technically the largest desert in the world by area, as deserts are defined by low precipitation, not just heat.",General Trivia,World Facts
Choose the correct answer: What is the fastest land animal?,The Antarctic Desert,The cheetah,Andhra Pradesh,Mandarin Chinese,B) The cheetah,"The cheetah is the fastest land animal, capable of reaching speeds up to 100-120 km/h.",General Trivia,Amazing Facts
Quiz question: Who wrote India's national song?,Bankim Chandra Chatterjee,Lake Kariba (on the Zambia-Zimbabwe border),Thomas Edison,Vatican City,A) Bankim Chandra Chatterjee,"Bankim Chandra Chatterjee wrote 'Vande Mataram', India's national song.",General Trivia,India Facts
Quiz question: Who invented the telephone?,Christianity,The Antarctic Desert,The Taj Mahal,Alexander Graham Bell,D) Alexander Graham Bell,Alexander Graham Bell is credited with inventing the first practical telephone in 1876.,General Trivia,Unusual Facts
Which is the longest river in the world?,The Taj Mahal,US Dollar,"About 8,849 meters",The Nile,D) The Nile,The Nile River in Africa is generally considered the longest river in the world.,General Trivia,World Facts
Quiz question: What is the world's largest by-volume man-made lake or reservoir often cited in geography trivia?,Mandarin Chinese,Lake Kariba (on the Zambia-Zimbabwe border),The video game industry,"About 8,849 meters",B) Lake Kariba (on the Zambia-Zimbabwe border),"Lake Kariba, formed by the Kariba Dam, is often cited as the world's largest reservoir by volume.",General Trivia,Records
Choose the correct answer: What is the tallest waterfall in the world?,The Amazon Rainforest,Angel Falls (Venezuela),New Zealand,Lake Kariba (on the Zambia-Zimbabwe border),B) Angel Falls (Venezuela),"Angel Falls, located in Venezuela, is the world's tallest uninterrupted waterfall.",General Trivia,Records
Which option correctly answers this: Which is the largest democracy in the world by population?,India,Angel Falls (Venezuela),Rabindranath Tagore,The Mariana Trench,A) India,India is widely recognized as the world's largest democracy by population.,General Trivia,World Facts
Quiz question: What is the deepest known point in the world's oceans?,The Mariana Trench,"About 8,849 meters",Alexander Graham Bell,Andhra Pradesh,A) The Mariana Trench,"The Mariana Trench, in the Pacific Ocean, is the deepest known point in any of Earth's oceans.",General Trivia,Records
Which option correctly answers this: Which planet in our Solar System is known for having the most moons among the largest planets?,The Taj Mahal,Lotus,Saturn (closely followed by Jupiter),The Amazon Rainforest,C) Saturn (closely followed by Jupiter),Saturn and Jupiter have the largest known number of moons among planets in our Solar System.,General Trivia,Amazing Facts
Which option correctly answers this: What is the national bird of India?,"About 8,849 meters",The Nile,Greenland,Peacock,D) Peacock,"The peacock is the national bird of India, known for its colorful plumage.",General Trivia,India Facts
What is the deepest known point in the world's oceans?,The Mariana Trench,China,Greenland,The video game industry,A) The Mariana Trench,"The Mariana Trench, in the Pacific Ocean, is the deepest known point in any of Earth's oceans.",General Trivia,Records
"Quiz question: What is the highest-grossing form of entertainment industry globally often cited in trivia, alongside film?",Thomas Edison,Andhra Pradesh,The video game industry,China,C) The video game industry,"The global video game industry is frequently cited in trivia as a very high-grossing entertainment sector, often compared to or exceeding film.",General Trivia,Amazing Facts
Choose the correct answer: Which is the largest democracy in the world by population?,The Nile,US Dollar,India,Christianity,C) India,India is widely recognized as the world's largest democracy by population.,General Trivia,World Facts
Quiz question: What is the deepest known point in the world's oceans?,New Delhi,China,The Mariana Trench,The blue whale,C) The Mariana Trench,"The Mariana Trench, in the Pacific Ocean, is the deepest known point in any of Earth's oceans.",General Trivia,Records
"Choose the correct answer: Which Indian city hosted the first modern Commonwealth Games in India, in 2010?",New Delhi,Alexander Graham Bell,Mandarin Chinese,India,A) New Delhi,"New Delhi hosted the 2010 Commonwealth Games, the first time India hosted the event.",General Trivia,Firsts in India
Choose the correct answer: Which is the largest democracy in the world by population?,Saturn (closely followed by Jupiter),New Zealand,Nalanda University,India,D) India,India is widely recognized as the world's largest democracy by population.,General Trivia,World Facts
"Which is considered one of the world's earliest centers of higher learning, located in ancient India?",Nalanda University,"About 8,849 meters",The video game industry,The blue whale,A) Nalanda University,"Nalanda University in ancient India, established around the 5th century CE, is considered one of the world's earliest centers of higher learning.",General Trivia,Firsts in the World
Which was the first country to grant women the right to vote?,New Zealand,US Dollar,Vatican City,Rabindranath Tagore,A) New Zealand,"New Zealand became the first self-governing country to grant women the right to vote, in 1893.",General Trivia,Firsts in the World
Quiz question: Who invented the telephone?,Vatican City,Nalanda University,Alexander Graham Bell,The Sahara Desert,C) Alexander Graham Bell,Alexander Graham Bell is credited with inventing the first practical telephone in 1876.,General Trivia,Unusual Facts
"Which is considered one of the world's earliest centers of higher learning, located in ancient India?",Japan,The Amazon Rainforest,New Delhi,Nalanda University,D) Nalanda University,"Nalanda University in ancient India, established around the 5th century CE, is considered one of the world's earliest centers of higher learning.",General Trivia,Firsts in the World
What is the fastest land animal?,The Nile,Vatican City,The cheetah,Lake Kariba (on the Zambia-Zimbabwe border),C) The cheetah,"The cheetah is the fastest land animal, capable of reaching speeds up to 100-120 km/h.",General Trivia,Amazing Facts
Which option correctly answers this: Which country is known as the 'Land of the Rising Sun'?,Thomas Edison,The Mariana Trench,Japan,The Taj Mahal,C) Japan,"Japan is known as the 'Land of the Rising Sun', reflected in its name meaning origin of the sun.",General Trivia,World Facts
Which option correctly answers this: Which planet in our Solar System is known for having the most moons among the largest planets?,The Nile,Tiger,The blue whale,Saturn (closely followed by Jupiter),D) Saturn (closely followed by Jupiter),Saturn and Jupiter have the largest known number of moons among planets in our Solar System.,General Trivia,Amazing Facts
Which option correctly answers this: What is the deepest known point in the world's oceans?,Andhra Pradesh,The Antarctic Desert,The Mariana Trench,Burj Khalifa,C) The Mariana Trench,"The Mariana Trench, in the Pacific Ocean, is the deepest known point in any of Earth's oceans.",General Trivia,Records
Quiz question: What is the currency of the United States?,US Dollar,Mandarin Chinese,Burj Khalifa,The Antarctic Desert,A) US Dollar,The official currency of the United States is the US Dollar.,General Trivia,World Facts
Which country is known as the 'Land of the Rising Sun'?,Thomas Edison,New Delhi,Christianity,Japan,D) Japan,"Japan is known as the 'Land of the Rising Sun', reflected in its name meaning origin of the sun.",General Trivia,World Facts
Which option correctly answers this: Which is the largest democracy in the world by population?,Saturn (closely followed by Jupiter),Thomas Edison,India,The Mariana Trench,C) India,India is widely recognized as the world's largest democracy by population.,General Trivia,World Facts
Quiz question: Which was the first country to grant women the right to vote?,Japan,New Zealand,Saturn (closely followed by Jupiter),Andhra Pradesh,B) New Zealand,"New Zealand became the first self-governing country to grant women the right to vote, in 1893.",General Trivia,Firsts in the World
Quiz question: What is the largest mammal in the world?,The blue whale,The Great Barrier Reef,Lake Kariba (on the Zambia-Zimbabwe border),Saturn (closely followed by Jupiter),A) The blue whale,"The blue whale is the largest mammal, and indeed the largest animal, known to have ever existed.",General Trivia,Amazing Facts
Quiz question: What is the largest desert in the world?,The Antarctic Desert,The Nile,The Great Barrier Reef,Rabindranath Tagore,A) The Antarctic Desert,"The Antarctic Desert is technically the largest desert in the world by area, as deserts are defined by low precipitation, not just heat.",General Trivia,World Facts
Choose the correct answer: Who invented the telephone?,The cheetah,Greenland,Andhra Pradesh,Alexander Graham Bell,D) Alexander Graham Bell,Alexander Graham Bell is credited with inventing the first practical telephone in 1876.,General Trivia,Unusual Facts
Quiz question: What is the most widely practiced religion in the world by number of adherents?,Tiger,Christianity,The Nile,Vatican City,B) Christianity,Christianity is generally considered the religion with the largest number of adherents worldwide.,General Trivia,World Facts
Choose the correct answer: Which is the tallest man-made structure in the world (as of the early 2020s)?,Lotus,Burj Khalifa,The blue whale,Greenland,B) Burj Khalifa,The Burj Khalifa in Dubai is the tallest man-made structure in the world.,General Trivia,Famous Places
Quiz question: Which planet in our Solar System is known for having the most moons among the largest planets?,Saturn (closely followed by Jupiter),Christianity,The Great Barrier Reef,Tiger,A) Saturn (closely followed by Jupiter),Saturn and Jupiter have the largest known number of moons among planets in our Solar System.,General Trivia,Amazing Facts
What is the largest island in the world?,Japan,New Zealand,Burj Khalifa,Greenland,D) Greenland,"Greenland is the largest island in the world by area, excluding continental landmasses.",General Trivia,World Facts
Which option correctly answers this: What is the smallest country in the world by area?,Saturn (closely followed by Jupiter),Vatican City,Mango,The blue whale,B) Vatican City,Vatican City is the smallest independent country in the world by both area and population.,General Trivia,Records
What is the world's largest by-volume man-made lake or reservoir often cited in geography trivia?,The Antarctic Desert,The video game industry,Lake Kariba (on the Zambia-Zimbabwe border),The Mariana Trench,C) Lake Kariba (on the Zambia-Zimbabwe border),"Lake Kariba, formed by the Kariba Dam, is often cited as the world's largest reservoir by volume.",General Trivia,Records
Quiz question: What is the national flower of India?,Vatican City,The Great Barrier Reef,Lotus,Burj Khalifa,C) Lotus,"The lotus is the national flower of India, symbolizing purity.",General Trivia,India Facts
Choose the correct answer: Which country is known as the 'Land of the Rising Sun'?,Andhra Pradesh,Bankim Chandra Chatterjee,Japan,US Dollar,C) Japan,"Japan is known as the 'Land of the Rising Sun', reflected in its name meaning origin of the sun.",General Trivia,World Facts
Quiz question: What is the fastest land animal?,India,The cheetah,The Taj Mahal,Thomas Edison,B) The cheetah,"The cheetah is the fastest land animal, capable of reaching speeds up to 100-120 km/h.",General Trivia,Amazing Facts
Choose the correct answer: What is the largest mammal in the world?,Saturn (closely followed by Jupiter),Alexander Graham Bell,The blue whale,Tiger,C) The blue whale,"The blue whale is the largest mammal, and indeed the largest animal, known to have ever existed.",General Trivia,Amazing Facts
What is the national flower of India?,Greenland,The Mariana Trench,Angel Falls (Venezuela),Lotus,D) Lotus,"The lotus is the national flower of India, symbolizing purity.",General Trivia,India Facts
Quiz question: What is the world's most spoken native language?,Mandarin Chinese,Saturn (closely followed by Jupiter),Archaeology,Greenland,A) Mandarin Chinese,Mandarin Chinese has the largest number of native speakers of any language in the world.,General Trivia,World Facts
Choose the correct answer: Who wrote India's national anthem?,Rabindranath Tagore,The Taj Mahal,The video game industry,US Dollar,A) Rabindranath Tagore,"Rabindranath Tagore composed 'Jana Gana Mana', India's national anthem.",General Trivia,India Facts
Which option correctly answers this: What is the currency of the United States?,Bankim Chandra Chatterjee,New Delhi,US Dollar,India,C) US Dollar,The official currency of the United States is the US Dollar.,General Trivia,World Facts
Choose the correct answer: What is the study of ancient artifacts and human history called?,Mango,The blue whale,India,Archaeology,D) Archaeology,Archaeology is the study of human history through the excavation and analysis of artifacts and physical remains.,General Trivia,Mixed Trivia
Which option correctly answers this: Which planet in our Solar System is known for having the most moons among the largest planets?,Saturn (closely followed by Jupiter),New Delhi,Alexander Graham Bell,Peacock,A) Saturn (closely followed by Jupiter),Saturn and Jupiter have the largest known number of moons among planets in our Solar System.,General Trivia,Amazing Facts
Choose the correct answer: Which was the first country to grant women the right to vote?,Tiger,New Zealand,Burj Khalifa,Mango,B) New Zealand,"New Zealand became the first self-governing country to grant women the right to vote, in 1893.",General Trivia,Firsts in the World
Quiz question: What is the largest coral reef system in the world?,New Delhi,Vatican City,The Great Barrier Reef,Alexander Graham Bell,C) The Great Barrier Reef,"The Great Barrier Reef, off the coast of Australia, is the world's largest coral reef system.",General Trivia,World Facts
Which option correctly answers this: Which is the largest hot desert in the world?,The Nile,Bankim Chandra Chatterjee,Nalanda University,The Sahara Desert,D) The Sahara Desert,The Sahara Desert in Africa is the largest hot desert in the world.,General Trivia,World Facts
What is the fastest land animal?,Bankim Chandra Chatterjee,Alexander Graham Bell,The cheetah,Mandarin Chinese,C) The cheetah,"The cheetah is the fastest land animal, capable of reaching speeds up to 100-120 km/h.",General Trivia,Amazing Facts
Quiz question: What is Mount Everest's approximate height?,Archaeology,"About 8,849 meters",The Sahara Desert,The Taj Mahal,"B) About 8,849 meters","Mount Everest, the world's highest peak, stands at approximately 8,849 meters above sea level.",General Trivia,World Facts
What is the fastest land animal?,The Mariana Trench,The cheetah,Andhra Pradesh,Thomas Edison,B) The cheetah,"The cheetah is the fastest land animal, capable of reaching speeds up to 100-120 km/h.",General Trivia,Amazing Facts
Which planet in our Solar System is known for having the most moons among the largest planets?,China,The Amazon Rainforest,India,Saturn (closely followed by Jupiter),D) Saturn (closely followed by Jupiter),Saturn and Jupiter have the largest known number of moons among planets in our Solar System.,General Trivia,Amazing Facts
What is the currency of the United States?,Andhra Pradesh,US Dollar,Mango,Saturn (closely followed by Jupiter),B) US Dollar,The official currency of the United States is the US Dollar.,General Trivia,World Facts
Which is the tallest man-made structure in the world (as of the early 2020s)?,The Mariana Trench,China,Burj Khalifa,Thomas Edison,C) Burj Khalifa,The Burj Khalifa in Dubai is the tallest man-made structure in the world.,General Trivia,Famous Places
What is the fastest land animal?,The cheetah,Burj Khalifa,"About 8,849 meters",Mango,A) The cheetah,"The cheetah is the fastest land animal, capable of reaching speeds up to 100-120 km/h.",General Trivia,Amazing Facts
What is the world's largest rainforest?,The Amazon Rainforest,Lotus,Angel Falls (Venezuela),The cheetah,A) The Amazon Rainforest,"The Amazon Rainforest, located mainly in Brazil, is the largest tropical rainforest in the world.",General Trivia,World Facts
Quiz question: What is Mount Everest's approximate height?,"About 8,849 meters",Lotus,Mandarin Chinese,The Amazon Rainforest,"A) About 8,849 meters","Mount Everest, the world's highest peak, stands at approximately 8,849 meters above sea level.",General Trivia,World Facts
Which option correctly answers this: What is the largest island in the world?,Christianity,The blue whale,Greenland,Lake Kariba (on the Zambia-Zimbabwe border),C) Greenland,"Greenland is the largest island in the world by area, excluding continental landmasses.",General Trivia,World Facts
Which option correctly answers this: What is the fastest land animal?,Mandarin Chinese,The cheetah,Greenland,Christianity,B) The cheetah,"The cheetah is the fastest land animal, capable of reaching speeds up to 100-120 km/h.",General Trivia,Amazing Facts
"Quiz question: Which Indian city hosted the first modern Commonwealth Games in India, in 2010?",New Delhi,The Nile,Lotus,Mango,A) New Delhi,"New Delhi hosted the 2010 Commonwealth Games, the first time India hosted the event.",General Trivia,Firsts in India
What is the world's largest by-volume man-made lake or reservoir often cited in geography trivia?,Andhra Pradesh,Peacock,Lake Kariba (on the Zambia-Zimbabwe border),Lotus,C) Lake Kariba (on the Zambia-Zimbabwe border),"Lake Kariba, formed by the Kariba Dam, is often cited as the world's largest reservoir by volume.",General Trivia,Records
Which option correctly answers this: What is the largest mammal in the world?,Thomas Edison,The blue whale,New Delhi,Saturn (closely followed by Jupiter),B) The blue whale,"The blue whale is the largest mammal, and indeed the largest animal, known to have ever existed.",General Trivia,Amazing Facts
Who invented the telephone?,"About 8,849 meters",Alexander Graham Bell,Rabindranath Tagore,New Delhi,B) Alexander Graham Bell,Alexander Graham Bell is credited with inventing the first practical telephone in 1876.,General Trivia,Unusual Facts
Which option correctly answers this: What is the smallest country in the world by area?,Andhra Pradesh,Mandarin Chinese,Vatican City,Saturn (closely followed by Jupiter),C) Vatican City,Vatican City is the smallest independent country in the world by both area and population.,General Trivia,Records
Choose the correct answer: Which is the largest hot desert in the world?,Nalanda University,Tiger,US Dollar,The Sahara Desert,D) The Sahara Desert,The Sahara Desert in Africa is the largest hot desert in the world.,General Trivia,World Facts
Quiz question: What is the world's largest by-volume man-made lake or reservoir often cited in geography trivia?,Tiger,The Great Barrier Reef,Vatican City,Lake Kariba (on the Zambia-Zimbabwe border),D) Lake Kariba (on the Zambia-Zimbabwe border),"Lake Kariba, formed by the Kariba Dam, is often cited as the world's largest reservoir by volume.",General Trivia,Records
Which option correctly answers this: What is the fastest land animal?,The Great Barrier Reef,The cheetah,Nalanda University,Lake Kariba (on the Zambia-Zimbabwe border),B) The cheetah,"The cheetah is the fastest land animal, capable of reaching speeds up to 100-120 km/h.",General Trivia,Amazing Facts
Which option correctly answers this: What is the largest coral reef system in the world?,Andhra Pradesh,Saturn (closely followed by Jupiter),Burj Khalifa,The Great Barrier Reef,D) The Great Barrier Reef,"The Great Barrier Reef, off the coast of Australia, is the world's largest coral reef system.",General Trivia,World Facts
"Which is considered one of the world's earliest centers of higher learning, located in ancient India?",Rabindranath Tagore,Nalanda University,The Mariana Trench,Angel Falls (Venezuela),B) Nalanda University,"Nalanda University in ancient India, established around the 5th century CE, is considered one of the world's earliest centers of higher learning.",General Trivia,Firsts in the World
"Choose the correct answer: Which is considered one of the world's earliest centers of higher learning, located in ancient India?",Mango,Nalanda University,The Sahara Desert,India,B) Nalanda University,"Nalanda University in ancient India, established around the 5th century CE, is considered one of the world's earliest centers of higher learning.",General Trivia,Firsts in the World
What is the world's largest by-volume man-made lake or reservoir often cited in geography trivia?,Archaeology,Lake Kariba (on the Zambia-Zimbabwe border),New Delhi,The Great Barrier Reef,B) Lake Kariba (on the Zambia-Zimbabwe border),"Lake Kariba, formed by the Kariba Dam, is often cited as the world's largest reservoir by volume.",General Trivia,Records
"Choose the correct answer: Which is considered one of the world's earliest centers of higher learning, located in ancient India?",China,Japan,The Nile,Nalanda University,D) Nalanda University,"Nalanda University in ancient India, established around the 5th century CE, is considered one of the world's earliest centers of higher learning.",General Trivia,Firsts in the World
"Choose the correct answer: Which is considered one of the world's earliest centers of higher learning, located in ancient India?",The Amazon Rainforest,Thomas Edison,Archaeology,Nalanda University,D) Nalanda University,"Nalanda University in ancient India, established around the 5th century CE, is considered one of the world's earliest centers of higher learning.",General Trivia,Firsts in the World
Which option correctly answers this: Which was the first Indian state to be formed on a linguistic basis?,Thomas Edison,Andhra Pradesh,The Great Barrier Reef,The Nile,B) Andhra Pradesh,"Andhra Pradesh was the first state in India to be organized on a linguistic basis, formed in 1953.",General Trivia,Firsts in India
Choose the correct answer: Which was the first country to grant women the right to vote?,The Great Barrier Reef,Lotus,New Zealand,The Antarctic Desert,C) New Zealand,"New Zealand became the first self-governing country to grant women the right to vote, in 1893.",General Trivia,Firsts in the World
Which option correctly answers this: Which famous structure in India is one of the New Seven Wonders of the World?,Japan,The video game industry,The Taj Mahal,The blue whale,C) The Taj Mahal,"The Taj Mahal, in Agra, India, is recognized as one of the New Seven Wonders of the World.",General Trivia,Famous Places
What is the national fruit of India?,The Great Barrier Reef,Lake Kariba (on the Zambia-Zimbabwe border),Mango,Christianity,C) Mango,The mango is recognized as the national fruit of India.,General Trivia,India Facts
Choose the correct answer: Which was the first Indian state to be formed on a linguistic basis?,Andhra Pradesh,Rabindranath Tagore,The blue whale,Alexander Graham Bell,A) Andhra Pradesh,"Andhra Pradesh was the first state in India to be organized on a linguistic basis, formed in 1953.",General Trivia,Firsts in India
Which option correctly answers this: What is the largest coral reef system in the world?,Mandarin Chinese,Thomas Edison,The Great Barrier Reef,The Antarctic Desert,C) The Great Barrier Reef,"The Great Barrier Reef, off the coast of Australia, is the world's largest coral reef system.",General Trivia,World Facts
Quiz question: What is the national fruit of India?,Angel Falls (Venezuela),Greenland,Mango,Lake Kariba (on the Zambia-Zimbabwe border),C) Mango,The mango is recognized as the national fruit of India.,General Trivia,India Facts
Choose the correct answer: Which country produces the most rice globally?,The video game industry,China,New Zealand,Burj Khalifa,B) China,China is historically the world's largest producer of rice.,General Trivia,World Facts
Choose the correct answer: What is the currency of the United States?,US Dollar,Bankim Chandra Chatterjee,Vatican City,Tiger,A) US Dollar,The official currency of the United States is the US Dollar.,General Trivia,World Facts
"Quiz question: What is the highest-grossing form of entertainment industry globally often cited in trivia, alongside film?",Rabindranath Tagore,The video game industry,"About 8,849 meters",US Dollar,B) The video game industry,"The global video game industry is frequently cited in trivia as a very high-grossing entertainment sector, often compared to or exceeding film.",General Trivia,Amazing Facts
Quiz question: Which was the first country to grant women the right to vote?,New Zealand,Bankim Chandra Chatterjee,Mango,"About 8,849 meters",A) New Zealand,"New Zealand became the first self-governing country to grant women the right to vote, in 1893.",General Trivia,Firsts in the World
Choose the correct answer: Which country produces the most rice globally?,Mandarin Chinese,"About 8,849 meters",The blue whale,China,D) China,China is historically the world's largest producer of rice.,General Trivia,World Facts
Choose the correct answer: Which is the largest democracy in the world by population?,Saturn (closely followed by Jupiter),India,The blue whale,Bankim Chandra Chatterjee,B) India,India is widely recognized as the world's largest democracy by population.,General Trivia,World Facts
Which option correctly answers this: Which was the first Indian state to be formed on a linguistic basis?,The Sahara Desert,Andhra Pradesh,Christianity,China,B) Andhra Pradesh,"Andhra Pradesh was the first state in India to be organized on a linguistic basis, formed in 1953.",General Trivia,Firsts in India
What is the study of ancient artifacts and human history called?,The Mariana Trench,Mandarin Chinese,Greenland,Archaeology,D) Archaeology,Archaeology is the study of human history through the excavation and analysis of artifacts and physical remains.,General Trivia,Mixed Trivia
Choose the correct answer: What is the national fruit of India?,Lotus,Christianity,Mango,Japan,C) Mango,The mango is recognized as the national fruit of India.,General Trivia,India Facts
Choose the correct answer: Which is the longest river in the world?,Rabindranath Tagore,Mandarin Chinese,The cheetah,The Nile,D) The Nile,The Nile River in Africa is generally considered the longest river in the world.,General Trivia,World Facts
"Who invented the light bulb (as a practical, commercially viable design)?",The Great Barrier Reef,Nalanda University,Thomas Edison,The Antarctic Desert,C) Thomas Edison,"Thomas Edison developed a practical, long-lasting incandescent light bulb in 1879.",General Trivia,Unusual Facts
Which option correctly answers this: What is the currency of the United States?,Christianity,The blue whale,New Zealand,US Dollar,D) US Dollar,The official currency of the United States is the US Dollar.,General Trivia,World Facts
"Which is considered one of the world's earliest centers of higher learning, located in ancient India?",Nalanda University,India,Mandarin Chinese,Lotus,A) Nalanda University,"Nalanda University in ancient India, established around the 5th century CE, is considered one of the world's earliest centers of higher learning.",General Trivia,Firsts in the World
Which option correctly answers this: What is the world's most spoken native language?,Saturn (closely followed by Jupiter),Mandarin Chinese,Alexander Graham Bell,The Sahara Desert,B) Mandarin Chinese,Mandarin Chinese has the largest number of native speakers of any language in the world.,General Trivia,World Facts
Which option correctly answers this: What is the national fruit of India?,The Nile,The blue whale,The Taj Mahal,Mango,D) Mango,The mango is recognized as the national fruit of India.,General Trivia,India Facts
Choose the correct answer: What is Mount Everest's approximate height?,US Dollar,"About 8,849 meters",Saturn (closely followed by Jupiter),The video game industry,"B) About 8,849 meters","Mount Everest, the world's highest peak, stands at approximately 8,849 meters above sea level.",General Trivia,World Facts
Choose the correct answer: Which country is known as the 'Land of the Rising Sun'?,New Delhi,Greenland,Japan,India,C) Japan,"Japan is known as the 'Land of the Rising Sun', reflected in its name meaning origin of the sun.",General Trivia,World Facts
Quiz question: Which country produces the most rice globally?,Japan,China,Tiger,Andhra Pradesh,B) China,China is historically the world's largest producer of rice.,General Trivia,World Facts
Choose the correct answer: What is the world's largest rainforest?,Japan,Greenland,The Amazon Rainforest,New Zealand,C) The Amazon Rainforest,"The Amazon Rainforest, located mainly in Brazil, is the largest tropical rainforest in the world.",General Trivia,World Facts
Choose the correct answer: What is the currency of the United States?,US Dollar,The blue whale,Andhra Pradesh,Mandarin Chinese,A) US Dollar,The official currency of the United States is the US Dollar.,General Trivia,World Facts
What is the most widely practiced religion in the world by number of adherents?,New Delhi,The video game industry,Christianity,Bankim Chandra Chatterjee,C) Christianity,Christianity is generally considered the religion with the largest number of adherents worldwide.,General Trivia,World Facts
Quiz question: What is the largest desert in the world?,Andhra Pradesh,The Amazon Rainforest,The Antarctic Desert,Alexander Graham Bell,C) The Antarctic Desert,"The Antarctic Desert is technically the largest desert in the world by area, as deserts are defined by low precipitation, not just heat.",General Trivia,World Facts
What is the world's most spoken native language?,Mandarin Chinese,Christianity,The Great Barrier Reef,The blue whale,A) Mandarin Chinese,Mandarin Chinese has the largest number of native speakers of any language in the world.,General Trivia,World Facts
Choose the correct answer: What is the world's most spoken native language?,Bankim Chandra Chatterjee,Tiger,US Dollar,Mandarin Chinese,D) Mandarin Chinese,Mandarin Chinese has the largest number of native speakers of any language in the world.,General Trivia,World Facts
Choose the correct answer: What is the world's most spoken native language?,Mandarin Chinese,The cheetah,The Antarctic Desert,The video game industry,A) Mandarin Chinese,Mandarin Chinese has the largest number of native speakers of any language in the world.,General Trivia,World Facts
Which option correctly answers this: Which country produces the most rice globally?,China,The cheetah,Christianity,Burj Khalifa,A) China,China is historically the world's largest producer of rice.,General Trivia,World Facts
Who invented the telephone?,Alexander Graham Bell,China,Angel Falls (Venezuela),Peacock,A) Alexander Graham Bell,Alexander Graham Bell is credited with inventing the first practical telephone in 1876.,General Trivia,Unusual Facts
What is the national bird of India?,Peacock,Angel Falls (Venezuela),New Zealand,The blue whale,A) Peacock,"The peacock is the national bird of India, known for its colorful plumage.",General Trivia,India Facts
Choose the correct answer: What is the largest desert in the world?,Lake Kariba (on the Zambia-Zimbabwe border),Japan,The Mariana Trench,The Antarctic Desert,D) The Antarctic Desert,"The Antarctic Desert is technically the largest desert in the world by area, as deserts are defined by low precipitation, not just heat.",General Trivia,World Facts
Choose the correct answer: Which was the first Indian state to be formed on a linguistic basis?,Andhra Pradesh,Japan,The Great Barrier Reef,The blue whale,A) Andhra Pradesh,"Andhra Pradesh was the first state in India to be organized on a linguistic basis, formed in 1953.",General Trivia,Firsts in India
Which is the longest river in the world?,The cheetah,The Sahara Desert,The Nile,The Great Barrier Reef,C) The Nile,The Nile River in Africa is generally considered the longest river in the world.,General Trivia,World Facts
Which option correctly answers this: Which is the largest hot desert in the world?,The Sahara Desert,The Antarctic Desert,Alexander Graham Bell,Lotus,A) The Sahara Desert,The Sahara Desert in Africa is the largest hot desert in the world.,General Trivia,World Facts
Quiz question: Which is the largest hot desert in the world?,The Sahara Desert,The Nile,China,Japan,A) The Sahara Desert,The Sahara Desert in Africa is the largest hot desert in the world.,General Trivia,World Facts
Choose the correct answer: What is the world's largest rainforest?,The Great Barrier Reef,Tiger,The Amazon Rainforest,New Zealand,C) The Amazon Rainforest,"The Amazon Rainforest, located mainly in Brazil, is the largest tropical rainforest in the world.",General Trivia,World Facts
Which option correctly answers this: What is the fastest land animal?,Burj Khalifa,The cheetah,Peacock,Bankim Chandra Chatterjee,B) The cheetah,"The cheetah is the fastest land animal, capable of reaching speeds up to 100-120 km/h.",General Trivia,Amazing Facts
Which is the largest democracy in the world by population?,The Great Barrier Reef,India,Alexander Graham Bell,The Sahara Desert,B) India,India is widely recognized as the world's largest democracy by population.,General Trivia,World Facts
Quiz question: Who wrote India's national anthem?,Mandarin Chinese,New Zealand,New Delhi,Rabindranath Tagore,D) Rabindranath Tagore,"Rabindranath Tagore composed 'Jana Gana Mana', India's national anthem.",General Trivia,India Facts
Which option correctly answers this: Which is the longest river in the world?,The Nile,The Antarctic Desert,The Great Barrier Reef,The blue whale,A) The Nile,The Nile River in Africa is generally considered the longest river in the world.,General Trivia,World Facts
Which option correctly answers this: What is the national animal of India?,Tiger,"About 8,849 meters",The Taj Mahal,The Great Barrier Reef,A) Tiger,The Bengal tiger is the national animal of India.,General Trivia,India Facts
What is the national fruit of India?,Mango,The Sahara Desert,The Antarctic Desert,Saturn (closely followed by Jupiter),A) Mango,The mango is recognized as the national fruit of India.,General Trivia,India Facts
Choose the correct answer: What is the largest island in the world?,Mango,The Antarctic Desert,Mandarin Chinese,Greenland,D) Greenland,"Greenland is the largest island in the world by area, excluding continental landmasses.",General Trivia,World Facts
Quiz question: What is the largest desert in the world?,The Antarctic Desert,Thomas Edison,The Sahara Desert,New Delhi,A) The Antarctic Desert,"The Antarctic Desert is technically the largest desert in the world by area, as deserts are defined by low precipitation, not just heat.",General Trivia,World Facts
Who wrote India's national song?,Bankim Chandra Chatterjee,The Great Barrier Reef,Lotus,Mandarin Chinese,A) Bankim Chandra Chatterjee,"Bankim Chandra Chatterjee wrote 'Vande Mataram', India's national song.",General Trivia,India Facts
Choose the correct answer: What is Mount Everest's approximate height?,"About 8,849 meters",US Dollar,Lotus,The Taj Mahal,"A) About 8,849 meters","Mount Everest, the world's highest peak, stands at approximately 8,849 meters above sea level.",General Trivia,World Facts
Which option correctly answers this: Which is the tallest man-made structure in the world (as of the early 2020s)?,Greenland,Burj Khalifa,The cheetah,New Delhi,B) Burj Khalifa,The Burj Khalifa in Dubai is the tallest man-made structure in the world.,General Trivia,Famous Places
Which option correctly answers this: Which planet in our Solar System is known for having the most moons among the largest planets?,The Sahara Desert,Saturn (closely followed by Jupiter),Lake Kariba (on the Zambia-Zimbabwe border),The Antarctic Desert,B) Saturn (closely followed by Jupiter),Saturn and Jupiter have the largest known number of moons among planets in our Solar System.,General Trivia,Amazing Facts
Quiz question: Which was the first country to grant women the right to vote?,Christianity,China,New Zealand,Greenland,C) New Zealand,"New Zealand became the first self-governing country to grant women the right to vote, in 1893.",General Trivia,Firsts in the World
Quiz question: What is the fastest land animal?,The cheetah,Thomas Edison,Andhra Pradesh,The Great Barrier Reef,A) The cheetah,"The cheetah is the fastest land animal, capable of reaching speeds up to 100-120 km/h.",General Trivia,Amazing Facts
Quiz question: What is the national fruit of India?,Mandarin Chinese,Mango,"About 8,849 meters",Vatican City,B) Mango,The mango is recognized as the national fruit of India.,General Trivia,India Facts
What is the world's most spoken native language?,Mandarin Chinese,Archaeology,The Mariana Trench,Rabindranath Tagore,A) Mandarin Chinese,Mandarin Chinese has the largest number of native speakers of any language in the world.,General Trivia,World Facts
Choose the correct answer: What is the tallest waterfall in the world?,The blue whale,Saturn (closely followed by Jupiter),Lake Kariba (on the Zambia-Zimbabwe border),Angel Falls (Venezuela),D) Angel Falls (Venezuela),"Angel Falls, located in Venezuela, is the world's tallest uninterrupted waterfall.",General Trivia,Records
Which option correctly answers this: What is the fastest land animal?,"About 8,849 meters",The cheetah,Alexander Graham Bell,Thomas Edison,B) The cheetah,"The cheetah is the fastest land animal, capable of reaching speeds up to 100-120 km/h.",General Trivia,Amazing Facts
What is the deepest known point in the world's oceans?,The Mariana Trench,The Taj Mahal,The Nile,Vatican City,A) The Mariana Trench,"The Mariana Trench, in the Pacific Ocean, is the deepest known point in any of Earth's oceans.",General Trivia,Records
Which option correctly answers this: What is the world's most spoken native language?,Mandarin Chinese,Mango,Alexander Graham Bell,The Great Barrier Reef,A) Mandarin Chinese,Mandarin Chinese has the largest number of native speakers of any language in the world.,General Trivia,World Facts
Quiz question: What is the national fruit of India?,Alexander Graham Bell,The video game industry,Mango,Tiger,C) Mango,The mango is recognized as the national fruit of India.,General Trivia,India Facts
Which country is known as the 'Land of the Rising Sun'?,The Antarctic Desert,Japan,US Dollar,Rabindranath Tagore,B) Japan,"Japan is known as the 'Land of the Rising Sun', reflected in its name meaning origin of the sun.",General Trivia,World Facts
Which option correctly answers this: What is the largest coral reef system in the world?,The Amazon Rainforest,Alexander Graham Bell,India,The Great Barrier Reef,D) The Great Barrier Reef,"The Great Barrier Reef, off the coast of Australia, is the world's largest coral reef system.",General Trivia,World Facts
"Which Indian city hosted the first modern Commonwealth Games in India, in 2010?",Tiger,Angel Falls (Venezuela),The Mariana Trench,New Delhi,D) New Delhi,"New Delhi hosted the 2010 Commonwealth Games, the first time India hosted the event.",General Trivia,Firsts in India
Who wrote India's national anthem?,The blue whale,Rabindranath Tagore,China,Bankim Chandra Chatterjee,B) Rabindranath Tagore,"Rabindranath Tagore composed 'Jana Gana Mana', India's national anthem.",General Trivia,India Facts
Which option correctly answers this: What is the national bird of India?,The cheetah,Peacock,The video game industry,New Zealand,B) Peacock,"The peacock is the national bird of India, known for its colorful plumage.",General Trivia,India Facts
"Which option correctly answers this: Which is considered one of the world's earliest centers of higher learning, located in ancient India?",Nalanda University,Andhra Pradesh,Saturn (closely followed by Jupiter),Angel Falls (Venezuela),A) Nalanda University,"Nalanda University in ancient India, established around the 5th century CE, is considered one of the world's earliest centers of higher learning.",General Trivia,Firsts in the World
Quiz question: What is Mount Everest's approximate height?,"About 8,849 meters",Bankim Chandra Chatterjee,Greenland,The video game industry,"A) About 8,849 meters","Mount Everest, the world's highest peak, stands at approximately 8,849 meters above sea level.",General Trivia,World Facts
Which option correctly answers this: What is the national animal of India?,Tiger,Alexander Graham Bell,Mandarin Chinese,Greenland,A) Tiger,The Bengal tiger is the national animal of India.,General Trivia,India Facts
Which option correctly answers this: Who invented the telephone?,Mango,Rabindranath Tagore,Alexander Graham Bell,The Taj Mahal,C) Alexander Graham Bell,Alexander Graham Bell is credited with inventing the first practical telephone in 1876.,General Trivia,Unusual Facts
Quiz question: Which was the first Indian state to be formed on a linguistic basis?,The Nile,The Antarctic Desert,Andhra Pradesh,Lotus,C) Andhra Pradesh,"Andhra Pradesh was the first state in India to be organized on a linguistic basis, formed in 1953.",General Trivia,Firsts in India
Choose the correct answer: Which is the largest hot desert in the world?,New Delhi,The Sahara Desert,Burj Khalifa,Lotus,B) The Sahara Desert,The Sahara Desert in Africa is the largest hot desert in the world.,General Trivia,World Facts
Which planet in our Solar System is known for having the most moons among the largest planets?,Saturn (closely followed by Jupiter),The Sahara Desert,"About 8,849 meters",Peacock,A) Saturn (closely followed by Jupiter),Saturn and Jupiter have the largest known number of moons among planets in our Solar System.,General Trivia,Amazing Facts
Quiz question: Which planet in our Solar System is known for having the most moons among the largest planets?,Thomas Edison,Lake Kariba (on the Zambia-Zimbabwe border),Greenland,Saturn (closely followed by Jupiter),D) Saturn (closely followed by Jupiter),Saturn and Jupiter have the largest known number of moons among planets in our Solar System.,General Trivia,Amazing Facts
Which option correctly answers this: What is the world's largest by-volume man-made lake or reservoir often cited in geography trivia?,New Zealand,Lake Kariba (on the Zambia-Zimbabwe border),Burj Khalifa,India,B) Lake Kariba (on the Zambia-Zimbabwe border),"Lake Kariba, formed by the Kariba Dam, is often cited as the world's largest reservoir by volume.",General Trivia,Records
Quiz question: What is the national animal of India?,Lake Kariba (on the Zambia-Zimbabwe border),The video game industry,Peacock,Tiger,D) Tiger,The Bengal tiger is the national animal of India.,General Trivia,India Facts
Choose the correct answer: What is the smallest country in the world by area?,Vatican City,The Sahara Desert,Nalanda University,The blue whale,A) Vatican City,Vatican City is the smallest independent country in the world by both area and population.,General Trivia,Records
Quiz question: Who invented the telephone?,Alexander Graham Bell,Thomas Edison,Lotus,The Taj Mahal,A) Alexander Graham Bell,Alexander Graham Bell is credited with inventing the first practical telephone in 1876.,General Trivia,Unusual Facts
Choose the correct answer: What is the national bird of India?,Peacock,The blue whale,Nalanda University,The cheetah,A) Peacock,"The peacock is the national bird of India, known for its colorful plumage.",General Trivia,India Facts
Choose the correct answer: What is the largest coral reef system in the world?,Angel Falls (Venezuela),Christianity,The Great Barrier Reef,The Amazon Rainforest,C) The Great Barrier Reef,"The Great Barrier Reef, off the coast of Australia, is the world's largest coral reef system.",General Trivia,World Facts
Which famous structure in India is one of the New Seven Wonders of the World?,New Delhi,New Zealand,The Taj Mahal,The Mariana Trench,C) The Taj Mahal,"The Taj Mahal, in Agra, India, is recognized as one of the New Seven Wonders of the World.",General Trivia,Famous Places
Which option correctly answers this: What is the national fruit of India?,"About 8,849 meters",The Sahara Desert,Lake Kariba (on the Zambia-Zimbabwe border),Mango,D) Mango,The mango is recognized as the national fruit of India.,General Trivia,India Facts
What is the deepest known point in the world's oceans?,Peacock,Andhra Pradesh,The Mariana Trench,India,C) The Mariana Trench,"The Mariana Trench, in the Pacific Ocean, is the deepest known point in any of Earth's oceans.",General Trivia,Records
What is the most widely practiced religion in the world by number of adherents?,Lotus,Christianity,The cheetah,Andhra Pradesh,B) Christianity,Christianity is generally considered the religion with the largest number of adherents worldwide.,General Trivia,World Facts
Quiz question: Which planet in our Solar System is known for having the most moons among the largest planets?,Greenland,Saturn (closely followed by Jupiter),The video game industry,New Delhi,B) Saturn (closely followed by Jupiter),Saturn and Jupiter have the largest known number of moons among planets in our Solar System.,General Trivia,Amazing Facts
Quiz question: What is the national flower of India?,The cheetah,Lotus,Christianity,India,B) Lotus,"The lotus is the national flower of India, symbolizing purity.",General Trivia,India Facts
Which option correctly answers this: Which was the first country to grant women the right to vote?,Peacock,Japan,New Zealand,The Taj Mahal,C) New Zealand,"New Zealand became the first self-governing country to grant women the right to vote, in 1893.",General Trivia,Firsts in the World
Choose the correct answer: What is the largest desert in the world?,The Antarctic Desert,Thomas Edison,Burj Khalifa,The Sahara Desert,A) The Antarctic Desert,"The Antarctic Desert is technically the largest desert in the world by area, as deserts are defined by low precipitation, not just heat.",General Trivia,World Facts
Which option correctly answers this: Who wrote India's national anthem?,Rabindranath Tagore,New Delhi,Mandarin Chinese,Archaeology,A) Rabindranath Tagore,"Rabindranath Tagore composed 'Jana Gana Mana', India's national anthem.",General Trivia,India Facts
Which option correctly answers this: Which is the tallest man-made structure in the world (as of the early 2020s)?,Burj Khalifa,Nalanda University,Peacock,US Dollar,A) Burj Khalifa,The Burj Khalifa in Dubai is the tallest man-made structure in the world.,General Trivia,Famous Places
"Which option correctly answers this: Which is considered one of the world's earliest centers of higher learning, located in ancient India?",Vatican City,Angel Falls (Venezuela),Nalanda University,The Taj Mahal,C) Nalanda University,"Nalanda University in ancient India, established around the 5th century CE, is considered one of the world's earliest centers of higher learning.",General Trivia,Firsts in the World
Choose the correct answer: Which country produces the most rice globally?,Greenland,China,India,The Nile,B) China,China is historically the world's largest producer of rice.,General Trivia,World Facts
Which option correctly answers this: What is the national flower of India?,Archaeology,Greenland,The Great Barrier Reef,Lotus,D) Lotus,"The lotus is the national flower of India, symbolizing purity.",General Trivia,India Facts
Which option correctly answers this: Which was the first Indian state to be formed on a linguistic basis?,Lotus,Andhra Pradesh,Bankim Chandra Chatterjee,Japan,B) Andhra Pradesh,"Andhra Pradesh was the first state in India to be organized on a linguistic basis, formed in 1953.",General Trivia,Firsts in India
Which option correctly answers this: What is the national flower of India?,Japan,The Amazon Rainforest,The cheetah,Lotus,D) Lotus,"The lotus is the national flower of India, symbolizing purity.",General Trivia,India Facts
Choose the correct answer: What is the tallest waterfall in the world?,Lake Kariba (on the Zambia-Zimbabwe border),The cheetah,Angel Falls (Venezuela),The Nile,C) Angel Falls (Venezuela),"Angel Falls, located in Venezuela, is the world's tallest uninterrupted waterfall.",General Trivia,Records
Which option correctly answers this: What is the national fruit of India?,US Dollar,The Mariana Trench,"About 8,849 meters",Mango,D) Mango,The mango is recognized as the national fruit of India.,General Trivia,India Facts
Quiz question: Which planet in our Solar System is known for having the most moons among the largest planets?,The Nile,Angel Falls (Venezuela),Saturn (closely followed by Jupiter),The blue whale,C) Saturn (closely followed by Jupiter),Saturn and Jupiter have the largest known number of moons among planets in our Solar System.,General Trivia,Amazing Facts
What is the largest desert in the world?,The Antarctic Desert,Lake Kariba (on the Zambia-Zimbabwe border),Rabindranath Tagore,Mango,A) The Antarctic Desert,"The Antarctic Desert is technically the largest desert in the world by area, as deserts are defined by low precipitation, not just heat.",General Trivia,World Facts
Choose the correct answer: Which was the first Indian state to be formed on a linguistic basis?,Nalanda University,Andhra Pradesh,Mango,The Taj Mahal,B) Andhra Pradesh,"Andhra Pradesh was the first state in India to be organized on a linguistic basis, formed in 1953.",General Trivia,Firsts in India
What is the largest desert in the world?,The Antarctic Desert,Lotus,Nalanda University,"About 8,849 meters",A) The Antarctic Desert,"The Antarctic Desert is technically the largest desert in the world by area, as deserts are defined by low precipitation, not just heat.",General Trivia,World Facts
What is the study of ancient artifacts and human history called?,Japan,The Nile,Archaeology,New Delhi,C) Archaeology,Archaeology is the study of human history through the excavation and analysis of artifacts and physical remains.,General Trivia,Mixed Trivia
What is the fastest land animal?,New Delhi,The cheetah,US Dollar,Peacock,B) The cheetah,"The cheetah is the fastest land animal, capable of reaching speeds up to 100-120 km/h.",General Trivia,Amazing Facts
"Which option correctly answers this: Which is considered one of the world's earliest centers of higher learning, located in ancient India?",Lotus,The Amazon Rainforest,India,Nalanda University,D) Nalanda University,"Nalanda University in ancient India, established around the 5th century CE, is considered one of the world's earliest centers of higher learning.",General Trivia,Firsts in the World
Which option correctly answers this: Who invented the telephone?,Alexander Graham Bell,Thomas Edison,India,The video game industry,A) Alexander Graham Bell,Alexander Graham Bell is credited with inventing the first practical telephone in 1876.,General Trivia,Unusual Facts
Which option correctly answers this: What is the study of ancient artifacts and human history called?,Bankim Chandra Chatterjee,Greenland,The Amazon Rainforest,Archaeology,D) Archaeology,Archaeology is the study of human history through the excavation and analysis of artifacts and physical remains.,General Trivia,Mixed Trivia
Which option correctly answers this: What is the largest mammal in the world?,Tiger,Nalanda University,New Delhi,The blue whale,D) The blue whale,"The blue whale is the largest mammal, and indeed the largest animal, known to have ever existed.",General Trivia,Amazing Facts
Choose the correct answer: What is the world's largest rainforest?,The Amazon Rainforest,The Taj Mahal,Rabindranath Tagore,China,A) The Amazon Rainforest,"The Amazon Rainforest, located mainly in Brazil, is the largest tropical rainforest in the world.",General Trivia,World Facts
Choose the correct answer: Which is the tallest man-made structure in the world (as of the early 2020s)?,Burj Khalifa,Alexander Graham Bell,The Nile,"About 8,849 meters",A) Burj Khalifa,The Burj Khalifa in Dubai is the tallest man-made structure in the world.,General Trivia,Famous Places
Choose the correct answer: Who wrote India's national song?,Alexander Graham Bell,Andhra Pradesh,The video game industry,Bankim Chandra Chatterjee,D) Bankim Chandra Chatterjee,"Bankim Chandra Chatterjee wrote 'Vande Mataram', India's national song.",General Trivia,India Facts
Choose the correct answer: Which country produces the most rice globally?,Burj Khalifa,"About 8,849 meters",China,The Great Barrier Reef,C) China,China is historically the world's largest producer of rice.,General Trivia,World Facts
Quiz question: Which famous structure in India is one of the New Seven Wonders of the World?,Andhra Pradesh,The blue whale,The Taj Mahal,New Zealand,C) The Taj Mahal,"The Taj Mahal, in Agra, India, is recognized as one of the New Seven Wonders of the World.",General Trivia,Famous Places
Which option correctly answers this: What is the largest coral reef system in the world?,The Amazon Rainforest,The Mariana Trench,The Great Barrier Reef,New Zealand,C) The Great Barrier Reef,"The Great Barrier Reef, off the coast of Australia, is the world's largest coral reef system.",General Trivia,World Facts
Which option correctly answers this: Who wrote India's national song?,India,Bankim Chandra Chatterjee,The Amazon Rainforest,The Great Barrier Reef,B) Bankim Chandra Chatterjee,"Bankim Chandra Chatterjee wrote 'Vande Mataram', India's national song.",General Trivia,India Facts
Which option correctly answers this: Which was the first Indian state to be formed on a linguistic basis?,The cheetah,Archaeology,Lotus,Andhra Pradesh,D) Andhra Pradesh,"Andhra Pradesh was the first state in India to be organized on a linguistic basis, formed in 1953.",General Trivia,Firsts in India
Who wrote India's national anthem?,Rabindranath Tagore,Mandarin Chinese,Japan,Peacock,A) Rabindranath Tagore,"Rabindranath Tagore composed 'Jana Gana Mana', India's national anthem.",General Trivia,India Facts
What is the largest island in the world?,Bankim Chandra Chatterjee,Christianity,US Dollar,Greenland,D) Greenland,"Greenland is the largest island in the world by area, excluding continental landmasses.",General Trivia,World Facts
Which option correctly answers this: What is the national flower of India?,New Zealand,The Taj Mahal,Lotus,New Delhi,C) Lotus,"The lotus is the national flower of India, symbolizing purity.",General Trivia,India Facts
Quiz question: Which was the first Indian state to be formed on a linguistic basis?,The Mariana Trench,Burj Khalifa,Andhra Pradesh,Lake Kariba (on the Zambia-Zimbabwe border),C) Andhra Pradesh,"Andhra Pradesh was the first state in India to be organized on a linguistic basis, formed in 1953.",General Trivia,Firsts in India
Choose the correct answer: Who wrote India's national anthem?,Lotus,Tiger,Rabindranath Tagore,The Amazon Rainforest,C) Rabindranath Tagore,"Rabindranath Tagore composed 'Jana Gana Mana', India's national anthem.",General Trivia,India Facts
Which option correctly answers this: Which was the first country to grant women the right to vote?,Burj Khalifa,Rabindranath Tagore,New Zealand,Andhra Pradesh,C) New Zealand,"New Zealand became the first self-governing country to grant women the right to vote, in 1893.",General Trivia,Firsts in the World
Choose the correct answer: Which country is known as the 'Land of the Rising Sun'?,The Nile,Japan,The blue whale,Christianity,B) Japan,"Japan is known as the 'Land of the Rising Sun', reflected in its name meaning origin of the sun.",General Trivia,World Facts
Choose the correct answer: What is the most widely practiced religion in the world by number of adherents?,The video game industry,Greenland,Lotus,Christianity,D) Christianity,Christianity is generally considered the religion with the largest number of adherents worldwide.,General Trivia,World Facts
Choose the correct answer: Which is the largest democracy in the world by population?,The Antarctic Desert,India,Japan,Christianity,B) India,India is widely recognized as the world's largest democracy by population.,General Trivia,World Facts
What is the world's most spoken native language?,The Nile,The Great Barrier Reef,Mandarin Chinese,Rabindranath Tagore,C) Mandarin Chinese,Mandarin Chinese has the largest number of native speakers of any language in the world.,General Trivia,World Facts
Quiz question: What is the fastest land animal?,Nalanda University,The cheetah,Angel Falls (Venezuela),Saturn (closely followed by Jupiter),B) The cheetah,"The cheetah is the fastest land animal, capable of reaching speeds up to 100-120 km/h.",General Trivia,Amazing Facts
Quiz question: Which country produces the most rice globally?,Christianity,China,Lake Kariba (on the Zambia-Zimbabwe border),Burj Khalifa,B) China,China is historically the world's largest producer of rice.,General Trivia,World Facts
Which was the first Indian state to be formed on a linguistic basis?,Andhra Pradesh,Burj Khalifa,Christianity,Mandarin Chinese,A) Andhra Pradesh,"Andhra Pradesh was the first state in India to be organized on a linguistic basis, formed in 1953.",General Trivia,Firsts in India
"Quiz question: Which Indian city hosted the first modern Commonwealth Games in India, in 2010?",The Antarctic Desert,The Amazon Rainforest,Saturn (closely followed by Jupiter),New Delhi,D) New Delhi,"New Delhi hosted the 2010 Commonwealth Games, the first time India hosted the event.",General Trivia,Firsts in India
Which is the longest river in the world?,Lotus,The Nile,Lake Kariba (on the Zambia-Zimbabwe border),China,B) The Nile,The Nile River in Africa is generally considered the longest river in the world.,General Trivia,World Facts
What is the smallest country in the world by area?,The cheetah,Vatican City,The blue whale,China,B) Vatican City,Vatican City is the smallest independent country in the world by both area and population.,General Trivia,Records
Quiz question: What is the most widely practiced religion in the world by number of adherents?,Alexander Graham Bell,Tiger,Christianity,The cheetah,C) Christianity,Christianity is generally considered the religion with the largest number of adherents worldwide.,General Trivia,World Facts
Choose the correct answer: What is the largest mammal in the world?,Saturn (closely followed by Jupiter),Rabindranath Tagore,Nalanda University,The blue whale,D) The blue whale,"The blue whale is the largest mammal, and indeed the largest animal, known to have ever existed.",General Trivia,Amazing Facts
Choose the correct answer: Which is the largest democracy in the world by population?,Mandarin Chinese,India,Lake Kariba (on the Zambia-Zimbabwe border),New Zealand,B) India,India is widely recognized as the world's largest democracy by population.,General Trivia,World Facts
What is the national bird of India?,Peacock,India,Japan,China,A) Peacock,"The peacock is the national bird of India, known for its colorful plumage.",General Trivia,India Facts
Quiz question: What is the world's largest by-volume man-made lake or reservoir often cited in geography trivia?,Thomas Edison,Lake Kariba (on the Zambia-Zimbabwe border),Bankim Chandra Chatterjee,Peacock,B) Lake Kariba (on the Zambia-Zimbabwe border),"Lake Kariba, formed by the Kariba Dam, is often cited as the world's largest reservoir by volume.",General Trivia,Records
Who wrote India's national song?,Vatican City,Bankim Chandra Chatterjee,Rabindranath Tagore,Nalanda University,B) Bankim Chandra Chatterjee,"Bankim Chandra Chatterjee wrote 'Vande Mataram', India's national song.",General Trivia,India Facts
Quiz question: What is the currency of the United States?,The video game industry,"About 8,849 meters",Mango,US Dollar,D) US Dollar,The official currency of the United States is the US Dollar.,General Trivia,World Facts
Which option correctly answers this: What is the largest island in the world?,Japan,The Taj Mahal,Saturn (closely followed by Jupiter),Greenland,D) Greenland,"Greenland is the largest island in the world by area, excluding continental landmasses.",General Trivia,World Facts
Which country produces the most rice globally?,India,The Antarctic Desert,Bankim Chandra Chatterjee,China,D) China,China is historically the world's largest producer of rice.,General Trivia,World Facts
Which option correctly answers this: Which is the largest hot desert in the world?,US Dollar,The Nile,Bankim Chandra Chatterjee,The Sahara Desert,D) The Sahara Desert,The Sahara Desert in Africa is the largest hot desert in the world.,General Trivia,World Facts
"Quiz question: What is the highest-grossing form of entertainment industry globally often cited in trivia, alongside film?",Thomas Edison,New Delhi,The Taj Mahal,The video game industry,D) The video game industry,"The global video game industry is frequently cited in trivia as a very high-grossing entertainment sector, often compared to or exceeding film.",General Trivia,Amazing Facts
Choose the correct answer: What is the world's largest rainforest?,The Taj Mahal,The Amazon Rainforest,Japan,The video game industry,B) The Amazon Rainforest,"The Amazon Rainforest, located mainly in Brazil, is the largest tropical rainforest in the world.",General Trivia,World Facts
Choose the correct answer: What is the fastest land animal?,The cheetah,India,Greenland,The Amazon Rainforest,A) The cheetah,"The cheetah is the fastest land animal, capable of reaching speeds up to 100-120 km/h.",General Trivia,Amazing Facts
Quiz question: Who invented the telephone?,Alexander Graham Bell,Japan,Mandarin Chinese,China,A) Alexander Graham Bell,Alexander Graham Bell is credited with inventing the first practical telephone in 1876.,General Trivia,Unusual Facts
Which option correctly answers this: What is the fastest land animal?,India,The cheetah,Andhra Pradesh,Lotus,B) The cheetah,"The cheetah is the fastest land animal, capable of reaching speeds up to 100-120 km/h.",General Trivia,Amazing Facts
Which was the first Indian state to be formed on a linguistic basis?,Andhra Pradesh,Archaeology,India,China,A) Andhra Pradesh,"Andhra Pradesh was the first state in India to be organized on a linguistic basis, formed in 1953.",General Trivia,Firsts in India
Quiz question: Who invented the telephone?,Thomas Edison,Lotus,Archaeology,Alexander Graham Bell,D) Alexander Graham Bell,Alexander Graham Bell is credited with inventing the first practical telephone in 1876.,General Trivia,Unusual Facts
Which option correctly answers this: What is Mount Everest's approximate height?,The Amazon Rainforest,India,"About 8,849 meters",Lake Kariba (on the Zambia-Zimbabwe border),"C) About 8,849 meters","Mount Everest, the world's highest peak, stands at approximately 8,849 meters above sea level.",General Trivia,World Facts
Which option correctly answers this: What is the deepest known point in the world's oceans?,Christianity,Lake Kariba (on the Zambia-Zimbabwe border),The blue whale,The Mariana Trench,D) The Mariana Trench,"The Mariana Trench, in the Pacific Ocean, is the deepest known point in any of Earth's oceans.",General Trivia,Records
Quiz question: What is the national animal of India?,Japan,Tiger,New Delhi,Saturn (closely followed by Jupiter),B) Tiger,The Bengal tiger is the national animal of India.,General Trivia,India Facts
Choose the correct answer: What is the most widely practiced religion in the world by number of adherents?,The Amazon Rainforest,Saturn (closely followed by Jupiter),The Mariana Trench,Christianity,D) Christianity,Christianity is generally considered the religion with the largest number of adherents worldwide.,General Trivia,World Facts
Quiz question: Which is the largest democracy in the world by population?,India,Bankim Chandra Chatterjee,The blue whale,Tiger,A) India,India is widely recognized as the world's largest democracy by population.,General Trivia,World Facts
"Choose the correct answer: Who invented the light bulb (as a practical, commercially viable design)?",Mandarin Chinese,Thomas Edison,The cheetah,Saturn (closely followed by Jupiter),B) Thomas Edison,"Thomas Edison developed a practical, long-lasting incandescent light bulb in 1879.",General Trivia,Unusual Facts
"Choose the correct answer: Which Indian city hosted the first modern Commonwealth Games in India, in 2010?",The blue whale,The Antarctic Desert,New Delhi,Burj Khalifa,C) New Delhi,"New Delhi hosted the 2010 Commonwealth Games, the first time India hosted the event.",General Trivia,Firsts in India
Which planet in our Solar System is known for having the most moons among the largest planets?,The Nile,Saturn (closely followed by Jupiter),Archaeology,Greenland,B) Saturn (closely followed by Jupiter),Saturn and Jupiter have the largest known number of moons among planets in our Solar System.,General Trivia,Amazing Facts
"Which option correctly answers this: Who invented the light bulb (as a practical, commercially viable design)?",Lotus,China,Saturn (closely followed by Jupiter),Thomas Edison,D) Thomas Edison,"Thomas Edison developed a practical, long-lasting incandescent light bulb in 1879.",General Trivia,Unusual Facts
Which option correctly answers this: Which was the first Indian state to be formed on a linguistic basis?,The Amazon Rainforest,Andhra Pradesh,Rabindranath Tagore,The Nile,B) Andhra Pradesh,"Andhra Pradesh was the first state in India to be organized on a linguistic basis, formed in 1953.",General Trivia,Firsts in India
Choose the correct answer: Which is the largest democracy in the world by population?,China,India,New Delhi,Saturn (closely followed by Jupiter),B) India,India is widely recognized as the world's largest democracy by population.,General Trivia,World Facts
Quiz question: Which was the first Indian state to be formed on a linguistic basis?,Lake Kariba (on the Zambia-Zimbabwe border),Japan,Andhra Pradesh,The Sahara Desert,C) Andhra Pradesh,"Andhra Pradesh was the first state in India to be organized on a linguistic basis, formed in 1953.",General Trivia,Firsts in India
Quiz question: What is the currency of the United States?,The Great Barrier Reef,New Delhi,US Dollar,The Sahara Desert,C) US Dollar,The official currency of the United States is the US Dollar.,General Trivia,World Facts
Choose the correct answer: What is the world's most spoken native language?,Mandarin Chinese,Archaeology,The Great Barrier Reef,Nalanda University,A) Mandarin Chinese,Mandarin Chinese has the largest number of native speakers of any language in the world.,General Trivia,World Facts
Which famous structure in India is one of the New Seven Wonders of the World?,India,The Taj Mahal,Christianity,The Sahara Desert,B) The Taj Mahal,"The Taj Mahal, in Agra, India, is recognized as one of the New Seven Wonders of the World.",General Trivia,Famous Places
Quiz question: What is the largest island in the world?,The Antarctic Desert,The Amazon Rainforest,Greenland,Japan,C) Greenland,"Greenland is the largest island in the world by area, excluding continental landmasses.",General Trivia,World Facts
Which option correctly answers this: Which was the first Indian state to be formed on a linguistic basis?,US Dollar,Angel Falls (Venezuela),Andhra Pradesh,The Great Barrier Reef,C) Andhra Pradesh,"Andhra Pradesh was the first state in India to be organized on a linguistic basis, formed in 1953.",General Trivia,Firsts in India
Quiz question: What is the most widely practiced religion in the world by number of adherents?,Angel Falls (Venezuela),The Nile,The Amazon Rainforest,Christianity,D) Christianity,Christianity is generally considered the religion with the largest number of adherents worldwide.,General Trivia,World Facts
"Who invented the light bulb (as a practical, commercially viable design)?","About 8,849 meters",Greenland,Thomas Edison,Lotus,C) Thomas Edison,"Thomas Edison developed a practical, long-lasting incandescent light bulb in 1879.",General Trivia,Unusual Facts
Which option correctly answers this: Which was the first country to grant women the right to vote?,New Zealand,Japan,Alexander Graham Bell,Rabindranath Tagore,A) New Zealand,"New Zealand became the first self-governing country to grant women the right to vote, in 1893.",General Trivia,Firsts in the World
Which option correctly answers this: What is the world's largest by-volume man-made lake or reservoir often cited in geography trivia?,New Delhi,Bankim Chandra Chatterjee,Japan,Lake Kariba (on the Zambia-Zimbabwe border),D) Lake Kariba (on the Zambia-Zimbabwe border),"Lake Kariba, formed by the Kariba Dam, is often cited as the world's largest reservoir by volume.",General Trivia,Records
Which option correctly answers this: What is the national animal of India?,Angel Falls (Venezuela),New Zealand,Tiger,Mandarin Chinese,C) Tiger,The Bengal tiger is the national animal of India.,General Trivia,India Facts
"Which Indian city hosted the first modern Commonwealth Games in India, in 2010?",New Delhi,New Zealand,Mandarin Chinese,The Great Barrier Reef,A) New Delhi,"New Delhi hosted the 2010 Commonwealth Games, the first time India hosted the event.",General Trivia,Firsts in India
Which option correctly answers this: Which country is known as the 'Land of the Rising Sun'?,Japan,Mandarin Chinese,The Taj Mahal,China,A) Japan,"Japan is known as the 'Land of the Rising Sun', reflected in its name meaning origin of the sun.",General Trivia,World Facts
What is the national animal of India?,The blue whale,Tiger,The Nile,The cheetah,B) Tiger,The Bengal tiger is the national animal of India.,General Trivia,India Facts
Which option correctly answers this: What is the most widely practiced religion in the world by number of adherents?,Christianity,New Delhi,China,Burj Khalifa,A) Christianity,Christianity is generally considered the religion with the largest number of adherents worldwide.,General Trivia,World Facts
Choose the correct answer: Which is the longest river in the world?,Thomas Edison,Lotus,The Nile,Lake Kariba (on the Zambia-Zimbabwe border),C) The Nile,The Nile River in Africa is generally considered the longest river in the world.,General Trivia,World Facts
"Choose the correct answer: What is the highest-grossing form of entertainment industry globally often cited in trivia, alongside film?",The Amazon Rainforest,India,New Delhi,The video game industry,D) The video game industry,"The global video game industry is frequently cited in trivia as a very high-grossing entertainment sector, often compared to or exceeding film.",General Trivia,Amazing Facts
"Choose the correct answer: What is the highest-grossing form of entertainment industry globally often cited in trivia, alongside film?",Angel Falls (Venezuela),Lotus,The video game industry,Christianity,C) The video game industry,"The global video game industry is frequently cited in trivia as a very high-grossing entertainment sector, often compared to or exceeding film.",General Trivia,Amazing Facts
Which option correctly answers this: What is the smallest country in the world by area?,"About 8,849 meters",China,Andhra Pradesh,Vatican City,D) Vatican City,Vatican City is the smallest independent country in the world by both area and population.,General Trivia,Records
Quiz question: Who wrote India's national anthem?,Nalanda University,India,Rabindranath Tagore,Angel Falls (Venezuela),C) Rabindranath Tagore,"Rabindranath Tagore composed 'Jana Gana Mana', India's national anthem.",General Trivia,India Facts
Quiz question: What is the study of ancient artifacts and human history called?,Rabindranath Tagore,Burj Khalifa,Archaeology,The Taj Mahal,C) Archaeology,Archaeology is the study of human history through the excavation and analysis of artifacts and physical remains.,General Trivia,Mixed Trivia
Which option correctly answers this: What is the largest mammal in the world?,Thomas Edison,The blue whale,Japan,China,B) The blue whale,"The blue whale is the largest mammal, and indeed the largest animal, known to have ever existed.",General Trivia,Amazing Facts
Which option correctly answers this: What is the largest desert in the world?,The Antarctic Desert,Mango,The Taj Mahal,Japan,A) The Antarctic Desert,"The Antarctic Desert is technically the largest desert in the world by area, as deserts are defined by low precipitation, not just heat.",General Trivia,World Facts
"What is the highest-grossing form of entertainment industry globally often cited in trivia, alongside film?",The video game industry,Japan,New Zealand,US Dollar,A) The video game industry,"The global video game industry is frequently cited in trivia as a very high-grossing entertainment sector, often compared to or exceeding film.",General Trivia,Amazing Facts
Which was the first country to grant women the right to vote?,"About 8,849 meters",New Zealand,Bankim Chandra Chatterjee,The cheetah,B) New Zealand,"New Zealand became the first self-governing country to grant women the right to vote, in 1893.",General Trivia,Firsts in the World
Quiz question: Who wrote India's national anthem?,The Nile,Nalanda University,Mango,Rabindranath Tagore,D) Rabindranath Tagore,"Rabindranath Tagore composed 'Jana Gana Mana', India's national anthem.",General Trivia,India Facts
Choose the correct answer: What is the largest mammal in the world?,Angel Falls (Venezuela),The Great Barrier Reef,The Amazon Rainforest,The blue whale,D) The blue whale,"The blue whale is the largest mammal, and indeed the largest animal, known to have ever existed.",General Trivia,Amazing Facts
"Which Indian city hosted the first modern Commonwealth Games in India, in 2010?",Greenland,Japan,"About 8,849 meters",New Delhi,D) New Delhi,"New Delhi hosted the 2010 Commonwealth Games, the first time India hosted the event.",General Trivia,Firsts in India
What is the largest mammal in the world?,Rabindranath Tagore,Alexander Graham Bell,Tiger,The blue whale,D) The blue whale,"The blue whale is the largest mammal, and indeed the largest animal, known to have ever existed.",General Trivia,Amazing Facts
Choose the correct answer: Which country produces the most rice globally?,China,Nalanda University,"About 8,849 meters",Angel Falls (Venezuela),A) China,China is historically the world's largest producer of rice.,General Trivia,World Facts
Which option correctly answers this: Who wrote India's national song?,Japan,The Taj Mahal,Angel Falls (Venezuela),Bankim Chandra Chatterjee,D) Bankim Chandra Chatterjee,"Bankim Chandra Chatterjee wrote 'Vande Mataram', India's national song.",General Trivia,India Facts
What is Mount Everest's approximate height?,"About 8,849 meters",The video game industry,Mandarin Chinese,The Antarctic Desert,"A) About 8,849 meters","Mount Everest, the world's highest peak, stands at approximately 8,849 meters above sea level.",General Trivia,World Facts
What is the world's largest by-volume man-made lake or reservoir often cited in geography trivia?,Lake Kariba (on the Zambia-Zimbabwe border),Bankim Chandra Chatterjee,The blue whale,Lotus,A) Lake Kariba (on the Zambia-Zimbabwe border),"Lake Kariba, formed by the Kariba Dam, is often cited as the world's largest reservoir by volume.",General Trivia,Records
Choose the correct answer: Which was the first country to grant women the right to vote?,Thomas Edison,The Taj Mahal,Tiger,New Zealand,D) New Zealand,"New Zealand became the first self-governing country to grant women the right to vote, in 1893.",General Trivia,Firsts in the World
What is the world's most spoken native language?,Nalanda University,Mandarin Chinese,Andhra Pradesh,Mango,B) Mandarin Chinese,Mandarin Chinese has the largest number of native speakers of any language in the world.,General Trivia,World Facts
Choose the correct answer: Which is the largest hot desert in the world?,The Sahara Desert,New Delhi,Rabindranath Tagore,Alexander Graham Bell,A) The Sahara Desert,The Sahara Desert in Africa is the largest hot desert in the world.,General Trivia,World Facts
Quiz question: What is the tallest waterfall in the world?,Angel Falls (Venezuela),Lake Kariba (on the Zambia-Zimbabwe border),India,Mandarin Chinese,A) Angel Falls (Venezuela),"Angel Falls, located in Venezuela, is the world's tallest uninterrupted waterfall.",General Trivia,Records
What is the world's most spoken native language?,Mandarin Chinese,Peacock,Saturn (closely followed by Jupiter),China,A) Mandarin Chinese,Mandarin Chinese has the largest number of native speakers of any language in the world.,General Trivia,World Facts
Quiz question: What is the fastest land animal?,The cheetah,Lake Kariba (on the Zambia-Zimbabwe border),The Amazon Rainforest,Thomas Edison,A) The cheetah,"The cheetah is the fastest land animal, capable of reaching speeds up to 100-120 km/h.",General Trivia,Amazing Facts
Quiz question: What is the national flower of India?,Rabindranath Tagore,The Great Barrier Reef,Lotus,Nalanda University,C) Lotus,"The lotus is the national flower of India, symbolizing purity.",General Trivia,India Facts
Choose the correct answer: Which is the largest hot desert in the world?,The Great Barrier Reef,The Amazon Rainforest,Thomas Edison,The Sahara Desert,D) The Sahara Desert,The Sahara Desert in Africa is the largest hot desert in the world.,General Trivia,World Facts
Which is the largest hot desert in the world?,The Sahara Desert,Peacock,Lotus,Burj Khalifa,A) The Sahara Desert,The Sahara Desert in Africa is the largest hot desert in the world.,General Trivia,World Facts
Which option correctly answers this: Which planet in our Solar System is known for having the most moons among the largest planets?,Andhra Pradesh,Vatican City,Alexander Graham Bell,Saturn (closely followed by Jupiter),D) Saturn (closely followed by Jupiter),Saturn and Jupiter have the largest known number of moons among planets in our Solar System.,General Trivia,Amazing Facts
What is the national fruit of India?,Mango,Mandarin Chinese,Christianity,Alexander Graham Bell,A) Mango,The mango is recognized as the national fruit of India.,General Trivia,India Facts
Which option correctly answers this: Which is the largest hot desert in the world?,Lotus,Andhra Pradesh,The Sahara Desert,Vatican City,C) The Sahara Desert,The Sahara Desert in Africa is the largest hot desert in the world.,General Trivia,World Facts
Who wrote India's national anthem?,US Dollar,Rabindranath Tagore,Angel Falls (Venezuela),Alexander Graham Bell,B) Rabindranath Tagore,"Rabindranath Tagore composed 'Jana Gana Mana', India's national anthem.",General Trivia,India Facts
Which was the first country to grant women the right to vote?,Angel Falls (Venezuela),Burj Khalifa,The video game industry,New Zealand,D) New Zealand,"New Zealand became the first self-governing country to grant women the right to vote, in 1893.",General Trivia,Firsts in the World
Choose the correct answer: What is the national flower of India?,Lake Kariba (on the Zambia-Zimbabwe border),The blue whale,Lotus,Greenland,C) Lotus,"The lotus is the national flower of India, symbolizing purity.",General Trivia,India Facts
Choose the correct answer: Which country is known as the 'Land of the Rising Sun'?,Japan,Rabindranath Tagore,Archaeology,Peacock,A) Japan,"Japan is known as the 'Land of the Rising Sun', reflected in its name meaning origin of the sun.",General Trivia,World Facts
Quiz question: What is the smallest country in the world by area?,The Sahara Desert,Saturn (closely followed by Jupiter),Vatican City,The blue whale,C) Vatican City,Vatican City is the smallest independent country in the world by both area and population.,General Trivia,Records
Choose the correct answer: Which was the first Indian state to be formed on a linguistic basis?,Archaeology,New Zealand,Greenland,Andhra Pradesh,D) Andhra Pradesh,"Andhra Pradesh was the first state in India to be organized on a linguistic basis, formed in 1953.",General Trivia,Firsts in India
Quiz question: What is the largest island in the world?,Greenland,Christianity,The blue whale,Angel Falls (Venezuela),A) Greenland,"Greenland is the largest island in the world by area, excluding continental landmasses.",General Trivia,World Facts
What is the smallest country in the world by area?,Angel Falls (Venezuela),The blue whale,Vatican City,Japan,C) Vatican City,Vatican City is the smallest independent country in the world by both area and population.,General Trivia,Records
What is the most widely practiced religion in the world by number of adherents?,The blue whale,Lotus,Angel Falls (Venezuela),Christianity,D) Christianity,Christianity is generally considered the religion with the largest number of adherents worldwide.,General Trivia,World Facts
"Which is considered one of the world's earliest centers of higher learning, located in ancient India?",The Antarctic Desert,India,Nalanda University,Bankim Chandra Chatterjee,C) Nalanda University,"Nalanda University in ancient India, established around the 5th century CE, is considered one of the world's earliest centers of higher learning.",General Trivia,Firsts in the World
Which option correctly answers this: Which is the largest hot desert in the world?,The cheetah,Bankim Chandra Chatterjee,The Sahara Desert,The Amazon Rainforest,C) The Sahara Desert,The Sahara Desert in Africa is the largest hot desert in the world.,General Trivia,World Facts
Choose the correct answer: Which was the first country to grant women the right to vote?,The blue whale,Mandarin Chinese,The video game industry,New Zealand,D) New Zealand,"New Zealand became the first self-governing country to grant women the right to vote, in 1893.",General Trivia,Firsts in the World
Which option correctly answers this: What is the largest coral reef system in the world?,The Great Barrier Reef,Saturn (closely followed by Jupiter),Mango,Christianity,A) The Great Barrier Reef,"The Great Barrier Reef, off the coast of Australia, is the world's largest coral reef system.",General Trivia,World Facts
Quiz question: What is the national bird of India?,Saturn (closely followed by Jupiter),Mandarin Chinese,Peacock,The Great Barrier Reef,C) Peacock,"The peacock is the national bird of India, known for its colorful plumage.",General Trivia,India Facts
Quiz question: What is the deepest known point in the world's oceans?,Tiger,New Zealand,The Mariana Trench,Rabindranath Tagore,C) The Mariana Trench,"The Mariana Trench, in the Pacific Ocean, is the deepest known point in any of Earth's oceans.",General Trivia,Records
What is the world's most spoken native language?,Archaeology,Bankim Chandra Chatterjee,Mandarin Chinese,The blue whale,C) Mandarin Chinese,Mandarin Chinese has the largest number of native speakers of any language in the world.,General Trivia,World Facts
Choose the correct answer: Who invented the telephone?,The Nile,The blue whale,Vatican City,Alexander Graham Bell,D) Alexander Graham Bell,Alexander Graham Bell is credited with inventing the first practical telephone in 1876.,General Trivia,Unusual Facts
Which option correctly answers this: What is the world's largest by-volume man-made lake or reservoir often cited in geography trivia?,Lake Kariba (on the Zambia-Zimbabwe border),Mandarin Chinese,"About 8,849 meters",Vatican City,A) Lake Kariba (on the Zambia-Zimbabwe border),"Lake Kariba, formed by the Kariba Dam, is often cited as the world's largest reservoir by volume.",General Trivia,Records
Quiz question: What is the largest mammal in the world?,China,US Dollar,Mango,The blue whale,D) The blue whale,"The blue whale is the largest mammal, and indeed the largest animal, known to have ever existed.",General Trivia,Amazing Facts
"Who invented the light bulb (as a practical, commercially viable design)?",The Amazon Rainforest,Thomas Edison,Christianity,Andhra Pradesh,B) Thomas Edison,"Thomas Edison developed a practical, long-lasting incandescent light bulb in 1879.",General Trivia,Unusual Facts
Choose the correct answer: What is the largest coral reef system in the world?,"About 8,849 meters",Nalanda University,The Antarctic Desert,The Great Barrier Reef,D) The Great Barrier Reef,"The Great Barrier Reef, off the coast of Australia, is the world's largest coral reef system.",General Trivia,World Facts
What is the national fruit of India?,Mango,India,Vatican City,Greenland,A) Mango,The mango is recognized as the national fruit of India.,General Trivia,India Facts
What is the largest island in the world?,The Nile,The Great Barrier Reef,Greenland,The blue whale,C) Greenland,"Greenland is the largest island in the world by area, excluding continental landmasses.",General Trivia,World Facts
Choose the correct answer: Which country is known as the 'Land of the Rising Sun'?,The Mariana Trench,Christianity,Peacock,Japan,D) Japan,"Japan is known as the 'Land of the Rising Sun', reflected in its name meaning origin of the sun.",General Trivia,World Facts
Which option correctly answers this: Who invented the telephone?,Mandarin Chinese,Angel Falls (Venezuela),Alexander Graham Bell,Burj Khalifa,C) Alexander Graham Bell,Alexander Graham Bell is credited with inventing the first practical telephone in 1876.,General Trivia,Unusual Facts
Choose the correct answer: What is Mount Everest's approximate height?,"About 8,849 meters",Christianity,Archaeology,Tiger,"A) About 8,849 meters","Mount Everest, the world's highest peak, stands at approximately 8,849 meters above sea level.",General Trivia,World Facts
Choose the correct answer: What is the world's most spoken native language?,Peacock,Mandarin Chinese,Lake Kariba (on the Zambia-Zimbabwe border),India,B) Mandarin Chinese,Mandarin Chinese has the largest number of native speakers of any language in the world.,General Trivia,World Facts
Which option correctly answers this: What is the largest coral reef system in the world?,The Great Barrier Reef,The Taj Mahal,Vatican City,"About 8,849 meters",A) The Great Barrier Reef,"The Great Barrier Reef, off the coast of Australia, is the world's largest coral reef system.",General Trivia,World Facts
Who invented the telephone?,Bankim Chandra Chatterjee,Lotus,New Delhi,Alexander Graham Bell,D) Alexander Graham Bell,Alexander Graham Bell is credited with inventing the first practical telephone in 1876.,General Trivia,Unusual Facts
Quiz question: What is the world's largest by-volume man-made lake or reservoir often cited in geography trivia?,Greenland,"About 8,849 meters",Lake Kariba (on the Zambia-Zimbabwe border),Saturn (closely followed by Jupiter),C) Lake Kariba (on the Zambia-Zimbabwe border),"Lake Kariba, formed by the Kariba Dam, is often cited as the world's largest reservoir by volume.",General Trivia,Records
Choose the correct answer: What is the largest island in the world?,Greenland,New Delhi,Bankim Chandra Chatterjee,Rabindranath Tagore,A) Greenland,"Greenland is the largest island in the world by area, excluding continental landmasses.",General Trivia,World Facts
"Which option correctly answers this: What is the highest-grossing form of entertainment industry globally often cited in trivia, alongside film?",The video game industry,Bankim Chandra Chatterjee,Greenland,The Great Barrier Reef,A) The video game industry,"The global video game industry is frequently cited in trivia as a very high-grossing entertainment sector, often compared to or exceeding film.",General Trivia,Amazing Facts
Which is the longest river in the world?,Andhra Pradesh,China,The Nile,Greenland,C) The Nile,The Nile River in Africa is generally considered the longest river in the world.,General Trivia,World Facts
"Choose the correct answer: Which is considered one of the world's earliest centers of higher learning, located in ancient India?",Mango,Angel Falls (Venezuela),Nalanda University,China,C) Nalanda University,"Nalanda University in ancient India, established around the 5th century CE, is considered one of the world's earliest centers of higher learning.",General Trivia,Firsts in the World
Quiz question: What is the deepest known point in the world's oceans?,The Mariana Trench,Bankim Chandra Chatterjee,Vatican City,Archaeology,A) The Mariana Trench,"The Mariana Trench, in the Pacific Ocean, is the deepest known point in any of Earth's oceans.",General Trivia,Records
Choose the correct answer: What is the currency of the United States?,Nalanda University,The cheetah,China,US Dollar,D) US Dollar,The official currency of the United States is the US Dollar.,General Trivia,World Facts
What is the largest island in the world?,The Antarctic Desert,Angel Falls (Venezuela),Greenland,Rabindranath Tagore,C) Greenland,"Greenland is the largest island in the world by area, excluding continental landmasses.",General Trivia,World Facts
What is the most widely practiced religion in the world by number of adherents?,Peacock,Christianity,US Dollar,New Delhi,B) Christianity,Christianity is generally considered the religion with the largest number of adherents worldwide.,General Trivia,World Facts
Choose the correct answer: Which is the largest hot desert in the world?,The Sahara Desert,The cheetah,The Nile,The Great Barrier Reef,A) The Sahara Desert,The Sahara Desert in Africa is the largest hot desert in the world.,General Trivia,World Facts
Choose the correct answer: What is Mount Everest's approximate height?,Peacock,"About 8,849 meters",The blue whale,Angel Falls (Venezuela),"B) About 8,849 meters","Mount Everest, the world's highest peak, stands at approximately 8,849 meters above sea level.",General Trivia,World Facts
What is the national bird of India?,Angel Falls (Venezuela),US Dollar,The Mariana Trench,Peacock,D) Peacock,"The peacock is the national bird of India, known for its colorful plumage.",General Trivia,India Facts
What is the largest coral reef system in the world?,The Great Barrier Reef,Greenland,Japan,Nalanda University,A) The Great Barrier Reef,"The Great Barrier Reef, off the coast of Australia, is the world's largest coral reef system.",General Trivia,World Facts
Choose the correct answer: What is the fastest land animal?,Peacock,The cheetah,The Great Barrier Reef,Tiger,B) The cheetah,"The cheetah is the fastest land animal, capable of reaching speeds up to 100-120 km/h.",General Trivia,Amazing Facts
Quiz question: What is the world's most spoken native language?,Christianity,"About 8,849 meters",Mandarin Chinese,Nalanda University,C) Mandarin Chinese,Mandarin Chinese has the largest number of native speakers of any language in the world.,General Trivia,World Facts
Choose the correct answer: Who wrote India's national song?,Lake Kariba (on the Zambia-Zimbabwe border),Bankim Chandra Chatterjee,Peacock,Rabindranath Tagore,B) Bankim Chandra Chatterjee,"Bankim Chandra Chatterjee wrote 'Vande Mataram', India's national song.",General Trivia,India Facts
Choose the correct answer: What is the study of ancient artifacts and human history called?,Burj Khalifa,"About 8,849 meters",India,Archaeology,D) Archaeology,Archaeology is the study of human history through the excavation and analysis of artifacts and physical remains.,General Trivia,Mixed Trivia
Quiz question: What is the largest desert in the world?,Greenland,The Antarctic Desert,China,Andhra Pradesh,B) The Antarctic Desert,"The Antarctic Desert is technically the largest desert in the world by area, as deserts are defined by low precipitation, not just heat.",General Trivia,World Facts
Which is the longest river in the world?,The Nile,Saturn (closely followed by Jupiter),New Delhi,Rabindranath Tagore,A) The Nile,The Nile River in Africa is generally considered the longest river in the world.,General Trivia,World Facts
Quiz question: Which is the tallest man-made structure in the world (as of the early 2020s)?,Greenland,Mango,India,Burj Khalifa,D) Burj Khalifa,The Burj Khalifa in Dubai is the tallest man-made structure in the world.,General Trivia,Famous Places
Which option correctly answers this: What is the smallest country in the world by area?,The Sahara Desert,Vatican City,Thomas Edison,New Delhi,B) Vatican City,Vatican City is the smallest independent country in the world by both area and population.,General Trivia,Records
Quiz question: Which is the tallest man-made structure in the world (as of the early 2020s)?,Nalanda University,India,Burj Khalifa,The Mariana Trench,C) Burj Khalifa,The Burj Khalifa in Dubai is the tallest man-made structure in the world.,General Trivia,Famous Places
Which option correctly answers this: What is the tallest waterfall in the world?,The Amazon Rainforest,Angel Falls (Venezuela),Japan,The Taj Mahal,B) Angel Falls (Venezuela),"Angel Falls, located in Venezuela, is the world's tallest uninterrupted waterfall.",General Trivia,Records
Choose the correct answer: Which is the tallest man-made structure in the world (as of the early 2020s)?,The Taj Mahal,Angel Falls (Venezuela),Burj Khalifa,US Dollar,C) Burj Khalifa,The Burj Khalifa in Dubai is the tallest man-made structure in the world.,General Trivia,Famous Places
Quiz question: Which planet in our Solar System is known for having the most moons among the largest planets?,The cheetah,Andhra Pradesh,The Amazon Rainforest,Saturn (closely followed by Jupiter),D) Saturn (closely followed by Jupiter),Saturn and Jupiter have the largest known number of moons among planets in our Solar System.,General Trivia,Amazing Facts
What is the national animal of India?,The cheetah,Tiger,New Zealand,Bankim Chandra Chatterjee,B) Tiger,The Bengal tiger is the national animal of India.,General Trivia,India Facts
Quiz question: What is the largest mammal in the world?,The blue whale,"About 8,849 meters",Rabindranath Tagore,Angel Falls (Venezuela),A) The blue whale,"The blue whale is the largest mammal, and indeed the largest animal, known to have ever existed.",General Trivia,Amazing Facts
Choose the correct answer: What is the national bird of India?,Lake Kariba (on the Zambia-Zimbabwe border),The video game industry,The cheetah,Peacock,D) Peacock,"The peacock is the national bird of India, known for its colorful plumage.",General Trivia,India Facts
Which option correctly answers this: Which famous structure in India is one of the New Seven Wonders of the World?,The video game industry,Andhra Pradesh,The Taj Mahal,Alexander Graham Bell,C) The Taj Mahal,"The Taj Mahal, in Agra, India, is recognized as one of the New Seven Wonders of the World.",General Trivia,Famous Places
Which option correctly answers this: Who wrote India's national anthem?,Angel Falls (Venezuela),Nalanda University,New Zealand,Rabindranath Tagore,D) Rabindranath Tagore,"Rabindranath Tagore composed 'Jana Gana Mana', India's national anthem.",General Trivia,India Facts
What is the tallest waterfall in the world?,Angel Falls (Venezuela),Rabindranath Tagore,New Zealand,"About 8,849 meters",A) Angel Falls (Venezuela),"Angel Falls, located in Venezuela, is the world's tallest uninterrupted waterfall.",General Trivia,Records
Which option correctly answers this: Which was the first Indian state to be formed on a linguistic basis?,Tiger,Mango,US Dollar,Andhra Pradesh,D) Andhra Pradesh,"Andhra Pradesh was the first state in India to be organized on a linguistic basis, formed in 1953.",General Trivia,Firsts in India
Which option correctly answers this: What is the largest desert in the world?,Tiger,China,The Antarctic Desert,"About 8,849 meters",C) The Antarctic Desert,"The Antarctic Desert is technically the largest desert in the world by area, as deserts are defined by low precipitation, not just heat.",General Trivia,World Facts
What is the national flower of India?,New Zealand,The video game industry,The Nile,Lotus,D) Lotus,"The lotus is the national flower of India, symbolizing purity.",General Trivia,India Facts
Which option correctly answers this: Which country produces the most rice globally?,Andhra Pradesh,The Sahara Desert,Alexander Graham Bell,China,D) China,China is historically the world's largest producer of rice.,General Trivia,World Facts
Choose the correct answer: Which is the tallest man-made structure in the world (as of the early 2020s)?,Vatican City,China,Burj Khalifa,Lake Kariba (on the Zambia-Zimbabwe border),C) Burj Khalifa,The Burj Khalifa in Dubai is the tallest man-made structure in the world.,General Trivia,Famous Places
Choose the correct answer: What is the national fruit of India?,Mango,India,The cheetah,The Taj Mahal,A) Mango,The mango is recognized as the national fruit of India.,General Trivia,India Facts
What is the currency of the United States?,The Amazon Rainforest,Archaeology,The Great Barrier Reef,US Dollar,D) US Dollar,The official currency of the United States is the US Dollar.,General Trivia,World Facts
Which option correctly answers this: What is the world's most spoken native language?,Mandarin Chinese,The blue whale,"About 8,849 meters",Lotus,A) Mandarin Chinese,Mandarin Chinese has the largest number of native speakers of any language in the world.,General Trivia,World Facts
Quiz question: What is the largest desert in the world?,Rabindranath Tagore,Lake Kariba (on the Zambia-Zimbabwe border),Andhra Pradesh,The Antarctic Desert,D) The Antarctic Desert,"The Antarctic Desert is technically the largest desert in the world by area, as deserts are defined by low precipitation, not just heat.",General Trivia,World Facts
Quiz question: Which is the largest democracy in the world by population?,Angel Falls (Venezuela),India,The cheetah,Rabindranath Tagore,B) India,India is widely recognized as the world's largest democracy by population.,General Trivia,World Facts
Which option correctly answers this: Who wrote India's national anthem?,Rabindranath Tagore,The Antarctic Desert,"About 8,849 meters",Bankim Chandra Chatterjee,A) Rabindranath Tagore,"Rabindranath Tagore composed 'Jana Gana Mana', India's national anthem.",General Trivia,India Facts
Quiz question: What is the world's most spoken native language?,Nalanda University,Archaeology,Mango,Mandarin Chinese,D) Mandarin Chinese,Mandarin Chinese has the largest number of native speakers of any language in the world.,General Trivia,World Facts
Which option correctly answers this: What is the deepest known point in the world's oceans?,Lake Kariba (on the Zambia-Zimbabwe border),New Zealand,The Mariana Trench,Christianity,C) The Mariana Trench,"The Mariana Trench, in the Pacific Ocean, is the deepest known point in any of Earth's oceans.",General Trivia,Records
Choose the correct answer: Who invented the telephone?,Tiger,The Mariana Trench,Rabindranath Tagore,Alexander Graham Bell,D) Alexander Graham Bell,Alexander Graham Bell is credited with inventing the first practical telephone in 1876.,General Trivia,Unusual Facts
Quiz question: What is the largest mammal in the world?,The blue whale,Saturn (closely followed by Jupiter),Tiger,The Nile,A) The blue whale,"The blue whale is the largest mammal, and indeed the largest animal, known to have ever existed.",General Trivia,Amazing Facts
What is the deepest known point in the world's oceans?,Alexander Graham Bell,The Mariana Trench,Saturn (closely followed by Jupiter),The Taj Mahal,B) The Mariana Trench,"The Mariana Trench, in the Pacific Ocean, is the deepest known point in any of Earth's oceans.",General Trivia,Records
Choose the correct answer: What is Mount Everest's approximate height?,The blue whale,Angel Falls (Venezuela),Saturn (closely followed by Jupiter),"About 8,849 meters","D) About 8,849 meters","Mount Everest, the world's highest peak, stands at approximately 8,849 meters above sea level.",General Trivia,World Facts
What is the national flower of India?,Nalanda University,Lake Kariba (on the Zambia-Zimbabwe border),Thomas Edison,Lotus,D) Lotus,"The lotus is the national flower of India, symbolizing purity.",General Trivia,India Facts
Which option correctly answers this: Which famous structure in India is one of the New Seven Wonders of the World?,The Taj Mahal,Vatican City,The Mariana Trench,India,A) The Taj Mahal,"The Taj Mahal, in Agra, India, is recognized as one of the New Seven Wonders of the World.",General Trivia,Famous Places
Quiz question: What is the world's most spoken native language?,New Zealand,Mandarin Chinese,The Amazon Rainforest,Mango,B) Mandarin Chinese,Mandarin Chinese has the largest number of native speakers of any language in the world.,General Trivia,World Facts
Choose the correct answer: What is the deepest known point in the world's oceans?,The cheetah,The Mariana Trench,Alexander Graham Bell,Lotus,B) The Mariana Trench,"The Mariana Trench, in the Pacific Ocean, is the deepest known point in any of Earth's oceans.",General Trivia,Records
Who invented the telephone?,Tiger,Saturn (closely followed by Jupiter),Rabindranath Tagore,Alexander Graham Bell,D) Alexander Graham Bell,Alexander Graham Bell is credited with inventing the first practical telephone in 1876.,General Trivia,Unusual Facts
Which is the largest democracy in the world by population?,The Mariana Trench,India,Tiger,Peacock,B) India,India is widely recognized as the world's largest democracy by population.,General Trivia,World Facts
Choose the correct answer: What is the deepest known point in the world's oceans?,The Mariana Trench,The Taj Mahal,The Great Barrier Reef,Lake Kariba (on the Zambia-Zimbabwe border),A) The Mariana Trench,"The Mariana Trench, in the Pacific Ocean, is the deepest known point in any of Earth's oceans.",General Trivia,Records
Which country is known as the 'Land of the Rising Sun'?,Japan,US Dollar,Alexander Graham Bell,The Antarctic Desert,A) Japan,"Japan is known as the 'Land of the Rising Sun', reflected in its name meaning origin of the sun.",General Trivia,World Facts
Which option correctly answers this: What is the world's largest by-volume man-made lake or reservoir often cited in geography trivia?,Vatican City,Bankim Chandra Chatterjee,Lake Kariba (on the Zambia-Zimbabwe border),US Dollar,C) Lake Kariba (on the Zambia-Zimbabwe border),"Lake Kariba, formed by the Kariba Dam, is often cited as the world's largest reservoir by volume.",General Trivia,Records
"Which option correctly answers this: Which Indian city hosted the first modern Commonwealth Games in India, in 2010?",China,Greenland,Lotus,New Delhi,D) New Delhi,"New Delhi hosted the 2010 Commonwealth Games, the first time India hosted the event.",General Trivia,Firsts in India
Quiz question: What is the fastest land animal?,Greenland,The cheetah,New Delhi,The blue whale,B) The cheetah,"The cheetah is the fastest land animal, capable of reaching speeds up to 100-120 km/h.",General Trivia,Amazing Facts
Which option correctly answers this: Which was the first Indian state to be formed on a linguistic basis?,The video game industry,Andhra Pradesh,"About 8,849 meters",Japan,B) Andhra Pradesh,"Andhra Pradesh was the first state in India to be organized on a linguistic basis, formed in 1953.",General Trivia,Firsts in India
Quiz question: What is the world's most spoken native language?,Mandarin Chinese,The video game industry,"About 8,849 meters",Rabindranath Tagore,A) Mandarin Chinese,Mandarin Chinese has the largest number of native speakers of any language in the world.,General Trivia,World Facts
Which was the first country to grant women the right to vote?,Rabindranath Tagore,The Great Barrier Reef,New Zealand,Greenland,C) New Zealand,"New Zealand became the first self-governing country to grant women the right to vote, in 1893.",General Trivia,Firsts in the World
Quiz question: What is the tallest waterfall in the world?,Lake Kariba (on the Zambia-Zimbabwe border),The Amazon Rainforest,Tiger,Angel Falls (Venezuela),D) Angel Falls (Venezuela),"Angel Falls, located in Venezuela, is the world's tallest uninterrupted waterfall.",General Trivia,Records
Which option correctly answers this: What is the smallest country in the world by area?,US Dollar,Angel Falls (Venezuela),Vatican City,Archaeology,C) Vatican City,Vatican City is the smallest independent country in the world by both area and population.,General Trivia,Records
Quiz question: What is the national bird of India?,The cheetah,Saturn (closely followed by Jupiter),Peacock,India,C) Peacock,"The peacock is the national bird of India, known for its colorful plumage.",General Trivia,India Facts
Choose the correct answer: Which famous structure in India is one of the New Seven Wonders of the World?,Bankim Chandra Chatterjee,The Taj Mahal,India,Tiger,B) The Taj Mahal,"The Taj Mahal, in Agra, India, is recognized as one of the New Seven Wonders of the World.",General Trivia,Famous Places
Which is the tallest man-made structure in the world (as of the early 2020s)?,The blue whale,New Zealand,Bankim Chandra Chatterjee,Burj Khalifa,D) Burj Khalifa,The Burj Khalifa in Dubai is the tallest man-made structure in the world.,General Trivia,Famous Places
Choose the correct answer: What is the largest mammal in the world?,The Amazon Rainforest,Rabindranath Tagore,The blue whale,The cheetah,C) The blue whale,"The blue whale is the largest mammal, and indeed the largest animal, known to have ever existed.",General Trivia,Amazing Facts
Choose the correct answer: What is the largest desert in the world?,The Antarctic Desert,Lake Kariba (on the Zambia-Zimbabwe border),Saturn (closely followed by Jupiter),China,A) The Antarctic Desert,"The Antarctic Desert is technically the largest desert in the world by area, as deserts are defined by low precipitation, not just heat.",General Trivia,World Facts
"Choose the correct answer: Who invented the light bulb (as a practical, commercially viable design)?",Andhra Pradesh,The blue whale,Tiger,Thomas Edison,D) Thomas Edison,"Thomas Edison developed a practical, long-lasting incandescent light bulb in 1879.",General Trivia,Unusual Facts
Quiz question: Which was the first country to grant women the right to vote?,New Zealand,The video game industry,Saturn (closely followed by Jupiter),China,A) New Zealand,"New Zealand became the first self-governing country to grant women the right to vote, in 1893.",General Trivia,Firsts in the World
What is the national flower of India?,Saturn (closely followed by Jupiter),Lotus,Angel Falls (Venezuela),"About 8,849 meters",B) Lotus,"The lotus is the national flower of India, symbolizing purity.",General Trivia,India Facts
Choose the correct answer: What is the world's most spoken native language?,Rabindranath Tagore,Andhra Pradesh,Mango,Mandarin Chinese,D) Mandarin Chinese,Mandarin Chinese has the largest number of native speakers of any language in the world.,General Trivia,World Facts
"Choose the correct answer: Which Indian city hosted the first modern Commonwealth Games in India, in 2010?",New Delhi,Japan,The blue whale,Thomas Edison,A) New Delhi,"New Delhi hosted the 2010 Commonwealth Games, the first time India hosted the event.",General Trivia,Firsts in India
Quiz question: What is the national fruit of India?,Andhra Pradesh,Mango,Bankim Chandra Chatterjee,Angel Falls (Venezuela),B) Mango,The mango is recognized as the national fruit of India.,General Trivia,India Facts
Quiz question: Which planet in our Solar System is known for having the most moons among the largest planets?,Saturn (closely followed by Jupiter),Burj Khalifa,The Mariana Trench,New Delhi,A) Saturn (closely followed by Jupiter),Saturn and Jupiter have the largest known number of moons among planets in our Solar System.,General Trivia,Amazing Facts
Quiz question: Which country produces the most rice globally?,Vatican City,Tiger,Thomas Edison,China,D) China,China is historically the world's largest producer of rice.,General Trivia,World Facts
Quiz question: Who wrote India's national anthem?,Mandarin Chinese,Rabindranath Tagore,"About 8,849 meters",The Amazon Rainforest,B) Rabindranath Tagore,"Rabindranath Tagore composed 'Jana Gana Mana', India's national anthem.",General Trivia,India Facts
Choose the correct answer: Which is the longest river in the world?,The Mariana Trench,The Nile,Christianity,Lotus,B) The Nile,The Nile River in Africa is generally considered the longest river in the world.,General Trivia,World Facts
Which option correctly answers this: What is the national fruit of India?,Alexander Graham Bell,US Dollar,Mango,The Great Barrier Reef,C) Mango,The mango is recognized as the national fruit of India.,General Trivia,India Facts
Choose the correct answer: What is the national bird of India?,Peacock,Christianity,The video game industry,Nalanda University,A) Peacock,"The peacock is the national bird of India, known for its colorful plumage.",General Trivia,India Facts
Quiz question: What is Mount Everest's approximate height?,Peacock,The Nile,Tiger,"About 8,849 meters","D) About 8,849 meters","Mount Everest, the world's highest peak, stands at approximately 8,849 meters above sea level.",General Trivia,World Facts
Choose the correct answer: Which is the largest democracy in the world by population?,India,China,The Amazon Rainforest,The Nile,A) India,India is widely recognized as the world's largest democracy by population.,General Trivia,World Facts
Quiz question: Who wrote India's national anthem?,Rabindranath Tagore,China,Lotus,Angel Falls (Venezuela),A) Rabindranath Tagore,"Rabindranath Tagore composed 'Jana Gana Mana', India's national anthem.",General Trivia,India Facts
Which option correctly answers this: Which was the first country to grant women the right to vote?,Angel Falls (Venezuela),Saturn (closely followed by Jupiter),Alexander Graham Bell,New Zealand,D) New Zealand,"New Zealand became the first self-governing country to grant women the right to vote, in 1893.",General Trivia,Firsts in the World
Quiz question: Who wrote India's national song?,Nalanda University,"About 8,849 meters",Bankim Chandra Chatterjee,The video game industry,C) Bankim Chandra Chatterjee,"Bankim Chandra Chatterjee wrote 'Vande Mataram', India's national song.",General Trivia,India Facts
Choose the correct answer: What is the national fruit of India?,Lake Kariba (on the Zambia-Zimbabwe border),Thomas Edison,Mango,The Great Barrier Reef,C) Mango,The mango is recognized as the national fruit of India.,General Trivia,India Facts
Choose the correct answer: Which famous structure in India is one of the New Seven Wonders of the World?,Tiger,Christianity,The Antarctic Desert,The Taj Mahal,D) The Taj Mahal,"The Taj Mahal, in Agra, India, is recognized as one of the New Seven Wonders of the World.",General Trivia,Famous Places
What is the most widely practiced religion in the world by number of adherents?,Christianity,US Dollar,The Mariana Trench,"About 8,849 meters",A) Christianity,Christianity is generally considered the religion with the largest number of adherents worldwide.,General Trivia,World Facts
Who wrote India's national song?,Christianity,New Delhi,Bankim Chandra Chatterjee,The Amazon Rainforest,C) Bankim Chandra Chatterjee,"Bankim Chandra Chatterjee wrote 'Vande Mataram', India's national song.",General Trivia,India Facts
"Choose the correct answer: Who invented the light bulb (as a practical, commercially viable design)?",Christianity,Greenland,Thomas Edison,Saturn (closely followed by Jupiter),C) Thomas Edison,"Thomas Edison developed a practical, long-lasting incandescent light bulb in 1879.",General Trivia,Unusual Facts
Which famous structure in India is one of the New Seven Wonders of the World?,Greenland,Andhra Pradesh,Archaeology,The Taj Mahal,D) The Taj Mahal,"The Taj Mahal, in Agra, India, is recognized as one of the New Seven Wonders of the World.",General Trivia,Famous Places
What is the largest island in the world?,Thomas Edison,The Sahara Desert,Greenland,New Zealand,C) Greenland,"Greenland is the largest island in the world by area, excluding continental landmasses.",General Trivia,World Facts
Quiz question: What is the study of ancient artifacts and human history called?,The Sahara Desert,China,US Dollar,Archaeology,D) Archaeology,Archaeology is the study of human history through the excavation and analysis of artifacts and physical remains.,General Trivia,Mixed Trivia
Choose the correct answer: Who wrote India's national anthem?,Archaeology,Rabindranath Tagore,Mango,The Antarctic Desert,B) Rabindranath Tagore,"Rabindranath Tagore composed 'Jana Gana Mana', India's national anthem.",General Trivia,India Facts
Which was the first Indian state to be formed on a linguistic basis?,China,"About 8,849 meters",Japan,Andhra Pradesh,D) Andhra Pradesh,"Andhra Pradesh was the first state in India to be organized on a linguistic basis, formed in 1953.",General Trivia,Firsts in India
Which option correctly answers this: Which planet in our Solar System is known for having the most moons among the largest planets?,Angel Falls (Venezuela),Saturn (closely followed by Jupiter),Peacock,Mango,B) Saturn (closely followed by Jupiter),Saturn and Jupiter have the largest known number of moons among planets in our Solar System.,General Trivia,Amazing Facts
What is the national fruit of India?,Mango,Peacock,US Dollar,Angel Falls (Venezuela),A) Mango,The mango is recognized as the national fruit of India.,General Trivia,India Facts
Which option correctly answers this: Which planet in our Solar System is known for having the most moons among the largest planets?,Mandarin Chinese,The Great Barrier Reef,"About 8,849 meters",Saturn (closely followed by Jupiter),D) Saturn (closely followed by Jupiter),Saturn and Jupiter have the largest known number of moons among planets in our Solar System.,General Trivia,Amazing Facts
Which option correctly answers this: What is the national bird of India?,China,Peacock,US Dollar,Angel Falls (Venezuela),B) Peacock,"The peacock is the national bird of India, known for its colorful plumage.",General Trivia,India Facts
Which option correctly answers this: What is the world's largest rainforest?,Andhra Pradesh,Thomas Edison,The Amazon Rainforest,Lake Kariba (on the Zambia-Zimbabwe border),C) The Amazon Rainforest,"The Amazon Rainforest, located mainly in Brazil, is the largest tropical rainforest in the world.",General Trivia,World Facts
Quiz question: What is the world's largest by-volume man-made lake or reservoir often cited in geography trivia?,Lake Kariba (on the Zambia-Zimbabwe border),Thomas Edison,"About 8,849 meters",The Antarctic Desert,A) Lake Kariba (on the Zambia-Zimbabwe border),"Lake Kariba, formed by the Kariba Dam, is often cited as the world's largest reservoir by volume.",General Trivia,Records
"Which is considered one of the world's earliest centers of higher learning, located in ancient India?",The Great Barrier Reef,The Taj Mahal,Burj Khalifa,Nalanda University,D) Nalanda University,"Nalanda University in ancient India, established around the 5th century CE, is considered one of the world's earliest centers of higher learning.",General Trivia,Firsts in the World
Quiz question: What is the world's largest by-volume man-made lake or reservoir often cited in geography trivia?,The Great Barrier Reef,Lake Kariba (on the Zambia-Zimbabwe border),Christianity,The Sahara Desert,B) Lake Kariba (on the Zambia-Zimbabwe border),"Lake Kariba, formed by the Kariba Dam, is often cited as the world's largest reservoir by volume.",General Trivia,Records
Which option correctly answers this: What is the national animal of India?,Tiger,Peacock,Christianity,Lake Kariba (on the Zambia-Zimbabwe border),A) Tiger,The Bengal tiger is the national animal of India.,General Trivia,India Facts
Which option correctly answers this: What is the national flower of India?,Alexander Graham Bell,Japan,Lotus,The Taj Mahal,C) Lotus,"The lotus is the national flower of India, symbolizing purity.",General Trivia,India Facts
Which option correctly answers this: Who invented the telephone?,Alexander Graham Bell,Bankim Chandra Chatterjee,Angel Falls (Venezuela),"About 8,849 meters",A) Alexander Graham Bell,Alexander Graham Bell is credited with inventing the first practical telephone in 1876.,General Trivia,Unusual Facts
Quiz question: Which is the longest river in the world?,The blue whale,Vatican City,Burj Khalifa,The Nile,D) The Nile,The Nile River in Africa is generally considered the longest river in the world.,General Trivia,World Facts
"Choose the correct answer: Which is considered one of the world's earliest centers of higher learning, located in ancient India?",Nalanda University,The Sahara Desert,Rabindranath Tagore,Christianity,A) Nalanda University,"Nalanda University in ancient India, established around the 5th century CE, is considered one of the world's earliest centers of higher learning.",General Trivia,Firsts in the World
Choose the correct answer: What is the world's largest by-volume man-made lake or reservoir often cited in geography trivia?,Mandarin Chinese,Tiger,New Zealand,Lake Kariba (on the Zambia-Zimbabwe border),D) Lake Kariba (on the Zambia-Zimbabwe border),"Lake Kariba, formed by the Kariba Dam, is often cited as the world's largest reservoir by volume.",General Trivia,Records
Choose the correct answer: Which is the longest river in the world?,The Nile,The Antarctic Desert,The video game industry,China,A) The Nile,The Nile River in Africa is generally considered the longest river in the world.,General Trivia,World Facts
Quiz question: What is the fastest land animal?,The cheetah,Angel Falls (Venezuela),China,Saturn (closely followed by Jupiter),A) The cheetah,"The cheetah is the fastest land animal, capable of reaching speeds up to 100-120 km/h.",General Trivia,Amazing Facts
Quiz question: What is the deepest known point in the world's oceans?,The Mariana Trench,Angel Falls (Venezuela),The Amazon Rainforest,"About 8,849 meters",A) The Mariana Trench,"The Mariana Trench, in the Pacific Ocean, is the deepest known point in any of Earth's oceans.",General Trivia,Records
Which option correctly answers this: What is the world's most spoken native language?,The blue whale,Archaeology,Mandarin Chinese,Alexander Graham Bell,C) Mandarin Chinese,Mandarin Chinese has the largest number of native speakers of any language in the world.,General Trivia,World Facts
Choose the correct answer: Who wrote India's national anthem?,Alexander Graham Bell,Peacock,Rabindranath Tagore,The cheetah,C) Rabindranath Tagore,"Rabindranath Tagore composed 'Jana Gana Mana', India's national anthem.",General Trivia,India Facts
Choose the correct answer: What is the tallest waterfall in the world?,The Mariana Trench,The Great Barrier Reef,The Sahara Desert,Angel Falls (Venezuela),D) Angel Falls (Venezuela),"Angel Falls, located in Venezuela, is the world's tallest uninterrupted waterfall.",General Trivia,Records
Quiz question: What is the largest coral reef system in the world?,Lake Kariba (on the Zambia-Zimbabwe border),The Great Barrier Reef,Thomas Edison,The cheetah,B) The Great Barrier Reef,"The Great Barrier Reef, off the coast of Australia, is the world's largest coral reef system.",General Trivia,World Facts
Which option correctly answers this: What is the world's most spoken native language?,Vatican City,Mandarin Chinese,New Zealand,The Sahara Desert,B) Mandarin Chinese,Mandarin Chinese has the largest number of native speakers of any language in the world.,General Trivia,World Facts
Which option correctly answers this: Which was the first Indian state to be formed on a linguistic basis?,Mandarin Chinese,Andhra Pradesh,The cheetah,Bankim Chandra Chatterjee,B) Andhra Pradesh,"Andhra Pradesh was the first state in India to be organized on a linguistic basis, formed in 1953.",General Trivia,Firsts in India
Choose the correct answer: What is the national bird of India?,New Zealand,Peacock,The Taj Mahal,The Nile,B) Peacock,"The peacock is the national bird of India, known for its colorful plumage.",General Trivia,India Facts
Which option correctly answers this: What is the most widely practiced religion in the world by number of adherents?,The Taj Mahal,The Amazon Rainforest,Christianity,Greenland,C) Christianity,Christianity is generally considered the religion with the largest number of adherents worldwide.,General Trivia,World Facts
Quiz question: What is Mount Everest's approximate height?,Alexander Graham Bell,Saturn (closely followed by Jupiter),Rabindranath Tagore,"About 8,849 meters","D) About 8,849 meters","Mount Everest, the world's highest peak, stands at approximately 8,849 meters above sea level.",General Trivia,World Facts
Quiz question: Which is the largest hot desert in the world?,The Sahara Desert,Tiger,The cheetah,Peacock,A) The Sahara Desert,The Sahara Desert in Africa is the largest hot desert in the world.,General Trivia,World Facts
"Which option correctly answers this: Who invented the light bulb (as a practical, commercially viable design)?",Peacock,Lotus,Thomas Edison,The Sahara Desert,C) Thomas Edison,"Thomas Edison developed a practical, long-lasting incandescent light bulb in 1879.",General Trivia,Unusual Facts
What is the world's largest rainforest?,Mango,Christianity,Peacock,The Amazon Rainforest,D) The Amazon Rainforest,"The Amazon Rainforest, located mainly in Brazil, is the largest tropical rainforest in the world.",General Trivia,World Facts
Which was the first country to grant women the right to vote?,New Zealand,The Mariana Trench,Alexander Graham Bell,The Great Barrier Reef,A) New Zealand,"New Zealand became the first self-governing country to grant women the right to vote, in 1893.",General Trivia,Firsts in the World
Choose the correct answer: What is the national animal of India?,Lake Kariba (on the Zambia-Zimbabwe border),Angel Falls (Venezuela),Vatican City,Tiger,D) Tiger,The Bengal tiger is the national animal of India.,General Trivia,India Facts
"Which option correctly answers this: Which Indian city hosted the first modern Commonwealth Games in India, in 2010?",Rabindranath Tagore,The blue whale,New Delhi,Nalanda University,C) New Delhi,"New Delhi hosted the 2010 Commonwealth Games, the first time India hosted the event.",General Trivia,Firsts in India
Quiz question: What is the deepest known point in the world's oceans?,Greenland,China,The Mariana Trench,Peacock,C) The Mariana Trench,"The Mariana Trench, in the Pacific Ocean, is the deepest known point in any of Earth's oceans.",General Trivia,Records
"Choose the correct answer: What is the highest-grossing form of entertainment industry globally often cited in trivia, alongside film?",The Great Barrier Reef,The video game industry,Japan,The Nile,B) The video game industry,"The global video game industry is frequently cited in trivia as a very high-grossing entertainment sector, often compared to or exceeding film.",General Trivia,Amazing Facts
Choose the correct answer: Who invented the telephone?,Alexander Graham Bell,The Great Barrier Reef,The Sahara Desert,Nalanda University,A) Alexander Graham Bell,Alexander Graham Bell is credited with inventing the first practical telephone in 1876.,General Trivia,Unusual Facts
Which option correctly answers this: What is the largest mammal in the world?,China,Andhra Pradesh,The blue whale,Bankim Chandra Chatterjee,C) The blue whale,"The blue whale is the largest mammal, and indeed the largest animal, known to have ever existed.",General Trivia,Amazing Facts
Choose the correct answer: What is the national animal of India?,Andhra Pradesh,Tiger,Saturn (closely followed by Jupiter),The Amazon Rainforest,B) Tiger,The Bengal tiger is the national animal of India.,General Trivia,India Facts
"Which option correctly answers this: Who invented the light bulb (as a practical, commercially viable design)?",Thomas Edison,Mandarin Chinese,Rabindranath Tagore,The Taj Mahal,A) Thomas Edison,"Thomas Edison developed a practical, long-lasting incandescent light bulb in 1879.",General Trivia,Unusual Facts
"Quiz question: Which Indian city hosted the first modern Commonwealth Games in India, in 2010?",The Mariana Trench,Mandarin Chinese,New Delhi,Saturn (closely followed by Jupiter),C) New Delhi,"New Delhi hosted the 2010 Commonwealth Games, the first time India hosted the event.",General Trivia,Firsts in India
Which option correctly answers this: Which famous structure in India is one of the New Seven Wonders of the World?,Tiger,The Taj Mahal,The Great Barrier Reef,Angel Falls (Venezuela),B) The Taj Mahal,"The Taj Mahal, in Agra, India, is recognized as one of the New Seven Wonders of the World.",General Trivia,Famous Places
Choose the correct answer: What is the national flower of India?,"About 8,849 meters",Tiger,Lotus,Japan,C) Lotus,"The lotus is the national flower of India, symbolizing purity.",General Trivia,India Facts
"Quiz question: What is the highest-grossing form of entertainment industry globally often cited in trivia, alongside film?",Andhra Pradesh,Bankim Chandra Chatterjee,The video game industry,Archaeology,C) The video game industry,"The global video game industry is frequently cited in trivia as a very high-grossing entertainment sector, often compared to or exceeding film.",General Trivia,Amazing Facts
Which country is known as the 'Land of the Rising Sun'?,Saturn (closely followed by Jupiter),Japan,US Dollar,Andhra Pradesh,B) Japan,"Japan is known as the 'Land of the Rising Sun', reflected in its name meaning origin of the sun.",General Trivia,World Facts
Which option correctly answers this: Which country produces the most rice globally?,Nalanda University,Japan,China,The Mariana Trench,C) China,China is historically the world's largest producer of rice.,General Trivia,World Facts
Choose the correct answer: What is the world's largest by-volume man-made lake or reservoir often cited in geography trivia?,The Taj Mahal,Peacock,Lake Kariba (on the Zambia-Zimbabwe border),Japan,C) Lake Kariba (on the Zambia-Zimbabwe border),"Lake Kariba, formed by the Kariba Dam, is often cited as the world's largest reservoir by volume.",General Trivia,Records
Quiz question: What is the smallest country in the world by area?,Nalanda University,The Taj Mahal,The Sahara Desert,Vatican City,D) Vatican City,Vatican City is the smallest independent country in the world by both area and population.,General Trivia,Records
"Who invented the light bulb (as a practical, commercially viable design)?",Thomas Edison,The cheetah,Alexander Graham Bell,Tiger,A) Thomas Edison,"Thomas Edison developed a practical, long-lasting incandescent light bulb in 1879.",General Trivia,Unusual Facts
Who wrote India's national anthem?,The blue whale,Rabindranath Tagore,Lotus,New Delhi,B) Rabindranath Tagore,"Rabindranath Tagore composed 'Jana Gana Mana', India's national anthem.",General Trivia,India Facts
Which option correctly answers this: Which country produces the most rice globally?,India,China,New Zealand,Bankim Chandra Chatterjee,B) China,China is historically the world's largest producer of rice.,General Trivia,World Facts
What is the fastest land animal?,Lake Kariba (on the Zambia-Zimbabwe border),Mandarin Chinese,The cheetah,Tiger,C) The cheetah,"The cheetah is the fastest land animal, capable of reaching speeds up to 100-120 km/h.",General Trivia,Amazing Facts
Which option correctly answers this: What is the largest mammal in the world?,The blue whale,The Taj Mahal,Rabindranath Tagore,Burj Khalifa,A) The blue whale,"The blue whale is the largest mammal, and indeed the largest animal, known to have ever existed.",General Trivia,Amazing Facts
Which option correctly answers this: What is the deepest known point in the world's oceans?,The Mariana Trench,The blue whale,Peacock,Rabindranath Tagore,A) The Mariana Trench,"The Mariana Trench, in the Pacific Ocean, is the deepest known point in any of Earth's oceans.",General Trivia,Records
Choose the correct answer: What is the tallest waterfall in the world?,Andhra Pradesh,New Delhi,Angel Falls (Venezuela),Mango,C) Angel Falls (Venezuela),"Angel Falls, located in Venezuela, is the world's tallest uninterrupted waterfall.",General Trivia,Records
"Which option correctly answers this: What is the highest-grossing form of entertainment industry globally often cited in trivia, alongside film?",New Zealand,Rabindranath Tagore,The video game industry,The cheetah,C) The video game industry,"The global video game industry is frequently cited in trivia as a very high-grossing entertainment sector, often compared to or exceeding film.",General Trivia,Amazing Facts
Choose the correct answer: What is the deepest known point in the world's oceans?,China,The Mariana Trench,Mandarin Chinese,The cheetah,B) The Mariana Trench,"The Mariana Trench, in the Pacific Ocean, is the deepest known point in any of Earth's oceans.",General Trivia,Records
Quiz question: Which country produces the most rice globally?,China,Mandarin Chinese,Vatican City,Burj Khalifa,A) China,China is historically the world's largest producer of rice.,General Trivia,World Facts
What is the largest coral reef system in the world?,The Great Barrier Reef,India,The Taj Mahal,New Zealand,A) The Great Barrier Reef,"The Great Barrier Reef, off the coast of Australia, is the world's largest coral reef system.",General Trivia,World Facts
Choose the correct answer: What is the most widely practiced religion in the world by number of adherents?,The video game industry,Greenland,Christianity,China,C) Christianity,Christianity is generally considered the religion with the largest number of adherents worldwide.,General Trivia,World Facts
Quiz question: Which is the tallest man-made structure in the world (as of the early 2020s)?,Mandarin Chinese,New Delhi,Burj Khalifa,Bankim Chandra Chatterjee,C) Burj Khalifa,The Burj Khalifa in Dubai is the tallest man-made structure in the world.,General Trivia,Famous Places
Which option correctly answers this: What is the national bird of India?,Peacock,The Nile,Vatican City,The Mariana Trench,A) Peacock,"The peacock is the national bird of India, known for its colorful plumage.",General Trivia,India Facts
"Which option correctly answers this: What is the highest-grossing form of entertainment industry globally often cited in trivia, alongside film?","About 8,849 meters",The Antarctic Desert,The video game industry,Peacock,C) The video game industry,"The global video game industry is frequently cited in trivia as a very high-grossing entertainment sector, often compared to or exceeding film.",General Trivia,Amazing Facts
Quiz question: Which was the first country to grant women the right to vote?,New Zealand,Angel Falls (Venezuela),Burj Khalifa,US Dollar,A) New Zealand,"New Zealand became the first self-governing country to grant women the right to vote, in 1893.",General Trivia,Firsts in the World
Choose the correct answer: What is the national animal of India?,Nalanda University,Tiger,New Delhi,Mango,B) Tiger,The Bengal tiger is the national animal of India.,General Trivia,India Facts
Choose the correct answer: Which is the largest democracy in the world by population?,The Amazon Rainforest,India,The blue whale,New Delhi,B) India,India is widely recognized as the world's largest democracy by population.,General Trivia,World Facts
Choose the correct answer: Who wrote India's national anthem?,Rabindranath Tagore,Angel Falls (Venezuela),"About 8,849 meters",Alexander Graham Bell,A) Rabindranath Tagore,"Rabindranath Tagore composed 'Jana Gana Mana', India's national anthem.",General Trivia,India Facts
Which option correctly answers this: What is the largest desert in the world?,The Antarctic Desert,"About 8,849 meters",Greenland,Archaeology,A) The Antarctic Desert,"The Antarctic Desert is technically the largest desert in the world by area, as deserts are defined by low precipitation, not just heat.",General Trivia,World Facts
Choose the correct answer: What is the largest island in the world?,Tiger,The Taj Mahal,Greenland,New Zealand,C) Greenland,"Greenland is the largest island in the world by area, excluding continental landmasses.",General Trivia,World Facts
Which country is known as the 'Land of the Rising Sun'?,Mandarin Chinese,The Nile,Japan,The Great Barrier Reef,C) Japan,"Japan is known as the 'Land of the Rising Sun', reflected in its name meaning origin of the sun.",General Trivia,World Facts
What is the largest island in the world?,Greenland,Lotus,Burj Khalifa,India,A) Greenland,"Greenland is the largest island in the world by area, excluding continental landmasses.",General Trivia,World Facts
Which is the tallest man-made structure in the world (as of the early 2020s)?,India,New Delhi,Lake Kariba (on the Zambia-Zimbabwe border),Burj Khalifa,D) Burj Khalifa,The Burj Khalifa in Dubai is the tallest man-made structure in the world.,General Trivia,Famous Places
What is Mount Everest's approximate height?,"About 8,849 meters",Tiger,Christianity,The Antarctic Desert,"A) About 8,849 meters","Mount Everest, the world's highest peak, stands at approximately 8,849 meters above sea level.",General Trivia,World Facts
Quiz question: What is the national bird of India?,India,Peacock,Bankim Chandra Chatterjee,Nalanda University,B) Peacock,"The peacock is the national bird of India, known for its colorful plumage.",General Trivia,India Facts
Quiz question: Which is the largest democracy in the world by population?,Mandarin Chinese,India,The Mariana Trench,Greenland,B) India,India is widely recognized as the world's largest democracy by population.,General Trivia,World Facts
Which planet in our Solar System is known for having the most moons among the largest planets?,Burj Khalifa,Saturn (closely followed by Jupiter),US Dollar,Lake Kariba (on the Zambia-Zimbabwe border),B) Saturn (closely followed by Jupiter),Saturn and Jupiter have the largest known number of moons among planets in our Solar System.,General Trivia,Amazing Facts
"Quiz question: Which Indian city hosted the first modern Commonwealth Games in India, in 2010?",US Dollar,Vatican City,"About 8,849 meters",New Delhi,D) New Delhi,"New Delhi hosted the 2010 Commonwealth Games, the first time India hosted the event.",General Trivia,Firsts in India
Choose the correct answer: Which was the first Indian state to be formed on a linguistic basis?,Andhra Pradesh,US Dollar,Japan,Archaeology,A) Andhra Pradesh,"Andhra Pradesh was the first state in India to be organized on a linguistic basis, formed in 1953.",General Trivia,Firsts in India
Quiz question: Which is the tallest man-made structure in the world (as of the early 2020s)?,Burj Khalifa,Alexander Graham Bell,Lake Kariba (on the Zambia-Zimbabwe border),Thomas Edison,A) Burj Khalifa,The Burj Khalifa in Dubai is the tallest man-made structure in the world.,General Trivia,Famous Places
Which option correctly answers this: What is the largest island in the world?,Greenland,Japan,New Delhi,Vatican City,A) Greenland,"Greenland is the largest island in the world by area, excluding continental landmasses.",General Trivia,World Facts
Choose the correct answer: What is the currency of the United States?,US Dollar,Lotus,Mango,Nalanda University,A) US Dollar,The official currency of the United States is the US Dollar.,General Trivia,World Facts
Who wrote India's national song?,Japan,Bankim Chandra Chatterjee,The Taj Mahal,Alexander Graham Bell,B) Bankim Chandra Chatterjee,"Bankim Chandra Chatterjee wrote 'Vande Mataram', India's national song.",General Trivia,India Facts
What is the study of ancient artifacts and human history called?,Archaeology,Nalanda University,Christianity,"About 8,849 meters",A) Archaeology,Archaeology is the study of human history through the excavation and analysis of artifacts and physical remains.,General Trivia,Mixed Trivia
"Who invented the light bulb (as a practical, commercially viable design)?",Japan,US Dollar,Thomas Edison,The Amazon Rainforest,C) Thomas Edison,"Thomas Edison developed a practical, long-lasting incandescent light bulb in 1879.",General Trivia,Unusual Facts
What is the fastest land animal?,New Delhi,The cheetah,Rabindranath Tagore,Mango,B) The cheetah,"The cheetah is the fastest land animal, capable of reaching speeds up to 100-120 km/h.",General Trivia,Amazing Facts
Choose the correct answer: What is the study of ancient artifacts and human history called?,Archaeology,The Sahara Desert,Burj Khalifa,New Zealand,A) Archaeology,Archaeology is the study of human history through the excavation and analysis of artifacts and physical remains.,General Trivia,Mixed Trivia
Quiz question: What is the national bird of India?,Peacock,The blue whale,"About 8,849 meters",Christianity,A) Peacock,"The peacock is the national bird of India, known for its colorful plumage.",General Trivia,India Facts
Quiz question: What is the tallest waterfall in the world?,Thomas Edison,The Amazon Rainforest,China,Angel Falls (Venezuela),D) Angel Falls (Venezuela),"Angel Falls, located in Venezuela, is the world's tallest uninterrupted waterfall.",General Trivia,Records
"Choose the correct answer: Which Indian city hosted the first modern Commonwealth Games in India, in 2010?",New Delhi,The Great Barrier Reef,Angel Falls (Venezuela),The Mariana Trench,A) New Delhi,"New Delhi hosted the 2010 Commonwealth Games, the first time India hosted the event.",General Trivia,Firsts in India
What is the world's largest by-volume man-made lake or reservoir often cited in geography trivia?,Lake Kariba (on the Zambia-Zimbabwe border),The Taj Mahal,Thomas Edison,Greenland,A) Lake Kariba (on the Zambia-Zimbabwe border),"Lake Kariba, formed by the Kariba Dam, is often cited as the world's largest reservoir by volume.",General Trivia,Records
"Who invented the light bulb (as a practical, commercially viable design)?",Burj Khalifa,The Sahara Desert,Thomas Edison,Japan,C) Thomas Edison,"Thomas Edison developed a practical, long-lasting incandescent light bulb in 1879.",General Trivia,Unusual Facts
Quiz question: What is the largest island in the world?,India,Greenland,Christianity,The cheetah,B) Greenland,"Greenland is the largest island in the world by area, excluding continental landmasses.",General Trivia,World Facts
What is the deepest known point in the world's oceans?,The Mariana Trench,Rabindranath Tagore,Lotus,"About 8,849 meters",A) The Mariana Trench,"The Mariana Trench, in the Pacific Ocean, is the deepest known point in any of Earth's oceans.",General Trivia,Records
Choose the correct answer: What is the world's largest rainforest?,Lotus,India,The Amazon Rainforest,Saturn (closely followed by Jupiter),C) The Amazon Rainforest,"The Amazon Rainforest, located mainly in Brazil, is the largest tropical rainforest in the world.",General Trivia,World Facts
Choose the correct answer: What is the largest coral reef system in the world?,US Dollar,Angel Falls (Venezuela),China,The Great Barrier Reef,D) The Great Barrier Reef,"The Great Barrier Reef, off the coast of Australia, is the world's largest coral reef system.",General Trivia,World Facts
Which option correctly answers this: Which was the first country to grant women the right to vote?,China,The Taj Mahal,Archaeology,New Zealand,D) New Zealand,"New Zealand became the first self-governing country to grant women the right to vote, in 1893.",General Trivia,Firsts in the World
What is the world's largest by-volume man-made lake or reservoir often cited in geography trivia?,Tiger,Bankim Chandra Chatterjee,Lake Kariba (on the Zambia-Zimbabwe border),The Antarctic Desert,C) Lake Kariba (on the Zambia-Zimbabwe border),"Lake Kariba, formed by the Kariba Dam, is often cited as the world's largest reservoir by volume.",General Trivia,Records
Which option correctly answers this: What is the deepest known point in the world's oceans?,New Zealand,The Mariana Trench,Rabindranath Tagore,New Delhi,B) The Mariana Trench,"The Mariana Trench, in the Pacific Ocean, is the deepest known point in any of Earth's oceans.",General Trivia,Records
What is the world's largest rainforest?,The Amazon Rainforest,New Zealand,Peacock,Lotus,A) The Amazon Rainforest,"The Amazon Rainforest, located mainly in Brazil, is the largest tropical rainforest in the world.",General Trivia,World Facts
Quiz question: What is the largest desert in the world?,Nalanda University,Tiger,The Antarctic Desert,Mango,C) The Antarctic Desert,"The Antarctic Desert is technically the largest desert in the world by area, as deserts are defined by low precipitation, not just heat.",General Trivia,World Facts
"Which option correctly answers this: Which is considered one of the world's earliest centers of higher learning, located in ancient India?","About 8,849 meters",The cheetah,Alexander Graham Bell,Nalanda University,D) Nalanda University,"Nalanda University in ancient India, established around the 5th century CE, is considered one of the world's earliest centers of higher learning.",General Trivia,Firsts in the World
What is the fastest land animal?,The cheetah,Archaeology,The Taj Mahal,Burj Khalifa,A) The cheetah,"The cheetah is the fastest land animal, capable of reaching speeds up to 100-120 km/h.",General Trivia,Amazing Facts
Quiz question: What is the study of ancient artifacts and human history called?,Thomas Edison,Japan,Mango,Archaeology,D) Archaeology,Archaeology is the study of human history through the excavation and analysis of artifacts and physical remains.,General Trivia,Mixed Trivia
Quiz question: What is the national animal of India?,Tiger,The Great Barrier Reef,The Mariana Trench,Greenland,A) Tiger,The Bengal tiger is the national animal of India.,General Trivia,India Facts
Quiz question: What is the most widely practiced religion in the world by number of adherents?,"About 8,849 meters",Christianity,The video game industry,Lake Kariba (on the Zambia-Zimbabwe border),B) Christianity,Christianity is generally considered the religion with the largest number of adherents worldwide.,General Trivia,World Facts
Which option correctly answers this: What is Mount Everest's approximate height?,Archaeology,Tiger,Burj Khalifa,"About 8,849 meters","D) About 8,849 meters","Mount Everest, the world's highest peak, stands at approximately 8,849 meters above sea level.",General Trivia,World Facts
What is the largest island in the world?,Lotus,Greenland,Thomas Edison,Burj Khalifa,B) Greenland,"Greenland is the largest island in the world by area, excluding continental landmasses.",General Trivia,World Facts
"Choose the correct answer: Which is considered one of the world's earliest centers of higher learning, located in ancient India?",The Nile,The Amazon Rainforest,Nalanda University,Alexander Graham Bell,C) Nalanda University,"Nalanda University in ancient India, established around the 5th century CE, is considered one of the world's earliest centers of higher learning.",General Trivia,Firsts in the World
Choose the correct answer: Which planet in our Solar System is known for having the most moons among the largest planets?,The Great Barrier Reef,Saturn (closely followed by Jupiter),Japan,Nalanda University,B) Saturn (closely followed by Jupiter),Saturn and Jupiter have the largest known number of moons among planets in our Solar System.,General Trivia,Amazing Facts
Which option correctly answers this: What is Mount Everest's approximate height?,The Nile,"About 8,849 meters",Greenland,New Zealand,"B) About 8,849 meters","Mount Everest, the world's highest peak, stands at approximately 8,849 meters above sea level.",General Trivia,World Facts
Which option correctly answers this: Which is the tallest man-made structure in the world (as of the early 2020s)?,Peacock,Burj Khalifa,The Taj Mahal,The cheetah,B) Burj Khalifa,The Burj Khalifa in Dubai is the tallest man-made structure in the world.,General Trivia,Famous Places
"Quiz question: What is the highest-grossing form of entertainment industry globally often cited in trivia, alongside film?",Thomas Edison,Saturn (closely followed by Jupiter),The video game industry,The Taj Mahal,C) The video game industry,"The global video game industry is frequently cited in trivia as a very high-grossing entertainment sector, often compared to or exceeding film.",General Trivia,Amazing Facts
Quiz question: What is the national flower of India?,"About 8,849 meters",Vatican City,The Taj Mahal,Lotus,D) Lotus,"The lotus is the national flower of India, symbolizing purity.",General Trivia,India Facts
"Which option correctly answers this: Who invented the light bulb (as a practical, commercially viable design)?",Thomas Edison,Christianity,Peacock,US Dollar,A) Thomas Edison,"Thomas Edison developed a practical, long-lasting incandescent light bulb in 1879.",General Trivia,Unusual Facts
Quiz question: What is the national animal of India?,Nalanda University,Tiger,Christianity,Vatican City,B) Tiger,The Bengal tiger is the national animal of India.,General Trivia,India Facts
Choose the correct answer: Which country is known as the 'Land of the Rising Sun'?,Christianity,Thomas Edison,Japan,Bankim Chandra Chatterjee,C) Japan,"Japan is known as the 'Land of the Rising Sun', reflected in its name meaning origin of the sun.",General Trivia,World Facts
Quiz question: What is the tallest waterfall in the world?,Vatican City,The cheetah,Angel Falls (Venezuela),China,C) Angel Falls (Venezuela),"Angel Falls, located in Venezuela, is the world's tallest uninterrupted waterfall.",General Trivia,Records
Choose the correct answer: What is the largest desert in the world?,The Antarctic Desert,New Zealand,Archaeology,Greenland,A) The Antarctic Desert,"The Antarctic Desert is technically the largest desert in the world by area, as deserts are defined by low precipitation, not just heat.",General Trivia,World Facts
Quiz question: Which famous structure in India is one of the New Seven Wonders of the World?,New Delhi,The Taj Mahal,China,The Mariana Trench,B) The Taj Mahal,"The Taj Mahal, in Agra, India, is recognized as one of the New Seven Wonders of the World.",General Trivia,Famous Places
Which is the tallest man-made structure in the world (as of the early 2020s)?,Burj Khalifa,The Amazon Rainforest,Christianity,Mandarin Chinese,A) Burj Khalifa,The Burj Khalifa in Dubai is the tallest man-made structure in the world.,General Trivia,Famous Places
What is the tallest waterfall in the world?,New Zealand,Greenland,Saturn (closely followed by Jupiter),Angel Falls (Venezuela),D) Angel Falls (Venezuela),"Angel Falls, located in Venezuela, is the world's tallest uninterrupted waterfall.",General Trivia,Records
Quiz question: Which is the largest hot desert in the world?,The Sahara Desert,The Great Barrier Reef,Tiger,The Nile,A) The Sahara Desert,The Sahara Desert in Africa is the largest hot desert in the world.,General Trivia,World Facts
Choose the correct answer: What is the fastest land animal?,The cheetah,The Great Barrier Reef,The blue whale,Rabindranath Tagore,A) The cheetah,"The cheetah is the fastest land animal, capable of reaching speeds up to 100-120 km/h.",General Trivia,Amazing Facts
Which option correctly answers this: Who wrote India's national anthem?,Mango,Saturn (closely followed by Jupiter),Lake Kariba (on the Zambia-Zimbabwe border),Rabindranath Tagore,D) Rabindranath Tagore,"Rabindranath Tagore composed 'Jana Gana Mana', India's national anthem.",General Trivia,India Facts
What is the currency of the United States?,Saturn (closely followed by Jupiter),Mango,US Dollar,Christianity,C) US Dollar,The official currency of the United States is the US Dollar.,General Trivia,World Facts
Quiz question: What is the largest coral reef system in the world?,Lake Kariba (on the Zambia-Zimbabwe border),The blue whale,Bankim Chandra Chatterjee,The Great Barrier Reef,D) The Great Barrier Reef,"The Great Barrier Reef, off the coast of Australia, is the world's largest coral reef system.",General Trivia,World Facts
Which option correctly answers this: What is the largest desert in the world?,Lotus,Peacock,The Antarctic Desert,The blue whale,C) The Antarctic Desert,"The Antarctic Desert is technically the largest desert in the world by area, as deserts are defined by low precipitation, not just heat.",General Trivia,World Facts
"Who invented the light bulb (as a practical, commercially viable design)?",Thomas Edison,Andhra Pradesh,The Sahara Desert,The Taj Mahal,A) Thomas Edison,"Thomas Edison developed a practical, long-lasting incandescent light bulb in 1879.",General Trivia,Unusual Facts
What is the world's most spoken native language?,The Great Barrier Reef,Mandarin Chinese,New Zealand,The Taj Mahal,B) Mandarin Chinese,Mandarin Chinese has the largest number of native speakers of any language in the world.,General Trivia,World Facts
Choose the correct answer: What is the largest island in the world?,Greenland,The Great Barrier Reef,Japan,Thomas Edison,A) Greenland,"Greenland is the largest island in the world by area, excluding continental landmasses.",General Trivia,World Facts
What is the largest mammal in the world?,The Amazon Rainforest,Rabindranath Tagore,The blue whale,Greenland,C) The blue whale,"The blue whale is the largest mammal, and indeed the largest animal, known to have ever existed.",General Trivia,Amazing Facts
What is the national animal of India?,Saturn (closely followed by Jupiter),Christianity,Tiger,Mango,C) Tiger,The Bengal tiger is the national animal of India.,General Trivia,India Facts
Quiz question: Who wrote India's national anthem?,Andhra Pradesh,Saturn (closely followed by Jupiter),Mandarin Chinese,Rabindranath Tagore,D) Rabindranath Tagore,"Rabindranath Tagore composed 'Jana Gana Mana', India's national anthem.",General Trivia,India Facts
Choose the correct answer: What is the world's most spoken native language?,China,Mandarin Chinese,Nalanda University,Greenland,B) Mandarin Chinese,Mandarin Chinese has the largest number of native speakers of any language in the world.,General Trivia,World Facts
Choose the correct answer: What is the most widely practiced religion in the world by number of adherents?,Japan,Christianity,The Great Barrier Reef,The Taj Mahal,B) Christianity,Christianity is generally considered the religion with the largest number of adherents worldwide.,General Trivia,World Facts
Quiz question: Which is the longest river in the world?,The Nile,The Antarctic Desert,Christianity,Burj Khalifa,A) The Nile,The Nile River in Africa is generally considered the longest river in the world.,General Trivia,World Facts
What is the largest coral reef system in the world?,Archaeology,US Dollar,The Great Barrier Reef,Angel Falls (Venezuela),C) The Great Barrier Reef,"The Great Barrier Reef, off the coast of Australia, is the world's largest coral reef system.",General Trivia,World Facts
Quiz question: Which is the largest democracy in the world by population?,Lotus,India,Japan,Nalanda University,B) India,India is widely recognized as the world's largest democracy by population.,General Trivia,World Facts
Which option correctly answers this: What is the fastest land animal?,The blue whale,The cheetah,Bankim Chandra Chatterjee,New Zealand,B) The cheetah,"The cheetah is the fastest land animal, capable of reaching speeds up to 100-120 km/h.",General Trivia,Amazing Facts
Choose the correct answer: What is the most widely practiced religion in the world by number of adherents?,"About 8,849 meters",Vatican City,Christianity,Saturn (closely followed by Jupiter),C) Christianity,Christianity is generally considered the religion with the largest number of adherents worldwide.,General Trivia,World Facts
Quiz question: What is the study of ancient artifacts and human history called?,Archaeology,The Taj Mahal,China,The video game industry,A) Archaeology,Archaeology is the study of human history through the excavation and analysis of artifacts and physical remains.,General Trivia,Mixed Trivia
Quiz question: What is the largest island in the world?,Angel Falls (Venezuela),Greenland,Archaeology,China,B) Greenland,"Greenland is the largest island in the world by area, excluding continental landmasses.",General Trivia,World Facts
Quiz question: What is the fastest land animal?,New Delhi,The Nile,The cheetah,India,C) The cheetah,"The cheetah is the fastest land animal, capable of reaching speeds up to 100-120 km/h.",General Trivia,Amazing Facts
Quiz question: What is the national flower of India?,Lotus,Mango,The Nile,The blue whale,A) Lotus,"The lotus is the national flower of India, symbolizing purity.",General Trivia,India Facts
Which planet in our Solar System is known for having the most moons among the largest planets?,Nalanda University,Archaeology,Saturn (closely followed by Jupiter),The Nile,C) Saturn (closely followed by Jupiter),Saturn and Jupiter have the largest known number of moons among planets in our Solar System.,General Trivia,Amazing Facts
Choose the correct answer: Which is the largest hot desert in the world?,The Great Barrier Reef,The Sahara Desert,Angel Falls (Venezuela),Mango,B) The Sahara Desert,The Sahara Desert in Africa is the largest hot desert in the world.,General Trivia,World Facts
Quiz question: What is the most widely practiced religion in the world by number of adherents?,The video game industry,Saturn (closely followed by Jupiter),Christianity,Tiger,C) Christianity,Christianity is generally considered the religion with the largest number of adherents worldwide.,General Trivia,World Facts
Which option correctly answers this: What is the largest desert in the world?,US Dollar,Vatican City,Nalanda University,The Antarctic Desert,D) The Antarctic Desert,"The Antarctic Desert is technically the largest desert in the world by area, as deserts are defined by low precipitation, not just heat.",General Trivia,World Facts
"Which is considered one of the world's earliest centers of higher learning, located in ancient India?",Peacock,Alexander Graham Bell,Nalanda University,Mandarin Chinese,C) Nalanda University,"Nalanda University in ancient India, established around the 5th century CE, is considered one of the world's earliest centers of higher learning.",General Trivia,Firsts in the World
Which option correctly answers this: What is the national flower of India?,Archaeology,The video game industry,Lotus,The Taj Mahal,C) Lotus,"The lotus is the national flower of India, symbolizing purity.",General Trivia,India Facts
"Quiz question: Who invented the light bulb (as a practical, commercially viable design)?",Thomas Edison,The Mariana Trench,Rabindranath Tagore,China,A) Thomas Edison,"Thomas Edison developed a practical, long-lasting incandescent light bulb in 1879.",General Trivia,Unusual Facts
What is the largest coral reef system in the world?,The Great Barrier Reef,The Mariana Trench,Mango,Andhra Pradesh,A) The Great Barrier Reef,"The Great Barrier Reef, off the coast of Australia, is the world's largest coral reef system.",General Trivia,World Facts
Choose the correct answer: Who wrote India's national song?,Andhra Pradesh,Mandarin Chinese,Bankim Chandra Chatterjee,The blue whale,C) Bankim Chandra Chatterjee,"Bankim Chandra Chatterjee wrote 'Vande Mataram', India's national song.",General Trivia,India Facts
What is the world's most spoken native language?,Japan,The Great Barrier Reef,Mandarin Chinese,The Sahara Desert,C) Mandarin Chinese,Mandarin Chinese has the largest number of native speakers of any language in the world.,General Trivia,World Facts
Quiz question: Which is the longest river in the world?,New Delhi,The Nile,The Sahara Desert,Bankim Chandra Chatterjee,B) The Nile,The Nile River in Africa is generally considered the longest river in the world.,General Trivia,World Facts
Quiz question: What is the fastest land animal?,Saturn (closely followed by Jupiter),The video game industry,The Taj Mahal,The cheetah,D) The cheetah,"The cheetah is the fastest land animal, capable of reaching speeds up to 100-120 km/h.",General Trivia,Amazing Facts
What is the world's most spoken native language?,Mandarin Chinese,The blue whale,Alexander Graham Bell,Peacock,A) Mandarin Chinese,Mandarin Chinese has the largest number of native speakers of any language in the world.,General Trivia,World Facts
Quiz question: Which is the longest river in the world?,Lake Kariba (on the Zambia-Zimbabwe border),Archaeology,Tiger,The Nile,D) The Nile,The Nile River in Africa is generally considered the longest river in the world.,General Trivia,World Facts
Which option correctly answers this: What is the national flower of India?,Peacock,Japan,Lotus,Saturn (closely followed by Jupiter),C) Lotus,"The lotus is the national flower of India, symbolizing purity.",General Trivia,India Facts
Quiz question: What is the world's largest rainforest?,Lotus,New Zealand,"About 8,849 meters",The Amazon Rainforest,D) The Amazon Rainforest,"The Amazon Rainforest, located mainly in Brazil, is the largest tropical rainforest in the world.",General Trivia,World Facts
What is the national flower of India?,Christianity,New Zealand,Lotus,Mango,C) Lotus,"The lotus is the national flower of India, symbolizing purity.",General Trivia,India Facts
Which option correctly answers this: What is the world's largest rainforest?,Thomas Edison,The Sahara Desert,Rabindranath Tagore,The Amazon Rainforest,D) The Amazon Rainforest,"The Amazon Rainforest, located mainly in Brazil, is the largest tropical rainforest in the world.",General Trivia,World Facts
Which option correctly answers this: Which country produces the most rice globally?,Thomas Edison,Angel Falls (Venezuela),The Taj Mahal,China,D) China,China is historically the world's largest producer of rice.,General Trivia,World Facts
Quiz question: What is the most widely practiced religion in the world by number of adherents?,Thomas Edison,Christianity,The Antarctic Desert,The Taj Mahal,B) Christianity,Christianity is generally considered the religion with the largest number of adherents worldwide.,General Trivia,World Facts
Quiz question: What is the national flower of India?,Lotus,The Nile,Thomas Edison,Nalanda University,A) Lotus,"The lotus is the national flower of India, symbolizing purity.",General Trivia,India Facts
"Quiz question: What is the highest-grossing form of entertainment industry globally often cited in trivia, alongside film?",The video game industry,New Zealand,Andhra Pradesh,The cheetah,A) The video game industry,"The global video game industry is frequently cited in trivia as a very high-grossing entertainment sector, often compared to or exceeding film.",General Trivia,Amazing Facts
"What is the highest-grossing form of entertainment industry globally often cited in trivia, alongside film?",Angel Falls (Venezuela),Bankim Chandra Chatterjee,The video game industry,New Zealand,C) The video game industry,"The global video game industry is frequently cited in trivia as a very high-grossing entertainment sector, often compared to or exceeding film.",General Trivia,Amazing Facts
Which famous structure in India is one of the New Seven Wonders of the World?,The Taj Mahal,Japan,The blue whale,Angel Falls (Venezuela),A) The Taj Mahal,"The Taj Mahal, in Agra, India, is recognized as one of the New Seven Wonders of the World.",General Trivia,Famous Places
"Which Indian city hosted the first modern Commonwealth Games in India, in 2010?",The Antarctic Desert,China,Angel Falls (Venezuela),New Delhi,D) New Delhi,"New Delhi hosted the 2010 Commonwealth Games, the first time India hosted the event.",General Trivia,Firsts in India
Choose the correct answer: What is the world's largest rainforest?,"About 8,849 meters",The Amazon Rainforest,The cheetah,Burj Khalifa,B) The Amazon Rainforest,"The Amazon Rainforest, located mainly in Brazil, is the largest tropical rainforest in the world.",General Trivia,World Facts
What is the tallest waterfall in the world?,China,Mandarin Chinese,Angel Falls (Venezuela),The video game industry,C) Angel Falls (Venezuela),"Angel Falls, located in Venezuela, is the world's tallest uninterrupted waterfall.",General Trivia,Records
Quiz question: What is the national animal of India?,The Amazon Rainforest,Nalanda University,Christianity,Tiger,D) Tiger,The Bengal tiger is the national animal of India.,General Trivia,India Facts
Quiz question: What is the study of ancient artifacts and human history called?,The Great Barrier Reef,The cheetah,Tiger,Archaeology,D) Archaeology,Archaeology is the study of human history through the excavation and analysis of artifacts and physical remains.,General Trivia,Mixed Trivia
Quiz question: What is the national bird of India?,The Nile,Angel Falls (Venezuela),Tiger,Peacock,D) Peacock,"The peacock is the national bird of India, known for its colorful plumage.",General Trivia,India Facts
Which option correctly answers this: What is the deepest known point in the world's oceans?,The Amazon Rainforest,The Taj Mahal,The Mariana Trench,New Zealand,C) The Mariana Trench,"The Mariana Trench, in the Pacific Ocean, is the deepest known point in any of Earth's oceans.",General Trivia,Records
Choose the correct answer: Which is the largest hot desert in the world?,The Antarctic Desert,Lotus,Alexander Graham Bell,The Sahara Desert,D) The Sahara Desert,The Sahara Desert in Africa is the largest hot desert in the world.,General Trivia,World Facts
Choose the correct answer: What is the deepest known point in the world's oceans?,Saturn (closely followed by Jupiter),Tiger,The Mariana Trench,"About 8,849 meters",C) The Mariana Trench,"The Mariana Trench, in the Pacific Ocean, is the deepest known point in any of Earth's oceans.",General Trivia,Records
What is the largest coral reef system in the world?,The Great Barrier Reef,The cheetah,The Mariana Trench,Lotus,A) The Great Barrier Reef,"The Great Barrier Reef, off the coast of Australia, is the world's largest coral reef system.",General Trivia,World Facts
Choose the correct answer: Which was the first Indian state to be formed on a linguistic basis?,The video game industry,Andhra Pradesh,The Great Barrier Reef,Alexander Graham Bell,B) Andhra Pradesh,"Andhra Pradesh was the first state in India to be organized on a linguistic basis, formed in 1953.",General Trivia,Firsts in India
Choose the correct answer: What is the national animal of India?,The Antarctic Desert,The Great Barrier Reef,Tiger,Alexander Graham Bell,C) Tiger,The Bengal tiger is the national animal of India.,General Trivia,India Facts
What is the national flower of India?,The Nile,Burj Khalifa,Lotus,New Zealand,C) Lotus,"The lotus is the national flower of India, symbolizing purity.",General Trivia,India Facts
Choose the correct answer: What is the world's largest rainforest?,New Zealand,US Dollar,The Amazon Rainforest,Lotus,C) The Amazon Rainforest,"The Amazon Rainforest, located mainly in Brazil, is the largest tropical rainforest in the world.",General Trivia,World Facts
"Quiz question: Which is considered one of the world's earliest centers of higher learning, located in ancient India?",Rabindranath Tagore,Nalanda University,Archaeology,Peacock,B) Nalanda University,"Nalanda University in ancient India, established around the 5th century CE, is considered one of the world's earliest centers of higher learning.",General Trivia,Firsts in the World
"Which option correctly answers this: What is the highest-grossing form of entertainment industry globally often cited in trivia, alongside film?",New Delhi,China,Tiger,The video game industry,D) The video game industry,"The global video game industry is frequently cited in trivia as a very high-grossing entertainment sector, often compared to or exceeding film.",General Trivia,Amazing Facts
Quiz question: Which was the first Indian state to be formed on a linguistic basis?,The Antarctic Desert,Andhra Pradesh,Japan,The cheetah,B) Andhra Pradesh,"Andhra Pradesh was the first state in India to be organized on a linguistic basis, formed in 1953.",General Trivia,Firsts in India
What is the world's largest by-volume man-made lake or reservoir often cited in geography trivia?,Vatican City,Archaeology,Lake Kariba (on the Zambia-Zimbabwe border),Mango,C) Lake Kariba (on the Zambia-Zimbabwe border),"Lake Kariba, formed by the Kariba Dam, is often cited as the world's largest reservoir by volume.",General Trivia,Records
"Quiz question: What is the highest-grossing form of entertainment industry globally often cited in trivia, alongside film?",Andhra Pradesh,Archaeology,Lotus,The video game industry,D) The video game industry,"The global video game industry is frequently cited in trivia as a very high-grossing entertainment sector, often compared to or exceeding film.",General Trivia,Amazing Facts
Which option correctly answers this: What is the fastest land animal?,The cheetah,Bankim Chandra Chatterjee,Saturn (closely followed by Jupiter),The Antarctic Desert,A) The cheetah,"The cheetah is the fastest land animal, capable of reaching speeds up to 100-120 km/h.",General Trivia,Amazing Facts
What is the largest mammal in the world?,The Antarctic Desert,The Great Barrier Reef,The blue whale,Lotus,C) The blue whale,"The blue whale is the largest mammal, and indeed the largest animal, known to have ever existed.",General Trivia,Amazing Facts
Which country produces the most rice globally?,China,Nalanda University,"About 8,849 meters",Bankim Chandra Chatterjee,A) China,China is historically the world's largest producer of rice.,General Trivia,World Facts
Quiz question: What is the smallest country in the world by area?,The Mariana Trench,Vatican City,Tiger,Bankim Chandra Chatterjee,B) Vatican City,Vatican City is the smallest independent country in the world by both area and population.,General Trivia,Records
Which option correctly answers this: Which country is known as the 'Land of the Rising Sun'?,Saturn (closely followed by Jupiter),Japan,Mandarin Chinese,Vatican City,B) Japan,"Japan is known as the 'Land of the Rising Sun', reflected in its name meaning origin of the sun.",General Trivia,World Facts
What is the world's largest by-volume man-made lake or reservoir often cited in geography trivia?,Lake Kariba (on the Zambia-Zimbabwe border),The Taj Mahal,Bankim Chandra Chatterjee,The Nile,A) Lake Kariba (on the Zambia-Zimbabwe border),"Lake Kariba, formed by the Kariba Dam, is often cited as the world's largest reservoir by volume.",General Trivia,Records
Quiz question: What is the fastest land animal?,Saturn (closely followed by Jupiter),Andhra Pradesh,The cheetah,Rabindranath Tagore,C) The cheetah,"The cheetah is the fastest land animal, capable of reaching speeds up to 100-120 km/h.",General Trivia,Amazing Facts
Which is the largest democracy in the world by population?,Angel Falls (Venezuela),New Zealand,US Dollar,India,D) India,India is widely recognized as the world's largest democracy by population.,General Trivia,World Facts
Which option correctly answers this: What is the largest desert in the world?,The video game industry,The Antarctic Desert,The cheetah,Bankim Chandra Chatterjee,B) The Antarctic Desert,"The Antarctic Desert is technically the largest desert in the world by area, as deserts are defined by low precipitation, not just heat.",General Trivia,World Facts
What is the world's largest by-volume man-made lake or reservoir often cited in geography trivia?,Burj Khalifa,Nalanda University,Tiger,Lake Kariba (on the Zambia-Zimbabwe border),D) Lake Kariba (on the Zambia-Zimbabwe border),"Lake Kariba, formed by the Kariba Dam, is often cited as the world's largest reservoir by volume.",General Trivia,Records
"Which option correctly answers this: What is the highest-grossing form of entertainment industry globally often cited in trivia, alongside film?",The video game industry,Lotus,New Delhi,The Nile,A) The video game industry,"The global video game industry is frequently cited in trivia as a very high-grossing entertainment sector, often compared to or exceeding film.",General Trivia,Amazing Facts
Choose the correct answer: Who wrote India's national song?,Bankim Chandra Chatterjee,Nalanda University,China,The Nile,A) Bankim Chandra Chatterjee,"Bankim Chandra Chatterjee wrote 'Vande Mataram', India's national song.",General Trivia,India Facts
Quiz question: Which was the first Indian state to be formed on a linguistic basis?,Burj Khalifa,Peacock,The Antarctic Desert,Andhra Pradesh,D) Andhra Pradesh,"Andhra Pradesh was the first state in India to be organized on a linguistic basis, formed in 1953.",General Trivia,Firsts in India
Which option correctly answers this: What is the national fruit of India?,China,The Amazon Rainforest,Mango,The Antarctic Desert,C) Mango,The mango is recognized as the national fruit of India.,General Trivia,India Facts
Quiz question: Which is the largest hot desert in the world?,US Dollar,Nalanda University,Thomas Edison,The Sahara Desert,D) The Sahara Desert,The Sahara Desert in Africa is the largest hot desert in the world.,General Trivia,World Facts
Which option correctly answers this: Which is the longest river in the world?,The Antarctic Desert,The cheetah,The Nile,China,C) The Nile,The Nile River in Africa is generally considered the longest river in the world.,General Trivia,World Facts
Quiz question: Which was the first Indian state to be formed on a linguistic basis?,Andhra Pradesh,Thomas Edison,New Delhi,Alexander Graham Bell,A) Andhra Pradesh,"Andhra Pradesh was the first state in India to be organized on a linguistic basis, formed in 1953.",General Trivia,Firsts in India
What is the national flower of India?,Angel Falls (Venezuela),Lotus,"About 8,849 meters",The Amazon Rainforest,B) Lotus,"The lotus is the national flower of India, symbolizing purity.",General Trivia,India Facts
Which option correctly answers this: What is the largest island in the world?,Greenland,Lotus,China,The Sahara Desert,A) Greenland,"Greenland is the largest island in the world by area, excluding continental landmasses.",General Trivia,World Facts
Choose the correct answer: What is the currency of the United States?,The Antarctic Desert,Bankim Chandra Chatterjee,The cheetah,US Dollar,D) US Dollar,The official currency of the United States is the US Dollar.,General Trivia,World Facts
"Quiz question: Which Indian city hosted the first modern Commonwealth Games in India, in 2010?",The Mariana Trench,Saturn (closely followed by Jupiter),Greenland,New Delhi,D) New Delhi,"New Delhi hosted the 2010 Commonwealth Games, the first time India hosted the event.",General Trivia,Firsts in India
Quiz question: Which was the first country to grant women the right to vote?,New Zealand,The Amazon Rainforest,Tiger,Vatican City,A) New Zealand,"New Zealand became the first self-governing country to grant women the right to vote, in 1893.",General Trivia,Firsts in the World
Choose the correct answer: What is the largest desert in the world?,Bankim Chandra Chatterjee,The Mariana Trench,The Antarctic Desert,Rabindranath Tagore,C) The Antarctic Desert,"The Antarctic Desert is technically the largest desert in the world by area, as deserts are defined by low precipitation, not just heat.",General Trivia,World Facts
Which option correctly answers this: Which is the tallest man-made structure in the world (as of the early 2020s)?,Angel Falls (Venezuela),Vatican City,The Antarctic Desert,Burj Khalifa,D) Burj Khalifa,The Burj Khalifa in Dubai is the tallest man-made structure in the world.,General Trivia,Famous Places
Which is the largest democracy in the world by population?,Japan,India,Tiger,Saturn (closely followed by Jupiter),B) India,India is widely recognized as the world's largest democracy by population.,General Trivia,World Facts
Quiz question: What is the tallest waterfall in the world?,Angel Falls (Venezuela),"About 8,849 meters",The Sahara Desert,Burj Khalifa,A) Angel Falls (Venezuela),"Angel Falls, located in Venezuela, is the world's tallest uninterrupted waterfall.",General Trivia,Records
"Which is considered one of the world's earliest centers of higher learning, located in ancient India?",Saturn (closely followed by Jupiter),The Mariana Trench,Christianity,Nalanda University,D) Nalanda University,"Nalanda University in ancient India, established around the 5th century CE, is considered one of the world's earliest centers of higher learning.",General Trivia,Firsts in the World
Which option correctly answers this: What is the national bird of India?,"About 8,849 meters",Vatican City,Peacock,Bankim Chandra Chatterjee,C) Peacock,"The peacock is the national bird of India, known for its colorful plumage.",General Trivia,India Facts
Which option correctly answers this: What is the largest mammal in the world?,The video game industry,Mango,The blue whale,The Taj Mahal,C) The blue whale,"The blue whale is the largest mammal, and indeed the largest animal, known to have ever existed.",General Trivia,Amazing Facts
Which option correctly answers this: Which planet in our Solar System is known for having the most moons among the largest planets?,The Antarctic Desert,"About 8,849 meters",Saturn (closely followed by Jupiter),The video game industry,C) Saturn (closely followed by Jupiter),Saturn and Jupiter have the largest known number of moons among planets in our Solar System.,General Trivia,Amazing Facts
Choose the correct answer: What is the study of ancient artifacts and human history called?,India,Andhra Pradesh,Mango,Archaeology,D) Archaeology,Archaeology is the study of human history through the excavation and analysis of artifacts and physical remains.,General Trivia,Mixed Trivia
Which option correctly answers this: Which was the first country to grant women the right to vote?,The Mariana Trench,New Zealand,Alexander Graham Bell,Vatican City,B) New Zealand,"New Zealand became the first self-governing country to grant women the right to vote, in 1893.",General Trivia,Firsts in the World
Which option correctly answers this: What is the national flower of India?,Greenland,Bankim Chandra Chatterjee,Tiger,Lotus,D) Lotus,"The lotus is the national flower of India, symbolizing purity.",General Trivia,India Facts
Which is the tallest man-made structure in the world (as of the early 2020s)?,Nalanda University,New Delhi,Christianity,Burj Khalifa,D) Burj Khalifa,The Burj Khalifa in Dubai is the tallest man-made structure in the world.,General Trivia,Famous Places
Choose the correct answer: What is the study of ancient artifacts and human history called?,The Amazon Rainforest,Archaeology,Mandarin Chinese,The Taj Mahal,B) Archaeology,Archaeology is the study of human history through the excavation and analysis of artifacts and physical remains.,General Trivia,Mixed Trivia
"Quiz question: Which Indian city hosted the first modern Commonwealth Games in India, in 2010?",The blue whale,Peacock,The Mariana Trench,New Delhi,D) New Delhi,"New Delhi hosted the 2010 Commonwealth Games, the first time India hosted the event.",General Trivia,Firsts in India
"Choose the correct answer: What is the highest-grossing form of entertainment industry globally often cited in trivia, alongside film?",Mandarin Chinese,Angel Falls (Venezuela),New Delhi,The video game industry,D) The video game industry,"The global video game industry is frequently cited in trivia as a very high-grossing entertainment sector, often compared to or exceeding film.",General Trivia,Amazing Facts
Quiz question: Which country produces the most rice globally?,Tiger,Peacock,China,Saturn (closely followed by Jupiter),C) China,China is historically the world's largest producer of rice.,General Trivia,World Facts
Quiz question: Which is the longest river in the world?,The Mariana Trench,Saturn (closely followed by Jupiter),The Nile,Alexander Graham Bell,C) The Nile,The Nile River in Africa is generally considered the longest river in the world.,General Trivia,World Facts
Which option correctly answers this: What is the tallest waterfall in the world?,Angel Falls (Venezuela),China,US Dollar,Greenland,A) Angel Falls (Venezuela),"Angel Falls, located in Venezuela, is the world's tallest uninterrupted waterfall.",General Trivia,Records
Which option correctly answers this: What is the largest coral reef system in the world?,The video game industry,The Great Barrier Reef,Thomas Edison,Lotus,B) The Great Barrier Reef,"The Great Barrier Reef, off the coast of Australia, is the world's largest coral reef system.",General Trivia,World Facts
Which was the first country to grant women the right to vote?,"About 8,849 meters",US Dollar,India,New Zealand,D) New Zealand,"New Zealand became the first self-governing country to grant women the right to vote, in 1893.",General Trivia,Firsts in the World
Which is the tallest man-made structure in the world (as of the early 2020s)?,Burj Khalifa,Lotus,China,Andhra Pradesh,A) Burj Khalifa,The Burj Khalifa in Dubai is the tallest man-made structure in the world.,General Trivia,Famous Places
Quiz question: Which is the tallest man-made structure in the world (as of the early 2020s)?,Rabindranath Tagore,Japan,Angel Falls (Venezuela),Burj Khalifa,D) Burj Khalifa,The Burj Khalifa in Dubai is the tallest man-made structure in the world.,General Trivia,Famous Places
What is the world's largest by-volume man-made lake or reservoir often cited in geography trivia?,Burj Khalifa,Nalanda University,Lake Kariba (on the Zambia-Zimbabwe border),The Antarctic Desert,C) Lake Kariba (on the Zambia-Zimbabwe border),"Lake Kariba, formed by the Kariba Dam, is often cited as the world's largest reservoir by volume.",General Trivia,Records
Which option correctly answers this: What is the tallest waterfall in the world?,Angel Falls (Venezuela),Mandarin Chinese,The cheetah,The video game industry,A) Angel Falls (Venezuela),"Angel Falls, located in Venezuela, is the world's tallest uninterrupted waterfall.",General Trivia,Records
Which option correctly answers this: Who wrote India's national anthem?,The blue whale,Christianity,Greenland,Rabindranath Tagore,D) Rabindranath Tagore,"Rabindranath Tagore composed 'Jana Gana Mana', India's national anthem.",General Trivia,India Facts
Quiz question: What is the tallest waterfall in the world?,Mandarin Chinese,The Sahara Desert,The Mariana Trench,Angel Falls (Venezuela),D) Angel Falls (Venezuela),"Angel Falls, located in Venezuela, is the world's tallest uninterrupted waterfall.",General Trivia,Records
Choose the correct answer: What is the study of ancient artifacts and human history called?,New Delhi,The Nile,Archaeology,Alexander Graham Bell,C) Archaeology,Archaeology is the study of human history through the excavation and analysis of artifacts and physical remains.,General Trivia,Mixed Trivia
"Quiz question: Which is considered one of the world's earliest centers of higher learning, located in ancient India?",Nalanda University,"About 8,849 meters",Burj Khalifa,India,A) Nalanda University,"Nalanda University in ancient India, established around the 5th century CE, is considered one of the world's earliest centers of higher learning.",General Trivia,Firsts in the World
Quiz question: What is the currency of the United States?,US Dollar,Alexander Graham Bell,Andhra Pradesh,Saturn (closely followed by Jupiter),A) US Dollar,The official currency of the United States is the US Dollar.,General Trivia,World Facts
Which option correctly answers this: What is the world's largest rainforest?,The Amazon Rainforest,"About 8,849 meters",New Delhi,Angel Falls (Venezuela),A) The Amazon Rainforest,"The Amazon Rainforest, located mainly in Brazil, is the largest tropical rainforest in the world.",General Trivia,World Facts
Quiz question: What is the largest mammal in the world?,Saturn (closely followed by Jupiter),Bankim Chandra Chatterjee,The blue whale,The Sahara Desert,C) The blue whale,"The blue whale is the largest mammal, and indeed the largest animal, known to have ever existed.",General Trivia,Amazing Facts
Choose the correct answer: Which is the longest river in the world?,"About 8,849 meters",The Nile,Peacock,New Delhi,B) The Nile,The Nile River in Africa is generally considered the longest river in the world.,General Trivia,World Facts
Choose the correct answer: Which planet in our Solar System is known for having the most moons among the largest planets?,Lake Kariba (on the Zambia-Zimbabwe border),Saturn (closely followed by Jupiter),Peacock,The Antarctic Desert,B) Saturn (closely followed by Jupiter),Saturn and Jupiter have the largest known number of moons among planets in our Solar System.,General Trivia,Amazing Facts
What is the currency of the United States?,Andhra Pradesh,US Dollar,The cheetah,The Taj Mahal,B) US Dollar,The official currency of the United States is the US Dollar.,General Trivia,World Facts
"Quiz question: Which is considered one of the world's earliest centers of higher learning, located in ancient India?",The Taj Mahal,Nalanda University,Vatican City,The Great Barrier Reef,B) Nalanda University,"Nalanda University in ancient India, established around the 5th century CE, is considered one of the world's earliest centers of higher learning.",General Trivia,Firsts in the World
Quiz question: What is the national flower of India?,The video game industry,Tiger,Peacock,Lotus,D) Lotus,"The lotus is the national flower of India, symbolizing purity.",General Trivia,India Facts
What is the national bird of India?,The Antarctic Desert,Peacock,The Amazon Rainforest,The blue whale,B) Peacock,"The peacock is the national bird of India, known for its colorful plumage.",General Trivia,India Facts
"Quiz question: Who invented the light bulb (as a practical, commercially viable design)?",Tiger,China,Thomas Edison,The Amazon Rainforest,C) Thomas Edison,"Thomas Edison developed a practical, long-lasting incandescent light bulb in 1879.",General Trivia,Unusual Facts
Choose the correct answer: What is the smallest country in the world by area?,Vatican City,Greenland,New Zealand,US Dollar,A) Vatican City,Vatican City is the smallest independent country in the world by both area and population.,General Trivia,Records
What is the deepest known point in the world's oceans?,The Amazon Rainforest,New Zealand,The Antarctic Desert,The Mariana Trench,D) The Mariana Trench,"The Mariana Trench, in the Pacific Ocean, is the deepest known point in any of Earth's oceans.",General Trivia,Records
Choose the correct answer: Which country is known as the 'Land of the Rising Sun'?,The Mariana Trench,Japan,The Amazon Rainforest,Thomas Edison,B) Japan,"Japan is known as the 'Land of the Rising Sun', reflected in its name meaning origin of the sun.",General Trivia,World Facts
Which option correctly answers this: What is the largest island in the world?,The Nile,Greenland,The Sahara Desert,Mango,B) Greenland,"Greenland is the largest island in the world by area, excluding continental landmasses.",General Trivia,World Facts
Choose the correct answer: What is the largest island in the world?,Greenland,The cheetah,Andhra Pradesh,The Amazon Rainforest,A) Greenland,"Greenland is the largest island in the world by area, excluding continental landmasses.",General Trivia,World Facts
Quiz question: What is the deepest known point in the world's oceans?,Andhra Pradesh,The Mariana Trench,The Taj Mahal,Burj Khalifa,B) The Mariana Trench,"The Mariana Trench, in the Pacific Ocean, is the deepest known point in any of Earth's oceans.",General Trivia,Records
Quiz question: What is the world's most spoken native language?,New Zealand,Bankim Chandra Chatterjee,Mandarin Chinese,Rabindranath Tagore,C) Mandarin Chinese,Mandarin Chinese has the largest number of native speakers of any language in the world.,General Trivia,World Facts
Choose the correct answer: Which is the longest river in the world?,Tiger,The Nile,Archaeology,The Amazon Rainforest,B) The Nile,The Nile River in Africa is generally considered the longest river in the world.,General Trivia,World Facts
Which option correctly answers this: Which is the largest hot desert in the world?,The cheetah,US Dollar,The Sahara Desert,China,C) The Sahara Desert,The Sahara Desert in Africa is the largest hot desert in the world.,General Trivia,World Facts
Which option correctly answers this: What is the study of ancient artifacts and human history called?,Nalanda University,Archaeology,Mango,Rabindranath Tagore,B) Archaeology,Archaeology is the study of human history through the excavation and analysis of artifacts and physical remains.,General Trivia,Mixed Trivia
Quiz question: What is the world's largest by-volume man-made lake or reservoir often cited in geography trivia?,Lake Kariba (on the Zambia-Zimbabwe border),Mango,Tiger,India,A) Lake Kariba (on the Zambia-Zimbabwe border),"Lake Kariba, formed by the Kariba Dam, is often cited as the world's largest reservoir by volume.",General Trivia,Records
"Which option correctly answers this: What is the highest-grossing form of entertainment industry globally often cited in trivia, alongside film?",New Zealand,The video game industry,Bankim Chandra Chatterjee,Christianity,B) The video game industry,"The global video game industry is frequently cited in trivia as a very high-grossing entertainment sector, often compared to or exceeding film.",General Trivia,Amazing Facts
Which option correctly answers this: Who invented the telephone?,Bankim Chandra Chatterjee,Alexander Graham Bell,Mango,Japan,B) Alexander Graham Bell,Alexander Graham Bell is credited with inventing the first practical telephone in 1876.,General Trivia,Unusual Facts
Choose the correct answer: What is the currency of the United States?,Burj Khalifa,US Dollar,New Zealand,The Taj Mahal,B) US Dollar,The official currency of the United States is the US Dollar.,General Trivia,World Facts
Which is the tallest man-made structure in the world (as of the early 2020s)?,Burj Khalifa,The Great Barrier Reef,New Delhi,Tiger,A) Burj Khalifa,The Burj Khalifa in Dubai is the tallest man-made structure in the world.,General Trivia,Famous Places
Which option correctly answers this: What is the study of ancient artifacts and human history called?,Archaeology,The Mariana Trench,Alexander Graham Bell,The Taj Mahal,A) Archaeology,Archaeology is the study of human history through the excavation and analysis of artifacts and physical remains.,General Trivia,Mixed Trivia
Which famous structure in India is one of the New Seven Wonders of the World?,Peacock,Saturn (closely followed by Jupiter),The video game industry,The Taj Mahal,D) The Taj Mahal,"The Taj Mahal, in Agra, India, is recognized as one of the New Seven Wonders of the World.",General Trivia,Famous Places
Choose the correct answer: Which is the longest river in the world?,New Zealand,The video game industry,The Nile,The Amazon Rainforest,C) The Nile,The Nile River in Africa is generally considered the longest river in the world.,General Trivia,World Facts
Choose the correct answer: What is the fastest land animal?,Thomas Edison,Nalanda University,The cheetah,US Dollar,C) The cheetah,"The cheetah is the fastest land animal, capable of reaching speeds up to 100-120 km/h.",General Trivia,Amazing Facts
What is the national flower of India?,Bankim Chandra Chatterjee,China,Lotus,New Delhi,C) Lotus,"The lotus is the national flower of India, symbolizing purity.",General Trivia,India Facts
Which was the first country to grant women the right to vote?,New Zealand,US Dollar,Mandarin Chinese,The video game industry,A) New Zealand,"New Zealand became the first self-governing country to grant women the right to vote, in 1893.",General Trivia,Firsts in the World
"Quiz question: Which is considered one of the world's earliest centers of higher learning, located in ancient India?",Lake Kariba (on the Zambia-Zimbabwe border),Nalanda University,Mandarin Chinese,The Sahara Desert,B) Nalanda University,"Nalanda University in ancient India, established around the 5th century CE, is considered one of the world's earliest centers of higher learning.",General Trivia,Firsts in the World
Which option correctly answers this: What is the currency of the United States?,The Mariana Trench,US Dollar,Thomas Edison,The Amazon Rainforest,B) US Dollar,The official currency of the United States is the US Dollar.,General Trivia,World Facts
Which option correctly answers this: Which is the largest hot desert in the world?,The Sahara Desert,Christianity,Andhra Pradesh,Peacock,A) The Sahara Desert,The Sahara Desert in Africa is the largest hot desert in the world.,General Trivia,World Facts
Choose the correct answer: What is the national animal of India?,Angel Falls (Venezuela),New Delhi,Tiger,New Zealand,C) Tiger,The Bengal tiger is the national animal of India.,General Trivia,India Facts
Choose the correct answer: Which planet in our Solar System is known for having the most moons among the largest planets?,Nalanda University,Saturn (closely followed by Jupiter),Angel Falls (Venezuela),The Great Barrier Reef,B) Saturn (closely followed by Jupiter),Saturn and Jupiter have the largest known number of moons among planets in our Solar System.,General Trivia,Amazing Facts
Who invented the telephone?,The Great Barrier Reef,Alexander Graham Bell,Nalanda University,Lotus,B) Alexander Graham Bell,Alexander Graham Bell is credited with inventing the first practical telephone in 1876.,General Trivia,Unusual Facts
Quiz question: Who invented the telephone?,The cheetah,Rabindranath Tagore,Alexander Graham Bell,Japan,C) Alexander Graham Bell,Alexander Graham Bell is credited with inventing the first practical telephone in 1876.,General Trivia,Unusual Facts
Which option correctly answers this: Which is the largest democracy in the world by population?,India,New Delhi,Mango,US Dollar,A) India,India is widely recognized as the world's largest democracy by population.,General Trivia,World Facts
Which option correctly answers this: What is the most widely practiced religion in the world by number of adherents?,Christianity,Saturn (closely followed by Jupiter),Lake Kariba (on the Zambia-Zimbabwe border),Andhra Pradesh,A) Christianity,Christianity is generally considered the religion with the largest number of adherents worldwide.,General Trivia,World Facts
Choose the correct answer: What is the largest desert in the world?,Vatican City,The Antarctic Desert,China,Mandarin Chinese,B) The Antarctic Desert,"The Antarctic Desert is technically the largest desert in the world by area, as deserts are defined by low precipitation, not just heat.",General Trivia,World Facts
What is the tallest waterfall in the world?,Vatican City,The cheetah,Angel Falls (Venezuela),The blue whale,C) Angel Falls (Venezuela),"Angel Falls, located in Venezuela, is the world's tallest uninterrupted waterfall.",General Trivia,Records
"Which is considered one of the world's earliest centers of higher learning, located in ancient India?",Rabindranath Tagore,Peacock,Japan,Nalanda University,D) Nalanda University,"Nalanda University in ancient India, established around the 5th century CE, is considered one of the world's earliest centers of higher learning.",General Trivia,Firsts in the World
Quiz question: Which is the tallest man-made structure in the world (as of the early 2020s)?,Angel Falls (Venezuela),The Sahara Desert,The video game industry,Burj Khalifa,D) Burj Khalifa,The Burj Khalifa in Dubai is the tallest man-made structure in the world.,General Trivia,Famous Places
Quiz question: Which planet in our Solar System is known for having the most moons among the largest planets?,Mandarin Chinese,Saturn (closely followed by Jupiter),Mango,Andhra Pradesh,B) Saturn (closely followed by Jupiter),Saturn and Jupiter have the largest known number of moons among planets in our Solar System.,General Trivia,Amazing Facts
Quiz question: What is the currency of the United States?,US Dollar,Angel Falls (Venezuela),"About 8,849 meters",New Zealand,A) US Dollar,The official currency of the United States is the US Dollar.,General Trivia,World Facts
Which option correctly answers this: What is the world's largest rainforest?,Thomas Edison,The Nile,The Antarctic Desert,The Amazon Rainforest,D) The Amazon Rainforest,"The Amazon Rainforest, located mainly in Brazil, is the largest tropical rainforest in the world.",General Trivia,World Facts
Quiz question: What is the world's largest rainforest?,"About 8,849 meters",The Amazon Rainforest,Mandarin Chinese,New Delhi,B) The Amazon Rainforest,"The Amazon Rainforest, located mainly in Brazil, is the largest tropical rainforest in the world.",General Trivia,World Facts
"Which option correctly answers this: Which is considered one of the world's earliest centers of higher learning, located in ancient India?",Rabindranath Tagore,Nalanda University,China,Mango,B) Nalanda University,"Nalanda University in ancient India, established around the 5th century CE, is considered one of the world's earliest centers of higher learning.",General Trivia,Firsts in the World
Choose the correct answer: What is the largest island in the world?,Mango,Thomas Edison,Greenland,Christianity,C) Greenland,"Greenland is the largest island in the world by area, excluding continental landmasses.",General Trivia,World Facts
Quiz question: What is Mount Everest's approximate height?,China,"About 8,849 meters",Angel Falls (Venezuela),The Nile,"B) About 8,849 meters","Mount Everest, the world's highest peak, stands at approximately 8,849 meters above sea level.",General Trivia,World Facts
Choose the correct answer: Which is the tallest man-made structure in the world (as of the early 2020s)?,Nalanda University,The Amazon Rainforest,The Mariana Trench,Burj Khalifa,D) Burj Khalifa,The Burj Khalifa in Dubai is the tallest man-made structure in the world.,General Trivia,Famous Places
Choose the correct answer: Which is the largest democracy in the world by population?,India,Mango,Burj Khalifa,New Zealand,A) India,India is widely recognized as the world's largest democracy by population.,General Trivia,World Facts
Quiz question: Who invented the telephone?,Alexander Graham Bell,"About 8,849 meters",New Zealand,Angel Falls (Venezuela),A) Alexander Graham Bell,Alexander Graham Bell is credited with inventing the first practical telephone in 1876.,General Trivia,Unusual Facts
Which option correctly answers this: What is the currency of the United States?,Vatican City,US Dollar,The Great Barrier Reef,India,B) US Dollar,The official currency of the United States is the US Dollar.,General Trivia,World Facts
Which option correctly answers this: Which was the first Indian state to be formed on a linguistic basis?,Tiger,Andhra Pradesh,Rabindranath Tagore,The Great Barrier Reef,B) Andhra Pradesh,"Andhra Pradesh was the first state in India to be organized on a linguistic basis, formed in 1953.",General Trivia,Firsts in India
Quiz question: Which country is known as the 'Land of the Rising Sun'?,Japan,The video game industry,Andhra Pradesh,Lake Kariba (on the Zambia-Zimbabwe border),A) Japan,"Japan is known as the 'Land of the Rising Sun', reflected in its name meaning origin of the sun.",General Trivia,World Facts
Choose the correct answer: What is the largest desert in the world?,US Dollar,Archaeology,The Antarctic Desert,The Amazon Rainforest,C) The Antarctic Desert,"The Antarctic Desert is technically the largest desert in the world by area, as deserts are defined by low precipitation, not just heat.",General Trivia,World Facts
Which country produces the most rice globally?,The Nile,Tiger,China,The Great Barrier Reef,C) China,China is historically the world's largest producer of rice.,General Trivia,World Facts
"Quiz question: Which Indian city hosted the first modern Commonwealth Games in India, in 2010?",Greenland,The video game industry,Alexander Graham Bell,New Delhi,D) New Delhi,"New Delhi hosted the 2010 Commonwealth Games, the first time India hosted the event.",General Trivia,Firsts in India
What is the national bird of India?,India,Bankim Chandra Chatterjee,Peacock,Mandarin Chinese,C) Peacock,"The peacock is the national bird of India, known for its colorful plumage.",General Trivia,India Facts
What is the national bird of India?,Peacock,Japan,Archaeology,The Mariana Trench,A) Peacock,"The peacock is the national bird of India, known for its colorful plumage.",General Trivia,India Facts
Which is the tallest man-made structure in the world (as of the early 2020s)?,Burj Khalifa,Christianity,Japan,Rabindranath Tagore,A) Burj Khalifa,The Burj Khalifa in Dubai is the tallest man-made structure in the world.,General Trivia,Famous Places
Quiz question: Who wrote India's national song?,New Delhi,Peacock,Bankim Chandra Chatterjee,Angel Falls (Venezuela),C) Bankim Chandra Chatterjee,"Bankim Chandra Chatterjee wrote 'Vande Mataram', India's national song.",General Trivia,India Facts
Which option correctly answers this: Which is the largest hot desert in the world?,Angel Falls (Venezuela),Lake Kariba (on the Zambia-Zimbabwe border),The Sahara Desert,The Antarctic Desert,C) The Sahara Desert,The Sahara Desert in Africa is the largest hot desert in the world.,General Trivia,World Facts
Quiz question: What is Mount Everest's approximate height?,Japan,The blue whale,Thomas Edison,"About 8,849 meters","D) About 8,849 meters","Mount Everest, the world's highest peak, stands at approximately 8,849 meters above sea level.",General Trivia,World Facts
What is the smallest country in the world by area?,The cheetah,The Taj Mahal,Vatican City,New Zealand,C) Vatican City,Vatican City is the smallest independent country in the world by both area and population.,General Trivia,Records
Quiz question: Which country is known as the 'Land of the Rising Sun'?,Japan,The video game industry,New Zealand,The Amazon Rainforest,A) Japan,"Japan is known as the 'Land of the Rising Sun', reflected in its name meaning origin of the sun.",General Trivia,World Facts
"Which option correctly answers this: Which is considered one of the world's earliest centers of higher learning, located in ancient India?","About 8,849 meters",The Nile,Christianity,Nalanda University,D) Nalanda University,"Nalanda University in ancient India, established around the 5th century CE, is considered one of the world's earliest centers of higher learning.",General Trivia,Firsts in the World
"Which option correctly answers this: Which is considered one of the world's earliest centers of higher learning, located in ancient India?",Rabindranath Tagore,Nalanda University,Bankim Chandra Chatterjee,The Sahara Desert,B) Nalanda University,"Nalanda University in ancient India, established around the 5th century CE, is considered one of the world's earliest centers of higher learning.",General Trivia,Firsts in the World
Which option correctly answers this: What is the national fruit of India?,Mango,The Taj Mahal,"About 8,849 meters",The cheetah,A) Mango,The mango is recognized as the national fruit of India.,General Trivia,India Facts
Which option correctly answers this: What is the largest mammal in the world?,The video game industry,The Great Barrier Reef,The blue whale,Nalanda University,C) The blue whale,"The blue whale is the largest mammal, and indeed the largest animal, known to have ever existed.",General Trivia,Amazing Facts
Quiz question: Who wrote India's national song?,Lake Kariba (on the Zambia-Zimbabwe border),Bankim Chandra Chatterjee,Andhra Pradesh,Alexander Graham Bell,B) Bankim Chandra Chatterjee,"Bankim Chandra Chatterjee wrote 'Vande Mataram', India's national song.",General Trivia,India Facts
Choose the correct answer: What is the largest coral reef system in the world?,Angel Falls (Venezuela),Archaeology,New Delhi,The Great Barrier Reef,D) The Great Barrier Reef,"The Great Barrier Reef, off the coast of Australia, is the world's largest coral reef system.",General Trivia,World Facts
Quiz question: What is the national animal of India?,Andhra Pradesh,The Great Barrier Reef,Tiger,The Nile,C) Tiger,The Bengal tiger is the national animal of India.,General Trivia,India Facts
Quiz question: What is the world's most spoken native language?,Andhra Pradesh,The blue whale,Mandarin Chinese,The Taj Mahal,C) Mandarin Chinese,Mandarin Chinese has the largest number of native speakers of any language in the world.,General Trivia,World Facts
What is the largest island in the world?,Tiger,Angel Falls (Venezuela),The video game industry,Greenland,D) Greenland,"Greenland is the largest island in the world by area, excluding continental landmasses.",General Trivia,World Facts
Choose the correct answer: Who wrote India's national anthem?,Vatican City,Mandarin Chinese,Rabindranath Tagore,The Taj Mahal,C) Rabindranath Tagore,"Rabindranath Tagore composed 'Jana Gana Mana', India's national anthem.",General Trivia,India Facts
Quiz question: Which was the first country to grant women the right to vote?,Lake Kariba (on the Zambia-Zimbabwe border),New Zealand,Mango,The video game industry,B) New Zealand,"New Zealand became the first self-governing country to grant women the right to vote, in 1893.",General Trivia,Firsts in the World
Quiz question: What is the tallest waterfall in the world?,Andhra Pradesh,Angel Falls (Venezuela),Vatican City,Archaeology,B) Angel Falls (Venezuela),"Angel Falls, located in Venezuela, is the world's tallest uninterrupted waterfall.",General Trivia,Records
Which option correctly answers this: Who wrote India's national song?,The Great Barrier Reef,"About 8,849 meters",Bankim Chandra Chatterjee,Greenland,C) Bankim Chandra Chatterjee,"Bankim Chandra Chatterjee wrote 'Vande Mataram', India's national song.",General Trivia,India Facts
"Choose the correct answer: Which Indian city hosted the first modern Commonwealth Games in India, in 2010?",New Zealand,The Mariana Trench,New Delhi,Lake Kariba (on the Zambia-Zimbabwe border),C) New Delhi,"New Delhi hosted the 2010 Commonwealth Games, the first time India hosted the event.",General Trivia,Firsts in India
Which option correctly answers this: What is the deepest known point in the world's oceans?,Angel Falls (Venezuela),The Mariana Trench,The Amazon Rainforest,US Dollar,B) The Mariana Trench,"The Mariana Trench, in the Pacific Ocean, is the deepest known point in any of Earth's oceans.",General Trivia,Records
Which planet in our Solar System is known for having the most moons among the largest planets?,Peacock,New Zealand,Saturn (closely followed by Jupiter),Japan,C) Saturn (closely followed by Jupiter),Saturn and Jupiter have the largest known number of moons among planets in our Solar System.,General Trivia,Amazing Facts
Which option correctly answers this: Which is the tallest man-made structure in the world (as of the early 2020s)?,Burj Khalifa,Lake Kariba (on the Zambia-Zimbabwe border),Nalanda University,US Dollar,A) Burj Khalifa,The Burj Khalifa in Dubai is the tallest man-made structure in the world.,General Trivia,Famous Places
What is the world's largest by-volume man-made lake or reservoir often cited in geography trivia?,Saturn (closely followed by Jupiter),Japan,Nalanda University,Lake Kariba (on the Zambia-Zimbabwe border),D) Lake Kariba (on the Zambia-Zimbabwe border),"Lake Kariba, formed by the Kariba Dam, is often cited as the world's largest reservoir by volume.",General Trivia,Records
"Quiz question: Which Indian city hosted the first modern Commonwealth Games in India, in 2010?",The video game industry,Mango,Angel Falls (Venezuela),New Delhi,D) New Delhi,"New Delhi hosted the 2010 Commonwealth Games, the first time India hosted the event.",General Trivia,Firsts in India
Quiz question: What is the national flower of India?,Lotus,Lake Kariba (on the Zambia-Zimbabwe border),Thomas Edison,The Mariana Trench,A) Lotus,"The lotus is the national flower of India, symbolizing purity.",General Trivia,India Facts
Quiz question: What is the world's largest by-volume man-made lake or reservoir often cited in geography trivia?,The Antarctic Desert,Lake Kariba (on the Zambia-Zimbabwe border),Rabindranath Tagore,Nalanda University,B) Lake Kariba (on the Zambia-Zimbabwe border),"Lake Kariba, formed by the Kariba Dam, is often cited as the world's largest reservoir by volume.",General Trivia,Records
Quiz question: Who wrote India's national song?,Archaeology,Mandarin Chinese,Bankim Chandra Chatterjee,New Delhi,C) Bankim Chandra Chatterjee,"Bankim Chandra Chatterjee wrote 'Vande Mataram', India's national song.",General Trivia,India Facts
Who wrote India's national anthem?,Saturn (closely followed by Jupiter),The video game industry,Rabindranath Tagore,Lake Kariba (on the Zambia-Zimbabwe border),C) Rabindranath Tagore,"Rabindranath Tagore composed 'Jana Gana Mana', India's national anthem.",General Trivia,India Facts
Quiz question: What is the largest island in the world?,Nalanda University,New Delhi,Greenland,Christianity,C) Greenland,"Greenland is the largest island in the world by area, excluding continental landmasses.",General Trivia,World Facts
Quiz question: Which country is known as the 'Land of the Rising Sun'?,Japan,Archaeology,Mango,Lake Kariba (on the Zambia-Zimbabwe border),A) Japan,"Japan is known as the 'Land of the Rising Sun', reflected in its name meaning origin of the sun.",General Trivia,World Facts
Which option correctly answers this: What is the deepest known point in the world's oceans?,The cheetah,The Mariana Trench,Japan,Peacock,B) The Mariana Trench,"The Mariana Trench, in the Pacific Ocean, is the deepest known point in any of Earth's oceans.",General Trivia,Records
Which was the first Indian state to be formed on a linguistic basis?,The Taj Mahal,The video game industry,Andhra Pradesh,The Nile,C) Andhra Pradesh,"Andhra Pradesh was the first state in India to be organized on a linguistic basis, formed in 1953.",General Trivia,Firsts in India
Quiz question: Which is the tallest man-made structure in the world (as of the early 2020s)?,Vatican City,Burj Khalifa,Archaeology,The Sahara Desert,B) Burj Khalifa,The Burj Khalifa in Dubai is the tallest man-made structure in the world.,General Trivia,Famous Places
Quiz question: What is the largest mammal in the world?,India,Alexander Graham Bell,The blue whale,Lake Kariba (on the Zambia-Zimbabwe border),C) The blue whale,"The blue whale is the largest mammal, and indeed the largest animal, known to have ever existed.",General Trivia,Amazing Facts
Who wrote India's national song?,Lotus,Bankim Chandra Chatterjee,Andhra Pradesh,The video game industry,B) Bankim Chandra Chatterjee,"Bankim Chandra Chatterjee wrote 'Vande Mataram', India's national song.",General Trivia,India Facts
"Quiz question: What is the highest-grossing form of entertainment industry globally often cited in trivia, alongside film?",The video game industry,The Antarctic Desert,India,New Delhi,A) The video game industry,"The global video game industry is frequently cited in trivia as a very high-grossing entertainment sector, often compared to or exceeding film.",General Trivia,Amazing Facts
What is the study of ancient artifacts and human history called?,Bankim Chandra Chatterjee,Archaeology,Alexander Graham Bell,The Sahara Desert,B) Archaeology,Archaeology is the study of human history through the excavation and analysis of artifacts and physical remains.,General Trivia,Mixed Trivia
Which is the tallest man-made structure in the world (as of the early 2020s)?,Thomas Edison,Archaeology,Burj Khalifa,India,C) Burj Khalifa,The Burj Khalifa in Dubai is the tallest man-made structure in the world.,General Trivia,Famous Places
Which option correctly answers this: What is the largest coral reef system in the world?,The Amazon Rainforest,The Sahara Desert,The Great Barrier Reef,Lake Kariba (on the Zambia-Zimbabwe border),C) The Great Barrier Reef,"The Great Barrier Reef, off the coast of Australia, is the world's largest coral reef system.",General Trivia,World Facts
Quiz question: What is the study of ancient artifacts and human history called?,Lotus,The Taj Mahal,The Amazon Rainforest,Archaeology,D) Archaeology,Archaeology is the study of human history through the excavation and analysis of artifacts and physical remains.,General Trivia,Mixed Trivia
Quiz question: Which country produces the most rice globally?,The Mariana Trench,China,India,Mandarin Chinese,B) China,China is historically the world's largest producer of rice.,General Trivia,World Facts
What is the tallest waterfall in the world?,Angel Falls (Venezuela),Saturn (closely followed by Jupiter),Archaeology,Rabindranath Tagore,A) Angel Falls (Venezuela),"Angel Falls, located in Venezuela, is the world's tallest uninterrupted waterfall.",General Trivia,Records
Which option correctly answers this: What is Mount Everest's approximate height?,India,Thomas Edison,New Zealand,"About 8,849 meters","D) About 8,849 meters","Mount Everest, the world's highest peak, stands at approximately 8,849 meters above sea level.",General Trivia,World Facts
Quiz question: What is the world's most spoken native language?,Lake Kariba (on the Zambia-Zimbabwe border),Nalanda University,Mandarin Chinese,Alexander Graham Bell,C) Mandarin Chinese,Mandarin Chinese has the largest number of native speakers of any language in the world.,General Trivia,World Facts
Quiz question: What is the currency of the United States?,China,US Dollar,New Delhi,Lake Kariba (on the Zambia-Zimbabwe border),B) US Dollar,The official currency of the United States is the US Dollar.,General Trivia,World Facts
Quiz question: What is the national fruit of India?,Bankim Chandra Chatterjee,Burj Khalifa,Mango,Alexander Graham Bell,C) Mango,The mango is recognized as the national fruit of India.,General Trivia,India Facts
Quiz question: What is the world's largest rainforest?,Thomas Edison,Peacock,The cheetah,The Amazon Rainforest,D) The Amazon Rainforest,"The Amazon Rainforest, located mainly in Brazil, is the largest tropical rainforest in the world.",General Trivia,World Facts
Which was the first Indian state to be formed on a linguistic basis?,Burj Khalifa,Andhra Pradesh,"About 8,849 meters",The Mariana Trench,B) Andhra Pradesh,"Andhra Pradesh was the first state in India to be organized on a linguistic basis, formed in 1953.",General Trivia,Firsts in India
Which option correctly answers this: Which planet in our Solar System is known for having the most moons among the largest planets?,Saturn (closely followed by Jupiter),Alexander Graham Bell,The Taj Mahal,Archaeology,A) Saturn (closely followed by Jupiter),Saturn and Jupiter have the largest known number of moons among planets in our Solar System.,General Trivia,Amazing Facts
Choose the correct answer: Which famous structure in India is one of the New Seven Wonders of the World?,Andhra Pradesh,The Antarctic Desert,Mango,The Taj Mahal,D) The Taj Mahal,"The Taj Mahal, in Agra, India, is recognized as one of the New Seven Wonders of the World.",General Trivia,Famous Places
Which option correctly answers this: What is the tallest waterfall in the world?,China,Angel Falls (Venezuela),Lake Kariba (on the Zambia-Zimbabwe border),The Mariana Trench,B) Angel Falls (Venezuela),"Angel Falls, located in Venezuela, is the world's tallest uninterrupted waterfall.",General Trivia,Records
Choose the correct answer: Who wrote India's national song?,Bankim Chandra Chatterjee,The cheetah,India,Nalanda University,A) Bankim Chandra Chatterjee,"Bankim Chandra Chatterjee wrote 'Vande Mataram', India's national song.",General Trivia,India Facts
Which option correctly answers this: What is the world's largest rainforest?,The Amazon Rainforest,The Antarctic Desert,The Sahara Desert,The cheetah,A) The Amazon Rainforest,"The Amazon Rainforest, located mainly in Brazil, is the largest tropical rainforest in the world.",General Trivia,World Facts
Which option correctly answers this: Which is the longest river in the world?,The Nile,Vatican City,US Dollar,The Taj Mahal,A) The Nile,The Nile River in Africa is generally considered the longest river in the world.,General Trivia,World Facts
Which option correctly answers this: Which was the first Indian state to be formed on a linguistic basis?,Mandarin Chinese,Lotus,Andhra Pradesh,Mango,C) Andhra Pradesh,"Andhra Pradesh was the first state in India to be organized on a linguistic basis, formed in 1953.",General Trivia,Firsts in India
What is the smallest country in the world by area?,Japan,Vatican City,The Amazon Rainforest,Burj Khalifa,B) Vatican City,Vatican City is the smallest independent country in the world by both area and population.,General Trivia,Records
Quiz question: What is the largest desert in the world?,The video game industry,The Antarctic Desert,Mandarin Chinese,Greenland,B) The Antarctic Desert,"The Antarctic Desert is technically the largest desert in the world by area, as deserts are defined by low precipitation, not just heat.",General Trivia,World Facts
Quiz question: What is the world's largest by-volume man-made lake or reservoir often cited in geography trivia?,Rabindranath Tagore,Vatican City,Andhra Pradesh,Lake Kariba (on the Zambia-Zimbabwe border),D) Lake Kariba (on the Zambia-Zimbabwe border),"Lake Kariba, formed by the Kariba Dam, is often cited as the world's largest reservoir by volume.",General Trivia,Records
Which option correctly answers this: What is the largest coral reef system in the world?,New Zealand,Archaeology,Christianity,The Great Barrier Reef,D) The Great Barrier Reef,"The Great Barrier Reef, off the coast of Australia, is the world's largest coral reef system.",General Trivia,World Facts
Which option correctly answers this: What is the national flower of India?,New Zealand,Vatican City,Burj Khalifa,Lotus,D) Lotus,"The lotus is the national flower of India, symbolizing purity.",General Trivia,India Facts
Choose the correct answer: What is the world's most spoken native language?,Mandarin Chinese,Christianity,Archaeology,New Delhi,A) Mandarin Chinese,Mandarin Chinese has the largest number of native speakers of any language in the world.,General Trivia,World Facts
Quiz question: Which is the longest river in the world?,The Nile,Tiger,The Taj Mahal,Bankim Chandra Chatterjee,A) The Nile,The Nile River in Africa is generally considered the longest river in the world.,General Trivia,World Facts
Quiz question: Which is the longest river in the world?,"About 8,849 meters",The Mariana Trench,The Nile,China,C) The Nile,The Nile River in Africa is generally considered the longest river in the world.,General Trivia,World Facts
Which option correctly answers this: What is the tallest waterfall in the world?,Lotus,US Dollar,Angel Falls (Venezuela),The blue whale,C) Angel Falls (Venezuela),"Angel Falls, located in Venezuela, is the world's tallest uninterrupted waterfall.",General Trivia,Records
Choose the correct answer: Which country produces the most rice globally?,The video game industry,China,India,Mandarin Chinese,B) China,China is historically the world's largest producer of rice.,General Trivia,World Facts
Which option correctly answers this: Which is the longest river in the world?,The Nile,US Dollar,The Sahara Desert,China,A) The Nile,The Nile River in Africa is generally considered the longest river in the world.,General Trivia,World Facts
Which option correctly answers this: Which was the first country to grant women the right to vote?,New Delhi,The Great Barrier Reef,Burj Khalifa,New Zealand,D) New Zealand,"New Zealand became the first self-governing country to grant women the right to vote, in 1893.",General Trivia,Firsts in the World
Quiz question: What is the tallest waterfall in the world?,Thomas Edison,Vatican City,Angel Falls (Venezuela),Mandarin Chinese,C) Angel Falls (Venezuela),"Angel Falls, located in Venezuela, is the world's tallest uninterrupted waterfall.",General Trivia,Records
Which option correctly answers this: Which planet in our Solar System is known for having the most moons among the largest planets?,Christianity,Saturn (closely followed by Jupiter),Lake Kariba (on the Zambia-Zimbabwe border),Nalanda University,B) Saturn (closely followed by Jupiter),Saturn and Jupiter have the largest known number of moons among planets in our Solar System.,General Trivia,Amazing Facts
Which option correctly answers this: What is the most widely practiced religion in the world by number of adherents?,Christianity,Mango,The blue whale,"About 8,849 meters",A) Christianity,Christianity is generally considered the religion with the largest number of adherents worldwide.,General Trivia,World Facts
Which option correctly answers this: What is the most widely practiced religion in the world by number of adherents?,Nalanda University,India,Christianity,The blue whale,C) Christianity,Christianity is generally considered the religion with the largest number of adherents worldwide.,General Trivia,World Facts
Which option correctly answers this: What is the tallest waterfall in the world?,New Delhi,Angel Falls (Venezuela),Rabindranath Tagore,Lotus,B) Angel Falls (Venezuela),"Angel Falls, located in Venezuela, is the world's tallest uninterrupted waterfall.",General Trivia,Records
Choose the correct answer: Which is the largest democracy in the world by population?,Andhra Pradesh,Saturn (closely followed by Jupiter),Japan,India,D) India,India is widely recognized as the world's largest democracy by population.,General Trivia,World Facts
Choose the correct answer: What is the study of ancient artifacts and human history called?,"About 8,849 meters",Archaeology,The blue whale,The Mariana Trench,B) Archaeology,Archaeology is the study of human history through the excavation and analysis of artifacts and physical remains.,General Trivia,Mixed Trivia
Which option correctly answers this: What is the fastest land animal?,Christianity,The cheetah,The Antarctic Desert,Mango,B) The cheetah,"The cheetah is the fastest land animal, capable of reaching speeds up to 100-120 km/h.",General Trivia,Amazing Facts
Which option correctly answers this: What is the national flower of India?,Alexander Graham Bell,The blue whale,Lotus,Mango,C) Lotus,"The lotus is the national flower of India, symbolizing purity.",General Trivia,India Facts
Which option correctly answers this: What is the largest island in the world?,The Nile,Greenland,Peacock,Alexander Graham Bell,B) Greenland,"Greenland is the largest island in the world by area, excluding continental landmasses.",General Trivia,World Facts
Which famous structure in India is one of the New Seven Wonders of the World?,The Taj Mahal,The cheetah,China,The blue whale,A) The Taj Mahal,"The Taj Mahal, in Agra, India, is recognized as one of the New Seven Wonders of the World.",General Trivia,Famous Places
Which option correctly answers this: What is the largest desert in the world?,US Dollar,The cheetah,The Antarctic Desert,The Taj Mahal,C) The Antarctic Desert,"The Antarctic Desert is technically the largest desert in the world by area, as deserts are defined by low precipitation, not just heat.",General Trivia,World Facts
Which option correctly answers this: Which country produces the most rice globally?,China,India,New Zealand,Burj Khalifa,A) China,China is historically the world's largest producer of rice.,General Trivia,World Facts
Quiz question: What is the smallest country in the world by area?,Peacock,Vatican City,Mango,Lake Kariba (on the Zambia-Zimbabwe border),B) Vatican City,Vatican City is the smallest independent country in the world by both area and population.,General Trivia,Records
Choose the correct answer: What is the fastest land animal?,Alexander Graham Bell,Thomas Edison,The cheetah,Lake Kariba (on the Zambia-Zimbabwe border),C) The cheetah,"The cheetah is the fastest land animal, capable of reaching speeds up to 100-120 km/h.",General Trivia,Amazing Facts
Who invented the telephone?,Lake Kariba (on the Zambia-Zimbabwe border),Archaeology,Alexander Graham Bell,Lotus,C) Alexander Graham Bell,Alexander Graham Bell is credited with inventing the first practical telephone in 1876.,General Trivia,Unusual Facts
What is the largest mammal in the world?,The blue whale,India,The video game industry,Thomas Edison,A) The blue whale,"The blue whale is the largest mammal, and indeed the largest animal, known to have ever existed.",General Trivia,Amazing Facts
Quiz question: Which planet in our Solar System is known for having the most moons among the largest planets?,The Sahara Desert,Christianity,The Taj Mahal,Saturn (closely followed by Jupiter),D) Saturn (closely followed by Jupiter),Saturn and Jupiter have the largest known number of moons among planets in our Solar System.,General Trivia,Amazing Facts
Which option correctly answers this: What is the largest island in the world?,The Antarctic Desert,Alexander Graham Bell,New Delhi,Greenland,D) Greenland,"Greenland is the largest island in the world by area, excluding continental landmasses.",General Trivia,World Facts
Quiz question: Which was the first Indian state to be formed on a linguistic basis?,China,Thomas Edison,Andhra Pradesh,India,C) Andhra Pradesh,"Andhra Pradesh was the first state in India to be organized on a linguistic basis, formed in 1953.",General Trivia,Firsts in India
Choose the correct answer: Which is the longest river in the world?,The video game industry,India,The Nile,The cheetah,C) The Nile,The Nile River in Africa is generally considered the longest river in the world.,General Trivia,World Facts
Choose the correct answer: Which was the first country to grant women the right to vote?,New Zealand,Vatican City,The Sahara Desert,Alexander Graham Bell,A) New Zealand,"New Zealand became the first self-governing country to grant women the right to vote, in 1893.",General Trivia,Firsts in the World
Quiz question: What is the smallest country in the world by area?,Vatican City,The cheetah,Thomas Edison,Angel Falls (Venezuela),A) Vatican City,Vatican City is the smallest independent country in the world by both area and population.,General Trivia,Records
Who wrote India's national anthem?,Rabindranath Tagore,Bankim Chandra Chatterjee,Peacock,Archaeology,A) Rabindranath Tagore,"Rabindranath Tagore composed 'Jana Gana Mana', India's national anthem.",General Trivia,India Facts
Which option correctly answers this: What is the world's most spoken native language?,Tiger,Rabindranath Tagore,Mandarin Chinese,The Mariana Trench,C) Mandarin Chinese,Mandarin Chinese has the largest number of native speakers of any language in the world.,General Trivia,World Facts
Quiz question: What is the smallest country in the world by area?,Vatican City,Andhra Pradesh,Saturn (closely followed by Jupiter),Mandarin Chinese,A) Vatican City,Vatican City is the smallest independent country in the world by both area and population.,General Trivia,Records
Which country is known as the 'Land of the Rising Sun'?,Japan,Greenland,The Antarctic Desert,Angel Falls (Venezuela),A) Japan,"Japan is known as the 'Land of the Rising Sun', reflected in its name meaning origin of the sun.",General Trivia,World Facts
Quiz question: What is the national bird of India?,Peacock,Bankim Chandra Chatterjee,Greenland,The Great Barrier Reef,A) Peacock,"The peacock is the national bird of India, known for its colorful plumage.",General Trivia,India Facts
Quiz question: Which was the first country to grant women the right to vote?,Tiger,Mandarin Chinese,Lake Kariba (on the Zambia-Zimbabwe border),New Zealand,D) New Zealand,"New Zealand became the first self-governing country to grant women the right to vote, in 1893.",General Trivia,Firsts in the World
Quiz question: Who invented the telephone?,The Amazon Rainforest,Thomas Edison,Lotus,Alexander Graham Bell,D) Alexander Graham Bell,Alexander Graham Bell is credited with inventing the first practical telephone in 1876.,General Trivia,Unusual Facts
Choose the correct answer: What is the largest mammal in the world?,The Sahara Desert,Peacock,New Zealand,The blue whale,D) The blue whale,"The blue whale is the largest mammal, and indeed the largest animal, known to have ever existed.",General Trivia,Amazing Facts
Choose the correct answer: Which is the tallest man-made structure in the world (as of the early 2020s)?,Thomas Edison,Tiger,Burj Khalifa,India,C) Burj Khalifa,The Burj Khalifa in Dubai is the tallest man-made structure in the world.,General Trivia,Famous Places
Quiz question: Which famous structure in India is one of the New Seven Wonders of the World?,The blue whale,The Taj Mahal,Japan,Burj Khalifa,B) The Taj Mahal,"The Taj Mahal, in Agra, India, is recognized as one of the New Seven Wonders of the World.",General Trivia,Famous Places
Which option correctly answers this: What is the study of ancient artifacts and human history called?,Alexander Graham Bell,The Nile,Archaeology,India,C) Archaeology,Archaeology is the study of human history through the excavation and analysis of artifacts and physical remains.,General Trivia,Mixed Trivia
What is the national bird of India?,Alexander Graham Bell,Peacock,The Taj Mahal,Thomas Edison,B) Peacock,"The peacock is the national bird of India, known for its colorful plumage.",General Trivia,India Facts
Which planet in our Solar System is known for having the most moons among the largest planets?,Bankim Chandra Chatterjee,The video game industry,Greenland,Saturn (closely followed by Jupiter),D) Saturn (closely followed by Jupiter),Saturn and Jupiter have the largest known number of moons among planets in our Solar System.,General Trivia,Amazing Facts
Which option correctly answers this: What is the world's largest rainforest?,Nalanda University,Rabindranath Tagore,The Amazon Rainforest,Tiger,C) The Amazon Rainforest,"The Amazon Rainforest, located mainly in Brazil, is the largest tropical rainforest in the world.",General Trivia,World Facts
Which option correctly answers this: Which famous structure in India is one of the New Seven Wonders of the World?,The Taj Mahal,Japan,New Zealand,The blue whale,A) The Taj Mahal,"The Taj Mahal, in Agra, India, is recognized as one of the New Seven Wonders of the World.",General Trivia,Famous Places
"Quiz question: Which is considered one of the world's earliest centers of higher learning, located in ancient India?",New Zealand,Nalanda University,Christianity,Angel Falls (Venezuela),B) Nalanda University,"Nalanda University in ancient India, established around the 5th century CE, is considered one of the world's earliest centers of higher learning.",General Trivia,Firsts in the World
"Quiz question: What is the highest-grossing form of entertainment industry globally often cited in trivia, alongside film?",The Nile,The video game industry,Bankim Chandra Chatterjee,Christianity,B) The video game industry,"The global video game industry is frequently cited in trivia as a very high-grossing entertainment sector, often compared to or exceeding film.",General Trivia,Amazing Facts
What is the world's largest by-volume man-made lake or reservoir often cited in geography trivia?,Lake Kariba (on the Zambia-Zimbabwe border),The Sahara Desert,US Dollar,Saturn (closely followed by Jupiter),A) Lake Kariba (on the Zambia-Zimbabwe border),"Lake Kariba, formed by the Kariba Dam, is often cited as the world's largest reservoir by volume.",General Trivia,Records
Quiz question: What is the world's largest by-volume man-made lake or reservoir often cited in geography trivia?,The blue whale,Japan,The Taj Mahal,Lake Kariba (on the Zambia-Zimbabwe border),D) Lake Kariba (on the Zambia-Zimbabwe border),"Lake Kariba, formed by the Kariba Dam, is often cited as the world's largest reservoir by volume.",General Trivia,Records
What is the deepest known point in the world's oceans?,Lake Kariba (on the Zambia-Zimbabwe border),The Mariana Trench,The cheetah,New Zealand,B) The Mariana Trench,"The Mariana Trench, in the Pacific Ocean, is the deepest known point in any of Earth's oceans.",General Trivia,Records
What is the world's largest by-volume man-made lake or reservoir often cited in geography trivia?,Lake Kariba (on the Zambia-Zimbabwe border),Tiger,New Delhi,Archaeology,A) Lake Kariba (on the Zambia-Zimbabwe border),"Lake Kariba, formed by the Kariba Dam, is often cited as the world's largest reservoir by volume.",General Trivia,Records
Quiz question: Which country produces the most rice globally?,China,Bankim Chandra Chatterjee,Archaeology,The Sahara Desert,A) China,China is historically the world's largest producer of rice.,General Trivia,World Facts
Quiz question: What is the most widely practiced religion in the world by number of adherents?,Alexander Graham Bell,Christianity,India,US Dollar,B) Christianity,Christianity is generally considered the religion with the largest number of adherents worldwide.,General Trivia,World Facts
Quiz question: What is Mount Everest's approximate height?,"About 8,849 meters",US Dollar,Angel Falls (Venezuela),Rabindranath Tagore,"A) About 8,849 meters","Mount Everest, the world's highest peak, stands at approximately 8,849 meters above sea level.",General Trivia,World Facts
Quiz question: Which is the tallest man-made structure in the world (as of the early 2020s)?,Japan,The cheetah,The Nile,Burj Khalifa,D) Burj Khalifa,The Burj Khalifa in Dubai is the tallest man-made structure in the world.,General Trivia,Famous Places
Choose the correct answer: What is the smallest country in the world by area?,Thomas Edison,Lake Kariba (on the Zambia-Zimbabwe border),Vatican City,Alexander Graham Bell,C) Vatican City,Vatican City is the smallest independent country in the world by both area and population.,General Trivia,Records
Who wrote India's national song?,Lake Kariba (on the Zambia-Zimbabwe border),Alexander Graham Bell,India,Bankim Chandra Chatterjee,D) Bankim Chandra Chatterjee,"Bankim Chandra Chatterjee wrote 'Vande Mataram', India's national song.",General Trivia,India Facts
Quiz question: What is the fastest land animal?,The Great Barrier Reef,The cheetah,India,China,B) The cheetah,"The cheetah is the fastest land animal, capable of reaching speeds up to 100-120 km/h.",General Trivia,Amazing Facts
What is the deepest known point in the world's oceans?,Peacock,Lotus,Andhra Pradesh,The Mariana Trench,D) The Mariana Trench,"The Mariana Trench, in the Pacific Ocean, is the deepest known point in any of Earth's oceans.",General Trivia,Records
Choose the correct answer: What is the study of ancient artifacts and human history called?,Mango,Angel Falls (Venezuela),Archaeology,Vatican City,C) Archaeology,Archaeology is the study of human history through the excavation and analysis of artifacts and physical remains.,General Trivia,Mixed Trivia
Choose the correct answer: Which famous structure in India is one of the New Seven Wonders of the World?,New Delhi,The Taj Mahal,US Dollar,Thomas Edison,B) The Taj Mahal,"The Taj Mahal, in Agra, India, is recognized as one of the New Seven Wonders of the World.",General Trivia,Famous Places
Which option correctly answers this: What is the smallest country in the world by area?,New Delhi,The Amazon Rainforest,Rabindranath Tagore,Vatican City,D) Vatican City,Vatican City is the smallest independent country in the world by both area and population.,General Trivia,Records
Which option correctly answers this: Which is the largest hot desert in the world?,Archaeology,The Amazon Rainforest,Vatican City,The Sahara Desert,D) The Sahara Desert,The Sahara Desert in Africa is the largest hot desert in the world.,General Trivia,World Facts
Which option correctly answers this: Which is the largest democracy in the world by population?,India,Rabindranath Tagore,The Antarctic Desert,Tiger,A) India,India is widely recognized as the world's largest democracy by population.,General Trivia,World Facts
Choose the correct answer: Who wrote India's national song?,Bankim Chandra Chatterjee,The Great Barrier Reef,US Dollar,"About 8,849 meters",A) Bankim Chandra Chatterjee,"Bankim Chandra Chatterjee wrote 'Vande Mataram', India's national song.",General Trivia,India Facts
Quiz question: Which country produces the most rice globally?,Mandarin Chinese,Japan,China,New Delhi,C) China,China is historically the world's largest producer of rice.,General Trivia,World Facts
Choose the correct answer: What is the fastest land animal?,Archaeology,The cheetah,The blue whale,"About 8,849 meters",B) The cheetah,"The cheetah is the fastest land animal, capable of reaching speeds up to 100-120 km/h.",General Trivia,Amazing Facts
Which option correctly answers this: What is Mount Everest's approximate height?,Peacock,Japan,"About 8,849 meters",New Zealand,"C) About 8,849 meters","Mount Everest, the world's highest peak, stands at approximately 8,849 meters above sea level.",General Trivia,World Facts
Which option correctly answers this: Who wrote India's national anthem?,Rabindranath Tagore,Saturn (closely followed by Jupiter),The Nile,Lotus,A) Rabindranath Tagore,"Rabindranath Tagore composed 'Jana Gana Mana', India's national anthem.",General Trivia,India Facts
Choose the correct answer: What is the national bird of India?,Lotus,Peacock,The Sahara Desert,The Nile,B) Peacock,"The peacock is the national bird of India, known for its colorful plumage.",General Trivia,India Facts
Which option correctly answers this: What is the smallest country in the world by area?,Rabindranath Tagore,Thomas Edison,Vatican City,Greenland,C) Vatican City,Vatican City is the smallest independent country in the world by both area and population.,General Trivia,Records
"Who invented the light bulb (as a practical, commercially viable design)?",The Sahara Desert,Lake Kariba (on the Zambia-Zimbabwe border),The video game industry,Thomas Edison,D) Thomas Edison,"Thomas Edison developed a practical, long-lasting incandescent light bulb in 1879.",General Trivia,Unusual Facts
What is the smallest country in the world by area?,Angel Falls (Venezuela),Vatican City,The Nile,"About 8,849 meters",B) Vatican City,Vatican City is the smallest independent country in the world by both area and population.,General Trivia,Records
Quiz question: Which was the first country to grant women the right to vote?,The Great Barrier Reef,Mango,The video game industry,New Zealand,D) New Zealand,"New Zealand became the first self-governing country to grant women the right to vote, in 1893.",General Trivia,Firsts in the World
What is the world's largest rainforest?,"About 8,849 meters",Thomas Edison,The Amazon Rainforest,The Antarctic Desert,C) The Amazon Rainforest,"The Amazon Rainforest, located mainly in Brazil, is the largest tropical rainforest in the world.",General Trivia,World Facts
What is the tallest waterfall in the world?,Angel Falls (Venezuela),The Antarctic Desert,Bankim Chandra Chatterjee,The Sahara Desert,A) Angel Falls (Venezuela),"Angel Falls, located in Venezuela, is the world's tallest uninterrupted waterfall.",General Trivia,Records
What is the largest coral reef system in the world?,The Great Barrier Reef,Christianity,The Taj Mahal,The Amazon Rainforest,A) The Great Barrier Reef,"The Great Barrier Reef, off the coast of Australia, is the world's largest coral reef system.",General Trivia,World Facts
Choose the correct answer: What is the world's most spoken native language?,The Mariana Trench,The Amazon Rainforest,The Sahara Desert,Mandarin Chinese,D) Mandarin Chinese,Mandarin Chinese has the largest number of native speakers of any language in the world.,General Trivia,World Facts
Choose the correct answer: What is Mount Everest's approximate height?,Archaeology,The Antarctic Desert,New Delhi,"About 8,849 meters","D) About 8,849 meters","Mount Everest, the world's highest peak, stands at approximately 8,849 meters above sea level.",General Trivia,World Facts
Choose the correct answer: What is the deepest known point in the world's oceans?,The Mariana Trench,Christianity,Bankim Chandra Chatterjee,Mandarin Chinese,A) The Mariana Trench,"The Mariana Trench, in the Pacific Ocean, is the deepest known point in any of Earth's oceans.",General Trivia,Records
Quiz question: Which famous structure in India is one of the New Seven Wonders of the World?,China,The Taj Mahal,New Zealand,The cheetah,B) The Taj Mahal,"The Taj Mahal, in Agra, India, is recognized as one of the New Seven Wonders of the World.",General Trivia,Famous Places
Which is the largest democracy in the world by population?,Rabindranath Tagore,Alexander Graham Bell,India,The Nile,C) India,India is widely recognized as the world's largest democracy by population.,General Trivia,World Facts
Quiz question: What is the largest coral reef system in the world?,The Great Barrier Reef,New Delhi,Vatican City,Burj Khalifa,A) The Great Barrier Reef,"The Great Barrier Reef, off the coast of Australia, is the world's largest coral reef system.",General Trivia,World Facts
Which option correctly answers this: What is the national bird of India?,Lotus,India,Angel Falls (Venezuela),Peacock,D) Peacock,"The peacock is the national bird of India, known for its colorful plumage.",General Trivia,India Facts
Which option correctly answers this: What is the national animal of India?,The blue whale,Archaeology,Greenland,Tiger,D) Tiger,The Bengal tiger is the national animal of India.,General Trivia,India Facts
Which is the longest river in the world?,The Taj Mahal,Mango,The Nile,US Dollar,C) The Nile,The Nile River in Africa is generally considered the longest river in the world.,General Trivia,World Facts
Which option correctly answers this: What is the world's largest rainforest?,Mango,Greenland,The Amazon Rainforest,US Dollar,C) The Amazon Rainforest,"The Amazon Rainforest, located mainly in Brazil, is the largest tropical rainforest in the world.",General Trivia,World Facts
Which was the first Indian state to be formed on a linguistic basis?,Rabindranath Tagore,Christianity,Andhra Pradesh,The Mariana Trench,C) Andhra Pradesh,"Andhra Pradesh was the first state in India to be organized on a linguistic basis, formed in 1953.",General Trivia,Firsts in India
Quiz question: Which is the tallest man-made structure in the world (as of the early 2020s)?,Burj Khalifa,Vatican City,Thomas Edison,Christianity,A) Burj Khalifa,The Burj Khalifa in Dubai is the tallest man-made structure in the world.,General Trivia,Famous Places
Quiz question: What is the study of ancient artifacts and human history called?,Vatican City,Christianity,Archaeology,India,C) Archaeology,Archaeology is the study of human history through the excavation and analysis of artifacts and physical remains.,General Trivia,Mixed Trivia
Choose the correct answer: What is the currency of the United States?,The Mariana Trench,Bankim Chandra Chatterjee,The Amazon Rainforest,US Dollar,D) US Dollar,The official currency of the United States is the US Dollar.,General Trivia,World Facts
Choose the correct answer: What is the national bird of India?,The cheetah,The Taj Mahal,New Delhi,Peacock,D) Peacock,"The peacock is the national bird of India, known for its colorful plumage.",General Trivia,India Facts
Which option correctly answers this: What is the study of ancient artifacts and human history called?,The Antarctic Desert,Archaeology,The cheetah,The Amazon Rainforest,B) Archaeology,Archaeology is the study of human history through the excavation and analysis of artifacts and physical remains.,General Trivia,Mixed Trivia
"Quiz question: What is the highest-grossing form of entertainment industry globally often cited in trivia, alongside film?",The video game industry,The Mariana Trench,Saturn (closely followed by Jupiter),Lotus,A) The video game industry,"The global video game industry is frequently cited in trivia as a very high-grossing entertainment sector, often compared to or exceeding film.",General Trivia,Amazing Facts
Choose the correct answer: What is the smallest country in the world by area?,"About 8,849 meters",Vatican City,Japan,China,B) Vatican City,Vatican City is the smallest independent country in the world by both area and population.,General Trivia,Records
Quiz question: What is the national animal of India?,Tiger,The cheetah,The Sahara Desert,Burj Khalifa,A) Tiger,The Bengal tiger is the national animal of India.,General Trivia,India Facts
Quiz question: Who invented the telephone?,Alexander Graham Bell,The cheetah,Thomas Edison,US Dollar,A) Alexander Graham Bell,Alexander Graham Bell is credited with inventing the first practical telephone in 1876.,General Trivia,Unusual Facts
Choose the correct answer: Which was the first Indian state to be formed on a linguistic basis?,Andhra Pradesh,Thomas Edison,"About 8,849 meters",Lake Kariba (on the Zambia-Zimbabwe border),A) Andhra Pradesh,"Andhra Pradesh was the first state in India to be organized on a linguistic basis, formed in 1953.",General Trivia,Firsts in India
Which option correctly answers this: Who invented the telephone?,US Dollar,The Amazon Rainforest,Alexander Graham Bell,India,C) Alexander Graham Bell,Alexander Graham Bell is credited with inventing the first practical telephone in 1876.,General Trivia,Unusual Facts
Choose the correct answer: What is the national animal of India?,Tiger,The blue whale,Japan,Archaeology,A) Tiger,The Bengal tiger is the national animal of India.,General Trivia,India Facts
Choose the correct answer: What is the largest mammal in the world?,The blue whale,Saturn (closely followed by Jupiter),Mandarin Chinese,Peacock,A) The blue whale,"The blue whale is the largest mammal, and indeed the largest animal, known to have ever existed.",General Trivia,Amazing Facts
Quiz question: Which country is known as the 'Land of the Rising Sun'?,The Nile,The Sahara Desert,Japan,Greenland,C) Japan,"Japan is known as the 'Land of the Rising Sun', reflected in its name meaning origin of the sun.",General Trivia,World Facts
Quiz question: Who wrote India's national anthem?,Nalanda University,The Great Barrier Reef,Rabindranath Tagore,Bankim Chandra Chatterjee,C) Rabindranath Tagore,"Rabindranath Tagore composed 'Jana Gana Mana', India's national anthem.",General Trivia,India Facts
Quiz question: Which country is known as the 'Land of the Rising Sun'?,Thomas Edison,Japan,The Mariana Trench,New Delhi,B) Japan,"Japan is known as the 'Land of the Rising Sun', reflected in its name meaning origin of the sun.",General Trivia,World Facts
What is the tallest waterfall in the world?,Burj Khalifa,Vatican City,Angel Falls (Venezuela),Bankim Chandra Chatterjee,C) Angel Falls (Venezuela),"Angel Falls, located in Venezuela, is the world's tallest uninterrupted waterfall.",General Trivia,Records
Quiz question: What is the largest island in the world?,Mandarin Chinese,Mango,US Dollar,Greenland,D) Greenland,"Greenland is the largest island in the world by area, excluding continental landmasses.",General Trivia,World Facts
"Quiz question: Who invented the light bulb (as a practical, commercially viable design)?",US Dollar,Mango,Thomas Edison,Angel Falls (Venezuela),C) Thomas Edison,"Thomas Edison developed a practical, long-lasting incandescent light bulb in 1879.",General Trivia,Unusual Facts
Quiz question: What is the national flower of India?,Mango,The Sahara Desert,The Mariana Trench,Lotus,D) Lotus,"The lotus is the national flower of India, symbolizing purity.",General Trivia,India Facts
What is the largest mammal in the world?,The blue whale,Andhra Pradesh,Thomas Edison,Angel Falls (Venezuela),A) The blue whale,"The blue whale is the largest mammal, and indeed the largest animal, known to have ever existed.",General Trivia,Amazing Facts
"Who invented the light bulb (as a practical, commercially viable design)?",Peacock,Vatican City,Thomas Edison,Tiger,C) Thomas Edison,"Thomas Edison developed a practical, long-lasting incandescent light bulb in 1879.",General Trivia,Unusual Facts
Quiz question: Which was the first Indian state to be formed on a linguistic basis?,The Nile,Andhra Pradesh,Bankim Chandra Chatterjee,The Taj Mahal,B) Andhra Pradesh,"Andhra Pradesh was the first state in India to be organized on a linguistic basis, formed in 1953.",General Trivia,Firsts in India
Which option correctly answers this: What is the deepest known point in the world's oceans?,The blue whale,Thomas Edison,The Mariana Trench,Archaeology,C) The Mariana Trench,"The Mariana Trench, in the Pacific Ocean, is the deepest known point in any of Earth's oceans.",General Trivia,Records
Quiz question: Which famous structure in India is one of the New Seven Wonders of the World?,The Taj Mahal,Andhra Pradesh,Burj Khalifa,The Nile,A) The Taj Mahal,"The Taj Mahal, in Agra, India, is recognized as one of the New Seven Wonders of the World.",General Trivia,Famous Places
"Choose the correct answer: Which Indian city hosted the first modern Commonwealth Games in India, in 2010?",New Delhi,India,Alexander Graham Bell,The Antarctic Desert,A) New Delhi,"New Delhi hosted the 2010 Commonwealth Games, the first time India hosted the event.",General Trivia,Firsts in India
Which option correctly answers this: Which is the largest democracy in the world by population?,New Zealand,India,"About 8,849 meters",Saturn (closely followed by Jupiter),B) India,India is widely recognized as the world's largest democracy by population.,General Trivia,World Facts
Quiz question: Which country is known as the 'Land of the Rising Sun'?,The blue whale,Japan,The Nile,"About 8,849 meters",B) Japan,"Japan is known as the 'Land of the Rising Sun', reflected in its name meaning origin of the sun.",General Trivia,World Facts
Choose the correct answer: Which is the largest hot desert in the world?,Andhra Pradesh,Peacock,The Sahara Desert,Mango,C) The Sahara Desert,The Sahara Desert in Africa is the largest hot desert in the world.,General Trivia,World Facts
Choose the correct answer: Who wrote India's national anthem?,The Taj Mahal,Angel Falls (Venezuela),The Antarctic Desert,Rabindranath Tagore,D) Rabindranath Tagore,"Rabindranath Tagore composed 'Jana Gana Mana', India's national anthem.",General Trivia,India Facts
Which option correctly answers this: What is the world's most spoken native language?,Andhra Pradesh,Mandarin Chinese,Burj Khalifa,Mango,B) Mandarin Chinese,Mandarin Chinese has the largest number of native speakers of any language in the world.,General Trivia,World Facts
Quiz question: Who invented the telephone?,Alexander Graham Bell,"About 8,849 meters",Nalanda University,The Nile,A) Alexander Graham Bell,Alexander Graham Bell is credited with inventing the first practical telephone in 1876.,General Trivia,Unusual Facts
Quiz question: Which is the tallest man-made structure in the world (as of the early 2020s)?,Burj Khalifa,Rabindranath Tagore,Mandarin Chinese,The Taj Mahal,A) Burj Khalifa,The Burj Khalifa in Dubai is the tallest man-made structure in the world.,General Trivia,Famous Places
Quiz question: What is Mount Everest's approximate height?,The Taj Mahal,The Mariana Trench,Lake Kariba (on the Zambia-Zimbabwe border),"About 8,849 meters","D) About 8,849 meters","Mount Everest, the world's highest peak, stands at approximately 8,849 meters above sea level.",General Trivia,World Facts
Which country is known as the 'Land of the Rising Sun'?,The cheetah,Christianity,The Great Barrier Reef,Japan,D) Japan,"Japan is known as the 'Land of the Rising Sun', reflected in its name meaning origin of the sun.",General Trivia,World Facts
Choose the correct answer: What is the national flower of India?,Bankim Chandra Chatterjee,Lotus,Mandarin Chinese,Tiger,B) Lotus,"The lotus is the national flower of India, symbolizing purity.",General Trivia,India Facts
Which planet in our Solar System is known for having the most moons among the largest planets?,Alexander Graham Bell,The video game industry,Saturn (closely followed by Jupiter),"About 8,849 meters",C) Saturn (closely followed by Jupiter),Saturn and Jupiter have the largest known number of moons among planets in our Solar System.,General Trivia,Amazing Facts
Quiz question: What is the largest island in the world?,Greenland,Angel Falls (Venezuela),Mango,Japan,A) Greenland,"Greenland is the largest island in the world by area, excluding continental landmasses.",General Trivia,World Facts
Choose the correct answer: What is the national fruit of India?,The cheetah,Mango,Greenland,Angel Falls (Venezuela),B) Mango,The mango is recognized as the national fruit of India.,General Trivia,India Facts
"Quiz question: Who invented the light bulb (as a practical, commercially viable design)?",The Amazon Rainforest,Thomas Edison,The video game industry,The Antarctic Desert,B) Thomas Edison,"Thomas Edison developed a practical, long-lasting incandescent light bulb in 1879.",General Trivia,Unusual Facts
Choose the correct answer: What is the smallest country in the world by area?,New Zealand,The blue whale,Nalanda University,Vatican City,D) Vatican City,Vatican City is the smallest independent country in the world by both area and population.,General Trivia,Records
"Which is considered one of the world's earliest centers of higher learning, located in ancient India?",The Nile,Mango,The Antarctic Desert,Nalanda University,D) Nalanda University,"Nalanda University in ancient India, established around the 5th century CE, is considered one of the world's earliest centers of higher learning.",General Trivia,Firsts in the World
Choose the correct answer: What is the national flower of India?,The Mariana Trench,Thomas Edison,China,Lotus,D) Lotus,"The lotus is the national flower of India, symbolizing purity.",General Trivia,India Facts
Choose the correct answer: What is the world's largest rainforest?,Alexander Graham Bell,The Amazon Rainforest,Lotus,Mango,B) The Amazon Rainforest,"The Amazon Rainforest, located mainly in Brazil, is the largest tropical rainforest in the world.",General Trivia,World Facts
Quiz question: Which country is known as the 'Land of the Rising Sun'?,The Taj Mahal,Nalanda University,Japan,Saturn (closely followed by Jupiter),C) Japan,"Japan is known as the 'Land of the Rising Sun', reflected in its name meaning origin of the sun.",General Trivia,World Facts
Who invented the telephone?,Alexander Graham Bell,Lake Kariba (on the Zambia-Zimbabwe border),Rabindranath Tagore,Andhra Pradesh,A) Alexander Graham Bell,Alexander Graham Bell is credited with inventing the first practical telephone in 1876.,General Trivia,Unusual Facts
What is the largest mammal in the world?,Mango,The blue whale,The video game industry,The Antarctic Desert,B) The blue whale,"The blue whale is the largest mammal, and indeed the largest animal, known to have ever existed.",General Trivia,Amazing Facts
Which option correctly answers this: Which was the first country to grant women the right to vote?,The Antarctic Desert,Saturn (closely followed by Jupiter),New Zealand,The cheetah,C) New Zealand,"New Zealand became the first self-governing country to grant women the right to vote, in 1893.",General Trivia,Firsts in the World
Choose the correct answer: What is the fastest land animal?,The video game industry,The Great Barrier Reef,The cheetah,Bankim Chandra Chatterjee,C) The cheetah,"The cheetah is the fastest land animal, capable of reaching speeds up to 100-120 km/h.",General Trivia,Amazing Facts
Quiz question: Which was the first country to grant women the right to vote?,India,New Zealand,Alexander Graham Bell,Tiger,B) New Zealand,"New Zealand became the first self-governing country to grant women the right to vote, in 1893.",General Trivia,Firsts in the World
Which option correctly answers this: Which famous structure in India is one of the New Seven Wonders of the World?,The Taj Mahal,The video game industry,US Dollar,Andhra Pradesh,A) The Taj Mahal,"The Taj Mahal, in Agra, India, is recognized as one of the New Seven Wonders of the World.",General Trivia,Famous Places
Choose the correct answer: What is the national fruit of India?,Mango,The Sahara Desert,India,US Dollar,A) Mango,The mango is recognized as the national fruit of India.,General Trivia,India Facts
Choose the correct answer: What is the world's most spoken native language?,"About 8,849 meters",Mandarin Chinese,Rabindranath Tagore,US Dollar,B) Mandarin Chinese,Mandarin Chinese has the largest number of native speakers of any language in the world.,General Trivia,World Facts
Which option correctly answers this: What is the largest coral reef system in the world?,Nalanda University,Thomas Edison,The Great Barrier Reef,Bankim Chandra Chatterjee,C) The Great Barrier Reef,"The Great Barrier Reef, off the coast of Australia, is the world's largest coral reef system.",General Trivia,World Facts
Choose the correct answer: What is the tallest waterfall in the world?,Angel Falls (Venezuela),The cheetah,New Delhi,Greenland,A) Angel Falls (Venezuela),"Angel Falls, located in Venezuela, is the world's tallest uninterrupted waterfall.",General Trivia,Records
Quiz question: What is the national bird of India?,Lotus,The Great Barrier Reef,The Nile,Peacock,D) Peacock,"The peacock is the national bird of India, known for its colorful plumage.",General Trivia,India Facts
Which option correctly answers this: Who wrote India's national song?,Peacock,Bankim Chandra Chatterjee,Lake Kariba (on the Zambia-Zimbabwe border),The Antarctic Desert,B) Bankim Chandra Chatterjee,"Bankim Chandra Chatterjee wrote 'Vande Mataram', India's national song.",General Trivia,India Facts
Choose the correct answer: What is Mount Everest's approximate height?,The video game industry,"About 8,849 meters",Archaeology,New Delhi,"B) About 8,849 meters","Mount Everest, the world's highest peak, stands at approximately 8,849 meters above sea level.",General Trivia,World Facts
What is the national bird of India?,US Dollar,Mandarin Chinese,Archaeology,Peacock,D) Peacock,"The peacock is the national bird of India, known for its colorful plumage.",General Trivia,India Facts
Quiz question: What is the world's largest rainforest?,The Amazon Rainforest,Andhra Pradesh,Saturn (closely followed by Jupiter),Mango,A) The Amazon Rainforest,"The Amazon Rainforest, located mainly in Brazil, is the largest tropical rainforest in the world.",General Trivia,World Facts
Quiz question: Which planet in our Solar System is known for having the most moons among the largest planets?,Saturn (closely followed by Jupiter),New Delhi,India,Greenland,A) Saturn (closely followed by Jupiter),Saturn and Jupiter have the largest known number of moons among planets in our Solar System.,General Trivia,Amazing Facts
What is the fastest land animal?,Mandarin Chinese,The cheetah,The video game industry,Andhra Pradesh,B) The cheetah,"The cheetah is the fastest land animal, capable of reaching speeds up to 100-120 km/h.",General Trivia,Amazing Facts
Which option correctly answers this: What is the world's most spoken native language?,Mandarin Chinese,Mango,New Zealand,New Delhi,A) Mandarin Chinese,Mandarin Chinese has the largest number of native speakers of any language in the world.,General Trivia,World Facts
What is the tallest waterfall in the world?,Lotus,Angel Falls (Venezuela),The Nile,The Taj Mahal,B) Angel Falls (Venezuela),"Angel Falls, located in Venezuela, is the world's tallest uninterrupted waterfall.",General Trivia,Records
Choose the correct answer: Which is the tallest man-made structure in the world (as of the early 2020s)?,The blue whale,Burj Khalifa,New Delhi,Christianity,B) Burj Khalifa,The Burj Khalifa in Dubai is the tallest man-made structure in the world.,General Trivia,Famous Places
Choose the correct answer: Which planet in our Solar System is known for having the most moons among the largest planets?,Saturn (closely followed by Jupiter),Burj Khalifa,Bankim Chandra Chatterjee,The Great Barrier Reef,A) Saturn (closely followed by Jupiter),Saturn and Jupiter have the largest known number of moons among planets in our Solar System.,General Trivia,Amazing Facts
Quiz question: What is the world's most spoken native language?,Peacock,US Dollar,Mandarin Chinese,The Mariana Trench,C) Mandarin Chinese,Mandarin Chinese has the largest number of native speakers of any language in the world.,General Trivia,World Facts
What is the largest island in the world?,The Taj Mahal,China,Mango,Greenland,D) Greenland,"Greenland is the largest island in the world by area, excluding continental landmasses.",General Trivia,World Facts
Which was the first Indian state to be formed on a linguistic basis?,Archaeology,Vatican City,Rabindranath Tagore,Andhra Pradesh,D) Andhra Pradesh,"Andhra Pradesh was the first state in India to be organized on a linguistic basis, formed in 1953.",General Trivia,Firsts in India
Which country produces the most rice globally?,The Mariana Trench,China,"About 8,849 meters",Vatican City,B) China,China is historically the world's largest producer of rice.,General Trivia,World Facts
Which option correctly answers this: Which is the largest hot desert in the world?,India,Nalanda University,The Sahara Desert,Greenland,C) The Sahara Desert,The Sahara Desert in Africa is the largest hot desert in the world.,General Trivia,World Facts
Quiz question: Which planet in our Solar System is known for having the most moons among the largest planets?,Saturn (closely followed by Jupiter),New Zealand,China,Thomas Edison,A) Saturn (closely followed by Jupiter),Saturn and Jupiter have the largest known number of moons among planets in our Solar System.,General Trivia,Amazing Facts
What is the tallest waterfall in the world?,Lake Kariba (on the Zambia-Zimbabwe border),Angel Falls (Venezuela),Rabindranath Tagore,"About 8,849 meters",B) Angel Falls (Venezuela),"Angel Falls, located in Venezuela, is the world's tallest uninterrupted waterfall.",General Trivia,Records
Choose the correct answer: Which was the first Indian state to be formed on a linguistic basis?,Alexander Graham Bell,The Nile,Nalanda University,Andhra Pradesh,D) Andhra Pradesh,"Andhra Pradesh was the first state in India to be organized on a linguistic basis, formed in 1953.",General Trivia,Firsts in India
"Choose the correct answer: What is the highest-grossing form of entertainment industry globally often cited in trivia, alongside film?",Bankim Chandra Chatterjee,The video game industry,Vatican City,New Zealand,B) The video game industry,"The global video game industry is frequently cited in trivia as a very high-grossing entertainment sector, often compared to or exceeding film.",General Trivia,Amazing Facts
Quiz question: Who wrote India's national song?,"About 8,849 meters",Lotus,Bankim Chandra Chatterjee,Tiger,C) Bankim Chandra Chatterjee,"Bankim Chandra Chatterjee wrote 'Vande Mataram', India's national song.",General Trivia,India Facts
What is the most widely practiced religion in the world by number of adherents?,Mandarin Chinese,The cheetah,Archaeology,Christianity,D) Christianity,Christianity is generally considered the religion with the largest number of adherents worldwide.,General Trivia,World Facts
Choose the correct answer: What is the largest coral reef system in the world?,Burj Khalifa,The Nile,The blue whale,The Great Barrier Reef,D) The Great Barrier Reef,"The Great Barrier Reef, off the coast of Australia, is the world's largest coral reef system.",General Trivia,World Facts
"Choose the correct answer: Which is considered one of the world's earliest centers of higher learning, located in ancient India?",Nalanda University,Bankim Chandra Chatterjee,The blue whale,Alexander Graham Bell,A) Nalanda University,"Nalanda University in ancient India, established around the 5th century CE, is considered one of the world's earliest centers of higher learning.",General Trivia,Firsts in the World
Choose the correct answer: Who wrote India's national song?,Tiger,Bankim Chandra Chatterjee,New Delhi,Vatican City,B) Bankim Chandra Chatterjee,"Bankim Chandra Chatterjee wrote 'Vande Mataram', India's national song.",General Trivia,India Facts
Which option correctly answers this: Which famous structure in India is one of the New Seven Wonders of the World?,Mandarin Chinese,The Taj Mahal,Peacock,Bankim Chandra Chatterjee,B) The Taj Mahal,"The Taj Mahal, in Agra, India, is recognized as one of the New Seven Wonders of the World.",General Trivia,Famous Places
What is the world's largest rainforest?,The Amazon Rainforest,Andhra Pradesh,China,Mandarin Chinese,A) The Amazon Rainforest,"The Amazon Rainforest, located mainly in Brazil, is the largest tropical rainforest in the world.",General Trivia,World Facts
Which option correctly answers this: Which was the first country to grant women the right to vote?,Christianity,Angel Falls (Venezuela),The Amazon Rainforest,New Zealand,D) New Zealand,"New Zealand became the first self-governing country to grant women the right to vote, in 1893.",General Trivia,Firsts in the World
Choose the correct answer: What is Mount Everest's approximate height?,Vatican City,Saturn (closely followed by Jupiter),The Amazon Rainforest,"About 8,849 meters","D) About 8,849 meters","Mount Everest, the world's highest peak, stands at approximately 8,849 meters above sea level.",General Trivia,World Facts
Choose the correct answer: What is the currency of the United States?,Japan,US Dollar,The cheetah,Andhra Pradesh,B) US Dollar,The official currency of the United States is the US Dollar.,General Trivia,World Facts
Choose the correct answer: Which is the tallest man-made structure in the world (as of the early 2020s)?,The Sahara Desert,The Nile,Burj Khalifa,Christianity,C) Burj Khalifa,The Burj Khalifa in Dubai is the tallest man-made structure in the world.,General Trivia,Famous Places
Choose the correct answer: What is the tallest waterfall in the world?,Alexander Graham Bell,Nalanda University,Rabindranath Tagore,Angel Falls (Venezuela),D) Angel Falls (Venezuela),"Angel Falls, located in Venezuela, is the world's tallest uninterrupted waterfall.",General Trivia,Records
Choose the correct answer: Who wrote India's national anthem?,The Amazon Rainforest,Rabindranath Tagore,Mango,Bankim Chandra Chatterjee,B) Rabindranath Tagore,"Rabindranath Tagore composed 'Jana Gana Mana', India's national anthem.",General Trivia,India Facts
Choose the correct answer: What is the largest desert in the world?,Peacock,The Antarctic Desert,Thomas Edison,"About 8,849 meters",B) The Antarctic Desert,"The Antarctic Desert is technically the largest desert in the world by area, as deserts are defined by low precipitation, not just heat.",General Trivia,World Facts
Quiz question: Who wrote India's national song?,Alexander Graham Bell,The cheetah,Saturn (closely followed by Jupiter),Bankim Chandra Chatterjee,D) Bankim Chandra Chatterjee,"Bankim Chandra Chatterjee wrote 'Vande Mataram', India's national song.",General Trivia,India Facts
Quiz question: What is the national flower of India?,India,Lotus,Lake Kariba (on the Zambia-Zimbabwe border),Vatican City,B) Lotus,"The lotus is the national flower of India, symbolizing purity.",General Trivia,India Facts
Choose the correct answer: What is the most widely practiced religion in the world by number of adherents?,US Dollar,Christianity,Lake Kariba (on the Zambia-Zimbabwe border),China,B) Christianity,Christianity is generally considered the religion with the largest number of adherents worldwide.,General Trivia,World Facts
Which option correctly answers this: What is the largest desert in the world?,Christianity,The Antarctic Desert,New Delhi,Japan,B) The Antarctic Desert,"The Antarctic Desert is technically the largest desert in the world by area, as deserts are defined by low precipitation, not just heat.",General Trivia,World Facts
What is the national fruit of India?,Mandarin Chinese,Burj Khalifa,Mango,New Delhi,C) Mango,The mango is recognized as the national fruit of India.,General Trivia,India Facts
Which option correctly answers this: What is the largest island in the world?,Greenland,The video game industry,Nalanda University,Rabindranath Tagore,A) Greenland,"Greenland is the largest island in the world by area, excluding continental landmasses.",General Trivia,World Facts
"Choose the correct answer: Which is considered one of the world's earliest centers of higher learning, located in ancient India?",China,Japan,Nalanda University,Mango,C) Nalanda University,"Nalanda University in ancient India, established around the 5th century CE, is considered one of the world's earliest centers of higher learning.",General Trivia,Firsts in the World
Which option correctly answers this: What is Mount Everest's approximate height?,Vatican City,"About 8,849 meters",Andhra Pradesh,Alexander Graham Bell,"B) About 8,849 meters","Mount Everest, the world's highest peak, stands at approximately 8,849 meters above sea level.",General Trivia,World Facts
Choose the correct answer: Which was the first Indian state to be formed on a linguistic basis?,Andhra Pradesh,Christianity,"About 8,849 meters",Rabindranath Tagore,A) Andhra Pradesh,"Andhra Pradesh was the first state in India to be organized on a linguistic basis, formed in 1953.",General Trivia,Firsts in India
Which option correctly answers this: Which country is known as the 'Land of the Rising Sun'?,Peacock,The Taj Mahal,Japan,The Great Barrier Reef,C) Japan,"Japan is known as the 'Land of the Rising Sun', reflected in its name meaning origin of the sun.",General Trivia,World Facts
Choose the correct answer: What is the most widely practiced religion in the world by number of adherents?,Christianity,Tiger,Archaeology,The Antarctic Desert,A) Christianity,Christianity is generally considered the religion with the largest number of adherents worldwide.,General Trivia,World Facts
Quiz question: What is the national bird of India?,Peacock,The Taj Mahal,The Antarctic Desert,Greenland,A) Peacock,"The peacock is the national bird of India, known for its colorful plumage.",General Trivia,India Facts
"Which Indian city hosted the first modern Commonwealth Games in India, in 2010?",Nalanda University,Greenland,Christianity,New Delhi,D) New Delhi,"New Delhi hosted the 2010 Commonwealth Games, the first time India hosted the event.",General Trivia,Firsts in India
Quiz question: Which is the largest hot desert in the world?,Andhra Pradesh,The Sahara Desert,The Antarctic Desert,Peacock,B) The Sahara Desert,The Sahara Desert in Africa is the largest hot desert in the world.,General Trivia,World Facts
Which option correctly answers this: Which planet in our Solar System is known for having the most moons among the largest planets?,Mandarin Chinese,Peacock,The Great Barrier Reef,Saturn (closely followed by Jupiter),D) Saturn (closely followed by Jupiter),Saturn and Jupiter have the largest known number of moons among planets in our Solar System.,General Trivia,Amazing Facts
"Choose the correct answer: Who invented the light bulb (as a practical, commercially viable design)?","About 8,849 meters",Nalanda University,Thomas Edison,China,C) Thomas Edison,"Thomas Edison developed a practical, long-lasting incandescent light bulb in 1879.",General Trivia,Unusual Facts
Which was the first country to grant women the right to vote?,The Taj Mahal,New Zealand,Alexander Graham Bell,"About 8,849 meters",B) New Zealand,"New Zealand became the first self-governing country to grant women the right to vote, in 1893.",General Trivia,Firsts in the World
"Quiz question: Who invented the light bulb (as a practical, commercially viable design)?",US Dollar,Thomas Edison,New Zealand,Angel Falls (Venezuela),B) Thomas Edison,"Thomas Edison developed a practical, long-lasting incandescent light bulb in 1879.",General Trivia,Unusual Facts
Quiz question: Who wrote India's national song?,The Taj Mahal,Bankim Chandra Chatterjee,Greenland,Lake Kariba (on the Zambia-Zimbabwe border),B) Bankim Chandra Chatterjee,"Bankim Chandra Chatterjee wrote 'Vande Mataram', India's national song.",General Trivia,India Facts
Quiz question: What is the largest coral reef system in the world?,Rabindranath Tagore,Angel Falls (Venezuela),Mandarin Chinese,The Great Barrier Reef,D) The Great Barrier Reef,"The Great Barrier Reef, off the coast of Australia, is the world's largest coral reef system.",General Trivia,World Facts
Choose the correct answer: Who wrote India's national anthem?,The Antarctic Desert,Vatican City,The video game industry,Rabindranath Tagore,D) Rabindranath Tagore,"Rabindranath Tagore composed 'Jana Gana Mana', India's national anthem.",General Trivia,India Facts
Who wrote India's national song?,The blue whale,Bankim Chandra Chatterjee,Burj Khalifa,Greenland,B) Bankim Chandra Chatterjee,"Bankim Chandra Chatterjee wrote 'Vande Mataram', India's national song.",General Trivia,India Facts
Quiz question: Which famous structure in India is one of the New Seven Wonders of the World?,Japan,The Taj Mahal,Burj Khalifa,The Great Barrier Reef,B) The Taj Mahal,"The Taj Mahal, in Agra, India, is recognized as one of the New Seven Wonders of the World.",General Trivia,Famous Places
Which planet in our Solar System is known for having the most moons among the largest planets?,Saturn (closely followed by Jupiter),The Sahara Desert,Burj Khalifa,Archaeology,A) Saturn (closely followed by Jupiter),Saturn and Jupiter have the largest known number of moons among planets in our Solar System.,General Trivia,Amazing Facts
Choose the correct answer: What is the tallest waterfall in the world?,Angel Falls (Venezuela),Christianity,China,India,A) Angel Falls (Venezuela),"Angel Falls, located in Venezuela, is the world's tallest uninterrupted waterfall.",General Trivia,Records
"Which option correctly answers this: What is the highest-grossing form of entertainment industry globally often cited in trivia, alongside film?",The Amazon Rainforest,US Dollar,"About 8,849 meters",The video game industry,D) The video game industry,"The global video game industry is frequently cited in trivia as a very high-grossing entertainment sector, often compared to or exceeding film.",General Trivia,Amazing Facts
"Which Indian city hosted the first modern Commonwealth Games in India, in 2010?",The Nile,New Delhi,US Dollar,The video game industry,B) New Delhi,"New Delhi hosted the 2010 Commonwealth Games, the first time India hosted the event.",General Trivia,Firsts in India
Quiz question: What is Mount Everest's approximate height?,Vatican City,The Great Barrier Reef,"About 8,849 meters",US Dollar,"C) About 8,849 meters","Mount Everest, the world's highest peak, stands at approximately 8,849 meters above sea level.",General Trivia,World Facts
Quiz question: What is the currency of the United States?,US Dollar,Burj Khalifa,Japan,The video game industry,A) US Dollar,The official currency of the United States is the US Dollar.,General Trivia,World Facts
Choose the correct answer: What is the national flower of India?,China,Bankim Chandra Chatterjee,Lotus,Mango,C) Lotus,"The lotus is the national flower of India, symbolizing purity.",General Trivia,India Facts
Which option correctly answers this: What is the largest mammal in the world?,The Taj Mahal,The blue whale,Peacock,Christianity,B) The blue whale,"The blue whale is the largest mammal, and indeed the largest animal, known to have ever existed.",General Trivia,Amazing Facts
Which is the largest democracy in the world by population?,Tiger,Lake Kariba (on the Zambia-Zimbabwe border),The Sahara Desert,India,D) India,India is widely recognized as the world's largest democracy by population.,General Trivia,World Facts
"Quiz question: Which Indian city hosted the first modern Commonwealth Games in India, in 2010?",China,Mandarin Chinese,The video game industry,New Delhi,D) New Delhi,"New Delhi hosted the 2010 Commonwealth Games, the first time India hosted the event.",General Trivia,Firsts in India
"Which option correctly answers this: Which Indian city hosted the first modern Commonwealth Games in India, in 2010?",Lake Kariba (on the Zambia-Zimbabwe border),Thomas Edison,New Delhi,Andhra Pradesh,C) New Delhi,"New Delhi hosted the 2010 Commonwealth Games, the first time India hosted the event.",General Trivia,Firsts in India
Choose the correct answer: Which is the largest hot desert in the world?,The video game industry,The Sahara Desert,US Dollar,Vatican City,B) The Sahara Desert,The Sahara Desert in Africa is the largest hot desert in the world.,General Trivia,World Facts
What is the study of ancient artifacts and human history called?,India,New Zealand,Burj Khalifa,Archaeology,D) Archaeology,Archaeology is the study of human history through the excavation and analysis of artifacts and physical remains.,General Trivia,Mixed Trivia
Which option correctly answers this: What is the national fruit of India?,Thomas Edison,The Nile,Mango,Christianity,C) Mango,The mango is recognized as the national fruit of India.,General Trivia,India Facts
Which option correctly answers this: Which is the longest river in the world?,The Mariana Trench,New Delhi,The Nile,Mango,C) The Nile,The Nile River in Africa is generally considered the longest river in the world.,General Trivia,World Facts
Which option correctly answers this: Who wrote India's national song?,Andhra Pradesh,Greenland,Bankim Chandra Chatterjee,Japan,C) Bankim Chandra Chatterjee,"Bankim Chandra Chatterjee wrote 'Vande Mataram', India's national song.",General Trivia,India Facts
Quiz question: What is the tallest waterfall in the world?,Angel Falls (Venezuela),Mandarin Chinese,The Mariana Trench,Lotus,A) Angel Falls (Venezuela),"Angel Falls, located in Venezuela, is the world's tallest uninterrupted waterfall.",General Trivia,Records
Choose the correct answer: What is the national animal of India?,Lotus,Angel Falls (Venezuela),The cheetah,Tiger,D) Tiger,The Bengal tiger is the national animal of India.,General Trivia,India Facts
Choose the correct answer: What is the study of ancient artifacts and human history called?,The cheetah,Saturn (closely followed by Jupiter),Archaeology,Alexander Graham Bell,C) Archaeology,Archaeology is the study of human history through the excavation and analysis of artifacts and physical remains.,General Trivia,Mixed Trivia
Which option correctly answers this: What is the national fruit of India?,Alexander Graham Bell,Mango,"About 8,849 meters",The Amazon Rainforest,B) Mango,The mango is recognized as the national fruit of India.,General Trivia,India Facts
Which option correctly answers this: What is the national bird of India?,New Zealand,Japan,China,Peacock,D) Peacock,"The peacock is the national bird of India, known for its colorful plumage.",General Trivia,India Facts
Quiz question: What is the largest mammal in the world?,The blue whale,The video game industry,The Antarctic Desert,Mandarin Chinese,A) The blue whale,"The blue whale is the largest mammal, and indeed the largest animal, known to have ever existed.",General Trivia,Amazing Facts
Quiz question: Which country is known as the 'Land of the Rising Sun'?,Angel Falls (Venezuela),The cheetah,Japan,Tiger,C) Japan,"Japan is known as the 'Land of the Rising Sun', reflected in its name meaning origin of the sun.",General Trivia,World Facts
Quiz question: What is the national fruit of India?,Mandarin Chinese,Burj Khalifa,Mango,"About 8,849 meters",C) Mango,The mango is recognized as the national fruit of India.,General Trivia,India Facts
"Quiz question: Who invented the light bulb (as a practical, commercially viable design)?",Peacock,Mango,China,Thomas Edison,D) Thomas Edison,"Thomas Edison developed a practical, long-lasting incandescent light bulb in 1879.",General Trivia,Unusual Facts
"Which is considered one of the world's earliest centers of higher learning, located in ancient India?",New Delhi,China,The Taj Mahal,Nalanda University,D) Nalanda University,"Nalanda University in ancient India, established around the 5th century CE, is considered one of the world's earliest centers of higher learning.",General Trivia,Firsts in the World
What is the fastest land animal?,"About 8,849 meters",The cheetah,Mandarin Chinese,Christianity,B) The cheetah,"The cheetah is the fastest land animal, capable of reaching speeds up to 100-120 km/h.",General Trivia,Amazing Facts
"What is the highest-grossing form of entertainment industry globally often cited in trivia, alongside film?",Angel Falls (Venezuela),India,The Great Barrier Reef,The video game industry,D) The video game industry,"The global video game industry is frequently cited in trivia as a very high-grossing entertainment sector, often compared to or exceeding film.",General Trivia,Amazing Facts
Quiz question: What is the national animal of India?,Tiger,The Antarctic Desert,Thomas Edison,Alexander Graham Bell,A) Tiger,The Bengal tiger is the national animal of India.,General Trivia,India Facts
Which option correctly answers this: Which country is known as the 'Land of the Rising Sun'?,India,Japan,The Amazon Rainforest,Lotus,B) Japan,"Japan is known as the 'Land of the Rising Sun', reflected in its name meaning origin of the sun.",General Trivia,World Facts
Which was the first Indian state to be formed on a linguistic basis?,The Amazon Rainforest,India,Bankim Chandra Chatterjee,Andhra Pradesh,D) Andhra Pradesh,"Andhra Pradesh was the first state in India to be organized on a linguistic basis, formed in 1953.",General Trivia,Firsts in India
Quiz question: What is the study of ancient artifacts and human history called?,Archaeology,Peacock,Burj Khalifa,Japan,A) Archaeology,Archaeology is the study of human history through the excavation and analysis of artifacts and physical remains.,General Trivia,Mixed Trivia
Quiz question: What is the world's largest by-volume man-made lake or reservoir often cited in geography trivia?,Thomas Edison,Lake Kariba (on the Zambia-Zimbabwe border),The Amazon Rainforest,Greenland,B) Lake Kariba (on the Zambia-Zimbabwe border),"Lake Kariba, formed by the Kariba Dam, is often cited as the world's largest reservoir by volume.",General Trivia,Records
"Choose the correct answer: Which is considered one of the world's earliest centers of higher learning, located in ancient India?","About 8,849 meters",Mandarin Chinese,Nalanda University,The Antarctic Desert,C) Nalanda University,"Nalanda University in ancient India, established around the 5th century CE, is considered one of the world's earliest centers of higher learning.",General Trivia,Firsts in the World
Quiz question: What is the national bird of India?,Thomas Edison,China,The Antarctic Desert,Peacock,D) Peacock,"The peacock is the national bird of India, known for its colorful plumage.",General Trivia,India Facts
Choose the correct answer: What is the national animal of India?,"About 8,849 meters",Burj Khalifa,The Antarctic Desert,Tiger,D) Tiger,The Bengal tiger is the national animal of India.,General Trivia,India Facts
Quiz question: What is the most widely practiced religion in the world by number of adherents?,Andhra Pradesh,Lake Kariba (on the Zambia-Zimbabwe border),Christianity,"About 8,849 meters",C) Christianity,Christianity is generally considered the religion with the largest number of adherents worldwide.,General Trivia,World Facts
Which option correctly answers this: Which is the tallest man-made structure in the world (as of the early 2020s)?,Christianity,The Sahara Desert,Burj Khalifa,New Zealand,C) Burj Khalifa,The Burj Khalifa in Dubai is the tallest man-made structure in the world.,General Trivia,Famous Places
What is the largest coral reef system in the world?,Burj Khalifa,The Great Barrier Reef,The blue whale,Peacock,B) The Great Barrier Reef,"The Great Barrier Reef, off the coast of Australia, is the world's largest coral reef system.",General Trivia,World Facts
Choose the correct answer: What is the world's most spoken native language?,Vatican City,Mandarin Chinese,Tiger,Lotus,B) Mandarin Chinese,Mandarin Chinese has the largest number of native speakers of any language in the world.,General Trivia,World Facts
Which option correctly answers this: What is the national bird of India?,The Sahara Desert,Peacock,China,The Taj Mahal,B) Peacock,"The peacock is the national bird of India, known for its colorful plumage.",General Trivia,India Facts
Choose the correct answer: What is the largest island in the world?,Lake Kariba (on the Zambia-Zimbabwe border),The Great Barrier Reef,Greenland,India,C) Greenland,"Greenland is the largest island in the world by area, excluding continental landmasses.",General Trivia,World Facts
What is the study of ancient artifacts and human history called?,Bankim Chandra Chatterjee,Japan,New Delhi,Archaeology,D) Archaeology,Archaeology is the study of human history through the excavation and analysis of artifacts and physical remains.,General Trivia,Mixed Trivia
Choose the correct answer: Which country produces the most rice globally?,The Mariana Trench,China,The Nile,The Taj Mahal,B) China,China is historically the world's largest producer of rice.,General Trivia,World Facts
"Which Indian city hosted the first modern Commonwealth Games in India, in 2010?",Japan,Rabindranath Tagore,New Delhi,The Amazon Rainforest,C) New Delhi,"New Delhi hosted the 2010 Commonwealth Games, the first time India hosted the event.",General Trivia,Firsts in India
What is the smallest country in the world by area?,Vatican City,Peacock,New Delhi,The cheetah,A) Vatican City,Vatican City is the smallest independent country in the world by both area and population.,General Trivia,Records
What is the tallest waterfall in the world?,"About 8,849 meters",Greenland,Angel Falls (Venezuela),New Delhi,C) Angel Falls (Venezuela),"Angel Falls, located in Venezuela, is the world's tallest uninterrupted waterfall.",General Trivia,Records
Which option correctly answers this: Who invented the telephone?,The Sahara Desert,New Zealand,The Taj Mahal,Alexander Graham Bell,D) Alexander Graham Bell,Alexander Graham Bell is credited with inventing the first practical telephone in 1876.,General Trivia,Unusual Facts
Choose the correct answer: Which was the first country to grant women the right to vote?,Alexander Graham Bell,New Zealand,The Nile,Saturn (closely followed by Jupiter),B) New Zealand,"New Zealand became the first self-governing country to grant women the right to vote, in 1893.",General Trivia,Firsts in the World
Choose the correct answer: What is the largest desert in the world?,The Taj Mahal,Vatican City,The Antarctic Desert,Bankim Chandra Chatterjee,C) The Antarctic Desert,"The Antarctic Desert is technically the largest desert in the world by area, as deserts are defined by low precipitation, not just heat.",General Trivia,World Facts
Which is the largest hot desert in the world?,Nalanda University,Thomas Edison,The Taj Mahal,The Sahara Desert,D) The Sahara Desert,The Sahara Desert in Africa is the largest hot desert in the world.,General Trivia,World Facts
Choose the correct answer: Which was the first Indian state to be formed on a linguistic basis?,Burj Khalifa,Mandarin Chinese,Andhra Pradesh,The video game industry,C) Andhra Pradesh,"Andhra Pradesh was the first state in India to be organized on a linguistic basis, formed in 1953.",General Trivia,Firsts in India
Quiz question: What is the largest coral reef system in the world?,Japan,China,The Sahara Desert,The Great Barrier Reef,D) The Great Barrier Reef,"The Great Barrier Reef, off the coast of Australia, is the world's largest coral reef system.",General Trivia,World Facts
Quiz question: What is the world's most spoken native language?,Mandarin Chinese,Japan,Lotus,Alexander Graham Bell,A) Mandarin Chinese,Mandarin Chinese has the largest number of native speakers of any language in the world.,General Trivia,World Facts
Which option correctly answers this: Who wrote India's national anthem?,Rabindranath Tagore,The Amazon Rainforest,The Antarctic Desert,The Great Barrier Reef,A) Rabindranath Tagore,"Rabindranath Tagore composed 'Jana Gana Mana', India's national anthem.",General Trivia,India Facts
What is the national fruit of India?,"About 8,849 meters",India,Lotus,Mango,D) Mango,The mango is recognized as the national fruit of India.,General Trivia,India Facts
Which country produces the most rice globally?,Lake Kariba (on the Zambia-Zimbabwe border),China,The Taj Mahal,Mandarin Chinese,B) China,China is historically the world's largest producer of rice.,General Trivia,World Facts
What is the largest mammal in the world?,The blue whale,China,US Dollar,Tiger,A) The blue whale,"The blue whale is the largest mammal, and indeed the largest animal, known to have ever existed.",General Trivia,Amazing Facts
"Which option correctly answers this: Who invented the light bulb (as a practical, commercially viable design)?",Thomas Edison,Mandarin Chinese,The cheetah,Christianity,A) Thomas Edison,"Thomas Edison developed a practical, long-lasting incandescent light bulb in 1879.",General Trivia,Unusual Facts
Choose the correct answer: Which is the largest hot desert in the world?,US Dollar,The video game industry,The Great Barrier Reef,The Sahara Desert,D) The Sahara Desert,The Sahara Desert in Africa is the largest hot desert in the world.,General Trivia,World Facts
Quiz question: Who wrote India's national song?,The Taj Mahal,Andhra Pradesh,Bankim Chandra Chatterjee,Thomas Edison,C) Bankim Chandra Chatterjee,"Bankim Chandra Chatterjee wrote 'Vande Mataram', India's national song.",General Trivia,India Facts
Quiz question: Which was the first country to grant women the right to vote?,China,New Zealand,The Amazon Rainforest,Tiger,B) New Zealand,"New Zealand became the first self-governing country to grant women the right to vote, in 1893.",General Trivia,Firsts in the World
What is the national fruit of India?,Christianity,Mango,The Taj Mahal,Thomas Edison,B) Mango,The mango is recognized as the national fruit of India.,General Trivia,India Facts
Choose the correct answer: What is the largest island in the world?,Greenland,New Zealand,The blue whale,Mango,A) Greenland,"Greenland is the largest island in the world by area, excluding continental landmasses.",General Trivia,World Facts
Which was the first country to grant women the right to vote?,New Zealand,Burj Khalifa,New Delhi,The Taj Mahal,A) New Zealand,"New Zealand became the first self-governing country to grant women the right to vote, in 1893.",General Trivia,Firsts in the World
Choose the correct answer: Who wrote India's national anthem?,Rabindranath Tagore,Vatican City,The Antarctic Desert,The Sahara Desert,A) Rabindranath Tagore,"Rabindranath Tagore composed 'Jana Gana Mana', India's national anthem.",General Trivia,India Facts
Which option correctly answers this: What is the national fruit of India?,The Sahara Desert,Peacock,Mango,Saturn (closely followed by Jupiter),C) Mango,The mango is recognized as the national fruit of India.,General Trivia,India Facts
Choose the correct answer: What is the largest island in the world?,The Amazon Rainforest,Rabindranath Tagore,India,Greenland,D) Greenland,"Greenland is the largest island in the world by area, excluding continental landmasses.",General Trivia,World Facts
Which option correctly answers this: What is the largest mammal in the world?,The blue whale,The Antarctic Desert,China,The cheetah,A) The blue whale,"The blue whale is the largest mammal, and indeed the largest animal, known to have ever existed.",General Trivia,Amazing Facts
"Choose the correct answer: Which is considered one of the world's earliest centers of higher learning, located in ancient India?",Greenland,The Taj Mahal,Nalanda University,Angel Falls (Venezuela),C) Nalanda University,"Nalanda University in ancient India, established around the 5th century CE, is considered one of the world's earliest centers of higher learning.",General Trivia,Firsts in the World
Which option correctly answers this: What is the national flower of India?,Greenland,Lotus,Japan,Mandarin Chinese,B) Lotus,"The lotus is the national flower of India, symbolizing purity.",General Trivia,India Facts
Choose the correct answer: Who invented the telephone?,China,Alexander Graham Bell,The Amazon Rainforest,Angel Falls (Venezuela),B) Alexander Graham Bell,Alexander Graham Bell is credited with inventing the first practical telephone in 1876.,General Trivia,Unusual Facts
Choose the correct answer: What is the national flower of India?,Lotus,India,The video game industry,China,A) Lotus,"The lotus is the national flower of India, symbolizing purity.",General Trivia,India Facts
Choose the correct answer: Who wrote India's national anthem?,The video game industry,The blue whale,Rabindranath Tagore,The Nile,C) Rabindranath Tagore,"Rabindranath Tagore composed 'Jana Gana Mana', India's national anthem.",General Trivia,India Facts
Which option correctly answers this: Which is the largest hot desert in the world?,The Sahara Desert,Mango,Christianity,Peacock,A) The Sahara Desert,The Sahara Desert in Africa is the largest hot desert in the world.,General Trivia,World Facts
What is the currency of the United States?,Tiger,The Nile,US Dollar,Rabindranath Tagore,C) US Dollar,The official currency of the United States is the US Dollar.,General Trivia,World Facts
Which option correctly answers this: Which was the first country to grant women the right to vote?,Christianity,New Zealand,Saturn (closely followed by Jupiter),Mango,B) New Zealand,"New Zealand became the first self-governing country to grant women the right to vote, in 1893.",General Trivia,Firsts in the World
Choose the correct answer: What is the national fruit of India?,Lake Kariba (on the Zambia-Zimbabwe border),Archaeology,Mandarin Chinese,Mango,D) Mango,The mango is recognized as the national fruit of India.,General Trivia,India Facts
Quiz question: What is the tallest waterfall in the world?,Alexander Graham Bell,Angel Falls (Venezuela),"About 8,849 meters",Tiger,B) Angel Falls (Venezuela),"Angel Falls, located in Venezuela, is the world's tallest uninterrupted waterfall.",General Trivia,Records
Choose the correct answer: What is the world's largest rainforest?,Christianity,The Amazon Rainforest,The Great Barrier Reef,The blue whale,B) The Amazon Rainforest,"The Amazon Rainforest, located mainly in Brazil, is the largest tropical rainforest in the world.",General Trivia,World Facts
Choose the correct answer: What is the currency of the United States?,Rabindranath Tagore,US Dollar,Angel Falls (Venezuela),Burj Khalifa,B) US Dollar,The official currency of the United States is the US Dollar.,General Trivia,World Facts
Choose the correct answer: Which planet in our Solar System is known for having the most moons among the largest planets?,Saturn (closely followed by Jupiter),New Delhi,The Taj Mahal,Peacock,A) Saturn (closely followed by Jupiter),Saturn and Jupiter have the largest known number of moons among planets in our Solar System.,General Trivia,Amazing Facts
What is the world's largest rainforest?,Angel Falls (Venezuela),Mango,The Amazon Rainforest,US Dollar,C) The Amazon Rainforest,"The Amazon Rainforest, located mainly in Brazil, is the largest tropical rainforest in the world.",General Trivia,World Facts
Choose the correct answer: What is the largest island in the world?,New Zealand,Greenland,The Great Barrier Reef,Peacock,B) Greenland,"Greenland is the largest island in the world by area, excluding continental landmasses.",General Trivia,World Facts
Which option correctly answers this: Which is the tallest man-made structure in the world (as of the early 2020s)?,Burj Khalifa,Greenland,Vatican City,New Delhi,A) Burj Khalifa,The Burj Khalifa in Dubai is the tallest man-made structure in the world.,General Trivia,Famous Places
What is Mount Everest's approximate height?,Vatican City,"About 8,849 meters",The Taj Mahal,Rabindranath Tagore,"B) About 8,849 meters","Mount Everest, the world's highest peak, stands at approximately 8,849 meters above sea level.",General Trivia,World Facts
What is the most widely practiced religion in the world by number of adherents?,The Great Barrier Reef,The Amazon Rainforest,Greenland,Christianity,D) Christianity,Christianity is generally considered the religion with the largest number of adherents worldwide.,General Trivia,World Facts
Quiz question: Which is the largest democracy in the world by population?,Nalanda University,The video game industry,Burj Khalifa,India,D) India,India is widely recognized as the world's largest democracy by population.,General Trivia,World Facts
Which option correctly answers this: What is the largest island in the world?,The Taj Mahal,The Mariana Trench,The Amazon Rainforest,Greenland,D) Greenland,"Greenland is the largest island in the world by area, excluding continental landmasses.",General Trivia,World Facts
Quiz question: Which famous structure in India is one of the New Seven Wonders of the World?,The Taj Mahal,Angel Falls (Venezuela),Vatican City,New Zealand,A) The Taj Mahal,"The Taj Mahal, in Agra, India, is recognized as one of the New Seven Wonders of the World.",General Trivia,Famous Places
What is the most widely practiced religion in the world by number of adherents?,China,Lotus,The Amazon Rainforest,Christianity,D) Christianity,Christianity is generally considered the religion with the largest number of adherents worldwide.,General Trivia,World Facts
Choose the correct answer: Who wrote India's national anthem?,The Taj Mahal,The Antarctic Desert,Rabindranath Tagore,The Great Barrier Reef,C) Rabindranath Tagore,"Rabindranath Tagore composed 'Jana Gana Mana', India's national anthem.",General Trivia,India Facts
Quiz question: Which is the tallest man-made structure in the world (as of the early 2020s)?,The Nile,Andhra Pradesh,Burj Khalifa,Mandarin Chinese,C) Burj Khalifa,The Burj Khalifa in Dubai is the tallest man-made structure in the world.,General Trivia,Famous Places
Which option correctly answers this: What is the world's largest by-volume man-made lake or reservoir often cited in geography trivia?,China,Saturn (closely followed by Jupiter),Lake Kariba (on the Zambia-Zimbabwe border),Mango,C) Lake Kariba (on the Zambia-Zimbabwe border),"Lake Kariba, formed by the Kariba Dam, is often cited as the world's largest reservoir by volume.",General Trivia,Records
Choose the correct answer: Which was the first country to grant women the right to vote?,Lake Kariba (on the Zambia-Zimbabwe border),Bankim Chandra Chatterjee,New Zealand,Saturn (closely followed by Jupiter),C) New Zealand,"New Zealand became the first self-governing country to grant women the right to vote, in 1893.",General Trivia,Firsts in the World
Which was the first country to grant women the right to vote?,Andhra Pradesh,New Zealand,India,Christianity,B) New Zealand,"New Zealand became the first self-governing country to grant women the right to vote, in 1893.",General Trivia,Firsts in the World
"Which option correctly answers this: What is the highest-grossing form of entertainment industry globally often cited in trivia, alongside film?",The Mariana Trench,China,The Antarctic Desert,The video game industry,D) The video game industry,"The global video game industry is frequently cited in trivia as a very high-grossing entertainment sector, often compared to or exceeding film.",General Trivia,Amazing Facts
Which was the first country to grant women the right to vote?,Angel Falls (Venezuela),The Great Barrier Reef,China,New Zealand,D) New Zealand,"New Zealand became the first self-governing country to grant women the right to vote, in 1893.",General Trivia,Firsts in the World
Which option correctly answers this: What is the national flower of India?,The Mariana Trench,Lotus,Tiger,Saturn (closely followed by Jupiter),B) Lotus,"The lotus is the national flower of India, symbolizing purity.",General Trivia,India Facts
Quiz question: What is Mount Everest's approximate height?,Christianity,The Mariana Trench,"About 8,849 meters",Vatican City,"C) About 8,849 meters","Mount Everest, the world's highest peak, stands at approximately 8,849 meters above sea level.",General Trivia,World Facts
What is the study of ancient artifacts and human history called?,Saturn (closely followed by Jupiter),The Nile,Rabindranath Tagore,Archaeology,D) Archaeology,Archaeology is the study of human history through the excavation and analysis of artifacts and physical remains.,General Trivia,Mixed Trivia
Choose the correct answer: What is the largest desert in the world?,The Taj Mahal,Nalanda University,The Antarctic Desert,The Amazon Rainforest,C) The Antarctic Desert,"The Antarctic Desert is technically the largest desert in the world by area, as deserts are defined by low precipitation, not just heat.",General Trivia,World Facts
Quiz question: What is the largest coral reef system in the world?,Japan,Vatican City,The blue whale,The Great Barrier Reef,D) The Great Barrier Reef,"The Great Barrier Reef, off the coast of Australia, is the world's largest coral reef system.",General Trivia,World Facts
Which is the largest democracy in the world by population?,Lotus,India,The Sahara Desert,Bankim Chandra Chatterjee,B) India,India is widely recognized as the world's largest democracy by population.,General Trivia,World Facts
"Choose the correct answer: What is the highest-grossing form of entertainment industry globally often cited in trivia, alongside film?",The video game industry,Peacock,The Amazon Rainforest,India,A) The video game industry,"The global video game industry is frequently cited in trivia as a very high-grossing entertainment sector, often compared to or exceeding film.",General Trivia,Amazing Facts
Which is the tallest man-made structure in the world (as of the early 2020s)?,Peacock,Nalanda University,Burj Khalifa,"About 8,849 meters",C) Burj Khalifa,The Burj Khalifa in Dubai is the tallest man-made structure in the world.,General Trivia,Famous Places
What is Mount Everest's approximate height?,Andhra Pradesh,New Zealand,The cheetah,"About 8,849 meters","D) About 8,849 meters","Mount Everest, the world's highest peak, stands at approximately 8,849 meters above sea level.",General Trivia,World Facts
Quiz question: Who wrote India's national anthem?,Rabindranath Tagore,Peacock,Burj Khalifa,Japan,A) Rabindranath Tagore,"Rabindranath Tagore composed 'Jana Gana Mana', India's national anthem.",General Trivia,India Facts
Choose the correct answer: What is the world's largest by-volume man-made lake or reservoir often cited in geography trivia?,Christianity,Saturn (closely followed by Jupiter),Lake Kariba (on the Zambia-Zimbabwe border),New Delhi,C) Lake Kariba (on the Zambia-Zimbabwe border),"Lake Kariba, formed by the Kariba Dam, is often cited as the world's largest reservoir by volume.",General Trivia,Records
What is the national fruit of India?,The Great Barrier Reef,Mango,Lake Kariba (on the Zambia-Zimbabwe border),"About 8,849 meters",B) Mango,The mango is recognized as the national fruit of India.,General Trivia,India Facts
Choose the correct answer: Which was the first Indian state to be formed on a linguistic basis?,Andhra Pradesh,The Sahara Desert,The cheetah,Angel Falls (Venezuela),A) Andhra Pradesh,"Andhra Pradesh was the first state in India to be organized on a linguistic basis, formed in 1953.",General Trivia,Firsts in India
Choose the correct answer: Which is the tallest man-made structure in the world (as of the early 2020s)?,Burj Khalifa,US Dollar,Christianity,Vatican City,A) Burj Khalifa,The Burj Khalifa in Dubai is the tallest man-made structure in the world.,General Trivia,Famous Places
What is the world's most spoken native language?,The Nile,The blue whale,Peacock,Mandarin Chinese,D) Mandarin Chinese,Mandarin Chinese has the largest number of native speakers of any language in the world.,General Trivia,World Facts
What is the smallest country in the world by area?,The Nile,Vatican City,Alexander Graham Bell,New Zealand,B) Vatican City,Vatican City is the smallest independent country in the world by both area and population.,General Trivia,Records
Who wrote India's national song?,Bankim Chandra Chatterjee,China,The video game industry,"About 8,849 meters",A) Bankim Chandra Chatterjee,"Bankim Chandra Chatterjee wrote 'Vande Mataram', India's national song.",General Trivia,India Facts
Choose the correct answer: Who invented the telephone?,Alexander Graham Bell,Rabindranath Tagore,Mango,The video game industry,A) Alexander Graham Bell,Alexander Graham Bell is credited with inventing the first practical telephone in 1876.,General Trivia,Unusual Facts
Which option correctly answers this: What is the smallest country in the world by area?,India,Nalanda University,Greenland,Vatican City,D) Vatican City,Vatican City is the smallest independent country in the world by both area and population.,General Trivia,Records
"Which option correctly answers this: Which Indian city hosted the first modern Commonwealth Games in India, in 2010?",Saturn (closely followed by Jupiter),New Delhi,Nalanda University,Mango,B) New Delhi,"New Delhi hosted the 2010 Commonwealth Games, the first time India hosted the event.",General Trivia,Firsts in India
Which option correctly answers this: Which country produces the most rice globally?,China,Mandarin Chinese,US Dollar,New Delhi,A) China,China is historically the world's largest producer of rice.,General Trivia,World Facts
Which option correctly answers this: Which is the longest river in the world?,Lotus,Rabindranath Tagore,The Nile,The Sahara Desert,C) The Nile,The Nile River in Africa is generally considered the longest river in the world.,General Trivia,World Facts
Quiz question: What is the national fruit of India?,The Amazon Rainforest,Christianity,Mango,New Zealand,C) Mango,The mango is recognized as the national fruit of India.,General Trivia,India Facts
Which option correctly answers this: What is the largest mammal in the world?,Saturn (closely followed by Jupiter),Nalanda University,The Sahara Desert,The blue whale,D) The blue whale,"The blue whale is the largest mammal, and indeed the largest animal, known to have ever existed.",General Trivia,Amazing Facts
Quiz question: Who invented the telephone?,The Nile,Alexander Graham Bell,Japan,Angel Falls (Venezuela),B) Alexander Graham Bell,Alexander Graham Bell is credited with inventing the first practical telephone in 1876.,General Trivia,Unusual Facts
Who wrote India's national song?,Greenland,Bankim Chandra Chatterjee,Peacock,Christianity,B) Bankim Chandra Chatterjee,"Bankim Chandra Chatterjee wrote 'Vande Mataram', India's national song.",General Trivia,India Facts
Which option correctly answers this: Which is the tallest man-made structure in the world (as of the early 2020s)?,Lotus,Bankim Chandra Chatterjee,Peacock,Burj Khalifa,D) Burj Khalifa,The Burj Khalifa in Dubai is the tallest man-made structure in the world.,General Trivia,Famous Places
Choose the correct answer: Which country produces the most rice globally?,Christianity,Rabindranath Tagore,China,Greenland,C) China,China is historically the world's largest producer of rice.,General Trivia,World Facts
What is the largest island in the world?,The video game industry,Andhra Pradesh,Greenland,Archaeology,C) Greenland,"Greenland is the largest island in the world by area, excluding continental landmasses.",General Trivia,World Facts
Which country produces the most rice globally?,The Mariana Trench,Japan,Bankim Chandra Chatterjee,China,D) China,China is historically the world's largest producer of rice.,General Trivia,World Facts
Choose the correct answer: What is the smallest country in the world by area?,Vatican City,Mango,China,US Dollar,A) Vatican City,Vatican City is the smallest independent country in the world by both area and population.,General Trivia,Records
"Choose the correct answer: What is the highest-grossing form of entertainment industry globally often cited in trivia, alongside film?",Mango,New Zealand,Bankim Chandra Chatterjee,The video game industry,D) The video game industry,"The global video game industry is frequently cited in trivia as a very high-grossing entertainment sector, often compared to or exceeding film.",General Trivia,Amazing Facts
Choose the correct answer: Who wrote India's national song?,Lake Kariba (on the Zambia-Zimbabwe border),The cheetah,Thomas Edison,Bankim Chandra Chatterjee,D) Bankim Chandra Chatterjee,"Bankim Chandra Chatterjee wrote 'Vande Mataram', India's national song.",General Trivia,India Facts
Choose the correct answer: Which is the tallest man-made structure in the world (as of the early 2020s)?,Burj Khalifa,China,Japan,Tiger,A) Burj Khalifa,The Burj Khalifa in Dubai is the tallest man-made structure in the world.,General Trivia,Famous Places
Choose the correct answer: What is the largest coral reef system in the world?,Vatican City,The Great Barrier Reef,The blue whale,The cheetah,B) The Great Barrier Reef,"The Great Barrier Reef, off the coast of Australia, is the world's largest coral reef system.",General Trivia,World Facts
Which planet in our Solar System is known for having the most moons among the largest planets?,Lake Kariba (on the Zambia-Zimbabwe border),Saturn (closely followed by Jupiter),Japan,Angel Falls (Venezuela),B) Saturn (closely followed by Jupiter),Saturn and Jupiter have the largest known number of moons among planets in our Solar System.,General Trivia,Amazing Facts
Quiz question: What is the study of ancient artifacts and human history called?,Christianity,Archaeology,Thomas Edison,The cheetah,B) Archaeology,Archaeology is the study of human history through the excavation and analysis of artifacts and physical remains.,General Trivia,Mixed Trivia
Which option correctly answers this: Which is the largest hot desert in the world?,Mango,Nalanda University,The Sahara Desert,Alexander Graham Bell,C) The Sahara Desert,The Sahara Desert in Africa is the largest hot desert in the world.,General Trivia,World Facts
Quiz question: What is the study of ancient artifacts and human history called?,Vatican City,New Delhi,US Dollar,Archaeology,D) Archaeology,Archaeology is the study of human history through the excavation and analysis of artifacts and physical remains.,General Trivia,Mixed Trivia
Which planet in our Solar System is known for having the most moons among the largest planets?,Greenland,Burj Khalifa,Saturn (closely followed by Jupiter),Lotus,C) Saturn (closely followed by Jupiter),Saturn and Jupiter have the largest known number of moons among planets in our Solar System.,General Trivia,Amazing Facts
Choose the correct answer: Which is the longest river in the world?,China,The video game industry,The Nile,Peacock,C) The Nile,The Nile River in Africa is generally considered the longest river in the world.,General Trivia,World Facts
Quiz question: What is the largest mammal in the world?,The blue whale,Lake Kariba (on the Zambia-Zimbabwe border),Christianity,The video game industry,A) The blue whale,"The blue whale is the largest mammal, and indeed the largest animal, known to have ever existed.",General Trivia,Amazing Facts
Choose the correct answer: What is the largest mammal in the world?,The blue whale,US Dollar,Andhra Pradesh,Tiger,A) The blue whale,"The blue whale is the largest mammal, and indeed the largest animal, known to have ever existed.",General Trivia,Amazing Facts
Which option correctly answers this: What is the study of ancient artifacts and human history called?,Archaeology,The Taj Mahal,US Dollar,Angel Falls (Venezuela),A) Archaeology,Archaeology is the study of human history through the excavation and analysis of artifacts and physical remains.,General Trivia,Mixed Trivia
Quiz question: Which is the largest hot desert in the world?,The Amazon Rainforest,The Sahara Desert,Christianity,Japan,B) The Sahara Desert,The Sahara Desert in Africa is the largest hot desert in the world.,General Trivia,World Facts
What is the largest mammal in the world?,The blue whale,Archaeology,Mandarin Chinese,Mango,A) The blue whale,"The blue whale is the largest mammal, and indeed the largest animal, known to have ever existed.",General Trivia,Amazing Facts
Quiz question: Who invented the telephone?,The Great Barrier Reef,The video game industry,Alexander Graham Bell,Vatican City,C) Alexander Graham Bell,Alexander Graham Bell is credited with inventing the first practical telephone in 1876.,General Trivia,Unusual Facts
Which option correctly answers this: Which famous structure in India is one of the New Seven Wonders of the World?,Alexander Graham Bell,The Taj Mahal,Bankim Chandra Chatterjee,The Nile,B) The Taj Mahal,"The Taj Mahal, in Agra, India, is recognized as one of the New Seven Wonders of the World.",General Trivia,Famous Places
Which option correctly answers this: What is the national fruit of India?,Peacock,India,The Nile,Mango,D) Mango,The mango is recognized as the national fruit of India.,General Trivia,India Facts
Which is the tallest man-made structure in the world (as of the early 2020s)?,"About 8,849 meters",The Amazon Rainforest,Burj Khalifa,Mango,C) Burj Khalifa,The Burj Khalifa in Dubai is the tallest man-made structure in the world.,General Trivia,Famous Places
Which option correctly answers this: What is the fastest land animal?,The cheetah,Bankim Chandra Chatterjee,Christianity,Archaeology,A) The cheetah,"The cheetah is the fastest land animal, capable of reaching speeds up to 100-120 km/h.",General Trivia,Amazing Facts
Which option correctly answers this: Which country is known as the 'Land of the Rising Sun'?,The blue whale,Japan,Alexander Graham Bell,Peacock,B) Japan,"Japan is known as the 'Land of the Rising Sun', reflected in its name meaning origin of the sun.",General Trivia,World Facts
Quiz question: What is the largest island in the world?,Bankim Chandra Chatterjee,New Zealand,Greenland,The Taj Mahal,C) Greenland,"Greenland is the largest island in the world by area, excluding continental landmasses.",General Trivia,World Facts
Choose the correct answer: Who wrote India's national anthem?,The Sahara Desert,New Zealand,Rabindranath Tagore,Burj Khalifa,C) Rabindranath Tagore,"Rabindranath Tagore composed 'Jana Gana Mana', India's national anthem.",General Trivia,India Facts
Quiz question: What is the largest coral reef system in the world?,The Great Barrier Reef,Nalanda University,The Sahara Desert,Burj Khalifa,A) The Great Barrier Reef,"The Great Barrier Reef, off the coast of Australia, is the world's largest coral reef system.",General Trivia,World Facts
Choose the correct answer: Which famous structure in India is one of the New Seven Wonders of the World?,The Taj Mahal,Mango,Angel Falls (Venezuela),Saturn (closely followed by Jupiter),A) The Taj Mahal,"The Taj Mahal, in Agra, India, is recognized as one of the New Seven Wonders of the World.",General Trivia,Famous Places
Which option correctly answers this: What is the deepest known point in the world's oceans?,Thomas Edison,Peacock,The Mariana Trench,New Zealand,C) The Mariana Trench,"The Mariana Trench, in the Pacific Ocean, is the deepest known point in any of Earth's oceans.",General Trivia,Records
Quiz question: What is the national fruit of India?,Thomas Edison,The Mariana Trench,Mango,Vatican City,C) Mango,The mango is recognized as the national fruit of India.,General Trivia,India Facts
What is the smallest country in the world by area?,The Mariana Trench,Mango,Vatican City,The cheetah,C) Vatican City,Vatican City is the smallest independent country in the world by both area and population.,General Trivia,Records
Choose the correct answer: What is the deepest known point in the world's oceans?,Saturn (closely followed by Jupiter),The Mariana Trench,Peacock,The Taj Mahal,B) The Mariana Trench,"The Mariana Trench, in the Pacific Ocean, is the deepest known point in any of Earth's oceans.",General Trivia,Records
Choose the correct answer: What is the national bird of India?,The Sahara Desert,Alexander Graham Bell,Peacock,The blue whale,C) Peacock,"The peacock is the national bird of India, known for its colorful plumage.",General Trivia,India Facts
"Quiz question: Who invented the light bulb (as a practical, commercially viable design)?",Japan,Thomas Edison,Rabindranath Tagore,The Taj Mahal,B) Thomas Edison,"Thomas Edison developed a practical, long-lasting incandescent light bulb in 1879.",General Trivia,Unusual Facts
What is the largest coral reef system in the world?,Mandarin Chinese,Angel Falls (Venezuela),The Taj Mahal,The Great Barrier Reef,D) The Great Barrier Reef,"The Great Barrier Reef, off the coast of Australia, is the world's largest coral reef system.",General Trivia,World Facts
What is the national animal of India?,Rabindranath Tagore,The blue whale,The Nile,Tiger,D) Tiger,The Bengal tiger is the national animal of India.,General Trivia,India Facts
Which option correctly answers this: What is the national bird of India?,The Taj Mahal,Peacock,Nalanda University,Japan,B) Peacock,"The peacock is the national bird of India, known for its colorful plumage.",General Trivia,India Facts
What is the national bird of India?,Lake Kariba (on the Zambia-Zimbabwe border),Saturn (closely followed by Jupiter),Peacock,Alexander Graham Bell,C) Peacock,"The peacock is the national bird of India, known for its colorful plumage.",General Trivia,India Facts
Choose the correct answer: What is Mount Everest's approximate height?,The blue whale,Greenland,The Amazon Rainforest,"About 8,849 meters","D) About 8,849 meters","Mount Everest, the world's highest peak, stands at approximately 8,849 meters above sea level.",General Trivia,World Facts
Who wrote India's national song?,The Amazon Rainforest,Bankim Chandra Chatterjee,Angel Falls (Venezuela),Japan,B) Bankim Chandra Chatterjee,"Bankim Chandra Chatterjee wrote 'Vande Mataram', India's national song.",General Trivia,India Facts
Which option correctly answers this: Which country produces the most rice globally?,The Taj Mahal,New Delhi,Peacock,China,D) China,China is historically the world's largest producer of rice.,General Trivia,World Facts
Choose the correct answer: What is the largest mammal in the world?,China,Lake Kariba (on the Zambia-Zimbabwe border),The Great Barrier Reef,The blue whale,D) The blue whale,"The blue whale is the largest mammal, and indeed the largest animal, known to have ever existed.",General Trivia,Amazing Facts
Which is the longest river in the world?,The Nile,China,New Delhi,The blue whale,A) The Nile,The Nile River in Africa is generally considered the longest river in the world.,General Trivia,World Facts
Which option correctly answers this: What is the largest desert in the world?,The Antarctic Desert,Andhra Pradesh,The Taj Mahal,New Zealand,A) The Antarctic Desert,"The Antarctic Desert is technically the largest desert in the world by area, as deserts are defined by low precipitation, not just heat.",General Trivia,World Facts
Which country produces the most rice globally?,US Dollar,Mandarin Chinese,China,The Antarctic Desert,C) China,China is historically the world's largest producer of rice.,General Trivia,World Facts
Which was the first Indian state to be formed on a linguistic basis?,The Nile,Rabindranath Tagore,Andhra Pradesh,Bankim Chandra Chatterjee,C) Andhra Pradesh,"Andhra Pradesh was the first state in India to be organized on a linguistic basis, formed in 1953.",General Trivia,Firsts in India
Which option correctly answers this: What is the fastest land animal?,US Dollar,Alexander Graham Bell,The cheetah,The video game industry,C) The cheetah,"The cheetah is the fastest land animal, capable of reaching speeds up to 100-120 km/h.",General Trivia,Amazing Facts
Quiz question: Which famous structure in India is one of the New Seven Wonders of the World?,New Delhi,The Taj Mahal,Tiger,Andhra Pradesh,B) The Taj Mahal,"The Taj Mahal, in Agra, India, is recognized as one of the New Seven Wonders of the World.",General Trivia,Famous Places
What is the currency of the United States?,Alexander Graham Bell,Burj Khalifa,Mango,US Dollar,D) US Dollar,The official currency of the United States is the US Dollar.,General Trivia,World Facts
What is the study of ancient artifacts and human history called?,Archaeology,The Amazon Rainforest,Japan,Nalanda University,A) Archaeology,Archaeology is the study of human history through the excavation and analysis of artifacts and physical remains.,General Trivia,Mixed Trivia
Choose the correct answer: What is the tallest waterfall in the world?,"About 8,849 meters",Lake Kariba (on the Zambia-Zimbabwe border),Angel Falls (Venezuela),Burj Khalifa,C) Angel Falls (Venezuela),"Angel Falls, located in Venezuela, is the world's tallest uninterrupted waterfall.",General Trivia,Records
Which is the largest hot desert in the world?,The Sahara Desert,The Taj Mahal,The blue whale,Angel Falls (Venezuela),A) The Sahara Desert,The Sahara Desert in Africa is the largest hot desert in the world.,General Trivia,World Facts
Choose the correct answer: What is the most widely practiced religion in the world by number of adherents?,Mandarin Chinese,Christianity,Japan,Saturn (closely followed by Jupiter),B) Christianity,Christianity is generally considered the religion with the largest number of adherents worldwide.,General Trivia,World Facts
Choose the correct answer: What is the largest mammal in the world?,The blue whale,Mandarin Chinese,Mango,The Antarctic Desert,A) The blue whale,"The blue whale is the largest mammal, and indeed the largest animal, known to have ever existed.",General Trivia,Amazing Facts
Which is the tallest man-made structure in the world (as of the early 2020s)?,Nalanda University,Bankim Chandra Chatterjee,Greenland,Burj Khalifa,D) Burj Khalifa,The Burj Khalifa in Dubai is the tallest man-made structure in the world.,General Trivia,Famous Places
Which option correctly answers this: What is the world's largest rainforest?,Nalanda University,The Amazon Rainforest,US Dollar,Alexander Graham Bell,B) The Amazon Rainforest,"The Amazon Rainforest, located mainly in Brazil, is the largest tropical rainforest in the world.",General Trivia,World Facts
"Which Indian city hosted the first modern Commonwealth Games in India, in 2010?",New Delhi,"About 8,849 meters",Saturn (closely followed by Jupiter),The cheetah,A) New Delhi,"New Delhi hosted the 2010 Commonwealth Games, the first time India hosted the event.",General Trivia,Firsts in India
Which option correctly answers this: What is the world's largest by-volume man-made lake or reservoir often cited in geography trivia?,Tiger,Mango,The Taj Mahal,Lake Kariba (on the Zambia-Zimbabwe border),D) Lake Kariba (on the Zambia-Zimbabwe border),"Lake Kariba, formed by the Kariba Dam, is often cited as the world's largest reservoir by volume.",General Trivia,Records
Which option correctly answers this: What is the world's largest rainforest?,US Dollar,Bankim Chandra Chatterjee,The cheetah,The Amazon Rainforest,D) The Amazon Rainforest,"The Amazon Rainforest, located mainly in Brazil, is the largest tropical rainforest in the world.",General Trivia,World Facts
Quiz question: What is the world's largest rainforest?,Christianity,The Amazon Rainforest,The cheetah,New Zealand,B) The Amazon Rainforest,"The Amazon Rainforest, located mainly in Brazil, is the largest tropical rainforest in the world.",General Trivia,World Facts
Which option correctly answers this: What is the world's most spoken native language?,Andhra Pradesh,Mandarin Chinese,The Amazon Rainforest,Archaeology,B) Mandarin Chinese,Mandarin Chinese has the largest number of native speakers of any language in the world.,General Trivia,World Facts
Quiz question: What is Mount Everest's approximate height?,The blue whale,Peacock,"About 8,849 meters",Saturn (closely followed by Jupiter),"C) About 8,849 meters","Mount Everest, the world's highest peak, stands at approximately 8,849 meters above sea level.",General Trivia,World Facts
Quiz question: What is the largest coral reef system in the world?,Japan,Greenland,The Great Barrier Reef,Saturn (closely followed by Jupiter),C) The Great Barrier Reef,"The Great Barrier Reef, off the coast of Australia, is the world's largest coral reef system.",General Trivia,World Facts
Which option correctly answers this: What is the largest island in the world?,China,The Taj Mahal,Burj Khalifa,Greenland,D) Greenland,"Greenland is the largest island in the world by area, excluding continental landmasses.",General Trivia,World Facts
"Quiz question: Which Indian city hosted the first modern Commonwealth Games in India, in 2010?",New Delhi,The video game industry,Greenland,The Mariana Trench,A) New Delhi,"New Delhi hosted the 2010 Commonwealth Games, the first time India hosted the event.",General Trivia,Firsts in India
Choose the correct answer: What is the national fruit of India?,Thomas Edison,Mango,The Nile,"About 8,849 meters",B) Mango,The mango is recognized as the national fruit of India.,General Trivia,India Facts
Quiz question: What is the deepest known point in the world's oceans?,Lotus,The Mariana Trench,Mandarin Chinese,India,B) The Mariana Trench,"The Mariana Trench, in the Pacific Ocean, is the deepest known point in any of Earth's oceans.",General Trivia,Records
What is the national flower of India?,The blue whale,The Antarctic Desert,Lotus,China,C) Lotus,"The lotus is the national flower of India, symbolizing purity.",General Trivia,India Facts
Quiz question: Who invented the telephone?,"About 8,849 meters",Angel Falls (Venezuela),Alexander Graham Bell,New Delhi,C) Alexander Graham Bell,Alexander Graham Bell is credited with inventing the first practical telephone in 1876.,General Trivia,Unusual Facts
Quiz question: Which country is known as the 'Land of the Rising Sun'?,"About 8,849 meters",Rabindranath Tagore,Alexander Graham Bell,Japan,D) Japan,"Japan is known as the 'Land of the Rising Sun', reflected in its name meaning origin of the sun.",General Trivia,World Facts
Which option correctly answers this: What is the currency of the United States?,US Dollar,Christianity,The Amazon Rainforest,India,A) US Dollar,The official currency of the United States is the US Dollar.,General Trivia,World Facts
Which option correctly answers this: What is the world's largest rainforest?,India,The blue whale,The Amazon Rainforest,The Sahara Desert,C) The Amazon Rainforest,"The Amazon Rainforest, located mainly in Brazil, is the largest tropical rainforest in the world.",General Trivia,World Facts
"What is the highest-grossing form of entertainment industry globally often cited in trivia, alongside film?","About 8,849 meters",Tiger,The video game industry,The Mariana Trench,C) The video game industry,"The global video game industry is frequently cited in trivia as a very high-grossing entertainment sector, often compared to or exceeding film.",General Trivia,Amazing Facts
Which option correctly answers this: Which is the largest hot desert in the world?,The Sahara Desert,India,Andhra Pradesh,Christianity,A) The Sahara Desert,The Sahara Desert in Africa is the largest hot desert in the world.,General Trivia,World Facts
Choose the correct answer: Who wrote India's national song?,Greenland,Bankim Chandra Chatterjee,"About 8,849 meters",Archaeology,B) Bankim Chandra Chatterjee,"Bankim Chandra Chatterjee wrote 'Vande Mataram', India's national song.",General Trivia,India Facts
Choose the correct answer: What is the largest desert in the world?,Lake Kariba (on the Zambia-Zimbabwe border),Burj Khalifa,The Antarctic Desert,Rabindranath Tagore,C) The Antarctic Desert,"The Antarctic Desert is technically the largest desert in the world by area, as deserts are defined by low precipitation, not just heat.",General Trivia,World Facts
Which option correctly answers this: What is the tallest waterfall in the world?,Lake Kariba (on the Zambia-Zimbabwe border),The cheetah,Nalanda University,Angel Falls (Venezuela),D) Angel Falls (Venezuela),"Angel Falls, located in Venezuela, is the world's tallest uninterrupted waterfall.",General Trivia,Records
Choose the correct answer: What is Mount Everest's approximate height?,The video game industry,Mango,China,"About 8,849 meters","D) About 8,849 meters","Mount Everest, the world's highest peak, stands at approximately 8,849 meters above sea level.",General Trivia,World Facts
What is the smallest country in the world by area?,Christianity,New Zealand,Rabindranath Tagore,Vatican City,D) Vatican City,Vatican City is the smallest independent country in the world by both area and population.,General Trivia,Records
What is Mount Everest's approximate height?,Saturn (closely followed by Jupiter),"About 8,849 meters",Burj Khalifa,China,"B) About 8,849 meters","Mount Everest, the world's highest peak, stands at approximately 8,849 meters above sea level.",General Trivia,World Facts
Which option correctly answers this: Which is the tallest man-made structure in the world (as of the early 2020s)?,Angel Falls (Venezuela),New Delhi,Burj Khalifa,Saturn (closely followed by Jupiter),C) Burj Khalifa,The Burj Khalifa in Dubai is the tallest man-made structure in the world.,General Trivia,Famous Places
Quiz question: What is the currency of the United States?,Angel Falls (Venezuela),Mandarin Chinese,US Dollar,The Amazon Rainforest,C) US Dollar,The official currency of the United States is the US Dollar.,General Trivia,World Facts
Which option correctly answers this: What is the fastest land animal?,Tiger,The Great Barrier Reef,The Sahara Desert,The cheetah,D) The cheetah,"The cheetah is the fastest land animal, capable of reaching speeds up to 100-120 km/h.",General Trivia,Amazing Facts
Which option correctly answers this: What is Mount Everest's approximate height?,The blue whale,Tiger,"About 8,849 meters",Vatican City,"C) About 8,849 meters","Mount Everest, the world's highest peak, stands at approximately 8,849 meters above sea level.",General Trivia,World Facts
Quiz question: Which is the longest river in the world?,Japan,The Great Barrier Reef,The Nile,The video game industry,C) The Nile,The Nile River in Africa is generally considered the longest river in the world.,General Trivia,World Facts
Quiz question: What is the world's largest by-volume man-made lake or reservoir often cited in geography trivia?,Christianity,Lake Kariba (on the Zambia-Zimbabwe border),The video game industry,The cheetah,B) Lake Kariba (on the Zambia-Zimbabwe border),"Lake Kariba, formed by the Kariba Dam, is often cited as the world's largest reservoir by volume.",General Trivia,Records
What is the fastest land animal?,Archaeology,Vatican City,The cheetah,Tiger,C) The cheetah,"The cheetah is the fastest land animal, capable of reaching speeds up to 100-120 km/h.",General Trivia,Amazing Facts
Choose the correct answer: What is the most widely practiced religion in the world by number of adherents?,Christianity,The Taj Mahal,Angel Falls (Venezuela),The Antarctic Desert,A) Christianity,Christianity is generally considered the religion with the largest number of adherents worldwide.,General Trivia,World Facts
Which option correctly answers this: What is the study of ancient artifacts and human history called?,New Zealand,The cheetah,Alexander Graham Bell,Archaeology,D) Archaeology,Archaeology is the study of human history through the excavation and analysis of artifacts and physical remains.,General Trivia,Mixed Trivia
Choose the correct answer: Which planet in our Solar System is known for having the most moons among the largest planets?,The Nile,Thomas Edison,Saturn (closely followed by Jupiter),India,C) Saturn (closely followed by Jupiter),Saturn and Jupiter have the largest known number of moons among planets in our Solar System.,General Trivia,Amazing Facts
Which is the largest hot desert in the world?,The Sahara Desert,Angel Falls (Venezuela),"About 8,849 meters",The Taj Mahal,A) The Sahara Desert,The Sahara Desert in Africa is the largest hot desert in the world.,General Trivia,World Facts
Which option correctly answers this: What is the currency of the United States?,Bankim Chandra Chatterjee,US Dollar,New Delhi,The Sahara Desert,B) US Dollar,The official currency of the United States is the US Dollar.,General Trivia,World Facts
"Choose the correct answer: What is the highest-grossing form of entertainment industry globally often cited in trivia, alongside film?",Andhra Pradesh,The video game industry,The Taj Mahal,The Amazon Rainforest,B) The video game industry,"The global video game industry is frequently cited in trivia as a very high-grossing entertainment sector, often compared to or exceeding film.",General Trivia,Amazing Facts
Choose the correct answer: What is the deepest known point in the world's oceans?,Bankim Chandra Chatterjee,Tiger,The Sahara Desert,The Mariana Trench,D) The Mariana Trench,"The Mariana Trench, in the Pacific Ocean, is the deepest known point in any of Earth's oceans.",General Trivia,Records
What is the largest mammal in the world?,The blue whale,Andhra Pradesh,The Mariana Trench,New Delhi,A) The blue whale,"The blue whale is the largest mammal, and indeed the largest animal, known to have ever existed.",General Trivia,Amazing Facts
What is the deepest known point in the world's oceans?,Tiger,The Mariana Trench,Andhra Pradesh,The Great Barrier Reef,B) The Mariana Trench,"The Mariana Trench, in the Pacific Ocean, is the deepest known point in any of Earth's oceans.",General Trivia,Records
"Choose the correct answer: Which Indian city hosted the first modern Commonwealth Games in India, in 2010?",Mandarin Chinese,The Taj Mahal,India,New Delhi,D) New Delhi,"New Delhi hosted the 2010 Commonwealth Games, the first time India hosted the event.",General Trivia,Firsts in India
"Which Indian city hosted the first modern Commonwealth Games in India, in 2010?",Lake Kariba (on the Zambia-Zimbabwe border),New Delhi,Angel Falls (Venezuela),The video game industry,B) New Delhi,"New Delhi hosted the 2010 Commonwealth Games, the first time India hosted the event.",General Trivia,Firsts in India
What is the national bird of India?,New Delhi,The Mariana Trench,Peacock,Burj Khalifa,C) Peacock,"The peacock is the national bird of India, known for its colorful plumage.",General Trivia,India Facts
Choose the correct answer: What is the largest desert in the world?,Angel Falls (Venezuela),"About 8,849 meters",The Antarctic Desert,Christianity,C) The Antarctic Desert,"The Antarctic Desert is technically the largest desert in the world by area, as deserts are defined by low precipitation, not just heat.",General Trivia,World Facts
Quiz question: Which famous structure in India is one of the New Seven Wonders of the World?,Nalanda University,Mandarin Chinese,The Taj Mahal,Greenland,C) The Taj Mahal,"The Taj Mahal, in Agra, India, is recognized as one of the New Seven Wonders of the World.",General Trivia,Famous Places
Which is the largest democracy in the world by population?,India,New Zealand,Japan,The Amazon Rainforest,A) India,India is widely recognized as the world's largest democracy by population.,General Trivia,World Facts
Which option correctly answers this: Which was the first country to grant women the right to vote?,New Zealand,The Mariana Trench,Saturn (closely followed by Jupiter),Nalanda University,A) New Zealand,"New Zealand became the first self-governing country to grant women the right to vote, in 1893.",General Trivia,Firsts in the World
Quiz question: What is the largest desert in the world?,Archaeology,Vatican City,Lake Kariba (on the Zambia-Zimbabwe border),The Antarctic Desert,D) The Antarctic Desert,"The Antarctic Desert is technically the largest desert in the world by area, as deserts are defined by low precipitation, not just heat.",General Trivia,World Facts
Quiz question: What is the largest mammal in the world?,The cheetah,Saturn (closely followed by Jupiter),The blue whale,Greenland,C) The blue whale,"The blue whale is the largest mammal, and indeed the largest animal, known to have ever existed.",General Trivia,Amazing Facts
Who wrote India's national anthem?,The video game industry,Rabindranath Tagore,The blue whale,Saturn (closely followed by Jupiter),B) Rabindranath Tagore,"Rabindranath Tagore composed 'Jana Gana Mana', India's national anthem.",General Trivia,India Facts
Choose the correct answer: What is the national fruit of India?,The Taj Mahal,Mandarin Chinese,The Mariana Trench,Mango,D) Mango,The mango is recognized as the national fruit of India.,General Trivia,India Facts
Choose the correct answer: What is the study of ancient artifacts and human history called?,Archaeology,Mandarin Chinese,Mango,"About 8,849 meters",A) Archaeology,Archaeology is the study of human history through the excavation and analysis of artifacts and physical remains.,General Trivia,Mixed Trivia
"Choose the correct answer: What is the highest-grossing form of entertainment industry globally often cited in trivia, alongside film?",Angel Falls (Venezuela),The video game industry,Peacock,Bankim Chandra Chatterjee,B) The video game industry,"The global video game industry is frequently cited in trivia as a very high-grossing entertainment sector, often compared to or exceeding film.",General Trivia,Amazing Facts
Choose the correct answer: What is the largest mammal in the world?,Greenland,The blue whale,Peacock,The Antarctic Desert,B) The blue whale,"The blue whale is the largest mammal, and indeed the largest animal, known to have ever existed.",General Trivia,Amazing Facts
Which option correctly answers this: What is Mount Everest's approximate height?,"About 8,849 meters",Saturn (closely followed by Jupiter),The Antarctic Desert,Lotus,"A) About 8,849 meters","Mount Everest, the world's highest peak, stands at approximately 8,849 meters above sea level.",General Trivia,World Facts
Quiz question: What is the fastest land animal?,The Antarctic Desert,Japan,Lotus,The cheetah,D) The cheetah,"The cheetah is the fastest land animal, capable of reaching speeds up to 100-120 km/h.",General Trivia,Amazing Facts
Which option correctly answers this: Which is the tallest man-made structure in the world (as of the early 2020s)?,New Zealand,Burj Khalifa,US Dollar,Andhra Pradesh,B) Burj Khalifa,The Burj Khalifa in Dubai is the tallest man-made structure in the world.,General Trivia,Famous Places
Which option correctly answers this: Which is the tallest man-made structure in the world (as of the early 2020s)?,Mango,Burj Khalifa,New Zealand,Angel Falls (Venezuela),B) Burj Khalifa,The Burj Khalifa in Dubai is the tallest man-made structure in the world.,General Trivia,Famous Places
Which option correctly answers this: What is the study of ancient artifacts and human history called?,The video game industry,Saturn (closely followed by Jupiter),Archaeology,Alexander Graham Bell,C) Archaeology,Archaeology is the study of human history through the excavation and analysis of artifacts and physical remains.,General Trivia,Mixed Trivia
Which is the largest democracy in the world by population?,The Taj Mahal,The Great Barrier Reef,India,Christianity,C) India,India is widely recognized as the world's largest democracy by population.,General Trivia,World Facts
Choose the correct answer: What is the world's largest rainforest?,New Zealand,Angel Falls (Venezuela),Thomas Edison,The Amazon Rainforest,D) The Amazon Rainforest,"The Amazon Rainforest, located mainly in Brazil, is the largest tropical rainforest in the world.",General Trivia,World Facts
Which option correctly answers this: What is the tallest waterfall in the world?,The Taj Mahal,Mango,The Sahara Desert,Angel Falls (Venezuela),D) Angel Falls (Venezuela),"Angel Falls, located in Venezuela, is the world's tallest uninterrupted waterfall.",General Trivia,Records
"Which Indian city hosted the first modern Commonwealth Games in India, in 2010?",New Delhi,India,Thomas Edison,Mandarin Chinese,A) New Delhi,"New Delhi hosted the 2010 Commonwealth Games, the first time India hosted the event.",General Trivia,Firsts in India
Choose the correct answer: What is the national fruit of India?,Mango,Greenland,The Sahara Desert,New Zealand,A) Mango,The mango is recognized as the national fruit of India.,General Trivia,India Facts
Which option correctly answers this: What is Mount Everest's approximate height?,Burj Khalifa,Archaeology,The Mariana Trench,"About 8,849 meters","D) About 8,849 meters","Mount Everest, the world's highest peak, stands at approximately 8,849 meters above sea level.",General Trivia,World Facts
Which option correctly answers this: What is the world's most spoken native language?,Burj Khalifa,Mandarin Chinese,New Zealand,Nalanda University,B) Mandarin Chinese,Mandarin Chinese has the largest number of native speakers of any language in the world.,General Trivia,World Facts
"Choose the correct answer: Which Indian city hosted the first modern Commonwealth Games in India, in 2010?",New Delhi,Burj Khalifa,The Taj Mahal,The Amazon Rainforest,A) New Delhi,"New Delhi hosted the 2010 Commonwealth Games, the first time India hosted the event.",General Trivia,Firsts in India
Quiz question: What is the most widely practiced religion in the world by number of adherents?,New Delhi,Mango,Christianity,Lake Kariba (on the Zambia-Zimbabwe border),C) Christianity,Christianity is generally considered the religion with the largest number of adherents worldwide.,General Trivia,World Facts
Quiz question: What is the largest desert in the world?,Lotus,The cheetah,Peacock,The Antarctic Desert,D) The Antarctic Desert,"The Antarctic Desert is technically the largest desert in the world by area, as deserts are defined by low precipitation, not just heat.",General Trivia,World Facts
Choose the correct answer: Which is the tallest man-made structure in the world (as of the early 2020s)?,The video game industry,Burj Khalifa,New Zealand,"About 8,849 meters",B) Burj Khalifa,The Burj Khalifa in Dubai is the tallest man-made structure in the world.,General Trivia,Famous Places
Choose the correct answer: Who invented the telephone?,Thomas Edison,The cheetah,Alexander Graham Bell,The Nile,C) Alexander Graham Bell,Alexander Graham Bell is credited with inventing the first practical telephone in 1876.,General Trivia,Unusual Facts
What is the largest coral reef system in the world?,The Nile,New Delhi,The Great Barrier Reef,Rabindranath Tagore,C) The Great Barrier Reef,"The Great Barrier Reef, off the coast of Australia, is the world's largest coral reef system.",General Trivia,World Facts
Quiz question: Who invented the telephone?,Alexander Graham Bell,The blue whale,Tiger,Bankim Chandra Chatterjee,A) Alexander Graham Bell,Alexander Graham Bell is credited with inventing the first practical telephone in 1876.,General Trivia,Unusual Facts
Which option correctly answers this: What is the national animal of India?,Lotus,The Sahara Desert,The Taj Mahal,Tiger,D) Tiger,The Bengal tiger is the national animal of India.,General Trivia,India Facts
Choose the correct answer: Which country is known as the 'Land of the Rising Sun'?,Alexander Graham Bell,Nalanda University,Japan,The cheetah,C) Japan,"Japan is known as the 'Land of the Rising Sun', reflected in its name meaning origin of the sun.",General Trivia,World Facts
What is the largest mammal in the world?,Lotus,Japan,The blue whale,Vatican City,C) The blue whale,"The blue whale is the largest mammal, and indeed the largest animal, known to have ever existed.",General Trivia,Amazing Facts
Choose the correct answer: Which was the first country to grant women the right to vote?,Rabindranath Tagore,Vatican City,The Amazon Rainforest,New Zealand,D) New Zealand,"New Zealand became the first self-governing country to grant women the right to vote, in 1893.",General Trivia,Firsts in the World
Which option correctly answers this: What is the smallest country in the world by area?,Vatican City,India,Thomas Edison,New Delhi,A) Vatican City,Vatican City is the smallest independent country in the world by both area and population.,General Trivia,Records
Which option correctly answers this: What is the world's largest rainforest?,Mandarin Chinese,The cheetah,US Dollar,The Amazon Rainforest,D) The Amazon Rainforest,"The Amazon Rainforest, located mainly in Brazil, is the largest tropical rainforest in the world.",General Trivia,World Facts
Choose the correct answer: Which planet in our Solar System is known for having the most moons among the largest planets?,Saturn (closely followed by Jupiter),The Mariana Trench,"About 8,849 meters",Andhra Pradesh,A) Saturn (closely followed by Jupiter),Saturn and Jupiter have the largest known number of moons among planets in our Solar System.,General Trivia,Amazing Facts
Choose the correct answer: What is the world's largest by-volume man-made lake or reservoir often cited in geography trivia?,Lotus,Lake Kariba (on the Zambia-Zimbabwe border),The Mariana Trench,Alexander Graham Bell,B) Lake Kariba (on the Zambia-Zimbabwe border),"Lake Kariba, formed by the Kariba Dam, is often cited as the world's largest reservoir by volume.",General Trivia,Records
Quiz question: What is the currency of the United States?,Peacock,The Antarctic Desert,US Dollar,Thomas Edison,C) US Dollar,The official currency of the United States is the US Dollar.,General Trivia,World Facts
"Choose the correct answer: Which is considered one of the world's earliest centers of higher learning, located in ancient India?",Greenland,Christianity,Nalanda University,Burj Khalifa,C) Nalanda University,"Nalanda University in ancient India, established around the 5th century CE, is considered one of the world's earliest centers of higher learning.",General Trivia,Firsts in the World
Choose the correct answer: Which famous structure in India is one of the New Seven Wonders of the World?,The Taj Mahal,Angel Falls (Venezuela),The Antarctic Desert,The Great Barrier Reef,A) The Taj Mahal,"The Taj Mahal, in Agra, India, is recognized as one of the New Seven Wonders of the World.",General Trivia,Famous Places
Choose the correct answer: Who wrote India's national anthem?,Rabindranath Tagore,The Great Barrier Reef,The video game industry,Peacock,A) Rabindranath Tagore,"Rabindranath Tagore composed 'Jana Gana Mana', India's national anthem.",General Trivia,India Facts
Choose the correct answer: Which is the largest hot desert in the world?,Vatican City,New Zealand,The Sahara Desert,Archaeology,C) The Sahara Desert,The Sahara Desert in Africa is the largest hot desert in the world.,General Trivia,World Facts
Choose the correct answer: What is the largest desert in the world?,Rabindranath Tagore,Greenland,The Antarctic Desert,Bankim Chandra Chatterjee,C) The Antarctic Desert,"The Antarctic Desert is technically the largest desert in the world by area, as deserts are defined by low precipitation, not just heat.",General Trivia,World Facts
Which option correctly answers this: Which famous structure in India is one of the New Seven Wonders of the World?,Vatican City,China,The Taj Mahal,Tiger,C) The Taj Mahal,"The Taj Mahal, in Agra, India, is recognized as one of the New Seven Wonders of the World.",General Trivia,Famous Places
Quiz question: Which country produces the most rice globally?,China,US Dollar,Archaeology,Vatican City,A) China,China is historically the world's largest producer of rice.,General Trivia,World Facts
Which option correctly answers this: Which is the largest hot desert in the world?,Thomas Edison,The Sahara Desert,New Delhi,Peacock,B) The Sahara Desert,The Sahara Desert in Africa is the largest hot desert in the world.,General Trivia,World Facts
Choose the correct answer: What is the national bird of India?,Peacock,Bankim Chandra Chatterjee,The Taj Mahal,Japan,A) Peacock,"The peacock is the national bird of India, known for its colorful plumage.",General Trivia,India Facts
Which country is known as the 'Land of the Rising Sun'?,Archaeology,The Amazon Rainforest,Japan,Burj Khalifa,C) Japan,"Japan is known as the 'Land of the Rising Sun', reflected in its name meaning origin of the sun.",General Trivia,World Facts
Which is the tallest man-made structure in the world (as of the early 2020s)?,Rabindranath Tagore,Burj Khalifa,Bankim Chandra Chatterjee,China,B) Burj Khalifa,The Burj Khalifa in Dubai is the tallest man-made structure in the world.,General Trivia,Famous Places
Which option correctly answers this: What is the largest mammal in the world?,The Amazon Rainforest,The Nile,"About 8,849 meters",The blue whale,D) The blue whale,"The blue whale is the largest mammal, and indeed the largest animal, known to have ever existed.",General Trivia,Amazing Facts
Quiz question: What is the fastest land animal?,Alexander Graham Bell,Christianity,The cheetah,The Amazon Rainforest,C) The cheetah,"The cheetah is the fastest land animal, capable of reaching speeds up to 100-120 km/h.",General Trivia,Amazing Facts
Which option correctly answers this: What is the deepest known point in the world's oceans?,The Mariana Trench,Mango,Peacock,Thomas Edison,A) The Mariana Trench,"The Mariana Trench, in the Pacific Ocean, is the deepest known point in any of Earth's oceans.",General Trivia,Records
What is the currency of the United States?,Greenland,US Dollar,Mandarin Chinese,New Zealand,B) US Dollar,The official currency of the United States is the US Dollar.,General Trivia,World Facts
Which was the first country to grant women the right to vote?,Rabindranath Tagore,Thomas Edison,China,New Zealand,D) New Zealand,"New Zealand became the first self-governing country to grant women the right to vote, in 1893.",General Trivia,Firsts in the World
Choose the correct answer: What is the study of ancient artifacts and human history called?,India,Lotus,New Zealand,Archaeology,D) Archaeology,Archaeology is the study of human history through the excavation and analysis of artifacts and physical remains.,General Trivia,Mixed Trivia
What is the tallest waterfall in the world?,The Sahara Desert,Archaeology,Angel Falls (Venezuela),The Great Barrier Reef,C) Angel Falls (Venezuela),"Angel Falls, located in Venezuela, is the world's tallest uninterrupted waterfall.",General Trivia,Records
What is the national flower of India?,The cheetah,Lake Kariba (on the Zambia-Zimbabwe border),Lotus,The video game industry,C) Lotus,"The lotus is the national flower of India, symbolizing purity.",General Trivia,India Facts
What is the most widely practiced religion in the world by number of adherents?,Christianity,Alexander Graham Bell,The cheetah,Angel Falls (Venezuela),A) Christianity,Christianity is generally considered the religion with the largest number of adherents worldwide.,General Trivia,World Facts
"Quiz question: Which is considered one of the world's earliest centers of higher learning, located in ancient India?",Mango,Nalanda University,Saturn (closely followed by Jupiter),Andhra Pradesh,B) Nalanda University,"Nalanda University in ancient India, established around the 5th century CE, is considered one of the world's earliest centers of higher learning.",General Trivia,Firsts in the World
Which option correctly answers this: What is the national fruit of India?,The Nile,Mango,Greenland,The Taj Mahal,B) Mango,The mango is recognized as the national fruit of India.,General Trivia,India Facts
What is the largest island in the world?,The blue whale,"About 8,849 meters",Greenland,Mango,C) Greenland,"Greenland is the largest island in the world by area, excluding continental landmasses.",General Trivia,World Facts
Which option correctly answers this: What is the national flower of India?,Archaeology,The video game industry,Lotus,Christianity,C) Lotus,"The lotus is the national flower of India, symbolizing purity.",General Trivia,India Facts
Quiz question: What is the national flower of India?,Lotus,Saturn (closely followed by Jupiter),Thomas Edison,The Taj Mahal,A) Lotus,"The lotus is the national flower of India, symbolizing purity.",General Trivia,India Facts
What is the currency of the United States?,US Dollar,Burj Khalifa,Andhra Pradesh,Alexander Graham Bell,A) US Dollar,The official currency of the United States is the US Dollar.,General Trivia,World Facts
Choose the correct answer: What is the deepest known point in the world's oceans?,Mango,Lake Kariba (on the Zambia-Zimbabwe border),Mandarin Chinese,The Mariana Trench,D) The Mariana Trench,"The Mariana Trench, in the Pacific Ocean, is the deepest known point in any of Earth's oceans.",General Trivia,Records
Which option correctly answers this: What is the world's most spoken native language?,The Taj Mahal,Burj Khalifa,Greenland,Mandarin Chinese,D) Mandarin Chinese,Mandarin Chinese has the largest number of native speakers of any language in the world.,General Trivia,World Facts
What is the tallest waterfall in the world?,US Dollar,The Great Barrier Reef,Angel Falls (Venezuela),The Taj Mahal,C) Angel Falls (Venezuela),"Angel Falls, located in Venezuela, is the world's tallest uninterrupted waterfall.",General Trivia,Records
Quiz question: Which is the longest river in the world?,New Delhi,India,The Nile,Nalanda University,C) The Nile,The Nile River in Africa is generally considered the longest river in the world.,General Trivia,World Facts
"Which option correctly answers this: Which is considered one of the world's earliest centers of higher learning, located in ancient India?",Greenland,Nalanda University,The Great Barrier Reef,Saturn (closely followed by Jupiter),B) Nalanda University,"Nalanda University in ancient India, established around the 5th century CE, is considered one of the world's earliest centers of higher learning.",General Trivia,Firsts in the World
"Which option correctly answers this: What is the highest-grossing form of entertainment industry globally often cited in trivia, alongside film?",Bankim Chandra Chatterjee,The Amazon Rainforest,Nalanda University,The video game industry,D) The video game industry,"The global video game industry is frequently cited in trivia as a very high-grossing entertainment sector, often compared to or exceeding film.",General Trivia,Amazing Facts
Which option correctly answers this: What is the world's largest rainforest?,Burj Khalifa,China,Nalanda University,The Amazon Rainforest,D) The Amazon Rainforest,"The Amazon Rainforest, located mainly in Brazil, is the largest tropical rainforest in the world.",General Trivia,World Facts
Which option correctly answers this: Who wrote India's national song?,The Nile,Burj Khalifa,Lake Kariba (on the Zambia-Zimbabwe border),Bankim Chandra Chatterjee,D) Bankim Chandra Chatterjee,"Bankim Chandra Chatterjee wrote 'Vande Mataram', India's national song.",General Trivia,India Facts
Quiz question: Which planet in our Solar System is known for having the most moons among the largest planets?,India,Saturn (closely followed by Jupiter),Mango,Nalanda University,B) Saturn (closely followed by Jupiter),Saturn and Jupiter have the largest known number of moons among planets in our Solar System.,General Trivia,Amazing Facts
Which option correctly answers this: Who wrote India's national anthem?,Rabindranath Tagore,China,The Taj Mahal,The Mariana Trench,A) Rabindranath Tagore,"Rabindranath Tagore composed 'Jana Gana Mana', India's national anthem.",General Trivia,India Facts
Which country produces the most rice globally?,China,Christianity,The cheetah,New Delhi,A) China,China is historically the world's largest producer of rice.,General Trivia,World Facts
Choose the correct answer: Who invented the telephone?,Lake Kariba (on the Zambia-Zimbabwe border),The Nile,Peacock,Alexander Graham Bell,D) Alexander Graham Bell,Alexander Graham Bell is credited with inventing the first practical telephone in 1876.,General Trivia,Unusual Facts
Which option correctly answers this: Which country is known as the 'Land of the Rising Sun'?,"About 8,849 meters",Nalanda University,Vatican City,Japan,D) Japan,"Japan is known as the 'Land of the Rising Sun', reflected in its name meaning origin of the sun.",General Trivia,World Facts
What is Mount Everest's approximate height?,"About 8,849 meters",Mandarin Chinese,Alexander Graham Bell,The Great Barrier Reef,"A) About 8,849 meters","Mount Everest, the world's highest peak, stands at approximately 8,849 meters above sea level.",General Trivia,World Facts
Quiz question: What is the largest desert in the world?,Bankim Chandra Chatterjee,The Great Barrier Reef,Lake Kariba (on the Zambia-Zimbabwe border),The Antarctic Desert,D) The Antarctic Desert,"The Antarctic Desert is technically the largest desert in the world by area, as deserts are defined by low precipitation, not just heat.",General Trivia,World Facts
Choose the correct answer: What is the world's most spoken native language?,New Zealand,Lake Kariba (on the Zambia-Zimbabwe border),Japan,Mandarin Chinese,D) Mandarin Chinese,Mandarin Chinese has the largest number of native speakers of any language in the world.,General Trivia,World Facts
"Choose the correct answer: Who invented the light bulb (as a practical, commercially viable design)?",Thomas Edison,The Sahara Desert,Burj Khalifa,Japan,A) Thomas Edison,"Thomas Edison developed a practical, long-lasting incandescent light bulb in 1879.",General Trivia,Unusual Facts
"Who invented the light bulb (as a practical, commercially viable design)?",Angel Falls (Venezuela),Mango,Thomas Edison,Archaeology,C) Thomas Edison,"Thomas Edison developed a practical, long-lasting incandescent light bulb in 1879.",General Trivia,Unusual Facts
Which option correctly answers this: What is the largest coral reef system in the world?,Christianity,New Zealand,The Great Barrier Reef,The Antarctic Desert,C) The Great Barrier Reef,"The Great Barrier Reef, off the coast of Australia, is the world's largest coral reef system.",General Trivia,World Facts
What is the world's most spoken native language?,US Dollar,Angel Falls (Venezuela),Lotus,Mandarin Chinese,D) Mandarin Chinese,Mandarin Chinese has the largest number of native speakers of any language in the world.,General Trivia,World Facts
Quiz question: Which famous structure in India is one of the New Seven Wonders of the World?,Japan,New Zealand,Mango,The Taj Mahal,D) The Taj Mahal,"The Taj Mahal, in Agra, India, is recognized as one of the New Seven Wonders of the World.",General Trivia,Famous Places
What is the most widely practiced religion in the world by number of adherents?,Christianity,Archaeology,The Great Barrier Reef,Mango,A) Christianity,Christianity is generally considered the religion with the largest number of adherents worldwide.,General Trivia,World Facts
Who invented the telephone?,India,Christianity,Alexander Graham Bell,Vatican City,C) Alexander Graham Bell,Alexander Graham Bell is credited with inventing the first practical telephone in 1876.,General Trivia,Unusual Facts
Which option correctly answers this: Which is the longest river in the world?,China,Alexander Graham Bell,The Nile,Rabindranath Tagore,C) The Nile,The Nile River in Africa is generally considered the longest river in the world.,General Trivia,World Facts
Choose the correct answer: What is the deepest known point in the world's oceans?,New Zealand,Alexander Graham Bell,The video game industry,The Mariana Trench,D) The Mariana Trench,"The Mariana Trench, in the Pacific Ocean, is the deepest known point in any of Earth's oceans.",General Trivia,Records
Which option correctly answers this: What is the national animal of India?,Peacock,Tiger,India,Japan,B) Tiger,The Bengal tiger is the national animal of India.,General Trivia,India Facts
Which planet in our Solar System is known for having the most moons among the largest planets?,Angel Falls (Venezuela),The Antarctic Desert,The blue whale,Saturn (closely followed by Jupiter),D) Saturn (closely followed by Jupiter),Saturn and Jupiter have the largest known number of moons among planets in our Solar System.,General Trivia,Amazing Facts
Choose the correct answer: What is the currency of the United States?,Lake Kariba (on the Zambia-Zimbabwe border),US Dollar,Bankim Chandra Chatterjee,The Nile,B) US Dollar,The official currency of the United States is the US Dollar.,General Trivia,World Facts
"Quiz question: Which Indian city hosted the first modern Commonwealth Games in India, in 2010?",New Delhi,Bankim Chandra Chatterjee,Alexander Graham Bell,Tiger,A) New Delhi,"New Delhi hosted the 2010 Commonwealth Games, the first time India hosted the event.",General Trivia,Firsts in India
Which option correctly answers this: Which was the first country to grant women the right to vote?,Nalanda University,New Zealand,Christianity,Thomas Edison,B) New Zealand,"New Zealand became the first self-governing country to grant women the right to vote, in 1893.",General Trivia,Firsts in the World
Which option correctly answers this: What is the fastest land animal?,The cheetah,The Antarctic Desert,Mango,The blue whale,A) The cheetah,"The cheetah is the fastest land animal, capable of reaching speeds up to 100-120 km/h.",General Trivia,Amazing Facts
Quiz question: Which was the first country to grant women the right to vote?,Lake Kariba (on the Zambia-Zimbabwe border),Mandarin Chinese,New Zealand,Peacock,C) New Zealand,"New Zealand became the first self-governing country to grant women the right to vote, in 1893.",General Trivia,Firsts in the World
Quiz question: What is the national bird of India?,The video game industry,Thomas Edison,Peacock,"About 8,849 meters",C) Peacock,"The peacock is the national bird of India, known for its colorful plumage.",General Trivia,India Facts
Quiz question: What is the world's most spoken native language?,China,Mandarin Chinese,New Delhi,Peacock,B) Mandarin Chinese,Mandarin Chinese has the largest number of native speakers of any language in the world.,General Trivia,World Facts
"Which option correctly answers this: Which Indian city hosted the first modern Commonwealth Games in India, in 2010?",The Antarctic Desert,Tiger,New Delhi,"About 8,849 meters",C) New Delhi,"New Delhi hosted the 2010 Commonwealth Games, the first time India hosted the event.",General Trivia,Firsts in India
What is the tallest waterfall in the world?,Lake Kariba (on the Zambia-Zimbabwe border),"About 8,849 meters",China,Angel Falls (Venezuela),D) Angel Falls (Venezuela),"Angel Falls, located in Venezuela, is the world's tallest uninterrupted waterfall.",General Trivia,Records
Choose the correct answer: What is the deepest known point in the world's oceans?,Lotus,The Nile,The Mariana Trench,The cheetah,C) The Mariana Trench,"The Mariana Trench, in the Pacific Ocean, is the deepest known point in any of Earth's oceans.",General Trivia,Records
What is the currency of the United States?,Tiger,Angel Falls (Venezuela),US Dollar,The Antarctic Desert,C) US Dollar,The official currency of the United States is the US Dollar.,General Trivia,World Facts
Quiz question: Which famous structure in India is one of the New Seven Wonders of the World?,"About 8,849 meters",The Taj Mahal,The Great Barrier Reef,Thomas Edison,B) The Taj Mahal,"The Taj Mahal, in Agra, India, is recognized as one of the New Seven Wonders of the World.",General Trivia,Famous Places
Which option correctly answers this: Which is the tallest man-made structure in the world (as of the early 2020s)?,"About 8,849 meters",Burj Khalifa,The Amazon Rainforest,The Sahara Desert,B) Burj Khalifa,The Burj Khalifa in Dubai is the tallest man-made structure in the world.,General Trivia,Famous Places
Quiz question: Who wrote India's national song?,The Taj Mahal,Bankim Chandra Chatterjee,Mango,Christianity,B) Bankim Chandra Chatterjee,"Bankim Chandra Chatterjee wrote 'Vande Mataram', India's national song.",General Trivia,India Facts
"Quiz question: What is the highest-grossing form of entertainment industry globally often cited in trivia, alongside film?",Peacock,Christianity,The video game industry,Archaeology,C) The video game industry,"The global video game industry is frequently cited in trivia as a very high-grossing entertainment sector, often compared to or exceeding film.",General Trivia,Amazing Facts
Which option correctly answers this: What is the currency of the United States?,US Dollar,The Nile,Angel Falls (Venezuela),Archaeology,A) US Dollar,The official currency of the United States is the US Dollar.,General Trivia,World Facts
What is the deepest known point in the world's oceans?,Lotus,The Great Barrier Reef,The blue whale,The Mariana Trench,D) The Mariana Trench,"The Mariana Trench, in the Pacific Ocean, is the deepest known point in any of Earth's oceans.",General Trivia,Records
Quiz question: Which is the largest democracy in the world by population?,Mandarin Chinese,Peacock,India,Thomas Edison,C) India,India is widely recognized as the world's largest democracy by population.,General Trivia,World Facts
"Choose the correct answer: Which Indian city hosted the first modern Commonwealth Games in India, in 2010?",Archaeology,New Delhi,New Zealand,Saturn (closely followed by Jupiter),B) New Delhi,"New Delhi hosted the 2010 Commonwealth Games, the first time India hosted the event.",General Trivia,Firsts in India
"Choose the correct answer: Who invented the light bulb (as a practical, commercially viable design)?",The video game industry,The cheetah,The Amazon Rainforest,Thomas Edison,D) Thomas Edison,"Thomas Edison developed a practical, long-lasting incandescent light bulb in 1879.",General Trivia,Unusual Facts
Which option correctly answers this: What is the smallest country in the world by area?,Peacock,Vatican City,New Zealand,The Taj Mahal,B) Vatican City,Vatican City is the smallest independent country in the world by both area and population.,General Trivia,Records
Quiz question: What is the study of ancient artifacts and human history called?,Archaeology,The Sahara Desert,US Dollar,The Nile,A) Archaeology,Archaeology is the study of human history through the excavation and analysis of artifacts and physical remains.,General Trivia,Mixed Trivia
Quiz question: What is the tallest waterfall in the world?,Archaeology,The Taj Mahal,Angel Falls (Venezuela),Mandarin Chinese,C) Angel Falls (Venezuela),"Angel Falls, located in Venezuela, is the world's tallest uninterrupted waterfall.",General Trivia,Records
Which option correctly answers this: Which is the tallest man-made structure in the world (as of the early 2020s)?,Alexander Graham Bell,New Zealand,Burj Khalifa,The Taj Mahal,C) Burj Khalifa,The Burj Khalifa in Dubai is the tallest man-made structure in the world.,General Trivia,Famous Places
Which option correctly answers this: What is the world's largest by-volume man-made lake or reservoir often cited in geography trivia?,Vatican City,The Nile,Lake Kariba (on the Zambia-Zimbabwe border),China,C) Lake Kariba (on the Zambia-Zimbabwe border),"Lake Kariba, formed by the Kariba Dam, is often cited as the world's largest reservoir by volume.",General Trivia,Records
What is the largest desert in the world?,Peacock,The Mariana Trench,Mango,The Antarctic Desert,D) The Antarctic Desert,"The Antarctic Desert is technically the largest desert in the world by area, as deserts are defined by low precipitation, not just heat.",General Trivia,World Facts
Choose the correct answer: What is the national animal of India?,Tiger,The Taj Mahal,Andhra Pradesh,The cheetah,A) Tiger,The Bengal tiger is the national animal of India.,General Trivia,India Facts
"Which option correctly answers this: Who invented the light bulb (as a practical, commercially viable design)?",Nalanda University,Tiger,Thomas Edison,The Taj Mahal,C) Thomas Edison,"Thomas Edison developed a practical, long-lasting incandescent light bulb in 1879.",General Trivia,Unusual Facts
Choose the correct answer: Which is the largest democracy in the world by population?,Nalanda University,India,Alexander Graham Bell,Lake Kariba (on the Zambia-Zimbabwe border),B) India,India is widely recognized as the world's largest democracy by population.,General Trivia,World Facts
Choose the correct answer: What is the most widely practiced religion in the world by number of adherents?,Christianity,Bankim Chandra Chatterjee,Japan,US Dollar,A) Christianity,Christianity is generally considered the religion with the largest number of adherents worldwide.,General Trivia,World Facts
Which option correctly answers this: What is the national animal of India?,Burj Khalifa,The Amazon Rainforest,Peacock,Tiger,D) Tiger,The Bengal tiger is the national animal of India.,General Trivia,India Facts
Quiz question: What is the largest coral reef system in the world?,The Great Barrier Reef,The video game industry,Andhra Pradesh,Bankim Chandra Chatterjee,A) The Great Barrier Reef,"The Great Barrier Reef, off the coast of Australia, is the world's largest coral reef system.",General Trivia,World Facts
Which is the largest hot desert in the world?,The cheetah,Saturn (closely followed by Jupiter),The Sahara Desert,Christianity,C) The Sahara Desert,The Sahara Desert in Africa is the largest hot desert in the world.,General Trivia,World Facts
Choose the correct answer: Who wrote India's national song?,Nalanda University,The Great Barrier Reef,The blue whale,Bankim Chandra Chatterjee,D) Bankim Chandra Chatterjee,"Bankim Chandra Chatterjee wrote 'Vande Mataram', India's national song.",General Trivia,India Facts
Quiz question: What is the national fruit of India?,The Mariana Trench,Christianity,The Nile,Mango,D) Mango,The mango is recognized as the national fruit of India.,General Trivia,India Facts
Quiz question: Who wrote India's national song?,Bankim Chandra Chatterjee,Christianity,New Delhi,Vatican City,A) Bankim Chandra Chatterjee,"Bankim Chandra Chatterjee wrote 'Vande Mataram', India's national song.",General Trivia,India Facts
Which option correctly answers this: What is the deepest known point in the world's oceans?,The video game industry,The Mariana Trench,Burj Khalifa,The Antarctic Desert,B) The Mariana Trench,"The Mariana Trench, in the Pacific Ocean, is the deepest known point in any of Earth's oceans.",General Trivia,Records
What is the national flower of India?,Lotus,Alexander Graham Bell,The cheetah,Mandarin Chinese,A) Lotus,"The lotus is the national flower of India, symbolizing purity.",General Trivia,India Facts
Quiz question: What is the national bird of India?,The cheetah,Vatican City,Peacock,Lotus,C) Peacock,"The peacock is the national bird of India, known for its colorful plumage.",General Trivia,India Facts
Which option correctly answers this: What is the world's largest by-volume man-made lake or reservoir often cited in geography trivia?,Lake Kariba (on the Zambia-Zimbabwe border),Angel Falls (Venezuela),Mandarin Chinese,The Mariana Trench,A) Lake Kariba (on the Zambia-Zimbabwe border),"Lake Kariba, formed by the Kariba Dam, is often cited as the world's largest reservoir by volume.",General Trivia,Records
Which option correctly answers this: Which planet in our Solar System is known for having the most moons among the largest planets?,The Amazon Rainforest,China,US Dollar,Saturn (closely followed by Jupiter),D) Saturn (closely followed by Jupiter),Saturn and Jupiter have the largest known number of moons among planets in our Solar System.,General Trivia,Amazing Facts
"Choose the correct answer: Which Indian city hosted the first modern Commonwealth Games in India, in 2010?",Thomas Edison,Christianity,New Delhi,Japan,C) New Delhi,"New Delhi hosted the 2010 Commonwealth Games, the first time India hosted the event.",General Trivia,Firsts in India
Quiz question: Which is the tallest man-made structure in the world (as of the early 2020s)?,The Sahara Desert,"About 8,849 meters",Burj Khalifa,The Nile,C) Burj Khalifa,The Burj Khalifa in Dubai is the tallest man-made structure in the world.,General Trivia,Famous Places
Which option correctly answers this: What is the most widely practiced religion in the world by number of adherents?,Christianity,Japan,"About 8,849 meters",Mandarin Chinese,A) Christianity,Christianity is generally considered the religion with the largest number of adherents worldwide.,General Trivia,World Facts
Choose the correct answer: What is the largest mammal in the world?,Greenland,Angel Falls (Venezuela),The Great Barrier Reef,The blue whale,D) The blue whale,"The blue whale is the largest mammal, and indeed the largest animal, known to have ever existed.",General Trivia,Amazing Facts
What is the national bird of India?,The Antarctic Desert,Peacock,Bankim Chandra Chatterjee,The Sahara Desert,B) Peacock,"The peacock is the national bird of India, known for its colorful plumage.",General Trivia,India Facts
Choose the correct answer: What is the smallest country in the world by area?,Rabindranath Tagore,New Delhi,Mango,Vatican City,D) Vatican City,Vatican City is the smallest independent country in the world by both area and population.,General Trivia,Records
"Which Indian city hosted the first modern Commonwealth Games in India, in 2010?",Christianity,New Delhi,The Nile,New Zealand,B) New Delhi,"New Delhi hosted the 2010 Commonwealth Games, the first time India hosted the event.",General Trivia,Firsts in India
What is the currency of the United States?,US Dollar,Japan,The blue whale,The Taj Mahal,A) US Dollar,The official currency of the United States is the US Dollar.,General Trivia,World Facts
Who wrote India's national song?,Lake Kariba (on the Zambia-Zimbabwe border),New Zealand,Thomas Edison,Bankim Chandra Chatterjee,D) Bankim Chandra Chatterjee,"Bankim Chandra Chatterjee wrote 'Vande Mataram', India's national song.",General Trivia,India Facts
Who invented the telephone?,Mango,Angel Falls (Venezuela),Alexander Graham Bell,Rabindranath Tagore,C) Alexander Graham Bell,Alexander Graham Bell is credited with inventing the first practical telephone in 1876.,General Trivia,Unusual Facts
What is the largest desert in the world?,Lake Kariba (on the Zambia-Zimbabwe border),Japan,Andhra Pradesh,The Antarctic Desert,D) The Antarctic Desert,"The Antarctic Desert is technically the largest desert in the world by area, as deserts are defined by low precipitation, not just heat.",General Trivia,World Facts
Choose the correct answer: What is the national bird of India?,China,Peacock,Christianity,Rabindranath Tagore,B) Peacock,"The peacock is the national bird of India, known for its colorful plumage.",General Trivia,India Facts
Which option correctly answers this: What is the largest coral reef system in the world?,Christianity,The Great Barrier Reef,Greenland,The Nile,B) The Great Barrier Reef,"The Great Barrier Reef, off the coast of Australia, is the world's largest coral reef system.",General Trivia,World Facts
"Quiz question: What is the highest-grossing form of entertainment industry globally often cited in trivia, alongside film?",Vatican City,Lotus,The Antarctic Desert,The video game industry,D) The video game industry,"The global video game industry is frequently cited in trivia as a very high-grossing entertainment sector, often compared to or exceeding film.",General Trivia,Amazing Facts
Quiz question: What is the national fruit of India?,Mango,Angel Falls (Venezuela),The Mariana Trench,"About 8,849 meters",A) Mango,The mango is recognized as the national fruit of India.,General Trivia,India Facts
Which option correctly answers this: What is the world's most spoken native language?,China,The Antarctic Desert,Mandarin Chinese,Vatican City,C) Mandarin Chinese,Mandarin Chinese has the largest number of native speakers of any language in the world.,General Trivia,World Facts
Which option correctly answers this: Who invented the telephone?,China,Alexander Graham Bell,The Mariana Trench,Saturn (closely followed by Jupiter),B) Alexander Graham Bell,Alexander Graham Bell is credited with inventing the first practical telephone in 1876.,General Trivia,Unusual Facts
"Choose the correct answer: What is the highest-grossing form of entertainment industry globally often cited in trivia, alongside film?",The video game industry,Rabindranath Tagore,Peacock,Thomas Edison,A) The video game industry,"The global video game industry is frequently cited in trivia as a very high-grossing entertainment sector, often compared to or exceeding film.",General Trivia,Amazing Facts
"Quiz question: Who invented the light bulb (as a practical, commercially viable design)?",US Dollar,New Zealand,Archaeology,Thomas Edison,D) Thomas Edison,"Thomas Edison developed a practical, long-lasting incandescent light bulb in 1879.",General Trivia,Unusual Facts
"Which Indian city hosted the first modern Commonwealth Games in India, in 2010?",Peacock,Alexander Graham Bell,New Delhi,Saturn (closely followed by Jupiter),C) New Delhi,"New Delhi hosted the 2010 Commonwealth Games, the first time India hosted the event.",General Trivia,Firsts in India
Quiz question: Who wrote India's national song?,Burj Khalifa,Rabindranath Tagore,China,Bankim Chandra Chatterjee,D) Bankim Chandra Chatterjee,"Bankim Chandra Chatterjee wrote 'Vande Mataram', India's national song.",General Trivia,India Facts
Choose the correct answer: What is Mount Everest's approximate height?,The Mariana Trench,Mandarin Chinese,Burj Khalifa,"About 8,849 meters","D) About 8,849 meters","Mount Everest, the world's highest peak, stands at approximately 8,849 meters above sea level.",General Trivia,World Facts
Quiz question: What is the national fruit of India?,Burj Khalifa,Mango,The Mariana Trench,The Sahara Desert,B) Mango,The mango is recognized as the national fruit of India.,General Trivia,India Facts
"Which option correctly answers this: Which Indian city hosted the first modern Commonwealth Games in India, in 2010?",Andhra Pradesh,Rabindranath Tagore,Burj Khalifa,New Delhi,D) New Delhi,"New Delhi hosted the 2010 Commonwealth Games, the first time India hosted the event.",General Trivia,Firsts in India
Which option correctly answers this: What is the study of ancient artifacts and human history called?,Greenland,Archaeology,Christianity,Thomas Edison,B) Archaeology,Archaeology is the study of human history through the excavation and analysis of artifacts and physical remains.,General Trivia,Mixed Trivia
Who wrote India's national anthem?,The Mariana Trench,Rabindranath Tagore,Tiger,Saturn (closely followed by Jupiter),B) Rabindranath Tagore,"Rabindranath Tagore composed 'Jana Gana Mana', India's national anthem.",General Trivia,India Facts
Which option correctly answers this: What is the largest desert in the world?,Thomas Edison,Angel Falls (Venezuela),New Delhi,The Antarctic Desert,D) The Antarctic Desert,"The Antarctic Desert is technically the largest desert in the world by area, as deserts are defined by low precipitation, not just heat.",General Trivia,World Facts
Quiz question: Which famous structure in India is one of the New Seven Wonders of the World?,Tiger,Nalanda University,The Nile,The Taj Mahal,D) The Taj Mahal,"The Taj Mahal, in Agra, India, is recognized as one of the New Seven Wonders of the World.",General Trivia,Famous Places
Quiz question: What is the world's largest rainforest?,Mandarin Chinese,Thomas Edison,The Amazon Rainforest,US Dollar,C) The Amazon Rainforest,"The Amazon Rainforest, located mainly in Brazil, is the largest tropical rainforest in the world.",General Trivia,World Facts
Choose the correct answer: What is the largest coral reef system in the world?,Saturn (closely followed by Jupiter),Alexander Graham Bell,Peacock,The Great Barrier Reef,D) The Great Barrier Reef,"The Great Barrier Reef, off the coast of Australia, is the world's largest coral reef system.",General Trivia,World Facts
Choose the correct answer: What is the largest desert in the world?,The Antarctic Desert,Andhra Pradesh,New Zealand,The blue whale,A) The Antarctic Desert,"The Antarctic Desert is technically the largest desert in the world by area, as deserts are defined by low precipitation, not just heat.",General Trivia,World Facts
Choose the correct answer: Which is the longest river in the world?,The Nile,Rabindranath Tagore,New Zealand,Mango,A) The Nile,The Nile River in Africa is generally considered the longest river in the world.,General Trivia,World Facts
Which option correctly answers this: Who wrote India's national anthem?,Rabindranath Tagore,The Amazon Rainforest,The Great Barrier Reef,Peacock,A) Rabindranath Tagore,"Rabindranath Tagore composed 'Jana Gana Mana', India's national anthem.",General Trivia,India Facts
Which was the first Indian state to be formed on a linguistic basis?,Andhra Pradesh,The Great Barrier Reef,Japan,India,A) Andhra Pradesh,"Andhra Pradesh was the first state in India to be organized on a linguistic basis, formed in 1953.",General Trivia,Firsts in India
Which option correctly answers this: Who invented the telephone?,The Mariana Trench,Alexander Graham Bell,The Great Barrier Reef,The cheetah,B) Alexander Graham Bell,Alexander Graham Bell is credited with inventing the first practical telephone in 1876.,General Trivia,Unusual Facts
Which option correctly answers this: What is the world's largest rainforest?,Christianity,The Amazon Rainforest,Alexander Graham Bell,Vatican City,B) The Amazon Rainforest,"The Amazon Rainforest, located mainly in Brazil, is the largest tropical rainforest in the world.",General Trivia,World Facts
Quiz question: What is the tallest waterfall in the world?,Rabindranath Tagore,Angel Falls (Venezuela),Saturn (closely followed by Jupiter),The blue whale,B) Angel Falls (Venezuela),"Angel Falls, located in Venezuela, is the world's tallest uninterrupted waterfall.",General Trivia,Records
What is the study of ancient artifacts and human history called?,The video game industry,Tiger,US Dollar,Archaeology,D) Archaeology,Archaeology is the study of human history through the excavation and analysis of artifacts and physical remains.,General Trivia,Mixed Trivia
Which option correctly answers this: What is the national bird of India?,Thomas Edison,The Taj Mahal,Peacock,Mandarin Chinese,C) Peacock,"The peacock is the national bird of India, known for its colorful plumage.",General Trivia,India Facts
Choose the correct answer: Which is the largest hot desert in the world?,The video game industry,The Sahara Desert,Mango,New Zealand,B) The Sahara Desert,The Sahara Desert in Africa is the largest hot desert in the world.,General Trivia,World Facts
Quiz question: Which is the longest river in the world?,Mango,The cheetah,The Amazon Rainforest,The Nile,D) The Nile,The Nile River in Africa is generally considered the longest river in the world.,General Trivia,World Facts
Quiz question: What is the largest desert in the world?,Andhra Pradesh,The Taj Mahal,The Antarctic Desert,The Amazon Rainforest,C) The Antarctic Desert,"The Antarctic Desert is technically the largest desert in the world by area, as deserts are defined by low precipitation, not just heat.",General Trivia,World Facts
Which option correctly answers this: What is Mount Everest's approximate height?,"About 8,849 meters",The Great Barrier Reef,Archaeology,The cheetah,"A) About 8,849 meters","Mount Everest, the world's highest peak, stands at approximately 8,849 meters above sea level.",General Trivia,World Facts
Choose the correct answer: What is the national fruit of India?,Angel Falls (Venezuela),"About 8,849 meters",Mandarin Chinese,Mango,D) Mango,The mango is recognized as the national fruit of India.,General Trivia,India Facts
Which option correctly answers this: What is the study of ancient artifacts and human history called?,Archaeology,New Zealand,"About 8,849 meters",Nalanda University,A) Archaeology,Archaeology is the study of human history through the excavation and analysis of artifacts and physical remains.,General Trivia,Mixed Trivia
Which was the first Indian state to be formed on a linguistic basis?,"About 8,849 meters",Angel Falls (Venezuela),Andhra Pradesh,Mandarin Chinese,C) Andhra Pradesh,"Andhra Pradesh was the first state in India to be organized on a linguistic basis, formed in 1953.",General Trivia,Firsts in India
Which was the first Indian state to be formed on a linguistic basis?,The Antarctic Desert,US Dollar,Andhra Pradesh,Burj Khalifa,C) Andhra Pradesh,"Andhra Pradesh was the first state in India to be organized on a linguistic basis, formed in 1953.",General Trivia,Firsts in India
Quiz question: Who wrote India's national anthem?,Bankim Chandra Chatterjee,Rabindranath Tagore,Japan,Peacock,B) Rabindranath Tagore,"Rabindranath Tagore composed 'Jana Gana Mana', India's national anthem.",General Trivia,India Facts
Quiz question: What is the national bird of India?,Greenland,Christianity,Archaeology,Peacock,D) Peacock,"The peacock is the national bird of India, known for its colorful plumage.",General Trivia,India Facts
Choose the correct answer: What is the national fruit of India?,The Amazon Rainforest,The Taj Mahal,Greenland,Mango,D) Mango,The mango is recognized as the national fruit of India.,General Trivia,India Facts
"Choose the correct answer: Who invented the light bulb (as a practical, commercially viable design)?",Thomas Edison,Peacock,The Amazon Rainforest,The Taj Mahal,A) Thomas Edison,"Thomas Edison developed a practical, long-lasting incandescent light bulb in 1879.",General Trivia,Unusual Facts
Quiz question: What is the most widely practiced religion in the world by number of adherents?,The Mariana Trench,US Dollar,The Great Barrier Reef,Christianity,D) Christianity,Christianity is generally considered the religion with the largest number of adherents worldwide.,General Trivia,World Facts
Which country produces the most rice globally?,The Great Barrier Reef,China,The Antarctic Desert,Saturn (closely followed by Jupiter),B) China,China is historically the world's largest producer of rice.,General Trivia,World Facts
Which country produces the most rice globally?,Bankim Chandra Chatterjee,Christianity,The Taj Mahal,China,D) China,China is historically the world's largest producer of rice.,General Trivia,World Facts
Choose the correct answer: Which country is known as the 'Land of the Rising Sun'?,Mango,Tiger,Andhra Pradesh,Japan,D) Japan,"Japan is known as the 'Land of the Rising Sun', reflected in its name meaning origin of the sun.",General Trivia,World Facts
Choose the correct answer: What is the smallest country in the world by area?,Angel Falls (Venezuela),China,The blue whale,Vatican City,D) Vatican City,Vatican City is the smallest independent country in the world by both area and population.,General Trivia,Records
Choose the correct answer: What is the study of ancient artifacts and human history called?,The video game industry,Saturn (closely followed by Jupiter),The Sahara Desert,Archaeology,D) Archaeology,Archaeology is the study of human history through the excavation and analysis of artifacts and physical remains.,General Trivia,Mixed Trivia
What is the world's most spoken native language?,Mandarin Chinese,Japan,Greenland,The cheetah,A) Mandarin Chinese,Mandarin Chinese has the largest number of native speakers of any language in the world.,General Trivia,World Facts
Which option correctly answers this: What is the world's largest by-volume man-made lake or reservoir often cited in geography trivia?,Japan,Mandarin Chinese,Archaeology,Lake Kariba (on the Zambia-Zimbabwe border),D) Lake Kariba (on the Zambia-Zimbabwe border),"Lake Kariba, formed by the Kariba Dam, is often cited as the world's largest reservoir by volume.",General Trivia,Records
What is the largest desert in the world?,Mandarin Chinese,Vatican City,The Antarctic Desert,Christianity,C) The Antarctic Desert,"The Antarctic Desert is technically the largest desert in the world by area, as deserts are defined by low precipitation, not just heat.",General Trivia,World Facts
Which option correctly answers this: What is the world's largest by-volume man-made lake or reservoir often cited in geography trivia?,The Taj Mahal,The Mariana Trench,Lake Kariba (on the Zambia-Zimbabwe border),US Dollar,C) Lake Kariba (on the Zambia-Zimbabwe border),"Lake Kariba, formed by the Kariba Dam, is often cited as the world's largest reservoir by volume.",General Trivia,Records
Choose the correct answer: What is the deepest known point in the world's oceans?,Nalanda University,The Mariana Trench,The Amazon Rainforest,Japan,B) The Mariana Trench,"The Mariana Trench, in the Pacific Ocean, is the deepest known point in any of Earth's oceans.",General Trivia,Records
Quiz question: Which country is known as the 'Land of the Rising Sun'?,Andhra Pradesh,India,Japan,Alexander Graham Bell,C) Japan,"Japan is known as the 'Land of the Rising Sun', reflected in its name meaning origin of the sun.",General Trivia,World Facts
"Which option correctly answers this: What is the highest-grossing form of entertainment industry globally often cited in trivia, alongside film?",The video game industry,The Great Barrier Reef,Rabindranath Tagore,Burj Khalifa,A) The video game industry,"The global video game industry is frequently cited in trivia as a very high-grossing entertainment sector, often compared to or exceeding film.",General Trivia,Amazing Facts
What is the tallest waterfall in the world?,The blue whale,New Zealand,Japan,Angel Falls (Venezuela),D) Angel Falls (Venezuela),"Angel Falls, located in Venezuela, is the world's tallest uninterrupted waterfall.",General Trivia,Records
Choose the correct answer: What is the largest mammal in the world?,Lotus,Angel Falls (Venezuela),The blue whale,Mango,C) The blue whale,"The blue whale is the largest mammal, and indeed the largest animal, known to have ever existed.",General Trivia,Amazing Facts
Quiz question: What is the national bird of India?,Nalanda University,New Delhi,Thomas Edison,Peacock,D) Peacock,"The peacock is the national bird of India, known for its colorful plumage.",General Trivia,India Facts
Who wrote India's national anthem?,Christianity,Rabindranath Tagore,Mandarin Chinese,Andhra Pradesh,B) Rabindranath Tagore,"Rabindranath Tagore composed 'Jana Gana Mana', India's national anthem.",General Trivia,India Facts
Quiz question: What is the fastest land animal?,The cheetah,The blue whale,The Antarctic Desert,Japan,A) The cheetah,"The cheetah is the fastest land animal, capable of reaching speeds up to 100-120 km/h.",General Trivia,Amazing Facts
What is the largest island in the world?,Mandarin Chinese,Lotus,The Mariana Trench,Greenland,D) Greenland,"Greenland is the largest island in the world by area, excluding continental landmasses.",General Trivia,World Facts
Which option correctly answers this: Which is the largest hot desert in the world?,Mango,Christianity,US Dollar,The Sahara Desert,D) The Sahara Desert,The Sahara Desert in Africa is the largest hot desert in the world.,General Trivia,World Facts
Which was the first Indian state to be formed on a linguistic basis?,The Amazon Rainforest,Bankim Chandra Chatterjee,The Antarctic Desert,Andhra Pradesh,D) Andhra Pradesh,"Andhra Pradesh was the first state in India to be organized on a linguistic basis, formed in 1953.",General Trivia,Firsts in India
Quiz question: What is the world's largest by-volume man-made lake or reservoir often cited in geography trivia?,Japan,Lake Kariba (on the Zambia-Zimbabwe border),The Mariana Trench,New Zealand,B) Lake Kariba (on the Zambia-Zimbabwe border),"Lake Kariba, formed by the Kariba Dam, is often cited as the world's largest reservoir by volume.",General Trivia,Records
"Quiz question: Which Indian city hosted the first modern Commonwealth Games in India, in 2010?",The Amazon Rainforest,Lake Kariba (on the Zambia-Zimbabwe border),The Sahara Desert,New Delhi,D) New Delhi,"New Delhi hosted the 2010 Commonwealth Games, the first time India hosted the event.",General Trivia,Firsts in India
Choose the correct answer: What is Mount Everest's approximate height?,Vatican City,The Sahara Desert,"About 8,849 meters",Lotus,"C) About 8,849 meters","Mount Everest, the world's highest peak, stands at approximately 8,849 meters above sea level.",General Trivia,World Facts
"Which option correctly answers this: Which is considered one of the world's earliest centers of higher learning, located in ancient India?",Lotus,Archaeology,Mandarin Chinese,Nalanda University,D) Nalanda University,"Nalanda University in ancient India, established around the 5th century CE, is considered one of the world's earliest centers of higher learning.",General Trivia,Firsts in the World
Choose the correct answer: What is the national fruit of India?,Peacock,The Amazon Rainforest,Mango,Rabindranath Tagore,C) Mango,The mango is recognized as the national fruit of India.,General Trivia,India Facts
"Choose the correct answer: Which is considered one of the world's earliest centers of higher learning, located in ancient India?",Mango,Nalanda University,Lake Kariba (on the Zambia-Zimbabwe border),Alexander Graham Bell,B) Nalanda University,"Nalanda University in ancient India, established around the 5th century CE, is considered one of the world's earliest centers of higher learning.",General Trivia,Firsts in the World
Choose the correct answer: Which is the tallest man-made structure in the world (as of the early 2020s)?,India,The Great Barrier Reef,Burj Khalifa,Angel Falls (Venezuela),C) Burj Khalifa,The Burj Khalifa in Dubai is the tallest man-made structure in the world.,General Trivia,Famous Places
Choose the correct answer: What is the national bird of India?,China,New Zealand,Peacock,Bankim Chandra Chatterjee,C) Peacock,"The peacock is the national bird of India, known for its colorful plumage.",General Trivia,India Facts
"Quiz question: Which Indian city hosted the first modern Commonwealth Games in India, in 2010?",New Delhi,Angel Falls (Venezuela),The Nile,"About 8,849 meters",A) New Delhi,"New Delhi hosted the 2010 Commonwealth Games, the first time India hosted the event.",General Trivia,Firsts in India
What is the tallest waterfall in the world?,US Dollar,The Taj Mahal,Angel Falls (Venezuela),Andhra Pradesh,C) Angel Falls (Venezuela),"Angel Falls, located in Venezuela, is the world's tallest uninterrupted waterfall.",General Trivia,Records
What is the tallest waterfall in the world?,Bankim Chandra Chatterjee,Angel Falls (Venezuela),The cheetah,US Dollar,B) Angel Falls (Venezuela),"Angel Falls, located in Venezuela, is the world's tallest uninterrupted waterfall.",General Trivia,Records
Which is the longest river in the world?,The Amazon Rainforest,The Antarctic Desert,Greenland,The Nile,D) The Nile,The Nile River in Africa is generally considered the longest river in the world.,General Trivia,World Facts
Which is the largest democracy in the world by population?,The Nile,The Amazon Rainforest,India,The cheetah,C) India,India is widely recognized as the world's largest democracy by population.,General Trivia,World Facts
Quiz question: What is the national fruit of India?,"About 8,849 meters",Nalanda University,Mango,The video game industry,C) Mango,The mango is recognized as the national fruit of India.,General Trivia,India Facts
Which country produces the most rice globally?,New Delhi,China,The Sahara Desert,The Mariana Trench,B) China,China is historically the world's largest producer of rice.,General Trivia,World Facts
Quiz question: What is the national bird of India?,The Taj Mahal,Archaeology,The Great Barrier Reef,Peacock,D) Peacock,"The peacock is the national bird of India, known for its colorful plumage.",General Trivia,India Facts
Quiz question: What is the world's largest rainforest?,Rabindranath Tagore,The Amazon Rainforest,Archaeology,The Nile,B) The Amazon Rainforest,"The Amazon Rainforest, located mainly in Brazil, is the largest tropical rainforest in the world.",General Trivia,World Facts
"Who invented the light bulb (as a practical, commercially viable design)?",The Mariana Trench,Nalanda University,Thomas Edison,The blue whale,C) Thomas Edison,"Thomas Edison developed a practical, long-lasting incandescent light bulb in 1879.",General Trivia,Unusual Facts
What is the national animal of India?,Andhra Pradesh,Tiger,Japan,Lotus,B) Tiger,The Bengal tiger is the national animal of India.,General Trivia,India Facts
Choose the correct answer: What is the world's largest by-volume man-made lake or reservoir often cited in geography trivia?,Tiger,Japan,Nalanda University,Lake Kariba (on the Zambia-Zimbabwe border),D) Lake Kariba (on the Zambia-Zimbabwe border),"Lake Kariba, formed by the Kariba Dam, is often cited as the world's largest reservoir by volume.",General Trivia,Records
Which option correctly answers this: What is the most widely practiced religion in the world by number of adherents?,Christianity,The video game industry,The cheetah,"About 8,849 meters",A) Christianity,Christianity is generally considered the religion with the largest number of adherents worldwide.,General Trivia,World Facts
Which option correctly answers this: Which country produces the most rice globally?,The Taj Mahal,Archaeology,China,Vatican City,C) China,China is historically the world's largest producer of rice.,General Trivia,World Facts
"Quiz question: What is the highest-grossing form of entertainment industry globally often cited in trivia, alongside film?",The video game industry,Burj Khalifa,US Dollar,Vatican City,A) The video game industry,"The global video game industry is frequently cited in trivia as a very high-grossing entertainment sector, often compared to or exceeding film.",General Trivia,Amazing Facts
Which option correctly answers this: Which famous structure in India is one of the New Seven Wonders of the World?,The Taj Mahal,Christianity,The Mariana Trench,Thomas Edison,A) The Taj Mahal,"The Taj Mahal, in Agra, India, is recognized as one of the New Seven Wonders of the World.",General Trivia,Famous Places
Which planet in our Solar System is known for having the most moons among the largest planets?,The Sahara Desert,Peacock,Mango,Saturn (closely followed by Jupiter),D) Saturn (closely followed by Jupiter),Saturn and Jupiter have the largest known number of moons among planets in our Solar System.,General Trivia,Amazing Facts
Choose the correct answer: What is the study of ancient artifacts and human history called?,The video game industry,Archaeology,Saturn (closely followed by Jupiter),Tiger,B) Archaeology,Archaeology is the study of human history through the excavation and analysis of artifacts and physical remains.,General Trivia,Mixed Trivia
Which country produces the most rice globally?,US Dollar,Nalanda University,Lake Kariba (on the Zambia-Zimbabwe border),China,D) China,China is historically the world's largest producer of rice.,General Trivia,World Facts
Which option correctly answers this: What is the smallest country in the world by area?,Vatican City,Christianity,Andhra Pradesh,Archaeology,A) Vatican City,Vatican City is the smallest independent country in the world by both area and population.,General Trivia,Records
Which is the largest hot desert in the world?,The Sahara Desert,Christianity,Bankim Chandra Chatterjee,The Taj Mahal,A) The Sahara Desert,The Sahara Desert in Africa is the largest hot desert in the world.,General Trivia,World Facts
Choose the correct answer: Which is the largest hot desert in the world?,The Sahara Desert,China,Tiger,The cheetah,A) The Sahara Desert,The Sahara Desert in Africa is the largest hot desert in the world.,General Trivia,World Facts
What is the largest mammal in the world?,The Sahara Desert,The blue whale,Bankim Chandra Chatterjee,Greenland,B) The blue whale,"The blue whale is the largest mammal, and indeed the largest animal, known to have ever existed.",General Trivia,Amazing Facts
Which option correctly answers this: What is the tallest waterfall in the world?,The Nile,Angel Falls (Venezuela),Rabindranath Tagore,The Antarctic Desert,B) Angel Falls (Venezuela),"Angel Falls, located in Venezuela, is the world's tallest uninterrupted waterfall.",General Trivia,Records
Quiz question: Which country is known as the 'Land of the Rising Sun'?,Archaeology,Japan,Mandarin Chinese,Christianity,B) Japan,"Japan is known as the 'Land of the Rising Sun', reflected in its name meaning origin of the sun.",General Trivia,World Facts
What is the study of ancient artifacts and human history called?,Saturn (closely followed by Jupiter),The Amazon Rainforest,Archaeology,The Mariana Trench,C) Archaeology,Archaeology is the study of human history through the excavation and analysis of artifacts and physical remains.,General Trivia,Mixed Trivia
Choose the correct answer: What is the study of ancient artifacts and human history called?,Nalanda University,Archaeology,Lake Kariba (on the Zambia-Zimbabwe border),Rabindranath Tagore,B) Archaeology,Archaeology is the study of human history through the excavation and analysis of artifacts and physical remains.,General Trivia,Mixed Trivia
What is the deepest known point in the world's oceans?,The Mariana Trench,Mandarin Chinese,Peacock,Andhra Pradesh,A) The Mariana Trench,"The Mariana Trench, in the Pacific Ocean, is the deepest known point in any of Earth's oceans.",General Trivia,Records
Choose the correct answer: Which was the first country to grant women the right to vote?,Archaeology,Greenland,China,New Zealand,D) New Zealand,"New Zealand became the first self-governing country to grant women the right to vote, in 1893.",General Trivia,Firsts in the World
Choose the correct answer: What is the world's most spoken native language?,Mandarin Chinese,Burj Khalifa,The Sahara Desert,Archaeology,A) Mandarin Chinese,Mandarin Chinese has the largest number of native speakers of any language in the world.,General Trivia,World Facts
Choose the correct answer: Who invented the telephone?,Alexander Graham Bell,Greenland,The blue whale,New Zealand,A) Alexander Graham Bell,Alexander Graham Bell is credited with inventing the first practical telephone in 1876.,General Trivia,Unusual Facts
What is Mount Everest's approximate height?,Alexander Graham Bell,Burj Khalifa,Lotus,"About 8,849 meters","D) About 8,849 meters","Mount Everest, the world's highest peak, stands at approximately 8,849 meters above sea level.",General Trivia,World Facts
Choose the correct answer: What is the deepest known point in the world's oceans?,Japan,The Mariana Trench,Thomas Edison,The Nile,B) The Mariana Trench,"The Mariana Trench, in the Pacific Ocean, is the deepest known point in any of Earth's oceans.",General Trivia,Records
What is the deepest known point in the world's oceans?,The Mariana Trench,Rabindranath Tagore,The Sahara Desert,Alexander Graham Bell,A) The Mariana Trench,"The Mariana Trench, in the Pacific Ocean, is the deepest known point in any of Earth's oceans.",General Trivia,Records
What is Mount Everest's approximate height?,The Nile,Vatican City,Alexander Graham Bell,"About 8,849 meters","D) About 8,849 meters","Mount Everest, the world's highest peak, stands at approximately 8,849 meters above sea level.",General Trivia,World Facts
Quiz question: Which is the largest democracy in the world by population?,Vatican City,India,Greenland,The blue whale,B) India,India is widely recognized as the world's largest democracy by population.,General Trivia,World Facts
"Who invented the light bulb (as a practical, commercially viable design)?",Japan,Rabindranath Tagore,The Amazon Rainforest,Thomas Edison,D) Thomas Edison,"Thomas Edison developed a practical, long-lasting incandescent light bulb in 1879.",General Trivia,Unusual Facts
What is the deepest known point in the world's oceans?,Japan,Tiger,The Mariana Trench,Lake Kariba (on the Zambia-Zimbabwe border),C) The Mariana Trench,"The Mariana Trench, in the Pacific Ocean, is the deepest known point in any of Earth's oceans.",General Trivia,Records
Which option correctly answers this: What is the national fruit of India?,Mango,China,Tiger,Archaeology,A) Mango,The mango is recognized as the national fruit of India.,General Trivia,India Facts
Quiz question: Which was the first Indian state to be formed on a linguistic basis?,Greenland,The Mariana Trench,Mango,Andhra Pradesh,D) Andhra Pradesh,"Andhra Pradesh was the first state in India to be organized on a linguistic basis, formed in 1953.",General Trivia,Firsts in India
Quiz question: Which is the largest hot desert in the world?,China,Lotus,The Sahara Desert,The Mariana Trench,C) The Sahara Desert,The Sahara Desert in Africa is the largest hot desert in the world.,General Trivia,World Facts
Which option correctly answers this: Who wrote India's national song?,The Antarctic Desert,The Amazon Rainforest,Bankim Chandra Chatterjee,The video game industry,C) Bankim Chandra Chatterjee,"Bankim Chandra Chatterjee wrote 'Vande Mataram', India's national song.",General Trivia,India Facts
Which option correctly answers this: What is the national animal of India?,Archaeology,US Dollar,New Zealand,Tiger,D) Tiger,The Bengal tiger is the national animal of India.,General Trivia,India Facts
What is the study of ancient artifacts and human history called?,Lotus,Bankim Chandra Chatterjee,Archaeology,New Delhi,C) Archaeology,Archaeology is the study of human history through the excavation and analysis of artifacts and physical remains.,General Trivia,Mixed Trivia
Choose the correct answer: Which is the largest democracy in the world by population?,The Mariana Trench,Christianity,India,Mango,C) India,India is widely recognized as the world's largest democracy by population.,General Trivia,World Facts
Quiz question: Who invented the telephone?,New Zealand,Alexander Graham Bell,India,Mango,B) Alexander Graham Bell,Alexander Graham Bell is credited with inventing the first practical telephone in 1876.,General Trivia,Unusual Facts
"What is the highest-grossing form of entertainment industry globally often cited in trivia, alongside film?",The video game industry,The cheetah,Bankim Chandra Chatterjee,Japan,A) The video game industry,"The global video game industry is frequently cited in trivia as a very high-grossing entertainment sector, often compared to or exceeding film.",General Trivia,Amazing Facts
Quiz question: What is the world's largest by-volume man-made lake or reservoir often cited in geography trivia?,Bankim Chandra Chatterjee,Lake Kariba (on the Zambia-Zimbabwe border),The Antarctic Desert,Lotus,B) Lake Kariba (on the Zambia-Zimbabwe border),"Lake Kariba, formed by the Kariba Dam, is often cited as the world's largest reservoir by volume.",General Trivia,Records
Choose the correct answer: Which planet in our Solar System is known for having the most moons among the largest planets?,New Delhi,Christianity,Saturn (closely followed by Jupiter),Tiger,C) Saturn (closely followed by Jupiter),Saturn and Jupiter have the largest known number of moons among planets in our Solar System.,General Trivia,Amazing Facts
What is the study of ancient artifacts and human history called?,Archaeology,"About 8,849 meters",Tiger,Nalanda University,A) Archaeology,Archaeology is the study of human history through the excavation and analysis of artifacts and physical remains.,General Trivia,Mixed Trivia
Choose the correct answer: What is the world's largest rainforest?,The Amazon Rainforest,Nalanda University,The Sahara Desert,India,A) The Amazon Rainforest,"The Amazon Rainforest, located mainly in Brazil, is the largest tropical rainforest in the world.",General Trivia,World Facts
Choose the correct answer: What is the fastest land animal?,Mango,The cheetah,"About 8,849 meters",Mandarin Chinese,B) The cheetah,"The cheetah is the fastest land animal, capable of reaching speeds up to 100-120 km/h.",General Trivia,Amazing Facts
Quiz question: What is the world's largest rainforest?,The cheetah,The Antarctic Desert,The blue whale,The Amazon Rainforest,D) The Amazon Rainforest,"The Amazon Rainforest, located mainly in Brazil, is the largest tropical rainforest in the world.",General Trivia,World Facts
"What is the highest-grossing form of entertainment industry globally often cited in trivia, alongside film?",Tiger,India,China,The video game industry,D) The video game industry,"The global video game industry is frequently cited in trivia as a very high-grossing entertainment sector, often compared to or exceeding film.",General Trivia,Amazing Facts
Quiz question: What is the national animal of India?,Christianity,Tiger,Lotus,Thomas Edison,B) Tiger,The Bengal tiger is the national animal of India.,General Trivia,India Facts
Which planet in our Solar System is known for having the most moons among the largest planets?,Alexander Graham Bell,Saturn (closely followed by Jupiter),Mango,The Nile,B) Saturn (closely followed by Jupiter),Saturn and Jupiter have the largest known number of moons among planets in our Solar System.,General Trivia,Amazing Facts
Quiz question: What is the study of ancient artifacts and human history called?,The Amazon Rainforest,The Mariana Trench,The cheetah,Archaeology,D) Archaeology,Archaeology is the study of human history through the excavation and analysis of artifacts and physical remains.,General Trivia,Mixed Trivia
Choose the correct answer: What is the national animal of India?,The Taj Mahal,The cheetah,Tiger,"About 8,849 meters",C) Tiger,The Bengal tiger is the national animal of India.,General Trivia,India Facts
Quiz question: What is the largest mammal in the world?,The blue whale,The cheetah,"About 8,849 meters",The Sahara Desert,A) The blue whale,"The blue whale is the largest mammal, and indeed the largest animal, known to have ever existed.",General Trivia,Amazing Facts
Quiz question: What is the most widely practiced religion in the world by number of adherents?,The Mariana Trench,Nalanda University,The blue whale,Christianity,D) Christianity,Christianity is generally considered the religion with the largest number of adherents worldwide.,General Trivia,World Facts
Which option correctly answers this: What is the national animal of India?,Burj Khalifa,Bankim Chandra Chatterjee,Tiger,Lake Kariba (on the Zambia-Zimbabwe border),C) Tiger,The Bengal tiger is the national animal of India.,General Trivia,India Facts
What is the national animal of India?,Tiger,Andhra Pradesh,The Great Barrier Reef,Japan,A) Tiger,The Bengal tiger is the national animal of India.,General Trivia,India Facts
Which famous structure in India is one of the New Seven Wonders of the World?,The Great Barrier Reef,The blue whale,The Taj Mahal,Vatican City,C) The Taj Mahal,"The Taj Mahal, in Agra, India, is recognized as one of the New Seven Wonders of the World.",General Trivia,Famous Places
Which option correctly answers this: Which country is known as the 'Land of the Rising Sun'?,Japan,Nalanda University,The cheetah,The Sahara Desert,A) Japan,"Japan is known as the 'Land of the Rising Sun', reflected in its name meaning origin of the sun.",General Trivia,World Facts
"Choose the correct answer: Which Indian city hosted the first modern Commonwealth Games in India, in 2010?",New Delhi,Nalanda University,Christianity,Peacock,A) New Delhi,"New Delhi hosted the 2010 Commonwealth Games, the first time India hosted the event.",General Trivia,Firsts in India
Quiz question: Which was the first Indian state to be formed on a linguistic basis?,Andhra Pradesh,The Mariana Trench,The Antarctic Desert,Burj Khalifa,A) Andhra Pradesh,"Andhra Pradesh was the first state in India to be organized on a linguistic basis, formed in 1953.",General Trivia,Firsts in India
Quiz question: Which was the first Indian state to be formed on a linguistic basis?,Rabindranath Tagore,The Great Barrier Reef,Japan,Andhra Pradesh,D) Andhra Pradesh,"Andhra Pradesh was the first state in India to be organized on a linguistic basis, formed in 1953.",General Trivia,Firsts in India
Which option correctly answers this: What is the largest island in the world?,Japan,The video game industry,Alexander Graham Bell,Greenland,D) Greenland,"Greenland is the largest island in the world by area, excluding continental landmasses.",General Trivia,World Facts
Quiz question: What is the largest mammal in the world?,Thomas Edison,The blue whale,Archaeology,US Dollar,B) The blue whale,"The blue whale is the largest mammal, and indeed the largest animal, known to have ever existed.",General Trivia,Amazing Facts
"Choose the correct answer: Who invented the light bulb (as a practical, commercially viable design)?",Greenland,Thomas Edison,Nalanda University,Burj Khalifa,B) Thomas Edison,"Thomas Edison developed a practical, long-lasting incandescent light bulb in 1879.",General Trivia,Unusual Facts
Choose the correct answer: What is the national bird of India?,Andhra Pradesh,Saturn (closely followed by Jupiter),Japan,Peacock,D) Peacock,"The peacock is the national bird of India, known for its colorful plumage.",General Trivia,India Facts
Quiz question: What is the national fruit of India?,Thomas Edison,Mango,The blue whale,New Zealand,B) Mango,The mango is recognized as the national fruit of India.,General Trivia,India Facts
Choose the correct answer: Which planet in our Solar System is known for having the most moons among the largest planets?,"About 8,849 meters",Mandarin Chinese,Andhra Pradesh,Saturn (closely followed by Jupiter),D) Saturn (closely followed by Jupiter),Saturn and Jupiter have the largest known number of moons among planets in our Solar System.,General Trivia,Amazing Facts
Choose the correct answer: Which country is known as the 'Land of the Rising Sun'?,The Nile,Japan,New Zealand,Nalanda University,B) Japan,"Japan is known as the 'Land of the Rising Sun', reflected in its name meaning origin of the sun.",General Trivia,World Facts
"Which option correctly answers this: Who invented the light bulb (as a practical, commercially viable design)?",The Antarctic Desert,Thomas Edison,Mango,The Mariana Trench,B) Thomas Edison,"Thomas Edison developed a practical, long-lasting incandescent light bulb in 1879.",General Trivia,Unusual Facts
What is the national fruit of India?,Mango,Vatican City,Greenland,The blue whale,A) Mango,The mango is recognized as the national fruit of India.,General Trivia,India Facts
Which was the first Indian state to be formed on a linguistic basis?,Vatican City,Andhra Pradesh,Alexander Graham Bell,Rabindranath Tagore,B) Andhra Pradesh,"Andhra Pradesh was the first state in India to be organized on a linguistic basis, formed in 1953.",General Trivia,Firsts in India
Choose the correct answer: Which was the first Indian state to be formed on a linguistic basis?,The Taj Mahal,Andhra Pradesh,Japan,"About 8,849 meters",B) Andhra Pradesh,"Andhra Pradesh was the first state in India to be organized on a linguistic basis, formed in 1953.",General Trivia,Firsts in India
What is the world's largest rainforest?,Christianity,New Zealand,The Antarctic Desert,The Amazon Rainforest,D) The Amazon Rainforest,"The Amazon Rainforest, located mainly in Brazil, is the largest tropical rainforest in the world.",General Trivia,World Facts
Quiz question: Which is the longest river in the world?,Bankim Chandra Chatterjee,The Nile,Lotus,Mandarin Chinese,B) The Nile,The Nile River in Africa is generally considered the longest river in the world.,General Trivia,World Facts
Which is the longest river in the world?,Mandarin Chinese,Burj Khalifa,The Sahara Desert,The Nile,D) The Nile,The Nile River in Africa is generally considered the longest river in the world.,General Trivia,World Facts
Which famous structure in India is one of the New Seven Wonders of the World?,The Taj Mahal,Rabindranath Tagore,China,Archaeology,A) The Taj Mahal,"The Taj Mahal, in Agra, India, is recognized as one of the New Seven Wonders of the World.",General Trivia,Famous Places
What is the national flower of India?,The Taj Mahal,Bankim Chandra Chatterjee,Lotus,The Amazon Rainforest,C) Lotus,"The lotus is the national flower of India, symbolizing purity.",General Trivia,India Facts
"What is the highest-grossing form of entertainment industry globally often cited in trivia, alongside film?",Bankim Chandra Chatterjee,The video game industry,New Zealand,Tiger,B) The video game industry,"The global video game industry is frequently cited in trivia as a very high-grossing entertainment sector, often compared to or exceeding film.",General Trivia,Amazing Facts
Which option correctly answers this: Which country produces the most rice globally?,Lake Kariba (on the Zambia-Zimbabwe border),Greenland,Japan,China,D) China,China is historically the world's largest producer of rice.,General Trivia,World Facts
Choose the correct answer: What is the national fruit of India?,Lotus,Mango,Peacock,Japan,B) Mango,The mango is recognized as the national fruit of India.,General Trivia,India Facts
Which was the first Indian state to be formed on a linguistic basis?,Lotus,Andhra Pradesh,The Mariana Trench,"About 8,849 meters",B) Andhra Pradesh,"Andhra Pradesh was the first state in India to be organized on a linguistic basis, formed in 1953.",General Trivia,Firsts in India
What is the largest mammal in the world?,The Taj Mahal,"About 8,849 meters",The Great Barrier Reef,The blue whale,D) The blue whale,"The blue whale is the largest mammal, and indeed the largest animal, known to have ever existed.",General Trivia,Amazing Facts
Quiz question: Which is the longest river in the world?,The Nile,The Amazon Rainforest,China,Vatican City,A) The Nile,The Nile River in Africa is generally considered the longest river in the world.,General Trivia,World Facts
Who wrote India's national song?,New Delhi,Tiger,The Nile,Bankim Chandra Chatterjee,D) Bankim Chandra Chatterjee,"Bankim Chandra Chatterjee wrote 'Vande Mataram', India's national song.",General Trivia,India Facts
Which option correctly answers this: Who wrote India's national song?,The Antarctic Desert,Bankim Chandra Chatterjee,Burj Khalifa,Alexander Graham Bell,B) Bankim Chandra Chatterjee,"Bankim Chandra Chatterjee wrote 'Vande Mataram', India's national song.",General Trivia,India Facts
Which option correctly answers this: Which famous structure in India is one of the New Seven Wonders of the World?,China,Burj Khalifa,The Taj Mahal,The Antarctic Desert,C) The Taj Mahal,"The Taj Mahal, in Agra, India, is recognized as one of the New Seven Wonders of the World.",General Trivia,Famous Places
Quiz question: Which famous structure in India is one of the New Seven Wonders of the World?,The Antarctic Desert,US Dollar,The Taj Mahal,New Delhi,C) The Taj Mahal,"The Taj Mahal, in Agra, India, is recognized as one of the New Seven Wonders of the World.",General Trivia,Famous Places
Which option correctly answers this: What is the national flower of India?,Lotus,New Zealand,Japan,The Mariana Trench,A) Lotus,"The lotus is the national flower of India, symbolizing purity.",General Trivia,India Facts
Which option correctly answers this: Which is the largest hot desert in the world?,Bankim Chandra Chatterjee,The Sahara Desert,Mandarin Chinese,Nalanda University,B) The Sahara Desert,The Sahara Desert in Africa is the largest hot desert in the world.,General Trivia,World Facts
Which option correctly answers this: Which is the largest democracy in the world by population?,Lake Kariba (on the Zambia-Zimbabwe border),Archaeology,India,US Dollar,C) India,India is widely recognized as the world's largest democracy by population.,General Trivia,World Facts
"Quiz question: What is the highest-grossing form of entertainment industry globally often cited in trivia, alongside film?",Andhra Pradesh,Christianity,The video game industry,The Amazon Rainforest,C) The video game industry,"The global video game industry is frequently cited in trivia as a very high-grossing entertainment sector, often compared to or exceeding film.",General Trivia,Amazing Facts
Which option correctly answers this: What is the world's largest by-volume man-made lake or reservoir often cited in geography trivia?,The Amazon Rainforest,Vatican City,The Sahara Desert,Lake Kariba (on the Zambia-Zimbabwe border),D) Lake Kariba (on the Zambia-Zimbabwe border),"Lake Kariba, formed by the Kariba Dam, is often cited as the world's largest reservoir by volume.",General Trivia,Records
Quiz question: What is the national fruit of India?,Andhra Pradesh,Mango,New Zealand,New Delhi,B) Mango,The mango is recognized as the national fruit of India.,General Trivia,India Facts
Which option correctly answers this: What is the national bird of India?,The Mariana Trench,Peacock,India,Angel Falls (Venezuela),B) Peacock,"The peacock is the national bird of India, known for its colorful plumage.",General Trivia,India Facts
Quiz question: What is the smallest country in the world by area?,Lake Kariba (on the Zambia-Zimbabwe border),The Antarctic Desert,Vatican City,The blue whale,C) Vatican City,Vatican City is the smallest independent country in the world by both area and population.,General Trivia,Records
"Which option correctly answers this: Which Indian city hosted the first modern Commonwealth Games in India, in 2010?",New Delhi,Angel Falls (Venezuela),Bankim Chandra Chatterjee,Archaeology,A) New Delhi,"New Delhi hosted the 2010 Commonwealth Games, the first time India hosted the event.",General Trivia,Firsts in India
Which is the largest hot desert in the world?,The Sahara Desert,The video game industry,The Antarctic Desert,Angel Falls (Venezuela),A) The Sahara Desert,The Sahara Desert in Africa is the largest hot desert in the world.,General Trivia,World Facts
Which option correctly answers this: What is the currency of the United States?,Mandarin Chinese,US Dollar,Andhra Pradesh,The Mariana Trench,B) US Dollar,The official currency of the United States is the US Dollar.,General Trivia,World Facts
Choose the correct answer: What is the world's largest by-volume man-made lake or reservoir often cited in geography trivia?,Lake Kariba (on the Zambia-Zimbabwe border),Burj Khalifa,Greenland,Saturn (closely followed by Jupiter),A) Lake Kariba (on the Zambia-Zimbabwe border),"Lake Kariba, formed by the Kariba Dam, is often cited as the world's largest reservoir by volume.",General Trivia,Records
Which option correctly answers this: Which was the first Indian state to be formed on a linguistic basis?,Andhra Pradesh,Bankim Chandra Chatterjee,Burj Khalifa,Saturn (closely followed by Jupiter),A) Andhra Pradesh,"Andhra Pradesh was the first state in India to be organized on a linguistic basis, formed in 1953.",General Trivia,Firsts in India
"Choose the correct answer: Who invented the light bulb (as a practical, commercially viable design)?",Thomas Edison,Mango,Nalanda University,The blue whale,A) Thomas Edison,"Thomas Edison developed a practical, long-lasting incandescent light bulb in 1879.",General Trivia,Unusual Facts
What is the largest coral reef system in the world?,The Great Barrier Reef,New Zealand,Alexander Graham Bell,The Mariana Trench,A) The Great Barrier Reef,"The Great Barrier Reef, off the coast of Australia, is the world's largest coral reef system.",General Trivia,World Facts
"Quiz question: Which Indian city hosted the first modern Commonwealth Games in India, in 2010?",Thomas Edison,Lake Kariba (on the Zambia-Zimbabwe border),The Great Barrier Reef,New Delhi,D) New Delhi,"New Delhi hosted the 2010 Commonwealth Games, the first time India hosted the event.",General Trivia,Firsts in India
Choose the correct answer: What is the world's most spoken native language?,The Great Barrier Reef,The cheetah,Mandarin Chinese,Nalanda University,C) Mandarin Chinese,Mandarin Chinese has the largest number of native speakers of any language in the world.,General Trivia,World Facts
What is the national animal of India?,Tiger,Thomas Edison,The Taj Mahal,Christianity,A) Tiger,The Bengal tiger is the national animal of India.,General Trivia,India Facts
Which option correctly answers this: Who invented the telephone?,Alexander Graham Bell,The Mariana Trench,US Dollar,Mandarin Chinese,A) Alexander Graham Bell,Alexander Graham Bell is credited with inventing the first practical telephone in 1876.,General Trivia,Unusual Facts
Quiz question: Which is the largest hot desert in the world?,Archaeology,The Great Barrier Reef,The Sahara Desert,New Zealand,C) The Sahara Desert,The Sahara Desert in Africa is the largest hot desert in the world.,General Trivia,World Facts
Quiz question: Who wrote India's national anthem?,Lotus,New Delhi,Angel Falls (Venezuela),Rabindranath Tagore,D) Rabindranath Tagore,"Rabindranath Tagore composed 'Jana Gana Mana', India's national anthem.",General Trivia,India Facts
Quiz question: What is the fastest land animal?,Thomas Edison,The cheetah,The Antarctic Desert,Saturn (closely followed by Jupiter),B) The cheetah,"The cheetah is the fastest land animal, capable of reaching speeds up to 100-120 km/h.",General Trivia,Amazing Facts
Choose the correct answer: What is the currency of the United States?,Burj Khalifa,The Nile,US Dollar,"About 8,849 meters",C) US Dollar,The official currency of the United States is the US Dollar.,General Trivia,World Facts
Which option correctly answers this: Who invented the telephone?,Bankim Chandra Chatterjee,Alexander Graham Bell,The blue whale,Christianity,B) Alexander Graham Bell,Alexander Graham Bell is credited with inventing the first practical telephone in 1876.,General Trivia,Unusual Facts
Which is the longest river in the world?,Greenland,Lake Kariba (on the Zambia-Zimbabwe border),The Nile,Thomas Edison,C) The Nile,The Nile River in Africa is generally considered the longest river in the world.,General Trivia,World Facts
Quiz question: Which is the largest democracy in the world by population?,Japan,India,China,Vatican City,B) India,India is widely recognized as the world's largest democracy by population.,General Trivia,World Facts
Who wrote India's national anthem?,Rabindranath Tagore,Archaeology,Japan,Angel Falls (Venezuela),A) Rabindranath Tagore,"Rabindranath Tagore composed 'Jana Gana Mana', India's national anthem.",General Trivia,India Facts
Choose the correct answer: What is the national fruit of India?,The Amazon Rainforest,India,The blue whale,Mango,D) Mango,The mango is recognized as the national fruit of India.,General Trivia,India Facts
What is the national bird of India?,Peacock,The Nile,The Amazon Rainforest,The Sahara Desert,A) Peacock,"The peacock is the national bird of India, known for its colorful plumage.",General Trivia,India Facts
What is the largest coral reef system in the world?,Bankim Chandra Chatterjee,The Great Barrier Reef,Vatican City,Archaeology,B) The Great Barrier Reef,"The Great Barrier Reef, off the coast of Australia, is the world's largest coral reef system.",General Trivia,World Facts
Choose the correct answer: Which was the first country to grant women the right to vote?,The Antarctic Desert,The video game industry,Andhra Pradesh,New Zealand,D) New Zealand,"New Zealand became the first self-governing country to grant women the right to vote, in 1893.",General Trivia,Firsts in the World
Quiz question: Which was the first Indian state to be formed on a linguistic basis?,Japan,The Taj Mahal,Nalanda University,Andhra Pradesh,D) Andhra Pradesh,"Andhra Pradesh was the first state in India to be organized on a linguistic basis, formed in 1953.",General Trivia,Firsts in India
Choose the correct answer: Who invented the telephone?,The Nile,Alexander Graham Bell,Greenland,Saturn (closely followed by Jupiter),B) Alexander Graham Bell,Alexander Graham Bell is credited with inventing the first practical telephone in 1876.,General Trivia,Unusual Facts
Quiz question: Which country produces the most rice globally?,China,New Zealand,The cheetah,Mandarin Chinese,A) China,China is historically the world's largest producer of rice.,General Trivia,World Facts
"Quiz question: What is the highest-grossing form of entertainment industry globally often cited in trivia, alongside film?",The video game industry,Mango,The Sahara Desert,New Zealand,A) The video game industry,"The global video game industry is frequently cited in trivia as a very high-grossing entertainment sector, often compared to or exceeding film.",General Trivia,Amazing Facts
"Which option correctly answers this: Which is considered one of the world's earliest centers of higher learning, located in ancient India?",Nalanda University,Andhra Pradesh,Lake Kariba (on the Zambia-Zimbabwe border),Christianity,A) Nalanda University,"Nalanda University in ancient India, established around the 5th century CE, is considered one of the world's earliest centers of higher learning.",General Trivia,Firsts in the World
What is Mount Everest's approximate height?,Mango,New Delhi,"About 8,849 meters",India,"C) About 8,849 meters","Mount Everest, the world's highest peak, stands at approximately 8,849 meters above sea level.",General Trivia,World Facts
Quiz question: What is the most widely practiced religion in the world by number of adherents?,"About 8,849 meters",The video game industry,Mandarin Chinese,Christianity,D) Christianity,Christianity is generally considered the religion with the largest number of adherents worldwide.,General Trivia,World Facts
Choose the correct answer: What is Mount Everest's approximate height?,"About 8,849 meters",Greenland,New Zealand,China,"A) About 8,849 meters","Mount Everest, the world's highest peak, stands at approximately 8,849 meters above sea level.",General Trivia,World Facts
What is the world's largest rainforest?,Archaeology,"About 8,849 meters",Lotus,The Amazon Rainforest,D) The Amazon Rainforest,"The Amazon Rainforest, located mainly in Brazil, is the largest tropical rainforest in the world.",General Trivia,World Facts
Which is the longest river in the world?,Bankim Chandra Chatterjee,The Nile,Lotus,Greenland,B) The Nile,The Nile River in Africa is generally considered the longest river in the world.,General Trivia,World Facts
Choose the correct answer: What is the world's most spoken native language?,Mandarin Chinese,Burj Khalifa,Japan,The Taj Mahal,A) Mandarin Chinese,Mandarin Chinese has the largest number of native speakers of any language in the world.,General Trivia,World Facts
Choose the correct answer: What is the largest island in the world?,Rabindranath Tagore,Archaeology,Greenland,The Nile,C) Greenland,"Greenland is the largest island in the world by area, excluding continental landmasses.",General Trivia,World Facts
Which option correctly answers this: Which is the largest democracy in the world by population?,China,India,The Great Barrier Reef,Burj Khalifa,B) India,India is widely recognized as the world's largest democracy by population.,General Trivia,World Facts
Which option correctly answers this: What is the tallest waterfall in the world?,Angel Falls (Venezuela),Lake Kariba (on the Zambia-Zimbabwe border),Mango,US Dollar,A) Angel Falls (Venezuela),"Angel Falls, located in Venezuela, is the world's tallest uninterrupted waterfall.",General Trivia,Records
Quiz question: What is the national animal of India?,The Taj Mahal,Tiger,The Amazon Rainforest,China,B) Tiger,The Bengal tiger is the national animal of India.,General Trivia,India Facts
Choose the correct answer: What is the largest coral reef system in the world?,Alexander Graham Bell,The Mariana Trench,The Great Barrier Reef,Japan,C) The Great Barrier Reef,"The Great Barrier Reef, off the coast of Australia, is the world's largest coral reef system.",General Trivia,World Facts
"What is the highest-grossing form of entertainment industry globally often cited in trivia, alongside film?",Lotus,The video game industry,The Nile,India,B) The video game industry,"The global video game industry is frequently cited in trivia as a very high-grossing entertainment sector, often compared to or exceeding film.",General Trivia,Amazing Facts
Which option correctly answers this: What is the world's largest by-volume man-made lake or reservoir often cited in geography trivia?,New Zealand,Lake Kariba (on the Zambia-Zimbabwe border),Alexander Graham Bell,The Nile,B) Lake Kariba (on the Zambia-Zimbabwe border),"Lake Kariba, formed by the Kariba Dam, is often cited as the world's largest reservoir by volume.",General Trivia,Records
Which option correctly answers this: What is the currency of the United States?,Peacock,US Dollar,The Taj Mahal,New Delhi,B) US Dollar,The official currency of the United States is the US Dollar.,General Trivia,World Facts
What is the national flower of India?,Angel Falls (Venezuela),Lotus,Lake Kariba (on the Zambia-Zimbabwe border),Rabindranath Tagore,B) Lotus,"The lotus is the national flower of India, symbolizing purity.",General Trivia,India Facts
Choose the correct answer: Which famous structure in India is one of the New Seven Wonders of the World?,Christianity,Nalanda University,Angel Falls (Venezuela),The Taj Mahal,D) The Taj Mahal,"The Taj Mahal, in Agra, India, is recognized as one of the New Seven Wonders of the World.",General Trivia,Famous Places
Which option correctly answers this: What is the currency of the United States?,India,US Dollar,Nalanda University,The Antarctic Desert,B) US Dollar,The official currency of the United States is the US Dollar.,General Trivia,World Facts
Which was the first Indian state to be formed on a linguistic basis?,Vatican City,The Mariana Trench,Mango,Andhra Pradesh,D) Andhra Pradesh,"Andhra Pradesh was the first state in India to be organized on a linguistic basis, formed in 1953.",General Trivia,Firsts in India
Which option correctly answers this: Which is the tallest man-made structure in the world (as of the early 2020s)?,Peacock,The Nile,Burj Khalifa,The blue whale,C) Burj Khalifa,The Burj Khalifa in Dubai is the tallest man-made structure in the world.,General Trivia,Famous Places
Which option correctly answers this: What is the largest desert in the world?,The Antarctic Desert,Lake Kariba (on the Zambia-Zimbabwe border),The blue whale,Andhra Pradesh,A) The Antarctic Desert,"The Antarctic Desert is technically the largest desert in the world by area, as deserts are defined by low precipitation, not just heat.",General Trivia,World Facts
Quiz question: What is the national flower of India?,Japan,Lotus,The Antarctic Desert,Christianity,B) Lotus,"The lotus is the national flower of India, symbolizing purity.",General Trivia,India Facts
Choose the correct answer: What is the most widely practiced religion in the world by number of adherents?,Angel Falls (Venezuela),The Nile,Christianity,Archaeology,C) Christianity,Christianity is generally considered the religion with the largest number of adherents worldwide.,General Trivia,World Facts
Which is the largest hot desert in the world?,The Sahara Desert,Thomas Edison,The Taj Mahal,The blue whale,A) The Sahara Desert,The Sahara Desert in Africa is the largest hot desert in the world.,General Trivia,World Facts
Which option correctly answers this: What is the most widely practiced religion in the world by number of adherents?,The Great Barrier Reef,"About 8,849 meters",The Sahara Desert,Christianity,D) Christianity,Christianity is generally considered the religion with the largest number of adherents worldwide.,General Trivia,World Facts
"Which option correctly answers this: Who invented the light bulb (as a practical, commercially viable design)?",Angel Falls (Venezuela),Vatican City,The Taj Mahal,Thomas Edison,D) Thomas Edison,"Thomas Edison developed a practical, long-lasting incandescent light bulb in 1879.",General Trivia,Unusual Facts
Which country produces the most rice globally?,China,New Delhi,Mango,India,A) China,China is historically the world's largest producer of rice.,General Trivia,World Facts
What is the world's largest rainforest?,Mango,Bankim Chandra Chatterjee,Lake Kariba (on the Zambia-Zimbabwe border),The Amazon Rainforest,D) The Amazon Rainforest,"The Amazon Rainforest, located mainly in Brazil, is the largest tropical rainforest in the world.",General Trivia,World Facts
Quiz question: What is the largest mammal in the world?,Lake Kariba (on the Zambia-Zimbabwe border),The cheetah,The blue whale,Bankim Chandra Chatterjee,C) The blue whale,"The blue whale is the largest mammal, and indeed the largest animal, known to have ever existed.",General Trivia,Amazing Facts
What is Mount Everest's approximate height?,US Dollar,Burj Khalifa,"About 8,849 meters",Lake Kariba (on the Zambia-Zimbabwe border),"C) About 8,849 meters","Mount Everest, the world's highest peak, stands at approximately 8,849 meters above sea level.",General Trivia,World Facts
Quiz question: Which planet in our Solar System is known for having the most moons among the largest planets?,Vatican City,Christianity,The cheetah,Saturn (closely followed by Jupiter),D) Saturn (closely followed by Jupiter),Saturn and Jupiter have the largest known number of moons among planets in our Solar System.,General Trivia,Amazing Facts
Which option correctly answers this: Which country is known as the 'Land of the Rising Sun'?,New Delhi,Japan,Angel Falls (Venezuela),Andhra Pradesh,B) Japan,"Japan is known as the 'Land of the Rising Sun', reflected in its name meaning origin of the sun.",General Trivia,World Facts
Which is the largest democracy in the world by population?,The Antarctic Desert,Mango,India,Mandarin Chinese,C) India,India is widely recognized as the world's largest democracy by population.,General Trivia,World Facts
Quiz question: Which country is known as the 'Land of the Rising Sun'?,Burj Khalifa,Japan,US Dollar,The Antarctic Desert,B) Japan,"Japan is known as the 'Land of the Rising Sun', reflected in its name meaning origin of the sun.",General Trivia,World Facts
Which option correctly answers this: Which is the longest river in the world?,Japan,China,The Nile,The blue whale,C) The Nile,The Nile River in Africa is generally considered the longest river in the world.,General Trivia,World Facts
Which option correctly answers this: Which is the largest democracy in the world by population?,The blue whale,India,Archaeology,Greenland,B) India,India is widely recognized as the world's largest democracy by population.,General Trivia,World Facts
Choose the correct answer: What is the currency of the United States?,China,Lotus,US Dollar,Bankim Chandra Chatterjee,C) US Dollar,The official currency of the United States is the US Dollar.,General Trivia,World Facts
Choose the correct answer: Which is the largest hot desert in the world?,The Sahara Desert,Tiger,Christianity,Bankim Chandra Chatterjee,A) The Sahara Desert,The Sahara Desert in Africa is the largest hot desert in the world.,General Trivia,World Facts
Who wrote India's national anthem?,The Mariana Trench,Lotus,Rabindranath Tagore,Peacock,C) Rabindranath Tagore,"Rabindranath Tagore composed 'Jana Gana Mana', India's national anthem.",General Trivia,India Facts
Choose the correct answer: Which country produces the most rice globally?,China,The Mariana Trench,Andhra Pradesh,Vatican City,A) China,China is historically the world's largest producer of rice.,General Trivia,World Facts
"Which is considered one of the world's earliest centers of higher learning, located in ancient India?",The video game industry,Nalanda University,Saturn (closely followed by Jupiter),"About 8,849 meters",B) Nalanda University,"Nalanda University in ancient India, established around the 5th century CE, is considered one of the world's earliest centers of higher learning.",General Trivia,Firsts in the World
"Choose the correct answer: Who invented the light bulb (as a practical, commercially viable design)?",China,Mango,The Antarctic Desert,Thomas Edison,D) Thomas Edison,"Thomas Edison developed a practical, long-lasting incandescent light bulb in 1879.",General Trivia,Unusual Facts
Quiz question: Which is the largest hot desert in the world?,The Sahara Desert,Mandarin Chinese,Alexander Graham Bell,The blue whale,A) The Sahara Desert,The Sahara Desert in Africa is the largest hot desert in the world.,General Trivia,World Facts
Which option correctly answers this: Which country produces the most rice globally?,The Great Barrier Reef,The cheetah,China,Christianity,C) China,China is historically the world's largest producer of rice.,General Trivia,World Facts
Which option correctly answers this: Who wrote India's national song?,The Great Barrier Reef,Bankim Chandra Chatterjee,Mango,US Dollar,B) Bankim Chandra Chatterjee,"Bankim Chandra Chatterjee wrote 'Vande Mataram', India's national song.",General Trivia,India Facts
"Quiz question: Who invented the light bulb (as a practical, commercially viable design)?",Thomas Edison,The Mariana Trench,Burj Khalifa,The Nile,A) Thomas Edison,"Thomas Edison developed a practical, long-lasting incandescent light bulb in 1879.",General Trivia,Unusual Facts
Quiz question: What is the currency of the United States?,Greenland,US Dollar,Andhra Pradesh,The video game industry,B) US Dollar,The official currency of the United States is the US Dollar.,General Trivia,World Facts
"Which option correctly answers this: Which is considered one of the world's earliest centers of higher learning, located in ancient India?",US Dollar,Nalanda University,Vatican City,New Delhi,B) Nalanda University,"Nalanda University in ancient India, established around the 5th century CE, is considered one of the world's earliest centers of higher learning.",General Trivia,Firsts in the World
Quiz question: What is the world's largest rainforest?,The Nile,Greenland,The Amazon Rainforest,Christianity,C) The Amazon Rainforest,"The Amazon Rainforest, located mainly in Brazil, is the largest tropical rainforest in the world.",General Trivia,World Facts
Who wrote India's national song?,Bankim Chandra Chatterjee,The Mariana Trench,Christianity,Angel Falls (Venezuela),A) Bankim Chandra Chatterjee,"Bankim Chandra Chatterjee wrote 'Vande Mataram', India's national song.",General Trivia,India Facts
"Which option correctly answers this: What is the highest-grossing form of entertainment industry globally often cited in trivia, alongside film?",Christianity,Saturn (closely followed by Jupiter),The video game industry,Andhra Pradesh,C) The video game industry,"The global video game industry is frequently cited in trivia as a very high-grossing entertainment sector, often compared to or exceeding film.",General Trivia,Amazing Facts
Which option correctly answers this: What is the currency of the United States?,US Dollar,The Nile,Thomas Edison,China,A) US Dollar,The official currency of the United States is the US Dollar.,General Trivia,World Facts
Choose the correct answer: What is the most widely practiced religion in the world by number of adherents?,Christianity,Vatican City,Peacock,Greenland,A) Christianity,Christianity is generally considered the religion with the largest number of adherents worldwide.,General Trivia,World Facts
Which famous structure in India is one of the New Seven Wonders of the World?,The Amazon Rainforest,The Taj Mahal,Lake Kariba (on the Zambia-Zimbabwe border),Alexander Graham Bell,B) The Taj Mahal,"The Taj Mahal, in Agra, India, is recognized as one of the New Seven Wonders of the World.",General Trivia,Famous Places
Which is the largest hot desert in the world?,The Sahara Desert,Andhra Pradesh,Nalanda University,The video game industry,A) The Sahara Desert,The Sahara Desert in Africa is the largest hot desert in the world.,General Trivia,World Facts
Which option correctly answers this: What is the world's largest rainforest?,Greenland,Burj Khalifa,Saturn (closely followed by Jupiter),The Amazon Rainforest,D) The Amazon Rainforest,"The Amazon Rainforest, located mainly in Brazil, is the largest tropical rainforest in the world.",General Trivia,World Facts
Quiz question: What is Mount Everest's approximate height?,The Taj Mahal,"About 8,849 meters",The cheetah,Lake Kariba (on the Zambia-Zimbabwe border),"B) About 8,849 meters","Mount Everest, the world's highest peak, stands at approximately 8,849 meters above sea level.",General Trivia,World Facts
Quiz question: What is the fastest land animal?,The Mariana Trench,Greenland,The cheetah,New Delhi,C) The cheetah,"The cheetah is the fastest land animal, capable of reaching speeds up to 100-120 km/h.",General Trivia,Amazing Facts
Which option correctly answers this: What is the tallest waterfall in the world?,Angel Falls (Venezuela),India,Andhra Pradesh,The blue whale,A) Angel Falls (Venezuela),"Angel Falls, located in Venezuela, is the world's tallest uninterrupted waterfall.",General Trivia,Records
Which option correctly answers this: Which is the longest river in the world?,Christianity,The Nile,Mango,Japan,B) The Nile,The Nile River in Africa is generally considered the longest river in the world.,General Trivia,World Facts
Quiz question: Which is the longest river in the world?,The video game industry,The Nile,Lake Kariba (on the Zambia-Zimbabwe border),Burj Khalifa,B) The Nile,The Nile River in Africa is generally considered the longest river in the world.,General Trivia,World Facts
Choose the correct answer: Which is the largest democracy in the world by population?,Alexander Graham Bell,The Great Barrier Reef,India,The Antarctic Desert,C) India,India is widely recognized as the world's largest democracy by population.,General Trivia,World Facts
Which option correctly answers this: What is the most widely practiced religion in the world by number of adherents?,Angel Falls (Venezuela),Mango,Bankim Chandra Chatterjee,Christianity,D) Christianity,Christianity is generally considered the religion with the largest number of adherents worldwide.,General Trivia,World Facts
Choose the correct answer: Which country is known as the 'Land of the Rising Sun'?,The video game industry,Christianity,The Antarctic Desert,Japan,D) Japan,"Japan is known as the 'Land of the Rising Sun', reflected in its name meaning origin of the sun.",General Trivia,World Facts
What is the fastest land animal?,Rabindranath Tagore,Saturn (closely followed by Jupiter),The Sahara Desert,The cheetah,D) The cheetah,"The cheetah is the fastest land animal, capable of reaching speeds up to 100-120 km/h.",General Trivia,Amazing Facts
What is the currency of the United States?,US Dollar,Mandarin Chinese,Archaeology,The Nile,A) US Dollar,The official currency of the United States is the US Dollar.,General Trivia,World Facts
Quiz question: What is the currency of the United States?,The cheetah,Rabindranath Tagore,Saturn (closely followed by Jupiter),US Dollar,D) US Dollar,The official currency of the United States is the US Dollar.,General Trivia,World Facts
Which option correctly answers this: Which country produces the most rice globally?,Rabindranath Tagore,The Nile,Burj Khalifa,China,D) China,China is historically the world's largest producer of rice.,General Trivia,World Facts
Choose the correct answer: What is the national fruit of India?,Bankim Chandra Chatterjee,Mango,Archaeology,India,B) Mango,The mango is recognized as the national fruit of India.,General Trivia,India Facts
Which option correctly answers this: What is the world's largest rainforest?,Vatican City,The Antarctic Desert,The Amazon Rainforest,US Dollar,C) The Amazon Rainforest,"The Amazon Rainforest, located mainly in Brazil, is the largest tropical rainforest in the world.",General Trivia,World Facts
What is Mount Everest's approximate height?,The Sahara Desert,Thomas Edison,"About 8,849 meters",The Mariana Trench,"C) About 8,849 meters","Mount Everest, the world's highest peak, stands at approximately 8,849 meters above sea level.",General Trivia,World Facts
Choose the correct answer: What is the national bird of India?,Peacock,New Delhi,Mandarin Chinese,Bankim Chandra Chatterjee,A) Peacock,"The peacock is the national bird of India, known for its colorful plumage.",General Trivia,India Facts
Which option correctly answers this: Which is the tallest man-made structure in the world (as of the early 2020s)?,New Zealand,Tiger,New Delhi,Burj Khalifa,D) Burj Khalifa,The Burj Khalifa in Dubai is the tallest man-made structure in the world.,General Trivia,Famous Places
What is the national animal of India?,Vatican City,Tiger,The video game industry,Angel Falls (Venezuela),B) Tiger,The Bengal tiger is the national animal of India.,General Trivia,India Facts
Which option correctly answers this: What is the largest desert in the world?,Peacock,The Antarctic Desert,Lotus,Burj Khalifa,B) The Antarctic Desert,"The Antarctic Desert is technically the largest desert in the world by area, as deserts are defined by low precipitation, not just heat.",General Trivia,World Facts
Which option correctly answers this: Who wrote India's national song?,Bankim Chandra Chatterjee,The video game industry,Thomas Edison,India,A) Bankim Chandra Chatterjee,"Bankim Chandra Chatterjee wrote 'Vande Mataram', India's national song.",General Trivia,India Facts
Choose the correct answer: What is the study of ancient artifacts and human history called?,Rabindranath Tagore,Mandarin Chinese,Archaeology,The Taj Mahal,C) Archaeology,Archaeology is the study of human history through the excavation and analysis of artifacts and physical remains.,General Trivia,Mixed Trivia
Quiz question: What is the largest island in the world?,Greenland,The Nile,The video game industry,The Sahara Desert,A) Greenland,"Greenland is the largest island in the world by area, excluding continental landmasses.",General Trivia,World Facts
Choose the correct answer: What is the national animal of India?,Lake Kariba (on the Zambia-Zimbabwe border),Saturn (closely followed by Jupiter),The Antarctic Desert,Tiger,D) Tiger,The Bengal tiger is the national animal of India.,General Trivia,India Facts
Which option correctly answers this: What is the largest desert in the world?,The Nile,The Antarctic Desert,China,Tiger,B) The Antarctic Desert,"The Antarctic Desert is technically the largest desert in the world by area, as deserts are defined by low precipitation, not just heat.",General Trivia,World Facts
Choose the correct answer: Which is the longest river in the world?,Lake Kariba (on the Zambia-Zimbabwe border),The Nile,Mango,Mandarin Chinese,B) The Nile,The Nile River in Africa is generally considered the longest river in the world.,General Trivia,World Facts
Choose the correct answer: What is the most widely practiced religion in the world by number of adherents?,The video game industry,Christianity,US Dollar,Saturn (closely followed by Jupiter),B) Christianity,Christianity is generally considered the religion with the largest number of adherents worldwide.,General Trivia,World Facts
Quiz question: What is the most widely practiced religion in the world by number of adherents?,Tiger,Nalanda University,The video game industry,Christianity,D) Christianity,Christianity is generally considered the religion with the largest number of adherents worldwide.,General Trivia,World Facts
Choose the correct answer: Which planet in our Solar System is known for having the most moons among the largest planets?,New Delhi,Mango,Saturn (closely followed by Jupiter),Thomas Edison,C) Saturn (closely followed by Jupiter),Saturn and Jupiter have the largest known number of moons among planets in our Solar System.,General Trivia,Amazing Facts
Which is the tallest man-made structure in the world (as of the early 2020s)?,Christianity,The Amazon Rainforest,Lotus,Burj Khalifa,D) Burj Khalifa,The Burj Khalifa in Dubai is the tallest man-made structure in the world.,General Trivia,Famous Places
Choose the correct answer: What is the world's largest by-volume man-made lake or reservoir often cited in geography trivia?,Lake Kariba (on the Zambia-Zimbabwe border),Bankim Chandra Chatterjee,New Zealand,Thomas Edison,A) Lake Kariba (on the Zambia-Zimbabwe border),"Lake Kariba, formed by the Kariba Dam, is often cited as the world's largest reservoir by volume.",General Trivia,Records
What is the largest coral reef system in the world?,Christianity,New Delhi,The Nile,The Great Barrier Reef,D) The Great Barrier Reef,"The Great Barrier Reef, off the coast of Australia, is the world's largest coral reef system.",General Trivia,World Facts
Quiz question: Which is the largest hot desert in the world?,The Sahara Desert,US Dollar,The Antarctic Desert,The Amazon Rainforest,A) The Sahara Desert,The Sahara Desert in Africa is the largest hot desert in the world.,General Trivia,World Facts
What is the currency of the United States?,Peacock,US Dollar,Angel Falls (Venezuela),New Zealand,B) US Dollar,The official currency of the United States is the US Dollar.,General Trivia,World Facts
Which option correctly answers this: What is the largest mammal in the world?,The blue whale,Tiger,India,Archaeology,A) The blue whale,"The blue whale is the largest mammal, and indeed the largest animal, known to have ever existed.",General Trivia,Amazing Facts
Quiz question: Which is the largest democracy in the world by population?,India,New Delhi,Alexander Graham Bell,Archaeology,A) India,India is widely recognized as the world's largest democracy by population.,General Trivia,World Facts
Quiz question: What is the smallest country in the world by area?,The Nile,New Delhi,The Mariana Trench,Vatican City,D) Vatican City,Vatican City is the smallest independent country in the world by both area and population.,General Trivia,Records
Choose the correct answer: What is the world's most spoken native language?,New Zealand,The video game industry,Nalanda University,Mandarin Chinese,D) Mandarin Chinese,Mandarin Chinese has the largest number of native speakers of any language in the world.,General Trivia,World Facts
Quiz question: What is the smallest country in the world by area?,Vatican City,Christianity,Andhra Pradesh,Mango,A) Vatican City,Vatican City is the smallest independent country in the world by both area and population.,General Trivia,Records
Which option correctly answers this: Who wrote India's national song?,Greenland,Bankim Chandra Chatterjee,Andhra Pradesh,Tiger,B) Bankim Chandra Chatterjee,"Bankim Chandra Chatterjee wrote 'Vande Mataram', India's national song.",General Trivia,India Facts
What is the fastest land animal?,The cheetah,Nalanda University,Andhra Pradesh,Greenland,A) The cheetah,"The cheetah is the fastest land animal, capable of reaching speeds up to 100-120 km/h.",General Trivia,Amazing Facts
"Who invented the light bulb (as a practical, commercially viable design)?",Thomas Edison,Alexander Graham Bell,Andhra Pradesh,Greenland,A) Thomas Edison,"Thomas Edison developed a practical, long-lasting incandescent light bulb in 1879.",General Trivia,Unusual Facts
"Choose the correct answer: What is the highest-grossing form of entertainment industry globally often cited in trivia, alongside film?",The video game industry,India,The Mariana Trench,China,A) The video game industry,"The global video game industry is frequently cited in trivia as a very high-grossing entertainment sector, often compared to or exceeding film.",General Trivia,Amazing Facts
Which option correctly answers this: What is the fastest land animal?,Greenland,The cheetah,The Nile,Peacock,B) The cheetah,"The cheetah is the fastest land animal, capable of reaching speeds up to 100-120 km/h.",General Trivia,Amazing Facts
Which option correctly answers this: Which is the tallest man-made structure in the world (as of the early 2020s)?,Burj Khalifa,The Antarctic Desert,Mango,India,A) Burj Khalifa,The Burj Khalifa in Dubai is the tallest man-made structure in the world.,General Trivia,Famous Places
Quiz question: Which was the first Indian state to be formed on a linguistic basis?,Greenland,Tiger,The Taj Mahal,Andhra Pradesh,D) Andhra Pradesh,"Andhra Pradesh was the first state in India to be organized on a linguistic basis, formed in 1953.",General Trivia,Firsts in India
"Quiz question: Who invented the light bulb (as a practical, commercially viable design)?",Thomas Edison,Tiger,Peacock,Mango,A) Thomas Edison,"Thomas Edison developed a practical, long-lasting incandescent light bulb in 1879.",General Trivia,Unusual Facts
Quiz question: Which was the first Indian state to be formed on a linguistic basis?,Saturn (closely followed by Jupiter),The Sahara Desert,Lake Kariba (on the Zambia-Zimbabwe border),Andhra Pradesh,D) Andhra Pradesh,"Andhra Pradesh was the first state in India to be organized on a linguistic basis, formed in 1953.",General Trivia,Firsts in India
Which is the tallest man-made structure in the world (as of the early 2020s)?,The Sahara Desert,The Mariana Trench,The Taj Mahal,Burj Khalifa,D) Burj Khalifa,The Burj Khalifa in Dubai is the tallest man-made structure in the world.,General Trivia,Famous Places
What is Mount Everest's approximate height?,The blue whale,Thomas Edison,"About 8,849 meters",US Dollar,"C) About 8,849 meters","Mount Everest, the world's highest peak, stands at approximately 8,849 meters above sea level.",General Trivia,World Facts
Which is the tallest man-made structure in the world (as of the early 2020s)?,Thomas Edison,Burj Khalifa,India,Lake Kariba (on the Zambia-Zimbabwe border),B) Burj Khalifa,The Burj Khalifa in Dubai is the tallest man-made structure in the world.,General Trivia,Famous Places
Which option correctly answers this: What is the fastest land animal?,Saturn (closely followed by Jupiter),The cheetah,Burj Khalifa,The video game industry,B) The cheetah,"The cheetah is the fastest land animal, capable of reaching speeds up to 100-120 km/h.",General Trivia,Amazing Facts
Choose the correct answer: What is the largest island in the world?,Mandarin Chinese,Greenland,Angel Falls (Venezuela),Lake Kariba (on the Zambia-Zimbabwe border),B) Greenland,"Greenland is the largest island in the world by area, excluding continental landmasses.",General Trivia,World Facts
"Choose the correct answer: Which is considered one of the world's earliest centers of higher learning, located in ancient India?",The Mariana Trench,Nalanda University,The Taj Mahal,Bankim Chandra Chatterjee,B) Nalanda University,"Nalanda University in ancient India, established around the 5th century CE, is considered one of the world's earliest centers of higher learning.",General Trivia,Firsts in the World
Quiz question: What is the national bird of India?,The Mariana Trench,The Taj Mahal,The cheetah,Peacock,D) Peacock,"The peacock is the national bird of India, known for its colorful plumage.",General Trivia,India Facts
Which is the largest democracy in the world by population?,Christianity,Andhra Pradesh,India,Rabindranath Tagore,C) India,India is widely recognized as the world's largest democracy by population.,General Trivia,World Facts
Choose the correct answer: What is the most widely practiced religion in the world by number of adherents?,The blue whale,Lotus,Mango,Christianity,D) Christianity,Christianity is generally considered the religion with the largest number of adherents worldwide.,General Trivia,World Facts
Choose the correct answer: What is the national animal of India?,Angel Falls (Venezuela),Thomas Edison,Tiger,New Zealand,C) Tiger,The Bengal tiger is the national animal of India.,General Trivia,India Facts
Quiz question: What is the largest island in the world?,Vatican City,Greenland,India,The Taj Mahal,B) Greenland,"Greenland is the largest island in the world by area, excluding continental landmasses.",General Trivia,World Facts
Which option correctly answers this: What is the study of ancient artifacts and human history called?,The Sahara Desert,The Mariana Trench,Vatican City,Archaeology,D) Archaeology,Archaeology is the study of human history through the excavation and analysis of artifacts and physical remains.,General Trivia,Mixed Trivia
Choose the correct answer: What is the largest island in the world?,The Antarctic Desert,Greenland,Peacock,The Amazon Rainforest,B) Greenland,"Greenland is the largest island in the world by area, excluding continental landmasses.",General Trivia,World Facts
What is the national flower of India?,Lotus,Archaeology,US Dollar,"About 8,849 meters",A) Lotus,"The lotus is the national flower of India, symbolizing purity.",General Trivia,India Facts
Which was the first country to grant women the right to vote?,Lotus,The cheetah,Vatican City,New Zealand,D) New Zealand,"New Zealand became the first self-governing country to grant women the right to vote, in 1893.",General Trivia,Firsts in the World
What is the tallest waterfall in the world?,Japan,The Nile,Greenland,Angel Falls (Venezuela),D) Angel Falls (Venezuela),"Angel Falls, located in Venezuela, is the world's tallest uninterrupted waterfall.",General Trivia,Records
What is the currency of the United States?,Peacock,Lake Kariba (on the Zambia-Zimbabwe border),US Dollar,The Nile,C) US Dollar,The official currency of the United States is the US Dollar.,General Trivia,World Facts
Which option correctly answers this: What is the largest coral reef system in the world?,The Great Barrier Reef,Angel Falls (Venezuela),The Nile,The Sahara Desert,A) The Great Barrier Reef,"The Great Barrier Reef, off the coast of Australia, is the world's largest coral reef system.",General Trivia,World Facts
What is the national animal of India?,Thomas Edison,Archaeology,Japan,Tiger,D) Tiger,The Bengal tiger is the national animal of India.,General Trivia,India Facts
Choose the correct answer: What is the deepest known point in the world's oceans?,The Sahara Desert,New Zealand,Rabindranath Tagore,The Mariana Trench,D) The Mariana Trench,"The Mariana Trench, in the Pacific Ocean, is the deepest known point in any of Earth's oceans.",General Trivia,Records
Quiz question: Which was the first country to grant women the right to vote?,Lake Kariba (on the Zambia-Zimbabwe border),New Zealand,The Antarctic Desert,China,B) New Zealand,"New Zealand became the first self-governing country to grant women the right to vote, in 1893.",General Trivia,Firsts in the World
Quiz question: What is the fastest land animal?,The cheetah,New Delhi,Mango,Saturn (closely followed by Jupiter),A) The cheetah,"The cheetah is the fastest land animal, capable of reaching speeds up to 100-120 km/h.",General Trivia,Amazing Facts
Which option correctly answers this: Which is the longest river in the world?,The Mariana Trench,The video game industry,The Nile,The Antarctic Desert,C) The Nile,The Nile River in Africa is generally considered the longest river in the world.,General Trivia,World Facts
Which option correctly answers this: What is the smallest country in the world by area?,The Taj Mahal,Mango,Angel Falls (Venezuela),Vatican City,D) Vatican City,Vatican City is the smallest independent country in the world by both area and population.,General Trivia,Records
Quiz question: Which is the tallest man-made structure in the world (as of the early 2020s)?,Mandarin Chinese,Burj Khalifa,The Sahara Desert,The Nile,B) Burj Khalifa,The Burj Khalifa in Dubai is the tallest man-made structure in the world.,General Trivia,Famous Places
Quiz question: Which is the tallest man-made structure in the world (as of the early 2020s)?,Angel Falls (Venezuela),The Amazon Rainforest,Burj Khalifa,Nalanda University,C) Burj Khalifa,The Burj Khalifa in Dubai is the tallest man-made structure in the world.,General Trivia,Famous Places
Choose the correct answer: What is the largest coral reef system in the world?,The Great Barrier Reef,The Sahara Desert,China,New Delhi,A) The Great Barrier Reef,"The Great Barrier Reef, off the coast of Australia, is the world's largest coral reef system.",General Trivia,World Facts
Which option correctly answers this: Which is the largest democracy in the world by population?,India,Archaeology,China,Rabindranath Tagore,A) India,India is widely recognized as the world's largest democracy by population.,General Trivia,World Facts
What is the national animal of India?,Rabindranath Tagore,The Sahara Desert,Tiger,Lotus,C) Tiger,The Bengal tiger is the national animal of India.,General Trivia,India Facts
Choose the correct answer: Which planet in our Solar System is known for having the most moons among the largest planets?,Alexander Graham Bell,The Nile,Lake Kariba (on the Zambia-Zimbabwe border),Saturn (closely followed by Jupiter),D) Saturn (closely followed by Jupiter),Saturn and Jupiter have the largest known number of moons among planets in our Solar System.,General Trivia,Amazing Facts
Choose the correct answer: Which country is known as the 'Land of the Rising Sun'?,Japan,The Sahara Desert,Andhra Pradesh,Christianity,A) Japan,"Japan is known as the 'Land of the Rising Sun', reflected in its name meaning origin of the sun.",General Trivia,World Facts
Which option correctly answers this: Which was the first country to grant women the right to vote?,Mandarin Chinese,The Amazon Rainforest,Lake Kariba (on the Zambia-Zimbabwe border),New Zealand,D) New Zealand,"New Zealand became the first self-governing country to grant women the right to vote, in 1893.",General Trivia,Firsts in the World
Which option correctly answers this: Which country is known as the 'Land of the Rising Sun'?,The Great Barrier Reef,Japan,Tiger,The Mariana Trench,B) Japan,"Japan is known as the 'Land of the Rising Sun', reflected in its name meaning origin of the sun.",General Trivia,World Facts
Choose the correct answer: What is the national animal of India?,The Great Barrier Reef,Alexander Graham Bell,Tiger,Mandarin Chinese,C) Tiger,The Bengal tiger is the national animal of India.,General Trivia,India Facts
Quiz question: Which famous structure in India is one of the New Seven Wonders of the World?,Greenland,The Taj Mahal,Rabindranath Tagore,The video game industry,B) The Taj Mahal,"The Taj Mahal, in Agra, India, is recognized as one of the New Seven Wonders of the World.",General Trivia,Famous Places
Which is the longest river in the world?,Angel Falls (Venezuela),The Nile,Vatican City,The blue whale,B) The Nile,The Nile River in Africa is generally considered the longest river in the world.,General Trivia,World Facts
Which option correctly answers this: Which is the tallest man-made structure in the world (as of the early 2020s)?,Vatican City,Burj Khalifa,"About 8,849 meters",Angel Falls (Venezuela),B) Burj Khalifa,The Burj Khalifa in Dubai is the tallest man-made structure in the world.,General Trivia,Famous Places
Choose the correct answer: What is the most widely practiced religion in the world by number of adherents?,Christianity,Peacock,The Nile,"About 8,849 meters",A) Christianity,Christianity is generally considered the religion with the largest number of adherents worldwide.,General Trivia,World Facts
Choose the correct answer: What is the largest island in the world?,The Mariana Trench,Greenland,Nalanda University,New Delhi,B) Greenland,"Greenland is the largest island in the world by area, excluding continental landmasses.",General Trivia,World Facts
What is the national flower of India?,Bankim Chandra Chatterjee,Lotus,Alexander Graham Bell,Archaeology,B) Lotus,"The lotus is the national flower of India, symbolizing purity.",General Trivia,India Facts
Quiz question: Which is the tallest man-made structure in the world (as of the early 2020s)?,The Great Barrier Reef,Bankim Chandra Chatterjee,Burj Khalifa,The Sahara Desert,C) Burj Khalifa,The Burj Khalifa in Dubai is the tallest man-made structure in the world.,General Trivia,Famous Places
Choose the correct answer: Which planet in our Solar System is known for having the most moons among the largest planets?,Bankim Chandra Chatterjee,Mandarin Chinese,Christianity,Saturn (closely followed by Jupiter),D) Saturn (closely followed by Jupiter),Saturn and Jupiter have the largest known number of moons among planets in our Solar System.,General Trivia,Amazing Facts
Which option correctly answers this: What is the deepest known point in the world's oceans?,The Mariana Trench,"About 8,849 meters",Andhra Pradesh,Burj Khalifa,A) The Mariana Trench,"The Mariana Trench, in the Pacific Ocean, is the deepest known point in any of Earth's oceans.",General Trivia,Records
Quiz question: Which country produces the most rice globally?,Lake Kariba (on the Zambia-Zimbabwe border),Christianity,India,China,D) China,China is historically the world's largest producer of rice.,General Trivia,World Facts
What is the national animal of India?,Saturn (closely followed by Jupiter),Tiger,Christianity,The Amazon Rainforest,B) Tiger,The Bengal tiger is the national animal of India.,General Trivia,India Facts
Quiz question: What is Mount Everest's approximate height?,"About 8,849 meters",India,China,The cheetah,"A) About 8,849 meters","Mount Everest, the world's highest peak, stands at approximately 8,849 meters above sea level.",General Trivia,World Facts
Quiz question: What is the national animal of India?,Alexander Graham Bell,Tiger,US Dollar,India,B) Tiger,The Bengal tiger is the national animal of India.,General Trivia,India Facts
Choose the correct answer: Who invented the telephone?,Alexander Graham Bell,Peacock,Christianity,Japan,A) Alexander Graham Bell,Alexander Graham Bell is credited with inventing the first practical telephone in 1876.,General Trivia,Unusual Facts
Quiz question: Who wrote India's national anthem?,Bankim Chandra Chatterjee,Rabindranath Tagore,Mandarin Chinese,Tiger,B) Rabindranath Tagore,"Rabindranath Tagore composed 'Jana Gana Mana', India's national anthem.",General Trivia,India Facts
Which option correctly answers this: What is the tallest waterfall in the world?,Mango,Angel Falls (Venezuela),The Sahara Desert,New Delhi,B) Angel Falls (Venezuela),"Angel Falls, located in Venezuela, is the world's tallest uninterrupted waterfall.",General Trivia,Records
Choose the correct answer: What is the currency of the United States?,Christianity,The video game industry,US Dollar,Lake Kariba (on the Zambia-Zimbabwe border),C) US Dollar,The official currency of the United States is the US Dollar.,General Trivia,World Facts
Choose the correct answer: What is the smallest country in the world by area?,Vatican City,New Zealand,The Sahara Desert,Christianity,A) Vatican City,Vatican City is the smallest independent country in the world by both area and population.,General Trivia,Records
Which famous structure in India is one of the New Seven Wonders of the World?,"About 8,849 meters",The Taj Mahal,Japan,The cheetah,B) The Taj Mahal,"The Taj Mahal, in Agra, India, is recognized as one of the New Seven Wonders of the World.",General Trivia,Famous Places
Which option correctly answers this: Who wrote India's national song?,New Zealand,Mandarin Chinese,Bankim Chandra Chatterjee,Rabindranath Tagore,C) Bankim Chandra Chatterjee,"Bankim Chandra Chatterjee wrote 'Vande Mataram', India's national song.",General Trivia,India Facts
Choose the correct answer: Who wrote India's national song?,The cheetah,The Great Barrier Reef,Bankim Chandra Chatterjee,US Dollar,C) Bankim Chandra Chatterjee,"Bankim Chandra Chatterjee wrote 'Vande Mataram', India's national song.",General Trivia,India Facts
Quiz question: What is the largest mammal in the world?,Tiger,Christianity,Nalanda University,The blue whale,D) The blue whale,"The blue whale is the largest mammal, and indeed the largest animal, known to have ever existed.",General Trivia,Amazing Facts
Choose the correct answer: Which country produces the most rice globally?,Nalanda University,China,Angel Falls (Venezuela),The Nile,B) China,China is historically the world's largest producer of rice.,General Trivia,World Facts
Which option correctly answers this: What is the national animal of India?,Tiger,New Zealand,The Mariana Trench,"About 8,849 meters",A) Tiger,The Bengal tiger is the national animal of India.,General Trivia,India Facts
Choose the correct answer: What is the national fruit of India?,Lotus,Mango,The Nile,India,B) Mango,The mango is recognized as the national fruit of India.,General Trivia,India Facts
Which option correctly answers this: Who wrote India's national anthem?,Rabindranath Tagore,Christianity,Burj Khalifa,The Great Barrier Reef,A) Rabindranath Tagore,"Rabindranath Tagore composed 'Jana Gana Mana', India's national anthem.",General Trivia,India Facts
Which option correctly answers this: Which country produces the most rice globally?,The Mariana Trench,The Nile,The Great Barrier Reef,China,D) China,China is historically the world's largest producer of rice.,General Trivia,World Facts
Choose the correct answer: What is the tallest waterfall in the world?,Angel Falls (Venezuela),Mandarin Chinese,New Delhi,Bankim Chandra Chatterjee,A) Angel Falls (Venezuela),"Angel Falls, located in Venezuela, is the world's tallest uninterrupted waterfall.",General Trivia,Records
"Which Indian city hosted the first modern Commonwealth Games in India, in 2010?",Tiger,New Delhi,Thomas Edison,The Amazon Rainforest,B) New Delhi,"New Delhi hosted the 2010 Commonwealth Games, the first time India hosted the event.",General Trivia,Firsts in India
Choose the correct answer: Which is the longest river in the world?,Lake Kariba (on the Zambia-Zimbabwe border),Alexander Graham Bell,The Antarctic Desert,The Nile,D) The Nile,The Nile River in Africa is generally considered the longest river in the world.,General Trivia,World Facts
Choose the correct answer: What is the fastest land animal?,The Nile,Mandarin Chinese,Alexander Graham Bell,The cheetah,D) The cheetah,"The cheetah is the fastest land animal, capable of reaching speeds up to 100-120 km/h.",General Trivia,Amazing Facts
Choose the correct answer: What is the smallest country in the world by area?,Mandarin Chinese,Thomas Edison,New Delhi,Vatican City,D) Vatican City,Vatican City is the smallest independent country in the world by both area and population.,General Trivia,Records
Choose the correct answer: What is the deepest known point in the world's oceans?,Lake Kariba (on the Zambia-Zimbabwe border),The Mariana Trench,Angel Falls (Venezuela),Saturn (closely followed by Jupiter),B) The Mariana Trench,"The Mariana Trench, in the Pacific Ocean, is the deepest known point in any of Earth's oceans.",General Trivia,Records
Choose the correct answer: What is the largest island in the world?,Greenland,The Sahara Desert,The blue whale,Angel Falls (Venezuela),A) Greenland,"Greenland is the largest island in the world by area, excluding continental landmasses.",General Trivia,World Facts
What is the national fruit of India?,Christianity,The Mariana Trench,Bankim Chandra Chatterjee,Mango,D) Mango,The mango is recognized as the national fruit of India.,General Trivia,India Facts
Choose the correct answer: What is the world's largest by-volume man-made lake or reservoir often cited in geography trivia?,Peacock,US Dollar,New Delhi,Lake Kariba (on the Zambia-Zimbabwe border),D) Lake Kariba (on the Zambia-Zimbabwe border),"Lake Kariba, formed by the Kariba Dam, is often cited as the world's largest reservoir by volume.",General Trivia,Records
What is the currency of the United States?,US Dollar,The video game industry,Alexander Graham Bell,Greenland,A) US Dollar,The official currency of the United States is the US Dollar.,General Trivia,World Facts
Which option correctly answers this: Who wrote India's national anthem?,The blue whale,Greenland,The Amazon Rainforest,Rabindranath Tagore,D) Rabindranath Tagore,"Rabindranath Tagore composed 'Jana Gana Mana', India's national anthem.",General Trivia,India Facts
Choose the correct answer: What is the fastest land animal?,Rabindranath Tagore,Archaeology,The cheetah,Greenland,C) The cheetah,"The cheetah is the fastest land animal, capable of reaching speeds up to 100-120 km/h.",General Trivia,Amazing Facts
Which country produces the most rice globally?,The cheetah,China,The Amazon Rainforest,Bankim Chandra Chatterjee,B) China,China is historically the world's largest producer of rice.,General Trivia,World Facts
"Choose the correct answer: What is the highest-grossing form of entertainment industry globally often cited in trivia, alongside film?",The video game industry,The Mariana Trench,Andhra Pradesh,Thomas Edison,A) The video game industry,"The global video game industry is frequently cited in trivia as a very high-grossing entertainment sector, often compared to or exceeding film.",General Trivia,Amazing Facts
Which is the tallest man-made structure in the world (as of the early 2020s)?,Burj Khalifa,Nalanda University,The Sahara Desert,"About 8,849 meters",A) Burj Khalifa,The Burj Khalifa in Dubai is the tallest man-made structure in the world.,General Trivia,Famous Places
Quiz question: What is the smallest country in the world by area?,New Zealand,The Sahara Desert,Christianity,Vatican City,D) Vatican City,Vatican City is the smallest independent country in the world by both area and population.,General Trivia,Records
Quiz question: Which country produces the most rice globally?,Archaeology,US Dollar,China,Saturn (closely followed by Jupiter),C) China,China is historically the world's largest producer of rice.,General Trivia,World Facts
What is the national fruit of India?,US Dollar,The Mariana Trench,The Sahara Desert,Mango,D) Mango,The mango is recognized as the national fruit of India.,General Trivia,India Facts
Quiz question: Which is the longest river in the world?,Alexander Graham Bell,China,The Nile,The Taj Mahal,C) The Nile,The Nile River in Africa is generally considered the longest river in the world.,General Trivia,World Facts
Choose the correct answer: What is the world's largest rainforest?,"About 8,849 meters",The Amazon Rainforest,Peacock,The Nile,B) The Amazon Rainforest,"The Amazon Rainforest, located mainly in Brazil, is the largest tropical rainforest in the world.",General Trivia,World Facts
Quiz question: What is the largest island in the world?,Thomas Edison,Rabindranath Tagore,Greenland,Burj Khalifa,C) Greenland,"Greenland is the largest island in the world by area, excluding continental landmasses.",General Trivia,World Facts
Which option correctly answers this: Which famous structure in India is one of the New Seven Wonders of the World?,Burj Khalifa,Vatican City,The Taj Mahal,Japan,C) The Taj Mahal,"The Taj Mahal, in Agra, India, is recognized as one of the New Seven Wonders of the World.",General Trivia,Famous Places
Quiz question: What is the largest mammal in the world?,Rabindranath Tagore,The cheetah,The blue whale,The Great Barrier Reef,C) The blue whale,"The blue whale is the largest mammal, and indeed the largest animal, known to have ever existed.",General Trivia,Amazing Facts
Choose the correct answer: Which famous structure in India is one of the New Seven Wonders of the World?,New Zealand,The Taj Mahal,Archaeology,The Antarctic Desert,B) The Taj Mahal,"The Taj Mahal, in Agra, India, is recognized as one of the New Seven Wonders of the World.",General Trivia,Famous Places
Choose the correct answer: What is the national animal of India?,Greenland,Tiger,US Dollar,Burj Khalifa,B) Tiger,The Bengal tiger is the national animal of India.,General Trivia,India Facts
Choose the correct answer: What is the national fruit of India?,New Zealand,Mango,Saturn (closely followed by Jupiter),Thomas Edison,B) Mango,The mango is recognized as the national fruit of India.,General Trivia,India Facts
Choose the correct answer: What is the tallest waterfall in the world?,Japan,Christianity,Angel Falls (Venezuela),Saturn (closely followed by Jupiter),C) Angel Falls (Venezuela),"Angel Falls, located in Venezuela, is the world's tallest uninterrupted waterfall.",General Trivia,Records
"What is the highest-grossing form of entertainment industry globally often cited in trivia, alongside film?",The video game industry,Lotus,The Amazon Rainforest,The blue whale,A) The video game industry,"The global video game industry is frequently cited in trivia as a very high-grossing entertainment sector, often compared to or exceeding film.",General Trivia,Amazing Facts
Which option correctly answers this: What is Mount Everest's approximate height?,New Zealand,Lake Kariba (on the Zambia-Zimbabwe border),"About 8,849 meters",US Dollar,"C) About 8,849 meters","Mount Everest, the world's highest peak, stands at approximately 8,849 meters above sea level.",General Trivia,World Facts
Choose the correct answer: Which famous structure in India is one of the New Seven Wonders of the World?,Greenland,The Amazon Rainforest,New Delhi,The Taj Mahal,D) The Taj Mahal,"The Taj Mahal, in Agra, India, is recognized as one of the New Seven Wonders of the World.",General Trivia,Famous Places
Quiz question: What is the largest desert in the world?,Lake Kariba (on the Zambia-Zimbabwe border),The Antarctic Desert,The cheetah,New Zealand,B) The Antarctic Desert,"The Antarctic Desert is technically the largest desert in the world by area, as deserts are defined by low precipitation, not just heat.",General Trivia,World Facts
Quiz question: What is the world's largest by-volume man-made lake or reservoir often cited in geography trivia?,Mango,The Nile,Lake Kariba (on the Zambia-Zimbabwe border),The Sahara Desert,C) Lake Kariba (on the Zambia-Zimbabwe border),"Lake Kariba, formed by the Kariba Dam, is often cited as the world's largest reservoir by volume.",General Trivia,Records
Quiz question: Who wrote India's national anthem?,New Delhi,China,Lake Kariba (on the Zambia-Zimbabwe border),Rabindranath Tagore,D) Rabindranath Tagore,"Rabindranath Tagore composed 'Jana Gana Mana', India's national anthem.",General Trivia,India Facts
What is the largest desert in the world?,Lotus,The Antarctic Desert,Rabindranath Tagore,The video game industry,B) The Antarctic Desert,"The Antarctic Desert is technically the largest desert in the world by area, as deserts are defined by low precipitation, not just heat.",General Trivia,World Facts
Which option correctly answers this: Which was the first Indian state to be formed on a linguistic basis?,Archaeology,Andhra Pradesh,Japan,Angel Falls (Venezuela),B) Andhra Pradesh,"Andhra Pradesh was the first state in India to be organized on a linguistic basis, formed in 1953.",General Trivia,Firsts in India
What is the deepest known point in the world's oceans?,The Antarctic Desert,The Mariana Trench,The blue whale,Vatican City,B) The Mariana Trench,"The Mariana Trench, in the Pacific Ocean, is the deepest known point in any of Earth's oceans.",General Trivia,Records
"Who invented the light bulb (as a practical, commercially viable design)?",Vatican City,Bankim Chandra Chatterjee,Thomas Edison,The blue whale,C) Thomas Edison,"Thomas Edison developed a practical, long-lasting incandescent light bulb in 1879.",General Trivia,Unusual Facts
Quiz question: What is the national fruit of India?,US Dollar,Mango,"About 8,849 meters",The Antarctic Desert,B) Mango,The mango is recognized as the national fruit of India.,General Trivia,India Facts
Quiz question: Which is the longest river in the world?,The Nile,Thomas Edison,China,US Dollar,A) The Nile,The Nile River in Africa is generally considered the longest river in the world.,General Trivia,World Facts
Choose the correct answer: Who wrote India's national song?,Bankim Chandra Chatterjee,Japan,The Taj Mahal,Christianity,A) Bankim Chandra Chatterjee,"Bankim Chandra Chatterjee wrote 'Vande Mataram', India's national song.",General Trivia,India Facts
"What is the highest-grossing form of entertainment industry globally often cited in trivia, alongside film?",The Great Barrier Reef,The video game industry,The Antarctic Desert,Tiger,B) The video game industry,"The global video game industry is frequently cited in trivia as a very high-grossing entertainment sector, often compared to or exceeding film.",General Trivia,Amazing Facts
"Choose the correct answer: Which Indian city hosted the first modern Commonwealth Games in India, in 2010?",The cheetah,The Nile,New Zealand,New Delhi,D) New Delhi,"New Delhi hosted the 2010 Commonwealth Games, the first time India hosted the event.",General Trivia,Firsts in India
Quiz question: What is the tallest waterfall in the world?,US Dollar,The Great Barrier Reef,Angel Falls (Venezuela),India,C) Angel Falls (Venezuela),"Angel Falls, located in Venezuela, is the world's tallest uninterrupted waterfall.",General Trivia,Records
"Which option correctly answers this: Which is considered one of the world's earliest centers of higher learning, located in ancient India?",Vatican City,The Great Barrier Reef,Alexander Graham Bell,Nalanda University,D) Nalanda University,"Nalanda University in ancient India, established around the 5th century CE, is considered one of the world's earliest centers of higher learning.",General Trivia,Firsts in the World
Which option correctly answers this: What is the largest mammal in the world?,New Delhi,The Antarctic Desert,The blue whale,Greenland,C) The blue whale,"The blue whale is the largest mammal, and indeed the largest animal, known to have ever existed.",General Trivia,Amazing Facts
"Quiz question: Which is considered one of the world's earliest centers of higher learning, located in ancient India?",Peacock,New Delhi,Tiger,Nalanda University,D) Nalanda University,"Nalanda University in ancient India, established around the 5th century CE, is considered one of the world's earliest centers of higher learning.",General Trivia,Firsts in the World
Which country is known as the 'Land of the Rising Sun'?,New Delhi,The cheetah,Japan,The Antarctic Desert,C) Japan,"Japan is known as the 'Land of the Rising Sun', reflected in its name meaning origin of the sun.",General Trivia,World Facts
Quiz question: Which is the largest democracy in the world by population?,India,Japan,The Amazon Rainforest,Burj Khalifa,A) India,India is widely recognized as the world's largest democracy by population.,General Trivia,World Facts
What is the national bird of India?,The Nile,Tiger,Rabindranath Tagore,Peacock,D) Peacock,"The peacock is the national bird of India, known for its colorful plumage.",General Trivia,India Facts
Which option correctly answers this: Which is the longest river in the world?,The Nile,Christianity,Peacock,The blue whale,A) The Nile,The Nile River in Africa is generally considered the longest river in the world.,General Trivia,World Facts
Choose the correct answer: What is the largest desert in the world?,Archaeology,Mango,The Antarctic Desert,Alexander Graham Bell,C) The Antarctic Desert,"The Antarctic Desert is technically the largest desert in the world by area, as deserts are defined by low precipitation, not just heat.",General Trivia,World Facts
Choose the correct answer: Which country produces the most rice globally?,Alexander Graham Bell,China,"About 8,849 meters",Christianity,B) China,China is historically the world's largest producer of rice.,General Trivia,World Facts
"Choose the correct answer: What is the highest-grossing form of entertainment industry globally often cited in trivia, alongside film?",The video game industry,The Sahara Desert,The Nile,Mango,A) The video game industry,"The global video game industry is frequently cited in trivia as a very high-grossing entertainment sector, often compared to or exceeding film.",General Trivia,Amazing Facts
Which option correctly answers this: Which was the first Indian state to be formed on a linguistic basis?,Andhra Pradesh,"About 8,849 meters",The Taj Mahal,India,A) Andhra Pradesh,"Andhra Pradesh was the first state in India to be organized on a linguistic basis, formed in 1953.",General Trivia,Firsts in India
Quiz question: What is the national bird of India?,The Amazon Rainforest,Peacock,Andhra Pradesh,India,B) Peacock,"The peacock is the national bird of India, known for its colorful plumage.",General Trivia,India Facts
Which option correctly answers this: What is the largest mammal in the world?,The blue whale,The Taj Mahal,Japan,Tiger,A) The blue whale,"The blue whale is the largest mammal, and indeed the largest animal, known to have ever existed.",General Trivia,Amazing Facts
Choose the correct answer: Which was the first Indian state to be formed on a linguistic basis?,Andhra Pradesh,Vatican City,Saturn (closely followed by Jupiter),Bankim Chandra Chatterjee,A) Andhra Pradesh,"Andhra Pradesh was the first state in India to be organized on a linguistic basis, formed in 1953.",General Trivia,Firsts in India
Choose the correct answer: What is the largest coral reef system in the world?,US Dollar,The video game industry,"About 8,849 meters",The Great Barrier Reef,D) The Great Barrier Reef,"The Great Barrier Reef, off the coast of Australia, is the world's largest coral reef system.",General Trivia,World Facts
What is the world's largest rainforest?,Lotus,Bankim Chandra Chatterjee,New Zealand,The Amazon Rainforest,D) The Amazon Rainforest,"The Amazon Rainforest, located mainly in Brazil, is the largest tropical rainforest in the world.",General Trivia,World Facts
Quiz question: Which country produces the most rice globally?,Saturn (closely followed by Jupiter),The Sahara Desert,China,New Delhi,C) China,China is historically the world's largest producer of rice.,General Trivia,World Facts
Quiz question: Who wrote India's national song?,Burj Khalifa,The Amazon Rainforest,Tiger,Bankim Chandra Chatterjee,D) Bankim Chandra Chatterjee,"Bankim Chandra Chatterjee wrote 'Vande Mataram', India's national song.",General Trivia,India Facts
Quiz question: What is the world's largest rainforest?,Burj Khalifa,The Amazon Rainforest,The video game industry,Christianity,B) The Amazon Rainforest,"The Amazon Rainforest, located mainly in Brazil, is the largest tropical rainforest in the world.",General Trivia,World Facts
"What is the highest-grossing form of entertainment industry globally often cited in trivia, alongside film?",Tiger,The video game industry,New Zealand,Andhra Pradesh,B) The video game industry,"The global video game industry is frequently cited in trivia as a very high-grossing entertainment sector, often compared to or exceeding film.",General Trivia,Amazing Facts
Quiz question: What is the largest island in the world?,Vatican City,Lotus,Greenland,Burj Khalifa,C) Greenland,"Greenland is the largest island in the world by area, excluding continental landmasses.",General Trivia,World Facts
Choose the correct answer: Which country produces the most rice globally?,The Nile,US Dollar,Angel Falls (Venezuela),China,D) China,China is historically the world's largest producer of rice.,General Trivia,World Facts
Which option correctly answers this: What is the currency of the United States?,US Dollar,Rabindranath Tagore,The Amazon Rainforest,Andhra Pradesh,A) US Dollar,The official currency of the United States is the US Dollar.,General Trivia,World Facts
Which option correctly answers this: What is the national fruit of India?,Nalanda University,Mango,The Taj Mahal,India,B) Mango,The mango is recognized as the national fruit of India.,General Trivia,India Facts
Which famous structure in India is one of the New Seven Wonders of the World?,"About 8,849 meters",The Taj Mahal,Peacock,Andhra Pradesh,B) The Taj Mahal,"The Taj Mahal, in Agra, India, is recognized as one of the New Seven Wonders of the World.",General Trivia,Famous Places
What is the largest island in the world?,"About 8,849 meters",India,Greenland,The blue whale,C) Greenland,"Greenland is the largest island in the world by area, excluding continental landmasses.",General Trivia,World Facts
Choose the correct answer: Which is the tallest man-made structure in the world (as of the early 2020s)?,The Sahara Desert,Angel Falls (Venezuela),New Zealand,Burj Khalifa,D) Burj Khalifa,The Burj Khalifa in Dubai is the tallest man-made structure in the world.,General Trivia,Famous Places
Quiz question: What is the largest mammal in the world?,Rabindranath Tagore,Thomas Edison,The blue whale,"About 8,849 meters",C) The blue whale,"The blue whale is the largest mammal, and indeed the largest animal, known to have ever existed.",General Trivia,Amazing Facts
Choose the correct answer: What is the deepest known point in the world's oceans?,Vatican City,Andhra Pradesh,The cheetah,The Mariana Trench,D) The Mariana Trench,"The Mariana Trench, in the Pacific Ocean, is the deepest known point in any of Earth's oceans.",General Trivia,Records
What is the world's largest by-volume man-made lake or reservoir often cited in geography trivia?,New Zealand,Nalanda University,Lake Kariba (on the Zambia-Zimbabwe border),Christianity,C) Lake Kariba (on the Zambia-Zimbabwe border),"Lake Kariba, formed by the Kariba Dam, is often cited as the world's largest reservoir by volume.",General Trivia,Records
Choose the correct answer: What is the study of ancient artifacts and human history called?,Lake Kariba (on the Zambia-Zimbabwe border),Mango,Archaeology,Thomas Edison,C) Archaeology,Archaeology is the study of human history through the excavation and analysis of artifacts and physical remains.,General Trivia,Mixed Trivia
Quiz question: What is the national flower of India?,Peacock,Bankim Chandra Chatterjee,Lotus,The cheetah,C) Lotus,"The lotus is the national flower of India, symbolizing purity.",General Trivia,India Facts
Choose the correct answer: Who invented the telephone?,The video game industry,Alexander Graham Bell,Bankim Chandra Chatterjee,The Sahara Desert,B) Alexander Graham Bell,Alexander Graham Bell is credited with inventing the first practical telephone in 1876.,General Trivia,Unusual Facts
Which option correctly answers this: Which is the largest democracy in the world by population?,The Mariana Trench,New Delhi,India,Saturn (closely followed by Jupiter),C) India,India is widely recognized as the world's largest democracy by population.,General Trivia,World Facts
Quiz question: Which famous structure in India is one of the New Seven Wonders of the World?,The Taj Mahal,New Zealand,Lotus,The Sahara Desert,A) The Taj Mahal,"The Taj Mahal, in Agra, India, is recognized as one of the New Seven Wonders of the World.",General Trivia,Famous Places
Quiz question: Which was the first Indian state to be formed on a linguistic basis?,Andhra Pradesh,The video game industry,Lotus,Thomas Edison,A) Andhra Pradesh,"Andhra Pradesh was the first state in India to be organized on a linguistic basis, formed in 1953.",General Trivia,Firsts in India
What is the largest coral reef system in the world?,The Great Barrier Reef,The Sahara Desert,The Mariana Trench,Alexander Graham Bell,A) The Great Barrier Reef,"The Great Barrier Reef, off the coast of Australia, is the world's largest coral reef system.",General Trivia,World Facts
Choose the correct answer: What is the world's largest by-volume man-made lake or reservoir often cited in geography trivia?,Mango,The Antarctic Desert,The video game industry,Lake Kariba (on the Zambia-Zimbabwe border),D) Lake Kariba (on the Zambia-Zimbabwe border),"Lake Kariba, formed by the Kariba Dam, is often cited as the world's largest reservoir by volume.",General Trivia,Records
Which is the largest democracy in the world by population?,India,Christianity,Burj Khalifa,Tiger,A) India,India is widely recognized as the world's largest democracy by population.,General Trivia,World Facts
Quiz question: What is Mount Everest's approximate height?,China,"About 8,849 meters",New Zealand,Tiger,"B) About 8,849 meters","Mount Everest, the world's highest peak, stands at approximately 8,849 meters above sea level.",General Trivia,World Facts
Which option correctly answers this: What is the world's largest rainforest?,Burj Khalifa,Saturn (closely followed by Jupiter),The Amazon Rainforest,Angel Falls (Venezuela),C) The Amazon Rainforest,"The Amazon Rainforest, located mainly in Brazil, is the largest tropical rainforest in the world.",General Trivia,World Facts
Quiz question: What is the world's most spoken native language?,US Dollar,"About 8,849 meters",Mandarin Chinese,Nalanda University,C) Mandarin Chinese,Mandarin Chinese has the largest number of native speakers of any language in the world.,General Trivia,World Facts
Quiz question: What is the national flower of India?,Lotus,Mandarin Chinese,The Amazon Rainforest,China,A) Lotus,"The lotus is the national flower of India, symbolizing purity.",General Trivia,India Facts
Choose the correct answer: What is the tallest waterfall in the world?,New Delhi,The Mariana Trench,Peacock,Angel Falls (Venezuela),D) Angel Falls (Venezuela),"Angel Falls, located in Venezuela, is the world's tallest uninterrupted waterfall.",General Trivia,Records
Which option correctly answers this: Which planet in our Solar System is known for having the most moons among the largest planets?,Burj Khalifa,Nalanda University,The Nile,Saturn (closely followed by Jupiter),D) Saturn (closely followed by Jupiter),Saturn and Jupiter have the largest known number of moons among planets in our Solar System.,General Trivia,Amazing Facts
Quiz question: What is the national animal of India?,Tiger,Greenland,The cheetah,The Nile,A) Tiger,The Bengal tiger is the national animal of India.,General Trivia,India Facts
"Choose the correct answer: Which Indian city hosted the first modern Commonwealth Games in India, in 2010?",Vatican City,US Dollar,Peacock,New Delhi,D) New Delhi,"New Delhi hosted the 2010 Commonwealth Games, the first time India hosted the event.",General Trivia,Firsts in India
Quiz question: Which is the largest hot desert in the world?,Bankim Chandra Chatterjee,The Sahara Desert,India,The Nile,B) The Sahara Desert,The Sahara Desert in Africa is the largest hot desert in the world.,General Trivia,World Facts
Choose the correct answer: What is the world's largest rainforest?,US Dollar,The Amazon Rainforest,Archaeology,The Great Barrier Reef,B) The Amazon Rainforest,"The Amazon Rainforest, located mainly in Brazil, is the largest tropical rainforest in the world.",General Trivia,World Facts
Which famous structure in India is one of the New Seven Wonders of the World?,Greenland,Rabindranath Tagore,The Taj Mahal,Japan,C) The Taj Mahal,"The Taj Mahal, in Agra, India, is recognized as one of the New Seven Wonders of the World.",General Trivia,Famous Places
Quiz question: Which is the largest democracy in the world by population?,The Amazon Rainforest,India,Greenland,The Great Barrier Reef,B) India,India is widely recognized as the world's largest democracy by population.,General Trivia,World Facts
"Quiz question: Which Indian city hosted the first modern Commonwealth Games in India, in 2010?",The Great Barrier Reef,New Delhi,Greenland,Vatican City,B) New Delhi,"New Delhi hosted the 2010 Commonwealth Games, the first time India hosted the event.",General Trivia,Firsts in India
"Which option correctly answers this: Who invented the light bulb (as a practical, commercially viable design)?",Mango,Thomas Edison,New Delhi,The video game industry,B) Thomas Edison,"Thomas Edison developed a practical, long-lasting incandescent light bulb in 1879.",General Trivia,Unusual Facts
Choose the correct answer: What is the national flower of India?,The Mariana Trench,The video game industry,Lotus,Tiger,C) Lotus,"The lotus is the national flower of India, symbolizing purity.",General Trivia,India Facts
Choose the correct answer: What is the national bird of India?,Tiger,Burj Khalifa,"About 8,849 meters",Peacock,D) Peacock,"The peacock is the national bird of India, known for its colorful plumage.",General Trivia,India Facts
Which option correctly answers this: What is the currency of the United States?,New Zealand,US Dollar,Bankim Chandra Chatterjee,Lotus,B) US Dollar,The official currency of the United States is the US Dollar.,General Trivia,World Facts
Which option correctly answers this: What is the world's most spoken native language?,Nalanda University,The Sahara Desert,Mandarin Chinese,Angel Falls (Venezuela),C) Mandarin Chinese,Mandarin Chinese has the largest number of native speakers of any language in the world.,General Trivia,World Facts
"Quiz question: Who invented the light bulb (as a practical, commercially viable design)?",Thomas Edison,Angel Falls (Venezuela),Vatican City,Saturn (closely followed by Jupiter),A) Thomas Edison,"Thomas Edison developed a practical, long-lasting incandescent light bulb in 1879.",General Trivia,Unusual Facts
Choose the correct answer: Which is the longest river in the world?,The Amazon Rainforest,Greenland,Lotus,The Nile,D) The Nile,The Nile River in Africa is generally considered the longest river in the world.,General Trivia,World Facts
What is the national fruit of India?,Thomas Edison,Vatican City,Mango,Lotus,C) Mango,The mango is recognized as the national fruit of India.,General Trivia,India Facts
Quiz question: Which country produces the most rice globally?,Angel Falls (Venezuela),The Great Barrier Reef,China,Japan,C) China,China is historically the world's largest producer of rice.,General Trivia,World Facts
Which option correctly answers this: Which planet in our Solar System is known for having the most moons among the largest planets?,The cheetah,Peacock,Saturn (closely followed by Jupiter),"About 8,849 meters",C) Saturn (closely followed by Jupiter),Saturn and Jupiter have the largest known number of moons among planets in our Solar System.,General Trivia,Amazing Facts
Which option correctly answers this: What is the most widely practiced religion in the world by number of adherents?,Christianity,The Nile,The video game industry,Japan,A) Christianity,Christianity is generally considered the religion with the largest number of adherents worldwide.,General Trivia,World Facts
Which planet in our Solar System is known for having the most moons among the largest planets?,New Delhi,Bankim Chandra Chatterjee,Burj Khalifa,Saturn (closely followed by Jupiter),D) Saturn (closely followed by Jupiter),Saturn and Jupiter have the largest known number of moons among planets in our Solar System.,General Trivia,Amazing Facts
Choose the correct answer: Which was the first Indian state to be formed on a linguistic basis?,The Taj Mahal,India,The Antarctic Desert,Andhra Pradesh,D) Andhra Pradesh,"Andhra Pradesh was the first state in India to be organized on a linguistic basis, formed in 1953.",General Trivia,Firsts in India
Which was the first Indian state to be formed on a linguistic basis?,The Nile,Thomas Edison,New Zealand,Andhra Pradesh,D) Andhra Pradesh,"Andhra Pradesh was the first state in India to be organized on a linguistic basis, formed in 1953.",General Trivia,Firsts in India
Which country produces the most rice globally?,Angel Falls (Venezuela),Mango,New Delhi,China,D) China,China is historically the world's largest producer of rice.,General Trivia,World Facts
Which option correctly answers this: What is the currency of the United States?,US Dollar,Bankim Chandra Chatterjee,Peacock,Lake Kariba (on the Zambia-Zimbabwe border),A) US Dollar,The official currency of the United States is the US Dollar.,General Trivia,World Facts
What is the deepest known point in the world's oceans?,The Mariana Trench,India,Thomas Edison,Bankim Chandra Chatterjee,A) The Mariana Trench,"The Mariana Trench, in the Pacific Ocean, is the deepest known point in any of Earth's oceans.",General Trivia,Records
Choose the correct answer: What is the study of ancient artifacts and human history called?,Japan,Greenland,Archaeology,Angel Falls (Venezuela),C) Archaeology,Archaeology is the study of human history through the excavation and analysis of artifacts and physical remains.,General Trivia,Mixed Trivia
Choose the correct answer: Which is the longest river in the world?,Saturn (closely followed by Jupiter),The Nile,China,Rabindranath Tagore,B) The Nile,The Nile River in Africa is generally considered the longest river in the world.,General Trivia,World Facts
Which option correctly answers this: What is Mount Everest's approximate height?,The Nile,Archaeology,"About 8,849 meters",The blue whale,"C) About 8,849 meters","Mount Everest, the world's highest peak, stands at approximately 8,849 meters above sea level.",General Trivia,World Facts
Which option correctly answers this: What is the national animal of India?,Tiger,Thomas Edison,Peacock,"About 8,849 meters",A) Tiger,The Bengal tiger is the national animal of India.,General Trivia,India Facts
Which option correctly answers this: What is the deepest known point in the world's oceans?,The Sahara Desert,Alexander Graham Bell,Lake Kariba (on the Zambia-Zimbabwe border),The Mariana Trench,D) The Mariana Trench,"The Mariana Trench, in the Pacific Ocean, is the deepest known point in any of Earth's oceans.",General Trivia,Records
Which option correctly answers this: Who wrote India's national song?,Saturn (closely followed by Jupiter),The Antarctic Desert,Archaeology,Bankim Chandra Chatterjee,D) Bankim Chandra Chatterjee,"Bankim Chandra Chatterjee wrote 'Vande Mataram', India's national song.",General Trivia,India Facts
What is the smallest country in the world by area?,Rabindranath Tagore,Alexander Graham Bell,The Mariana Trench,Vatican City,D) Vatican City,Vatican City is the smallest independent country in the world by both area and population.,General Trivia,Records
"Choose the correct answer: Which Indian city hosted the first modern Commonwealth Games in India, in 2010?",Thomas Edison,New Delhi,Lotus,The Mariana Trench,B) New Delhi,"New Delhi hosted the 2010 Commonwealth Games, the first time India hosted the event.",General Trivia,Firsts in India
Which famous structure in India is one of the New Seven Wonders of the World?,The Taj Mahal,Nalanda University,The Great Barrier Reef,Japan,A) The Taj Mahal,"The Taj Mahal, in Agra, India, is recognized as one of the New Seven Wonders of the World.",General Trivia,Famous Places
Which option correctly answers this: Who wrote India's national anthem?,Tiger,New Zealand,Bankim Chandra Chatterjee,Rabindranath Tagore,D) Rabindranath Tagore,"Rabindranath Tagore composed 'Jana Gana Mana', India's national anthem.",General Trivia,India Facts
Quiz question: What is the largest desert in the world?,The blue whale,The Antarctic Desert,Lotus,Thomas Edison,B) The Antarctic Desert,"The Antarctic Desert is technically the largest desert in the world by area, as deserts are defined by low precipitation, not just heat.",General Trivia,World Facts
What is the tallest waterfall in the world?,New Zealand,The Sahara Desert,Mango,Angel Falls (Venezuela),D) Angel Falls (Venezuela),"Angel Falls, located in Venezuela, is the world's tallest uninterrupted waterfall.",General Trivia,Records
Choose the correct answer: What is the national bird of India?,Peacock,Rabindranath Tagore,New Delhi,Nalanda University,A) Peacock,"The peacock is the national bird of India, known for its colorful plumage.",General Trivia,India Facts
What is the world's largest rainforest?,The Amazon Rainforest,The Nile,Peacock,The Taj Mahal,A) The Amazon Rainforest,"The Amazon Rainforest, located mainly in Brazil, is the largest tropical rainforest in the world.",General Trivia,World Facts
Quiz question: What is the currency of the United States?,Vatican City,The Nile,US Dollar,Peacock,C) US Dollar,The official currency of the United States is the US Dollar.,General Trivia,World Facts
Which option correctly answers this: What is Mount Everest's approximate height?,New Delhi,The Taj Mahal,"About 8,849 meters",Lake Kariba (on the Zambia-Zimbabwe border),"C) About 8,849 meters","Mount Everest, the world's highest peak, stands at approximately 8,849 meters above sea level.",General Trivia,World Facts
Choose the correct answer: What is the world's most spoken native language?,Japan,Peacock,Bankim Chandra Chatterjee,Mandarin Chinese,D) Mandarin Chinese,Mandarin Chinese has the largest number of native speakers of any language in the world.,General Trivia,World Facts
Choose the correct answer: What is the study of ancient artifacts and human history called?,Archaeology,Thomas Edison,Peacock,The video game industry,A) Archaeology,Archaeology is the study of human history through the excavation and analysis of artifacts and physical remains.,General Trivia,Mixed Trivia
Quiz question: Which famous structure in India is one of the New Seven Wonders of the World?,Japan,Mango,The Taj Mahal,Bankim Chandra Chatterjee,C) The Taj Mahal,"The Taj Mahal, in Agra, India, is recognized as one of the New Seven Wonders of the World.",General Trivia,Famous Places
"Which option correctly answers this: Which is considered one of the world's earliest centers of higher learning, located in ancient India?",Nalanda University,Bankim Chandra Chatterjee,The blue whale,Rabindranath Tagore,A) Nalanda University,"Nalanda University in ancient India, established around the 5th century CE, is considered one of the world's earliest centers of higher learning.",General Trivia,Firsts in the World
Choose the correct answer: What is the largest coral reef system in the world?,The Mariana Trench,The blue whale,New Zealand,The Great Barrier Reef,D) The Great Barrier Reef,"The Great Barrier Reef, off the coast of Australia, is the world's largest coral reef system.",General Trivia,World Facts
Quiz question: Which planet in our Solar System is known for having the most moons among the largest planets?,Thomas Edison,Saturn (closely followed by Jupiter),US Dollar,Mango,B) Saturn (closely followed by Jupiter),Saturn and Jupiter have the largest known number of moons among planets in our Solar System.,General Trivia,Amazing Facts
Choose the correct answer: What is the national fruit of India?,"About 8,849 meters",Mango,Alexander Graham Bell,Mandarin Chinese,B) Mango,The mango is recognized as the national fruit of India.,General Trivia,India Facts
What is the most widely practiced religion in the world by number of adherents?,Christianity,Bankim Chandra Chatterjee,The blue whale,Lake Kariba (on the Zambia-Zimbabwe border),A) Christianity,Christianity is generally considered the religion with the largest number of adherents worldwide.,General Trivia,World Facts
Which option correctly answers this: What is the national animal of India?,Nalanda University,New Delhi,Mango,Tiger,D) Tiger,The Bengal tiger is the national animal of India.,General Trivia,India Facts
What is the national animal of India?,The Taj Mahal,Tiger,Lake Kariba (on the Zambia-Zimbabwe border),Mandarin Chinese,B) Tiger,The Bengal tiger is the national animal of India.,General Trivia,India Facts
Which option correctly answers this: What is the national animal of India?,Tiger,Lake Kariba (on the Zambia-Zimbabwe border),Greenland,Rabindranath Tagore,A) Tiger,The Bengal tiger is the national animal of India.,General Trivia,India Facts
"Which option correctly answers this: What is the highest-grossing form of entertainment industry globally often cited in trivia, alongside film?",Alexander Graham Bell,Bankim Chandra Chatterjee,The video game industry,New Delhi,C) The video game industry,"The global video game industry is frequently cited in trivia as a very high-grossing entertainment sector, often compared to or exceeding film.",General Trivia,Amazing Facts
Quiz question: What is the smallest country in the world by area?,"About 8,849 meters",Vatican City,Nalanda University,Greenland,B) Vatican City,Vatican City is the smallest independent country in the world by both area and population.,General Trivia,Records
Which option correctly answers this: What is the national animal of India?,Lake Kariba (on the Zambia-Zimbabwe border),Tiger,Thomas Edison,The Taj Mahal,B) Tiger,The Bengal tiger is the national animal of India.,General Trivia,India Facts
Quiz question: What is the national bird of India?,Peacock,The Amazon Rainforest,New Zealand,Mango,A) Peacock,"The peacock is the national bird of India, known for its colorful plumage.",General Trivia,India Facts
What is the largest desert in the world?,Archaeology,The cheetah,The Antarctic Desert,Lake Kariba (on the Zambia-Zimbabwe border),C) The Antarctic Desert,"The Antarctic Desert is technically the largest desert in the world by area, as deserts are defined by low precipitation, not just heat.",General Trivia,World Facts
Choose the correct answer: What is the national bird of India?,The Taj Mahal,Peacock,The Amazon Rainforest,Mango,B) Peacock,"The peacock is the national bird of India, known for its colorful plumage.",General Trivia,India Facts
What is the national flower of India?,US Dollar,Bankim Chandra Chatterjee,Thomas Edison,Lotus,D) Lotus,"The lotus is the national flower of India, symbolizing purity.",General Trivia,India Facts
Quiz question: Which country is known as the 'Land of the Rising Sun'?,Japan,Thomas Edison,Archaeology,Mango,A) Japan,"Japan is known as the 'Land of the Rising Sun', reflected in its name meaning origin of the sun.",General Trivia,World Facts
Which option correctly answers this: What is the largest desert in the world?,The Amazon Rainforest,The cheetah,The Antarctic Desert,Lake Kariba (on the Zambia-Zimbabwe border),C) The Antarctic Desert,"The Antarctic Desert is technically the largest desert in the world by area, as deserts are defined by low precipitation, not just heat.",General Trivia,World Facts
What is the national bird of India?,Peacock,Christianity,Bankim Chandra Chatterjee,"About 8,849 meters",A) Peacock,"The peacock is the national bird of India, known for its colorful plumage.",General Trivia,India Facts
Which is the largest democracy in the world by population?,India,Saturn (closely followed by Jupiter),Lake Kariba (on the Zambia-Zimbabwe border),New Zealand,A) India,India is widely recognized as the world's largest democracy by population.,General Trivia,World Facts
Quiz question: Which is the largest hot desert in the world?,The Sahara Desert,The Taj Mahal,Tiger,New Zealand,A) The Sahara Desert,The Sahara Desert in Africa is the largest hot desert in the world.,General Trivia,World Facts
Choose the correct answer: Who invented the telephone?,Alexander Graham Bell,The blue whale,Archaeology,Rabindranath Tagore,A) Alexander Graham Bell,Alexander Graham Bell is credited with inventing the first practical telephone in 1876.,General Trivia,Unusual Facts
Quiz question: What is the world's most spoken native language?,Tiger,Mandarin Chinese,Nalanda University,Thomas Edison,B) Mandarin Chinese,Mandarin Chinese has the largest number of native speakers of any language in the world.,General Trivia,World Facts
What is the world's largest rainforest?,Nalanda University,New Zealand,China,The Amazon Rainforest,D) The Amazon Rainforest,"The Amazon Rainforest, located mainly in Brazil, is the largest tropical rainforest in the world.",General Trivia,World Facts
"Who invented the light bulb (as a practical, commercially viable design)?",Thomas Edison,Andhra Pradesh,Nalanda University,Vatican City,A) Thomas Edison,"Thomas Edison developed a practical, long-lasting incandescent light bulb in 1879.",General Trivia,Unusual Facts
Which option correctly answers this: Who invented the telephone?,"About 8,849 meters",China,Lotus,Alexander Graham Bell,D) Alexander Graham Bell,Alexander Graham Bell is credited with inventing the first practical telephone in 1876.,General Trivia,Unusual Facts
Quiz question: What is the largest island in the world?,New Delhi,The Sahara Desert,Greenland,The blue whale,C) Greenland,"Greenland is the largest island in the world by area, excluding continental landmasses.",General Trivia,World Facts
What is the world's largest rainforest?,"About 8,849 meters",The Great Barrier Reef,Saturn (closely followed by Jupiter),The Amazon Rainforest,D) The Amazon Rainforest,"The Amazon Rainforest, located mainly in Brazil, is the largest tropical rainforest in the world.",General Trivia,World Facts
"Which option correctly answers this: Which Indian city hosted the first modern Commonwealth Games in India, in 2010?",Tiger,US Dollar,The Nile,New Delhi,D) New Delhi,"New Delhi hosted the 2010 Commonwealth Games, the first time India hosted the event.",General Trivia,Firsts in India
What is the largest mammal in the world?,Andhra Pradesh,Thomas Edison,The blue whale,Bankim Chandra Chatterjee,C) The blue whale,"The blue whale is the largest mammal, and indeed the largest animal, known to have ever existed.",General Trivia,Amazing Facts
Which option correctly answers this: What is the study of ancient artifacts and human history called?,Thomas Edison,Archaeology,The Great Barrier Reef,Angel Falls (Venezuela),B) Archaeology,Archaeology is the study of human history through the excavation and analysis of artifacts and physical remains.,General Trivia,Mixed Trivia
Which is the longest river in the world?,The Taj Mahal,The Great Barrier Reef,The Nile,Andhra Pradesh,C) The Nile,The Nile River in Africa is generally considered the longest river in the world.,General Trivia,World Facts
Choose the correct answer: What is the largest mammal in the world?,Rabindranath Tagore,The cheetah,The blue whale,Mandarin Chinese,C) The blue whale,"The blue whale is the largest mammal, and indeed the largest animal, known to have ever existed.",General Trivia,Amazing Facts
Quiz question: Which is the longest river in the world?,The Amazon Rainforest,The Nile,Alexander Graham Bell,The cheetah,B) The Nile,The Nile River in Africa is generally considered the longest river in the world.,General Trivia,World Facts
Which option correctly answers this: Which is the largest democracy in the world by population?,India,The cheetah,Christianity,Thomas Edison,A) India,India is widely recognized as the world's largest democracy by population.,General Trivia,World Facts
Which option correctly answers this: What is the national flower of India?,New Zealand,Lotus,Archaeology,"About 8,849 meters",B) Lotus,"The lotus is the national flower of India, symbolizing purity.",General Trivia,India Facts
Which option correctly answers this: Who wrote India's national anthem?,Angel Falls (Venezuela),The Great Barrier Reef,The cheetah,Rabindranath Tagore,D) Rabindranath Tagore,"Rabindranath Tagore composed 'Jana Gana Mana', India's national anthem.",General Trivia,India Facts
Quiz question: What is the world's largest rainforest?,The Antarctic Desert,Alexander Graham Bell,The Amazon Rainforest,Mandarin Chinese,C) The Amazon Rainforest,"The Amazon Rainforest, located mainly in Brazil, is the largest tropical rainforest in the world.",General Trivia,World Facts
Quiz question: Which country is known as the 'Land of the Rising Sun'?,Saturn (closely followed by Jupiter),Japan,Lake Kariba (on the Zambia-Zimbabwe border),New Delhi,B) Japan,"Japan is known as the 'Land of the Rising Sun', reflected in its name meaning origin of the sun.",General Trivia,World Facts
What is the currency of the United States?,US Dollar,Mango,New Delhi,The Antarctic Desert,A) US Dollar,The official currency of the United States is the US Dollar.,General Trivia,World Facts
Which option correctly answers this: Which is the largest democracy in the world by population?,China,India,Mandarin Chinese,Japan,B) India,India is widely recognized as the world's largest democracy by population.,General Trivia,World Facts
Choose the correct answer: Which was the first country to grant women the right to vote?,China,US Dollar,Vatican City,New Zealand,D) New Zealand,"New Zealand became the first self-governing country to grant women the right to vote, in 1893.",General Trivia,Firsts in the World
Which option correctly answers this: What is the study of ancient artifacts and human history called?,Rabindranath Tagore,Mango,Archaeology,Angel Falls (Venezuela),C) Archaeology,Archaeology is the study of human history through the excavation and analysis of artifacts and physical remains.,General Trivia,Mixed Trivia
"Choose the correct answer: What is the highest-grossing form of entertainment industry globally often cited in trivia, alongside film?",Angel Falls (Venezuela),Lotus,The video game industry,India,C) The video game industry,"The global video game industry is frequently cited in trivia as a very high-grossing entertainment sector, often compared to or exceeding film.",General Trivia,Amazing Facts
What is the fastest land animal?,Lotus,The Antarctic Desert,New Delhi,The cheetah,D) The cheetah,"The cheetah is the fastest land animal, capable of reaching speeds up to 100-120 km/h.",General Trivia,Amazing Facts
Choose the correct answer: Which planet in our Solar System is known for having the most moons among the largest planets?,The cheetah,The Sahara Desert,China,Saturn (closely followed by Jupiter),D) Saturn (closely followed by Jupiter),Saturn and Jupiter have the largest known number of moons among planets in our Solar System.,General Trivia,Amazing Facts
Which option correctly answers this: Who wrote India's national song?,Vatican City,Archaeology,Lotus,Bankim Chandra Chatterjee,D) Bankim Chandra Chatterjee,"Bankim Chandra Chatterjee wrote 'Vande Mataram', India's national song.",General Trivia,India Facts
Choose the correct answer: What is the tallest waterfall in the world?,Nalanda University,Greenland,Angel Falls (Venezuela),The Antarctic Desert,C) Angel Falls (Venezuela),"Angel Falls, located in Venezuela, is the world's tallest uninterrupted waterfall.",General Trivia,Records
Which option correctly answers this: What is the largest coral reef system in the world?,Rabindranath Tagore,The Great Barrier Reef,The cheetah,Burj Khalifa,B) The Great Barrier Reef,"The Great Barrier Reef, off the coast of Australia, is the world's largest coral reef system.",General Trivia,World Facts
Which option correctly answers this: Who wrote India's national anthem?,US Dollar,The Sahara Desert,New Zealand,Rabindranath Tagore,D) Rabindranath Tagore,"Rabindranath Tagore composed 'Jana Gana Mana', India's national anthem.",General Trivia,India Facts
"Choose the correct answer: Who invented the light bulb (as a practical, commercially viable design)?",Burj Khalifa,Rabindranath Tagore,The Antarctic Desert,Thomas Edison,D) Thomas Edison,"Thomas Edison developed a practical, long-lasting incandescent light bulb in 1879.",General Trivia,Unusual Facts
Quiz question: Which country produces the most rice globally?,China,Vatican City,The video game industry,Peacock,A) China,China is historically the world's largest producer of rice.,General Trivia,World Facts
What is the fastest land animal?,Nalanda University,The cheetah,Japan,Alexander Graham Bell,B) The cheetah,"The cheetah is the fastest land animal, capable of reaching speeds up to 100-120 km/h.",General Trivia,Amazing Facts
Quiz question: Which famous structure in India is one of the New Seven Wonders of the World?,Peacock,New Zealand,The Taj Mahal,The Mariana Trench,C) The Taj Mahal,"The Taj Mahal, in Agra, India, is recognized as one of the New Seven Wonders of the World.",General Trivia,Famous Places
Quiz question: What is the most widely practiced religion in the world by number of adherents?,Burj Khalifa,Andhra Pradesh,"About 8,849 meters",Christianity,D) Christianity,Christianity is generally considered the religion with the largest number of adherents worldwide.,General Trivia,World Facts
Quiz question: Who wrote India's national anthem?,Rabindranath Tagore,Bankim Chandra Chatterjee,The Great Barrier Reef,The blue whale,A) Rabindranath Tagore,"Rabindranath Tagore composed 'Jana Gana Mana', India's national anthem.",General Trivia,India Facts
Choose the correct answer: What is the national flower of India?,Lotus,The cheetah,Tiger,"About 8,849 meters",A) Lotus,"The lotus is the national flower of India, symbolizing purity.",General Trivia,India Facts
What is the largest coral reef system in the world?,Rabindranath Tagore,The Mariana Trench,The Great Barrier Reef,Alexander Graham Bell,C) The Great Barrier Reef,"The Great Barrier Reef, off the coast of Australia, is the world's largest coral reef system.",General Trivia,World Facts
"Quiz question: Which is considered one of the world's earliest centers of higher learning, located in ancient India?",Lotus,Nalanda University,The Amazon Rainforest,Mandarin Chinese,B) Nalanda University,"Nalanda University in ancient India, established around the 5th century CE, is considered one of the world's earliest centers of higher learning.",General Trivia,Firsts in the World
Quiz question: Who invented the telephone?,US Dollar,Alexander Graham Bell,Mandarin Chinese,The blue whale,B) Alexander Graham Bell,Alexander Graham Bell is credited with inventing the first practical telephone in 1876.,General Trivia,Unusual Facts
Quiz question: Who invented the telephone?,New Zealand,Andhra Pradesh,"About 8,849 meters",Alexander Graham Bell,D) Alexander Graham Bell,Alexander Graham Bell is credited with inventing the first practical telephone in 1876.,General Trivia,Unusual Facts
Which option correctly answers this: What is the largest island in the world?,The blue whale,Greenland,Lotus,US Dollar,B) Greenland,"Greenland is the largest island in the world by area, excluding continental landmasses.",General Trivia,World Facts
"Which Indian city hosted the first modern Commonwealth Games in India, in 2010?",New Delhi,The Great Barrier Reef,Archaeology,The Sahara Desert,A) New Delhi,"New Delhi hosted the 2010 Commonwealth Games, the first time India hosted the event.",General Trivia,Firsts in India
"Quiz question: What is the highest-grossing form of entertainment industry globally often cited in trivia, alongside film?",The blue whale,The video game industry,Andhra Pradesh,Tiger,B) The video game industry,"The global video game industry is frequently cited in trivia as a very high-grossing entertainment sector, often compared to or exceeding film.",General Trivia,Amazing Facts
What is the world's largest by-volume man-made lake or reservoir often cited in geography trivia?,Lake Kariba (on the Zambia-Zimbabwe border),Saturn (closely followed by Jupiter),The Great Barrier Reef,Nalanda University,A) Lake Kariba (on the Zambia-Zimbabwe border),"Lake Kariba, formed by the Kariba Dam, is often cited as the world's largest reservoir by volume.",General Trivia,Records
Choose the correct answer: Which planet in our Solar System is known for having the most moons among the largest planets?,Saturn (closely followed by Jupiter),Rabindranath Tagore,Alexander Graham Bell,Japan,A) Saturn (closely followed by Jupiter),Saturn and Jupiter have the largest known number of moons among planets in our Solar System.,General Trivia,Amazing Facts
"Choose the correct answer: Who invented the light bulb (as a practical, commercially viable design)?",Mandarin Chinese,India,The cheetah,Thomas Edison,D) Thomas Edison,"Thomas Edison developed a practical, long-lasting incandescent light bulb in 1879.",General Trivia,Unusual Facts
"Quiz question: Which is considered one of the world's earliest centers of higher learning, located in ancient India?",Japan,Greenland,Nalanda University,The video game industry,C) Nalanda University,"Nalanda University in ancient India, established around the 5th century CE, is considered one of the world's earliest centers of higher learning.",General Trivia,Firsts in the World
"Quiz question: Which is considered one of the world's earliest centers of higher learning, located in ancient India?",The video game industry,Nalanda University,Lake Kariba (on the Zambia-Zimbabwe border),Archaeology,B) Nalanda University,"Nalanda University in ancient India, established around the 5th century CE, is considered one of the world's earliest centers of higher learning.",General Trivia,Firsts in the World
Choose the correct answer: What is the national fruit of India?,The Antarctic Desert,Mango,Angel Falls (Venezuela),The Amazon Rainforest,B) Mango,The mango is recognized as the national fruit of India.,General Trivia,India Facts
Which option correctly answers this: What is the national animal of India?,Tiger,New Zealand,New Delhi,Bankim Chandra Chatterjee,A) Tiger,The Bengal tiger is the national animal of India.,General Trivia,India Facts
What is the world's most spoken native language?,Peacock,Mandarin Chinese,Nalanda University,New Zealand,B) Mandarin Chinese,Mandarin Chinese has the largest number of native speakers of any language in the world.,General Trivia,World Facts
"Which is considered one of the world's earliest centers of higher learning, located in ancient India?",Tiger,Christianity,Nalanda University,The blue whale,C) Nalanda University,"Nalanda University in ancient India, established around the 5th century CE, is considered one of the world's earliest centers of higher learning.",General Trivia,Firsts in the World
What is the national bird of India?,Lotus,Peacock,China,Mango,B) Peacock,"The peacock is the national bird of India, known for its colorful plumage.",General Trivia,India Facts
What is the largest mammal in the world?,Alexander Graham Bell,Burj Khalifa,The video game industry,The blue whale,D) The blue whale,"The blue whale is the largest mammal, and indeed the largest animal, known to have ever existed.",General Trivia,Amazing Facts
Which option correctly answers this: Which country produces the most rice globally?,New Zealand,Lake Kariba (on the Zambia-Zimbabwe border),China,The Antarctic Desert,C) China,China is historically the world's largest producer of rice.,General Trivia,World Facts
What is the currency of the United States?,Mandarin Chinese,US Dollar,New Zealand,Andhra Pradesh,B) US Dollar,The official currency of the United States is the US Dollar.,General Trivia,World Facts
Choose the correct answer: Which is the largest democracy in the world by population?,India,Angel Falls (Venezuela),The Nile,Greenland,A) India,India is widely recognized as the world's largest democracy by population.,General Trivia,World Facts
Choose the correct answer: What is the largest island in the world?,Mango,Andhra Pradesh,Bankim Chandra Chatterjee,Greenland,D) Greenland,"Greenland is the largest island in the world by area, excluding continental landmasses.",General Trivia,World Facts
What is the national animal of India?,Tiger,New Delhi,Mandarin Chinese,The cheetah,A) Tiger,The Bengal tiger is the national animal of India.,General Trivia,India Facts
Choose the correct answer: Which famous structure in India is one of the New Seven Wonders of the World?,The Taj Mahal,The Amazon Rainforest,Lake Kariba (on the Zambia-Zimbabwe border),The Mariana Trench,A) The Taj Mahal,"The Taj Mahal, in Agra, India, is recognized as one of the New Seven Wonders of the World.",General Trivia,Famous Places
Who invented the telephone?,Mango,Alexander Graham Bell,Archaeology,New Delhi,B) Alexander Graham Bell,Alexander Graham Bell is credited with inventing the first practical telephone in 1876.,General Trivia,Unusual Facts
"Which option correctly answers this: Which Indian city hosted the first modern Commonwealth Games in India, in 2010?",Alexander Graham Bell,The Nile,Rabindranath Tagore,New Delhi,D) New Delhi,"New Delhi hosted the 2010 Commonwealth Games, the first time India hosted the event.",General Trivia,Firsts in India
Choose the correct answer: Who wrote India's national anthem?,China,The Great Barrier Reef,Peacock,Rabindranath Tagore,D) Rabindranath Tagore,"Rabindranath Tagore composed 'Jana Gana Mana', India's national anthem.",General Trivia,India Facts
What is the national fruit of India?,The cheetah,The Nile,The video game industry,Mango,D) Mango,The mango is recognized as the national fruit of India.,General Trivia,India Facts
Which was the first Indian state to be formed on a linguistic basis?,Andhra Pradesh,The Antarctic Desert,Alexander Graham Bell,The cheetah,A) Andhra Pradesh,"Andhra Pradesh was the first state in India to be organized on a linguistic basis, formed in 1953.",General Trivia,Firsts in India
"Which option correctly answers this: What is the highest-grossing form of entertainment industry globally often cited in trivia, alongside film?",The Great Barrier Reef,The video game industry,The blue whale,The Nile,B) The video game industry,"The global video game industry is frequently cited in trivia as a very high-grossing entertainment sector, often compared to or exceeding film.",General Trivia,Amazing Facts
What is the national animal of India?,India,Tiger,Saturn (closely followed by Jupiter),Alexander Graham Bell,B) Tiger,The Bengal tiger is the national animal of India.,General Trivia,India Facts
Choose the correct answer: Who wrote India's national song?,Bankim Chandra Chatterjee,Thomas Edison,Peacock,Lotus,A) Bankim Chandra Chatterjee,"Bankim Chandra Chatterjee wrote 'Vande Mataram', India's national song.",General Trivia,India Facts
What is the world's most spoken native language?,Mandarin Chinese,Mango,The blue whale,The Great Barrier Reef,A) Mandarin Chinese,Mandarin Chinese has the largest number of native speakers of any language in the world.,General Trivia,World Facts
Quiz question: What is Mount Everest's approximate height?,"About 8,849 meters",The blue whale,Lake Kariba (on the Zambia-Zimbabwe border),The Sahara Desert,"A) About 8,849 meters","Mount Everest, the world's highest peak, stands at approximately 8,849 meters above sea level.",General Trivia,World Facts
"Choose the correct answer: What is the highest-grossing form of entertainment industry globally often cited in trivia, alongside film?","About 8,849 meters",Bankim Chandra Chatterjee,The Nile,The video game industry,D) The video game industry,"The global video game industry is frequently cited in trivia as a very high-grossing entertainment sector, often compared to or exceeding film.",General Trivia,Amazing Facts
Choose the correct answer: What is the world's most spoken native language?,New Delhi,Rabindranath Tagore,Burj Khalifa,Mandarin Chinese,D) Mandarin Chinese,Mandarin Chinese has the largest number of native speakers of any language in the world.,General Trivia,World Facts
Which option correctly answers this: Who invented the telephone?,Alexander Graham Bell,The blue whale,The video game industry,Angel Falls (Venezuela),A) Alexander Graham Bell,Alexander Graham Bell is credited with inventing the first practical telephone in 1876.,General Trivia,Unusual Facts
Which option correctly answers this: What is the national fruit of India?,Nalanda University,The Mariana Trench,Alexander Graham Bell,Mango,D) Mango,The mango is recognized as the national fruit of India.,General Trivia,India Facts
Which option correctly answers this: What is the national animal of India?,Mandarin Chinese,The Taj Mahal,Tiger,Japan,C) Tiger,The Bengal tiger is the national animal of India.,General Trivia,India Facts
Quiz question: Which is the largest democracy in the world by population?,India,Lotus,The Sahara Desert,Angel Falls (Venezuela),A) India,India is widely recognized as the world's largest democracy by population.,General Trivia,World Facts
Quiz question: What is the national animal of India?,Saturn (closely followed by Jupiter),Mango,Lake Kariba (on the Zambia-Zimbabwe border),Tiger,D) Tiger,The Bengal tiger is the national animal of India.,General Trivia,India Facts
Quiz question: Who wrote India's national anthem?,New Delhi,Rabindranath Tagore,Christianity,Tiger,B) Rabindranath Tagore,"Rabindranath Tagore composed 'Jana Gana Mana', India's national anthem.",General Trivia,India Facts
Choose the correct answer: Which is the tallest man-made structure in the world (as of the early 2020s)?,Lake Kariba (on the Zambia-Zimbabwe border),The Antarctic Desert,Burj Khalifa,Mango,C) Burj Khalifa,The Burj Khalifa in Dubai is the tallest man-made structure in the world.,General Trivia,Famous Places
Quiz question: Which is the largest hot desert in the world?,The Sahara Desert,India,Andhra Pradesh,New Zealand,A) The Sahara Desert,The Sahara Desert in Africa is the largest hot desert in the world.,General Trivia,World Facts
Which option correctly answers this: What is Mount Everest's approximate height?,"About 8,849 meters",Saturn (closely followed by Jupiter),Vatican City,Japan,"A) About 8,849 meters","Mount Everest, the world's highest peak, stands at approximately 8,849 meters above sea level.",General Trivia,World Facts
Quiz question: What is Mount Everest's approximate height?,China,"About 8,849 meters",Rabindranath Tagore,Archaeology,"B) About 8,849 meters","Mount Everest, the world's highest peak, stands at approximately 8,849 meters above sea level.",General Trivia,World Facts
"Choose the correct answer: What is the highest-grossing form of entertainment industry globally often cited in trivia, alongside film?",Peacock,Vatican City,Greenland,The video game industry,D) The video game industry,"The global video game industry is frequently cited in trivia as a very high-grossing entertainment sector, often compared to or exceeding film.",General Trivia,Amazing Facts
Quiz question: What is the tallest waterfall in the world?,Angel Falls (Venezuela),"About 8,849 meters",Lake Kariba (on the Zambia-Zimbabwe border),Archaeology,A) Angel Falls (Venezuela),"Angel Falls, located in Venezuela, is the world's tallest uninterrupted waterfall.",General Trivia,Records
Quiz question: What is Mount Everest's approximate height?,"About 8,849 meters",The Mariana Trench,Tiger,Peacock,"A) About 8,849 meters","Mount Everest, the world's highest peak, stands at approximately 8,849 meters above sea level.",General Trivia,World Facts
"Which option correctly answers this: What is the highest-grossing form of entertainment industry globally often cited in trivia, alongside film?",Rabindranath Tagore,The video game industry,Thomas Edison,Nalanda University,B) The video game industry,"The global video game industry is frequently cited in trivia as a very high-grossing entertainment sector, often compared to or exceeding film.",General Trivia,Amazing Facts
Choose the correct answer: Who invented the telephone?,The Nile,US Dollar,New Delhi,Alexander Graham Bell,D) Alexander Graham Bell,Alexander Graham Bell is credited with inventing the first practical telephone in 1876.,General Trivia,Unusual Facts
Choose the correct answer: What is the largest island in the world?,The Great Barrier Reef,Alexander Graham Bell,Greenland,Japan,C) Greenland,"Greenland is the largest island in the world by area, excluding continental landmasses.",General Trivia,World Facts
What is the largest island in the world?,Greenland,The Mariana Trench,Thomas Edison,Alexander Graham Bell,A) Greenland,"Greenland is the largest island in the world by area, excluding continental landmasses.",General Trivia,World Facts
Choose the correct answer: Which planet in our Solar System is known for having the most moons among the largest planets?,The Amazon Rainforest,Thomas Edison,Tiger,Saturn (closely followed by Jupiter),D) Saturn (closely followed by Jupiter),Saturn and Jupiter have the largest known number of moons among planets in our Solar System.,General Trivia,Amazing Facts
"Which is considered one of the world's earliest centers of higher learning, located in ancient India?",Angel Falls (Venezuela),The Amazon Rainforest,Nalanda University,Saturn (closely followed by Jupiter),C) Nalanda University,"Nalanda University in ancient India, established around the 5th century CE, is considered one of the world's earliest centers of higher learning.",General Trivia,Firsts in the World
Which option correctly answers this: Which planet in our Solar System is known for having the most moons among the largest planets?,Rabindranath Tagore,Andhra Pradesh,Saturn (closely followed by Jupiter),Nalanda University,C) Saturn (closely followed by Jupiter),Saturn and Jupiter have the largest known number of moons among planets in our Solar System.,General Trivia,Amazing Facts
Choose the correct answer: What is the national flower of India?,Nalanda University,Archaeology,The blue whale,Lotus,D) Lotus,"The lotus is the national flower of India, symbolizing purity.",General Trivia,India Facts
What is the national bird of India?,Peacock,Alexander Graham Bell,US Dollar,Saturn (closely followed by Jupiter),A) Peacock,"The peacock is the national bird of India, known for its colorful plumage.",General Trivia,India Facts
Which option correctly answers this: What is the most widely practiced religion in the world by number of adherents?,Christianity,Vatican City,The Mariana Trench,China,A) Christianity,Christianity is generally considered the religion with the largest number of adherents worldwide.,General Trivia,World Facts
What is the largest island in the world?,Greenland,Lake Kariba (on the Zambia-Zimbabwe border),The cheetah,Andhra Pradesh,A) Greenland,"Greenland is the largest island in the world by area, excluding continental landmasses.",General Trivia,World Facts
What is the largest desert in the world?,The Taj Mahal,Mango,Japan,The Antarctic Desert,D) The Antarctic Desert,"The Antarctic Desert is technically the largest desert in the world by area, as deserts are defined by low precipitation, not just heat.",General Trivia,World Facts
Choose the correct answer: Which famous structure in India is one of the New Seven Wonders of the World?,Angel Falls (Venezuela),The video game industry,The Taj Mahal,Vatican City,C) The Taj Mahal,"The Taj Mahal, in Agra, India, is recognized as one of the New Seven Wonders of the World.",General Trivia,Famous Places
Which option correctly answers this: What is the deepest known point in the world's oceans?,The blue whale,The cheetah,The Mariana Trench,The Taj Mahal,C) The Mariana Trench,"The Mariana Trench, in the Pacific Ocean, is the deepest known point in any of Earth's oceans.",General Trivia,Records
Who wrote India's national song?,Mango,Bankim Chandra Chatterjee,China,New Zealand,B) Bankim Chandra Chatterjee,"Bankim Chandra Chatterjee wrote 'Vande Mataram', India's national song.",General Trivia,India Facts
Who invented the telephone?,Alexander Graham Bell,Nalanda University,Peacock,Mango,A) Alexander Graham Bell,Alexander Graham Bell is credited with inventing the first practical telephone in 1876.,General Trivia,Unusual Facts
Which option correctly answers this: Which planet in our Solar System is known for having the most moons among the largest planets?,Peacock,Greenland,Angel Falls (Venezuela),Saturn (closely followed by Jupiter),D) Saturn (closely followed by Jupiter),Saturn and Jupiter have the largest known number of moons among planets in our Solar System.,General Trivia,Amazing Facts
Quiz question: Which is the tallest man-made structure in the world (as of the early 2020s)?,The Great Barrier Reef,The Taj Mahal,Burj Khalifa,The video game industry,C) Burj Khalifa,The Burj Khalifa in Dubai is the tallest man-made structure in the world.,General Trivia,Famous Places
Which option correctly answers this: What is the world's largest rainforest?,The Amazon Rainforest,China,Archaeology,Thomas Edison,A) The Amazon Rainforest,"The Amazon Rainforest, located mainly in Brazil, is the largest tropical rainforest in the world.",General Trivia,World Facts
Quiz question: What is the national flower of India?,The cheetah,Lotus,Saturn (closely followed by Jupiter),India,B) Lotus,"The lotus is the national flower of India, symbolizing purity.",General Trivia,India Facts
Quiz question: What is the currency of the United States?,US Dollar,Angel Falls (Venezuela),New Delhi,The Nile,A) US Dollar,The official currency of the United States is the US Dollar.,General Trivia,World Facts
Which option correctly answers this: What is the fastest land animal?,The Mariana Trench,The cheetah,Saturn (closely followed by Jupiter),"About 8,849 meters",B) The cheetah,"The cheetah is the fastest land animal, capable of reaching speeds up to 100-120 km/h.",General Trivia,Amazing Facts
Which option correctly answers this: Which is the longest river in the world?,The video game industry,China,US Dollar,The Nile,D) The Nile,The Nile River in Africa is generally considered the longest river in the world.,General Trivia,World Facts
Which is the largest hot desert in the world?,The Sahara Desert,Greenland,India,The Nile,A) The Sahara Desert,The Sahara Desert in Africa is the largest hot desert in the world.,General Trivia,World Facts
Choose the correct answer: What is the most widely practiced religion in the world by number of adherents?,Christianity,Archaeology,Nalanda University,The blue whale,A) Christianity,Christianity is generally considered the religion with the largest number of adherents worldwide.,General Trivia,World Facts
Choose the correct answer: Which is the longest river in the world?,Lotus,Tiger,The Antarctic Desert,The Nile,D) The Nile,The Nile River in Africa is generally considered the longest river in the world.,General Trivia,World Facts
Choose the correct answer: What is the smallest country in the world by area?,Peacock,Vatican City,China,The video game industry,B) Vatican City,Vatican City is the smallest independent country in the world by both area and population.,General Trivia,Records
What is the national flower of India?,The video game industry,The Amazon Rainforest,Lotus,Alexander Graham Bell,C) Lotus,"The lotus is the national flower of India, symbolizing purity.",General Trivia,India Facts
Which option correctly answers this: Which famous structure in India is one of the New Seven Wonders of the World?,Japan,Thomas Edison,The Taj Mahal,Saturn (closely followed by Jupiter),C) The Taj Mahal,"The Taj Mahal, in Agra, India, is recognized as one of the New Seven Wonders of the World.",General Trivia,Famous Places
Which option correctly answers this: Which was the first Indian state to be formed on a linguistic basis?,Mango,Peacock,Bankim Chandra Chatterjee,Andhra Pradesh,D) Andhra Pradesh,"Andhra Pradesh was the first state in India to be organized on a linguistic basis, formed in 1953.",General Trivia,Firsts in India
Which option correctly answers this: Who invented the telephone?,Lake Kariba (on the Zambia-Zimbabwe border),The Sahara Desert,Alexander Graham Bell,Bankim Chandra Chatterjee,C) Alexander Graham Bell,Alexander Graham Bell is credited with inventing the first practical telephone in 1876.,General Trivia,Unusual Facts
Choose the correct answer: Which is the largest democracy in the world by population?,New Zealand,The Nile,The video game industry,India,D) India,India is widely recognized as the world's largest democracy by population.,General Trivia,World Facts
Choose the correct answer: What is the world's largest by-volume man-made lake or reservoir often cited in geography trivia?,Vatican City,Lake Kariba (on the Zambia-Zimbabwe border),Saturn (closely followed by Jupiter),Archaeology,B) Lake Kariba (on the Zambia-Zimbabwe border),"Lake Kariba, formed by the Kariba Dam, is often cited as the world's largest reservoir by volume.",General Trivia,Records
Quiz question: What is the smallest country in the world by area?,Nalanda University,"About 8,849 meters",Lake Kariba (on the Zambia-Zimbabwe border),Vatican City,D) Vatican City,Vatican City is the smallest independent country in the world by both area and population.,General Trivia,Records
Which country produces the most rice globally?,Greenland,The Mariana Trench,China,Lake Kariba (on the Zambia-Zimbabwe border),C) China,China is historically the world's largest producer of rice.,General Trivia,World Facts
Which option correctly answers this: Who wrote India's national song?,Archaeology,Nalanda University,The video game industry,Bankim Chandra Chatterjee,D) Bankim Chandra Chatterjee,"Bankim Chandra Chatterjee wrote 'Vande Mataram', India's national song.",General Trivia,India Facts
What is the study of ancient artifacts and human history called?,"About 8,849 meters",The Sahara Desert,Vatican City,Archaeology,D) Archaeology,Archaeology is the study of human history through the excavation and analysis of artifacts and physical remains.,General Trivia,Mixed Trivia
What is the national flower of India?,Burj Khalifa,Alexander Graham Bell,Greenland,Lotus,D) Lotus,"The lotus is the national flower of India, symbolizing purity.",General Trivia,India Facts
Choose the correct answer: What is the largest coral reef system in the world?,The Amazon Rainforest,Christianity,Nalanda University,The Great Barrier Reef,D) The Great Barrier Reef,"The Great Barrier Reef, off the coast of Australia, is the world's largest coral reef system.",General Trivia,World Facts
Quiz question: Which is the tallest man-made structure in the world (as of the early 2020s)?,"About 8,849 meters",Rabindranath Tagore,Burj Khalifa,Lotus,C) Burj Khalifa,The Burj Khalifa in Dubai is the tallest man-made structure in the world.,General Trivia,Famous Places
What is the currency of the United States?,Burj Khalifa,Peacock,US Dollar,India,C) US Dollar,The official currency of the United States is the US Dollar.,General Trivia,World Facts
"Quiz question: Which is considered one of the world's earliest centers of higher learning, located in ancient India?",China,Peacock,The Antarctic Desert,Nalanda University,D) Nalanda University,"Nalanda University in ancient India, established around the 5th century CE, is considered one of the world's earliest centers of higher learning.",General Trivia,Firsts in the World
What is the smallest country in the world by area?,Vatican City,US Dollar,The video game industry,Greenland,A) Vatican City,Vatican City is the smallest independent country in the world by both area and population.,General Trivia,Records
Which option correctly answers this: Which country produces the most rice globally?,China,Lotus,Mango,The Taj Mahal,A) China,China is historically the world's largest producer of rice.,General Trivia,World Facts
What is the national bird of India?,Lotus,The blue whale,The Mariana Trench,Peacock,D) Peacock,"The peacock is the national bird of India, known for its colorful plumage.",General Trivia,India Facts
Which option correctly answers this: Which was the first Indian state to be formed on a linguistic basis?,"About 8,849 meters",Andhra Pradesh,The Great Barrier Reef,The video game industry,B) Andhra Pradesh,"Andhra Pradesh was the first state in India to be organized on a linguistic basis, formed in 1953.",General Trivia,Firsts in India
Quiz question: What is the deepest known point in the world's oceans?,The Mariana Trench,Christianity,Japan,Lake Kariba (on the Zambia-Zimbabwe border),A) The Mariana Trench,"The Mariana Trench, in the Pacific Ocean, is the deepest known point in any of Earth's oceans.",General Trivia,Records
What is the largest coral reef system in the world?,Lake Kariba (on the Zambia-Zimbabwe border),Lotus,The Great Barrier Reef,Rabindranath Tagore,C) The Great Barrier Reef,"The Great Barrier Reef, off the coast of Australia, is the world's largest coral reef system.",General Trivia,World Facts
Quiz question: What is the most widely practiced religion in the world by number of adherents?,Mandarin Chinese,Tiger,Christianity,The video game industry,C) Christianity,Christianity is generally considered the religion with the largest number of adherents worldwide.,General Trivia,World Facts
Which was the first country to grant women the right to vote?,Christianity,The Taj Mahal,Lotus,New Zealand,D) New Zealand,"New Zealand became the first self-governing country to grant women the right to vote, in 1893.",General Trivia,Firsts in the World
Quiz question: What is the largest desert in the world?,Alexander Graham Bell,The Antarctic Desert,Christianity,Mango,B) The Antarctic Desert,"The Antarctic Desert is technically the largest desert in the world by area, as deserts are defined by low precipitation, not just heat.",General Trivia,World Facts
Which option correctly answers this: What is the world's most spoken native language?,New Zealand,Peacock,New Delhi,Mandarin Chinese,D) Mandarin Chinese,Mandarin Chinese has the largest number of native speakers of any language in the world.,General Trivia,World Facts
Choose the correct answer: Which planet in our Solar System is known for having the most moons among the largest planets?,Peacock,Andhra Pradesh,Alexander Graham Bell,Saturn (closely followed by Jupiter),D) Saturn (closely followed by Jupiter),Saturn and Jupiter have the largest known number of moons among planets in our Solar System.,General Trivia,Amazing Facts
Choose the correct answer: Which was the first country to grant women the right to vote?,Rabindranath Tagore,India,China,New Zealand,D) New Zealand,"New Zealand became the first self-governing country to grant women the right to vote, in 1893.",General Trivia,Firsts in the World
Quiz question: What is the world's largest rainforest?,The Amazon Rainforest,The Great Barrier Reef,New Zealand,Lake Kariba (on the Zambia-Zimbabwe border),A) The Amazon Rainforest,"The Amazon Rainforest, located mainly in Brazil, is the largest tropical rainforest in the world.",General Trivia,World Facts
"Choose the correct answer: Who invented the light bulb (as a practical, commercially viable design)?",The blue whale,Lotus,Thomas Edison,The video game industry,C) Thomas Edison,"Thomas Edison developed a practical, long-lasting incandescent light bulb in 1879.",General Trivia,Unusual Facts
Which option correctly answers this: Who wrote India's national anthem?,The blue whale,The Taj Mahal,Nalanda University,Rabindranath Tagore,D) Rabindranath Tagore,"Rabindranath Tagore composed 'Jana Gana Mana', India's national anthem.",General Trivia,India Facts
What is Mount Everest's approximate height?,Archaeology,The blue whale,Lotus,"About 8,849 meters","D) About 8,849 meters","Mount Everest, the world's highest peak, stands at approximately 8,849 meters above sea level.",General Trivia,World Facts
"Which option correctly answers this: Which Indian city hosted the first modern Commonwealth Games in India, in 2010?",The Mariana Trench,New Delhi,Rabindranath Tagore,The Antarctic Desert,B) New Delhi,"New Delhi hosted the 2010 Commonwealth Games, the first time India hosted the event.",General Trivia,Firsts in India
Quiz question: What is the world's largest by-volume man-made lake or reservoir often cited in geography trivia?,The Sahara Desert,China,Tiger,Lake Kariba (on the Zambia-Zimbabwe border),D) Lake Kariba (on the Zambia-Zimbabwe border),"Lake Kariba, formed by the Kariba Dam, is often cited as the world's largest reservoir by volume.",General Trivia,Records
Choose the correct answer: What is the tallest waterfall in the world?,Christianity,The Taj Mahal,New Zealand,Angel Falls (Venezuela),D) Angel Falls (Venezuela),"Angel Falls, located in Venezuela, is the world's tallest uninterrupted waterfall.",General Trivia,Records
What is the national bird of India?,Peacock,Mango,The Antarctic Desert,Tiger,A) Peacock,"The peacock is the national bird of India, known for its colorful plumage.",General Trivia,India Facts
Which option correctly answers this: Which is the longest river in the world?,Andhra Pradesh,The Nile,Alexander Graham Bell,The Great Barrier Reef,B) The Nile,The Nile River in Africa is generally considered the longest river in the world.,General Trivia,World Facts
Quiz question: Which famous structure in India is one of the New Seven Wonders of the World?,The Taj Mahal,Thomas Edison,Japan,Christianity,A) The Taj Mahal,"The Taj Mahal, in Agra, India, is recognized as one of the New Seven Wonders of the World.",General Trivia,Famous Places
"Which option correctly answers this: Which Indian city hosted the first modern Commonwealth Games in India, in 2010?",Lake Kariba (on the Zambia-Zimbabwe border),The Mariana Trench,Mandarin Chinese,New Delhi,D) New Delhi,"New Delhi hosted the 2010 Commonwealth Games, the first time India hosted the event.",General Trivia,Firsts in India
Which option correctly answers this: Which is the largest hot desert in the world?,The Sahara Desert,"About 8,849 meters",US Dollar,Archaeology,A) The Sahara Desert,The Sahara Desert in Africa is the largest hot desert in the world.,General Trivia,World Facts
What is the most widely practiced religion in the world by number of adherents?,The Antarctic Desert,New Zealand,Christianity,The Mariana Trench,C) Christianity,Christianity is generally considered the religion with the largest number of adherents worldwide.,General Trivia,World Facts
Quiz question: What is the largest coral reef system in the world?,Japan,The Great Barrier Reef,Lake Kariba (on the Zambia-Zimbabwe border),The Taj Mahal,B) The Great Barrier Reef,"The Great Barrier Reef, off the coast of Australia, is the world's largest coral reef system.",General Trivia,World Facts
Quiz question: Which is the longest river in the world?,The Nile,New Zealand,Vatican City,China,A) The Nile,The Nile River in Africa is generally considered the longest river in the world.,General Trivia,World Facts
Which option correctly answers this: Which is the largest democracy in the world by population?,India,Peacock,Angel Falls (Venezuela),The Amazon Rainforest,A) India,India is widely recognized as the world's largest democracy by population.,General Trivia,World Facts
Choose the correct answer: What is the tallest waterfall in the world?,The cheetah,Greenland,Burj Khalifa,Angel Falls (Venezuela),D) Angel Falls (Venezuela),"Angel Falls, located in Venezuela, is the world's tallest uninterrupted waterfall.",General Trivia,Records
What is the national bird of India?,Peacock,Tiger,Burj Khalifa,The Antarctic Desert,A) Peacock,"The peacock is the national bird of India, known for its colorful plumage.",General Trivia,India Facts
Quiz question: What is the national flower of India?,Lotus,The blue whale,The Sahara Desert,Tiger,A) Lotus,"The lotus is the national flower of India, symbolizing purity.",General Trivia,India Facts
What is the largest coral reef system in the world?,Alexander Graham Bell,The Great Barrier Reef,The cheetah,New Delhi,B) The Great Barrier Reef,"The Great Barrier Reef, off the coast of Australia, is the world's largest coral reef system.",General Trivia,World Facts
Choose the correct answer: What is the world's largest by-volume man-made lake or reservoir often cited in geography trivia?,Bankim Chandra Chatterjee,Lake Kariba (on the Zambia-Zimbabwe border),Andhra Pradesh,The Great Barrier Reef,B) Lake Kariba (on the Zambia-Zimbabwe border),"Lake Kariba, formed by the Kariba Dam, is often cited as the world's largest reservoir by volume.",General Trivia,Records
Which option correctly answers this: Which planet in our Solar System is known for having the most moons among the largest planets?,The Antarctic Desert,The Mariana Trench,The blue whale,Saturn (closely followed by Jupiter),D) Saturn (closely followed by Jupiter),Saturn and Jupiter have the largest known number of moons among planets in our Solar System.,General Trivia,Amazing Facts
Quiz question: What is the largest coral reef system in the world?,The Great Barrier Reef,Alexander Graham Bell,Thomas Edison,The cheetah,A) The Great Barrier Reef,"The Great Barrier Reef, off the coast of Australia, is the world's largest coral reef system.",General Trivia,World Facts
Which famous structure in India is one of the New Seven Wonders of the World?,Greenland,Christianity,The Taj Mahal,Lake Kariba (on the Zambia-Zimbabwe border),C) The Taj Mahal,"The Taj Mahal, in Agra, India, is recognized as one of the New Seven Wonders of the World.",General Trivia,Famous Places
Choose the correct answer: Which country produces the most rice globally?,Angel Falls (Venezuela),Thomas Edison,The Taj Mahal,China,D) China,China is historically the world's largest producer of rice.,General Trivia,World Facts
Which option correctly answers this: What is the world's largest by-volume man-made lake or reservoir often cited in geography trivia?,Lake Kariba (on the Zambia-Zimbabwe border),The cheetah,The video game industry,Lotus,A) Lake Kariba (on the Zambia-Zimbabwe border),"Lake Kariba, formed by the Kariba Dam, is often cited as the world's largest reservoir by volume.",General Trivia,Records
Choose the correct answer: What is the largest mammal in the world?,Angel Falls (Venezuela),The blue whale,Saturn (closely followed by Jupiter),Mango,B) The blue whale,"The blue whale is the largest mammal, and indeed the largest animal, known to have ever existed.",General Trivia,Amazing Facts
Choose the correct answer: What is the national flower of India?,Saturn (closely followed by Jupiter),Peacock,Lotus,Bankim Chandra Chatterjee,C) Lotus,"The lotus is the national flower of India, symbolizing purity.",General Trivia,India Facts
Choose the correct answer: Who invented the telephone?,The Amazon Rainforest,Rabindranath Tagore,Lotus,Alexander Graham Bell,D) Alexander Graham Bell,Alexander Graham Bell is credited with inventing the first practical telephone in 1876.,General Trivia,Unusual Facts
Which option correctly answers this: What is the largest coral reef system in the world?,Rabindranath Tagore,The Antarctic Desert,The Nile,The Great Barrier Reef,D) The Great Barrier Reef,"The Great Barrier Reef, off the coast of Australia, is the world's largest coral reef system.",General Trivia,World Facts
What is the tallest waterfall in the world?,New Delhi,Greenland,Mango,Angel Falls (Venezuela),D) Angel Falls (Venezuela),"Angel Falls, located in Venezuela, is the world's tallest uninterrupted waterfall.",General Trivia,Records
Quiz question: Which was the first country to grant women the right to vote?,Greenland,New Zealand,Burj Khalifa,Thomas Edison,B) New Zealand,"New Zealand became the first self-governing country to grant women the right to vote, in 1893.",General Trivia,Firsts in the World
Which option correctly answers this: What is the national fruit of India?,The Great Barrier Reef,Mango,Archaeology,Andhra Pradesh,B) Mango,The mango is recognized as the national fruit of India.,General Trivia,India Facts
Choose the correct answer: Who wrote India's national song?,Alexander Graham Bell,Peacock,Mandarin Chinese,Bankim Chandra Chatterjee,D) Bankim Chandra Chatterjee,"Bankim Chandra Chatterjee wrote 'Vande Mataram', India's national song.",General Trivia,India Facts
Choose the correct answer: What is the national animal of India?,"About 8,849 meters",Tiger,India,Bankim Chandra Chatterjee,B) Tiger,The Bengal tiger is the national animal of India.,General Trivia,India Facts
Which option correctly answers this: What is the national flower of India?,Lotus,The Sahara Desert,"About 8,849 meters",Japan,A) Lotus,"The lotus is the national flower of India, symbolizing purity.",General Trivia,India Facts
What is Mount Everest's approximate height?,Angel Falls (Venezuela),"About 8,849 meters",The video game industry,Nalanda University,"B) About 8,849 meters","Mount Everest, the world's highest peak, stands at approximately 8,849 meters above sea level.",General Trivia,World Facts
Quiz question: Which planet in our Solar System is known for having the most moons among the largest planets?,Vatican City,Saturn (closely followed by Jupiter),The Sahara Desert,Tiger,B) Saturn (closely followed by Jupiter),Saturn and Jupiter have the largest known number of moons among planets in our Solar System.,General Trivia,Amazing Facts
Which option correctly answers this: What is the largest mammal in the world?,Alexander Graham Bell,The Amazon Rainforest,The blue whale,Saturn (closely followed by Jupiter),C) The blue whale,"The blue whale is the largest mammal, and indeed the largest animal, known to have ever existed.",General Trivia,Amazing Facts
"Which option correctly answers this: Who invented the light bulb (as a practical, commercially viable design)?",Lake Kariba (on the Zambia-Zimbabwe border),Burj Khalifa,The Taj Mahal,Thomas Edison,D) Thomas Edison,"Thomas Edison developed a practical, long-lasting incandescent light bulb in 1879.",General Trivia,Unusual Facts
What is the largest island in the world?,Greenland,"About 8,849 meters",India,China,A) Greenland,"Greenland is the largest island in the world by area, excluding continental landmasses.",General Trivia,World Facts
Which option correctly answers this: Which was the first Indian state to be formed on a linguistic basis?,New Zealand,Tiger,Rabindranath Tagore,Andhra Pradesh,D) Andhra Pradesh,"Andhra Pradesh was the first state in India to be organized on a linguistic basis, formed in 1953.",General Trivia,Firsts in India
Choose the correct answer: What is the largest mammal in the world?,Saturn (closely followed by Jupiter),Lake Kariba (on the Zambia-Zimbabwe border),Mango,The blue whale,D) The blue whale,"The blue whale is the largest mammal, and indeed the largest animal, known to have ever existed.",General Trivia,Amazing Facts
What is the deepest known point in the world's oceans?,Mandarin Chinese,Japan,Lotus,The Mariana Trench,D) The Mariana Trench,"The Mariana Trench, in the Pacific Ocean, is the deepest known point in any of Earth's oceans.",General Trivia,Records
Quiz question: What is the world's largest rainforest?,The Mariana Trench,The Sahara Desert,The Amazon Rainforest,Lake Kariba (on the Zambia-Zimbabwe border),C) The Amazon Rainforest,"The Amazon Rainforest, located mainly in Brazil, is the largest tropical rainforest in the world.",General Trivia,World Facts
Quiz question: What is the largest desert in the world?,The blue whale,The Antarctic Desert,Japan,The Nile,B) The Antarctic Desert,"The Antarctic Desert is technically the largest desert in the world by area, as deserts are defined by low precipitation, not just heat.",General Trivia,World Facts
Quiz question: What is the national animal of India?,Tiger,The Taj Mahal,Saturn (closely followed by Jupiter),The cheetah,A) Tiger,The Bengal tiger is the national animal of India.,General Trivia,India Facts
Quiz question: What is the national animal of India?,Tiger,Nalanda University,The Taj Mahal,Lake Kariba (on the Zambia-Zimbabwe border),A) Tiger,The Bengal tiger is the national animal of India.,General Trivia,India Facts
"Choose the correct answer: Who invented the light bulb (as a practical, commercially viable design)?",Thomas Edison,Burj Khalifa,Angel Falls (Venezuela),Greenland,A) Thomas Edison,"Thomas Edison developed a practical, long-lasting incandescent light bulb in 1879.",General Trivia,Unusual Facts
Quiz question: What is the world's most spoken native language?,New Delhi,Japan,The video game industry,Mandarin Chinese,D) Mandarin Chinese,Mandarin Chinese has the largest number of native speakers of any language in the world.,General Trivia,World Facts
Which option correctly answers this: What is the largest coral reef system in the world?,The Great Barrier Reef,The video game industry,Rabindranath Tagore,The Sahara Desert,A) The Great Barrier Reef,"The Great Barrier Reef, off the coast of Australia, is the world's largest coral reef system.",General Trivia,World Facts
Which option correctly answers this: What is the most widely practiced religion in the world by number of adherents?,Thomas Edison,The Mariana Trench,The video game industry,Christianity,D) Christianity,Christianity is generally considered the religion with the largest number of adherents worldwide.,General Trivia,World Facts
Quiz question: Which is the largest hot desert in the world?,The Nile,The Great Barrier Reef,The Sahara Desert,New Delhi,C) The Sahara Desert,The Sahara Desert in Africa is the largest hot desert in the world.,General Trivia,World Facts
Which option correctly answers this: What is the study of ancient artifacts and human history called?,The cheetah,Christianity,Archaeology,Nalanda University,C) Archaeology,Archaeology is the study of human history through the excavation and analysis of artifacts and physical remains.,General Trivia,Mixed Trivia
Choose the correct answer: What is the world's largest by-volume man-made lake or reservoir often cited in geography trivia?,Lake Kariba (on the Zambia-Zimbabwe border),The cheetah,The Sahara Desert,India,A) Lake Kariba (on the Zambia-Zimbabwe border),"Lake Kariba, formed by the Kariba Dam, is often cited as the world's largest reservoir by volume.",General Trivia,Records
Which option correctly answers this: Which is the largest hot desert in the world?,Vatican City,Mandarin Chinese,The Sahara Desert,"About 8,849 meters",C) The Sahara Desert,The Sahara Desert in Africa is the largest hot desert in the world.,General Trivia,World Facts
What is the study of ancient artifacts and human history called?,Thomas Edison,Saturn (closely followed by Jupiter),Archaeology,"About 8,849 meters",C) Archaeology,Archaeology is the study of human history through the excavation and analysis of artifacts and physical remains.,General Trivia,Mixed Trivia
What is Mount Everest's approximate height?,New Delhi,Vatican City,Alexander Graham Bell,"About 8,849 meters","D) About 8,849 meters","Mount Everest, the world's highest peak, stands at approximately 8,849 meters above sea level.",General Trivia,World Facts
Quiz question: What is the world's largest rainforest?,Alexander Graham Bell,Lotus,Peacock,The Amazon Rainforest,D) The Amazon Rainforest,"The Amazon Rainforest, located mainly in Brazil, is the largest tropical rainforest in the world.",General Trivia,World Facts
Which country is known as the 'Land of the Rising Sun'?,Peacock,Japan,The Taj Mahal,Mandarin Chinese,B) Japan,"Japan is known as the 'Land of the Rising Sun', reflected in its name meaning origin of the sun.",General Trivia,World Facts
Which is the longest river in the world?,"About 8,849 meters",The Antarctic Desert,Mandarin Chinese,The Nile,D) The Nile,The Nile River in Africa is generally considered the longest river in the world.,General Trivia,World Facts
Which option correctly answers this: Which was the first Indian state to be formed on a linguistic basis?,Christianity,Mango,Alexander Graham Bell,Andhra Pradesh,D) Andhra Pradesh,"Andhra Pradesh was the first state in India to be organized on a linguistic basis, formed in 1953.",General Trivia,Firsts in India
Choose the correct answer: Which country produces the most rice globally?,Greenland,China,Archaeology,Thomas Edison,B) China,China is historically the world's largest producer of rice.,General Trivia,World Facts
Quiz question: What is the largest mammal in the world?,Andhra Pradesh,Peacock,Mandarin Chinese,The blue whale,D) The blue whale,"The blue whale is the largest mammal, and indeed the largest animal, known to have ever existed.",General Trivia,Amazing Facts
Quiz question: Which is the largest hot desert in the world?,New Zealand,The Sahara Desert,Japan,Alexander Graham Bell,B) The Sahara Desert,The Sahara Desert in Africa is the largest hot desert in the world.,General Trivia,World Facts
What is the largest mammal in the world?,The blue whale,Lake Kariba (on the Zambia-Zimbabwe border),Alexander Graham Bell,The Amazon Rainforest,A) The blue whale,"The blue whale is the largest mammal, and indeed the largest animal, known to have ever existed.",General Trivia,Amazing Facts
Which option correctly answers this: What is the largest coral reef system in the world?,India,The Great Barrier Reef,China,Lotus,B) The Great Barrier Reef,"The Great Barrier Reef, off the coast of Australia, is the world's largest coral reef system.",General Trivia,World Facts
"Quiz question: Which is considered one of the world's earliest centers of higher learning, located in ancient India?",US Dollar,The blue whale,Nalanda University,Peacock,C) Nalanda University,"Nalanda University in ancient India, established around the 5th century CE, is considered one of the world's earliest centers of higher learning.",General Trivia,Firsts in the World
Choose the correct answer: Which is the largest democracy in the world by population?,Bankim Chandra Chatterjee,The Amazon Rainforest,Archaeology,India,D) India,India is widely recognized as the world's largest democracy by population.,General Trivia,World Facts
Choose the correct answer: Which planet in our Solar System is known for having the most moons among the largest planets?,India,The Nile,The Taj Mahal,Saturn (closely followed by Jupiter),D) Saturn (closely followed by Jupiter),Saturn and Jupiter have the largest known number of moons among planets in our Solar System.,General Trivia,Amazing Facts
Choose the correct answer: What is Mount Everest's approximate height?,"About 8,849 meters",The blue whale,Tiger,Lake Kariba (on the Zambia-Zimbabwe border),"A) About 8,849 meters","Mount Everest, the world's highest peak, stands at approximately 8,849 meters above sea level.",General Trivia,World Facts
Which option correctly answers this: Which country produces the most rice globally?,The Taj Mahal,The Great Barrier Reef,China,The cheetah,C) China,China is historically the world's largest producer of rice.,General Trivia,World Facts
Quiz question: Which is the largest hot desert in the world?,Vatican City,The cheetah,Greenland,The Sahara Desert,D) The Sahara Desert,The Sahara Desert in Africa is the largest hot desert in the world.,General Trivia,World Facts
Choose the correct answer: Which planet in our Solar System is known for having the most moons among the largest planets?,The cheetah,Mango,The Amazon Rainforest,Saturn (closely followed by Jupiter),D) Saturn (closely followed by Jupiter),Saturn and Jupiter have the largest known number of moons among planets in our Solar System.,General Trivia,Amazing Facts
"Quiz question: What is the highest-grossing form of entertainment industry globally often cited in trivia, alongside film?",The video game industry,Greenland,Bankim Chandra Chatterjee,Burj Khalifa,A) The video game industry,"The global video game industry is frequently cited in trivia as a very high-grossing entertainment sector, often compared to or exceeding film.",General Trivia,Amazing Facts
What is the study of ancient artifacts and human history called?,Archaeology,Nalanda University,India,Christianity,A) Archaeology,Archaeology is the study of human history through the excavation and analysis of artifacts and physical remains.,General Trivia,Mixed Trivia
Choose the correct answer: What is the smallest country in the world by area?,Bankim Chandra Chatterjee,Angel Falls (Venezuela),The blue whale,Vatican City,D) Vatican City,Vatican City is the smallest independent country in the world by both area and population.,General Trivia,Records
What is the tallest waterfall in the world?,Greenland,Angel Falls (Venezuela),China,The video game industry,B) Angel Falls (Venezuela),"Angel Falls, located in Venezuela, is the world's tallest uninterrupted waterfall.",General Trivia,Records
"Choose the correct answer: Which Indian city hosted the first modern Commonwealth Games in India, in 2010?",India,New Delhi,Mango,Nalanda University,B) New Delhi,"New Delhi hosted the 2010 Commonwealth Games, the first time India hosted the event.",General Trivia,Firsts in India
Quiz question: What is the world's largest by-volume man-made lake or reservoir often cited in geography trivia?,Lake Kariba (on the Zambia-Zimbabwe border),Andhra Pradesh,Saturn (closely followed by Jupiter),The Taj Mahal,A) Lake Kariba (on the Zambia-Zimbabwe border),"Lake Kariba, formed by the Kariba Dam, is often cited as the world's largest reservoir by volume.",General Trivia,Records
Quiz question: Which country is known as the 'Land of the Rising Sun'?,China,The Mariana Trench,Japan,New Zealand,C) Japan,"Japan is known as the 'Land of the Rising Sun', reflected in its name meaning origin of the sun.",General Trivia,World Facts
Quiz question: Which is the largest hot desert in the world?,Mandarin Chinese,Christianity,The cheetah,The Sahara Desert,D) The Sahara Desert,The Sahara Desert in Africa is the largest hot desert in the world.,General Trivia,World Facts
Which option correctly answers this: Which famous structure in India is one of the New Seven Wonders of the World?,The Taj Mahal,Japan,Mandarin Chinese,Saturn (closely followed by Jupiter),A) The Taj Mahal,"The Taj Mahal, in Agra, India, is recognized as one of the New Seven Wonders of the World.",General Trivia,Famous Places
Quiz question: What is the world's most spoken native language?,Mandarin Chinese,Mango,Andhra Pradesh,New Delhi,A) Mandarin Chinese,Mandarin Chinese has the largest number of native speakers of any language in the world.,General Trivia,World Facts
Quiz question: What is the national bird of India?,The Sahara Desert,Peacock,Christianity,New Zealand,B) Peacock,"The peacock is the national bird of India, known for its colorful plumage.",General Trivia,India Facts
Which option correctly answers this: Which is the largest hot desert in the world?,The Sahara Desert,Christianity,Alexander Graham Bell,"About 8,849 meters",A) The Sahara Desert,The Sahara Desert in Africa is the largest hot desert in the world.,General Trivia,World Facts
Quiz question: Which is the largest democracy in the world by population?,Bankim Chandra Chatterjee,Thomas Edison,The Antarctic Desert,India,D) India,India is widely recognized as the world's largest democracy by population.,General Trivia,World Facts
Choose the correct answer: Which country produces the most rice globally?,China,Thomas Edison,The Nile,The Antarctic Desert,A) China,China is historically the world's largest producer of rice.,General Trivia,World Facts
Quiz question: What is the study of ancient artifacts and human history called?,Thomas Edison,Archaeology,Bankim Chandra Chatterjee,The Mariana Trench,B) Archaeology,Archaeology is the study of human history through the excavation and analysis of artifacts and physical remains.,General Trivia,Mixed Trivia
Choose the correct answer: What is the national flower of India?,Mandarin Chinese,Andhra Pradesh,Lotus,"About 8,849 meters",C) Lotus,"The lotus is the national flower of India, symbolizing purity.",General Trivia,India Facts
Which option correctly answers this: Which is the largest democracy in the world by population?,The blue whale,Alexander Graham Bell,Greenland,India,D) India,India is widely recognized as the world's largest democracy by population.,General Trivia,World Facts
Quiz question: What is the fastest land animal?,The cheetah,Tiger,Angel Falls (Venezuela),The Antarctic Desert,A) The cheetah,"The cheetah is the fastest land animal, capable of reaching speeds up to 100-120 km/h.",General Trivia,Amazing Facts
Quiz question: Which was the first Indian state to be formed on a linguistic basis?,Mango,Japan,New Delhi,Andhra Pradesh,D) Andhra Pradesh,"Andhra Pradesh was the first state in India to be organized on a linguistic basis, formed in 1953.",General Trivia,Firsts in India
What is the deepest known point in the world's oceans?,Rabindranath Tagore,The Mariana Trench,The Antarctic Desert,"About 8,849 meters",B) The Mariana Trench,"The Mariana Trench, in the Pacific Ocean, is the deepest known point in any of Earth's oceans.",General Trivia,Records
Quiz question: Who wrote India's national song?,Mango,Alexander Graham Bell,Bankim Chandra Chatterjee,US Dollar,C) Bankim Chandra Chatterjee,"Bankim Chandra Chatterjee wrote 'Vande Mataram', India's national song.",General Trivia,India Facts
What is the world's largest by-volume man-made lake or reservoir often cited in geography trivia?,New Delhi,Alexander Graham Bell,Lake Kariba (on the Zambia-Zimbabwe border),Tiger,C) Lake Kariba (on the Zambia-Zimbabwe border),"Lake Kariba, formed by the Kariba Dam, is often cited as the world's largest reservoir by volume.",General Trivia,Records
What is the deepest known point in the world's oceans?,New Zealand,Nalanda University,The Mariana Trench,The Great Barrier Reef,C) The Mariana Trench,"The Mariana Trench, in the Pacific Ocean, is the deepest known point in any of Earth's oceans.",General Trivia,Records
What is the study of ancient artifacts and human history called?,Archaeology,The Great Barrier Reef,Saturn (closely followed by Jupiter),The cheetah,A) Archaeology,Archaeology is the study of human history through the excavation and analysis of artifacts and physical remains.,General Trivia,Mixed Trivia
What is the deepest known point in the world's oceans?,Lake Kariba (on the Zambia-Zimbabwe border),Greenland,The Mariana Trench,Andhra Pradesh,C) The Mariana Trench,"The Mariana Trench, in the Pacific Ocean, is the deepest known point in any of Earth's oceans.",General Trivia,Records
Choose the correct answer: Which is the tallest man-made structure in the world (as of the early 2020s)?,Burj Khalifa,Alexander Graham Bell,Christianity,Bankim Chandra Chatterjee,A) Burj Khalifa,The Burj Khalifa in Dubai is the tallest man-made structure in the world.,General Trivia,Famous Places
What is the largest desert in the world?,The Sahara Desert,The Antarctic Desert,Peacock,Burj Khalifa,B) The Antarctic Desert,"The Antarctic Desert is technically the largest desert in the world by area, as deserts are defined by low precipitation, not just heat.",General Trivia,World Facts
Choose the correct answer: Which is the largest hot desert in the world?,Angel Falls (Venezuela),The Antarctic Desert,The Sahara Desert,Vatican City,C) The Sahara Desert,The Sahara Desert in Africa is the largest hot desert in the world.,General Trivia,World Facts
Who invented the telephone?,Alexander Graham Bell,Vatican City,The Sahara Desert,Lake Kariba (on the Zambia-Zimbabwe border),A) Alexander Graham Bell,Alexander Graham Bell is credited with inventing the first practical telephone in 1876.,General Trivia,Unusual Facts
Quiz question: What is the study of ancient artifacts and human history called?,Lake Kariba (on the Zambia-Zimbabwe border),Archaeology,Tiger,Burj Khalifa,B) Archaeology,Archaeology is the study of human history through the excavation and analysis of artifacts and physical remains.,General Trivia,Mixed Trivia
What is the national animal of India?,New Delhi,"About 8,849 meters",Mandarin Chinese,Tiger,D) Tiger,The Bengal tiger is the national animal of India.,General Trivia,India Facts
Choose the correct answer: What is the national animal of India?,US Dollar,Tiger,The Antarctic Desert,The Sahara Desert,B) Tiger,The Bengal tiger is the national animal of India.,General Trivia,India Facts
Choose the correct answer: What is the currency of the United States?,Nalanda University,Lotus,India,US Dollar,D) US Dollar,The official currency of the United States is the US Dollar.,General Trivia,World Facts
Quiz question: What is the national fruit of India?,The blue whale,"About 8,849 meters",Greenland,Mango,D) Mango,The mango is recognized as the national fruit of India.,General Trivia,India Facts
Choose the correct answer: What is the fastest land animal?,The cheetah,US Dollar,Nalanda University,China,A) The cheetah,"The cheetah is the fastest land animal, capable of reaching speeds up to 100-120 km/h.",General Trivia,Amazing Facts
What is the most widely practiced religion in the world by number of adherents?,"About 8,849 meters",Christianity,Lake Kariba (on the Zambia-Zimbabwe border),Burj Khalifa,B) Christianity,Christianity is generally considered the religion with the largest number of adherents worldwide.,General Trivia,World Facts
Which option correctly answers this: Who wrote India's national anthem?,The Amazon Rainforest,Archaeology,Peacock,Rabindranath Tagore,D) Rabindranath Tagore,"Rabindranath Tagore composed 'Jana Gana Mana', India's national anthem.",General Trivia,India Facts
Quiz question: What is the largest coral reef system in the world?,"About 8,849 meters",The Great Barrier Reef,The video game industry,Greenland,B) The Great Barrier Reef,"The Great Barrier Reef, off the coast of Australia, is the world's largest coral reef system.",General Trivia,World Facts
Which option correctly answers this: Which country is known as the 'Land of the Rising Sun'?,Japan,The cheetah,New Delhi,China,A) Japan,"Japan is known as the 'Land of the Rising Sun', reflected in its name meaning origin of the sun.",General Trivia,World Facts
Who wrote India's national song?,Mandarin Chinese,US Dollar,Bankim Chandra Chatterjee,The Antarctic Desert,C) Bankim Chandra Chatterjee,"Bankim Chandra Chatterjee wrote 'Vande Mataram', India's national song.",General Trivia,India Facts
Which option correctly answers this: What is the smallest country in the world by area?,Vatican City,Tiger,Peacock,Nalanda University,A) Vatican City,Vatican City is the smallest independent country in the world by both area and population.,General Trivia,Records
"Who invented the light bulb (as a practical, commercially viable design)?",The Amazon Rainforest,Greenland,Thomas Edison,Burj Khalifa,C) Thomas Edison,"Thomas Edison developed a practical, long-lasting incandescent light bulb in 1879.",General Trivia,Unusual Facts
Which option correctly answers this: What is the national fruit of India?,Alexander Graham Bell,Nalanda University,Mango,China,C) Mango,The mango is recognized as the national fruit of India.,General Trivia,India Facts
Which option correctly answers this: What is the most widely practiced religion in the world by number of adherents?,US Dollar,Christianity,The Great Barrier Reef,Lake Kariba (on the Zambia-Zimbabwe border),B) Christianity,Christianity is generally considered the religion with the largest number of adherents worldwide.,General Trivia,World Facts
Quiz question: Which is the tallest man-made structure in the world (as of the early 2020s)?,Peacock,Saturn (closely followed by Jupiter),Thomas Edison,Burj Khalifa,D) Burj Khalifa,The Burj Khalifa in Dubai is the tallest man-made structure in the world.,General Trivia,Famous Places
Choose the correct answer: Which famous structure in India is one of the New Seven Wonders of the World?,Japan,The Taj Mahal,Nalanda University,China,B) The Taj Mahal,"The Taj Mahal, in Agra, India, is recognized as one of the New Seven Wonders of the World.",General Trivia,Famous Places
Who wrote India's national song?,The Antarctic Desert,Bankim Chandra Chatterjee,The Sahara Desert,New Zealand,B) Bankim Chandra Chatterjee,"Bankim Chandra Chatterjee wrote 'Vande Mataram', India's national song.",General Trivia,India Facts
Choose the correct answer: What is the national flower of India?,Archaeology,Lotus,Lake Kariba (on the Zambia-Zimbabwe border),Tiger,B) Lotus,"The lotus is the national flower of India, symbolizing purity.",General Trivia,India Facts
Which option correctly answers this: What is the world's largest by-volume man-made lake or reservoir often cited in geography trivia?,Lake Kariba (on the Zambia-Zimbabwe border),US Dollar,Archaeology,Mandarin Chinese,A) Lake Kariba (on the Zambia-Zimbabwe border),"Lake Kariba, formed by the Kariba Dam, is often cited as the world's largest reservoir by volume.",General Trivia,Records
Which option correctly answers this: What is the smallest country in the world by area?,Greenland,Nalanda University,Lotus,Vatican City,D) Vatican City,Vatican City is the smallest independent country in the world by both area and population.,General Trivia,Records
"Which option correctly answers this: Which is considered one of the world's earliest centers of higher learning, located in ancient India?",The Sahara Desert,Bankim Chandra Chatterjee,Nalanda University,The video game industry,C) Nalanda University,"Nalanda University in ancient India, established around the 5th century CE, is considered one of the world's earliest centers of higher learning.",General Trivia,Firsts in the World
What is the world's largest rainforest?,The cheetah,Alexander Graham Bell,Archaeology,The Amazon Rainforest,D) The Amazon Rainforest,"The Amazon Rainforest, located mainly in Brazil, is the largest tropical rainforest in the world.",General Trivia,World Facts
What is the most widely practiced religion in the world by number of adherents?,Christianity,The Taj Mahal,Saturn (closely followed by Jupiter),"About 8,849 meters",A) Christianity,Christianity is generally considered the religion with the largest number of adherents worldwide.,General Trivia,World Facts
"What is the highest-grossing form of entertainment industry globally often cited in trivia, alongside film?",Saturn (closely followed by Jupiter),Andhra Pradesh,Nalanda University,The video game industry,D) The video game industry,"The global video game industry is frequently cited in trivia as a very high-grossing entertainment sector, often compared to or exceeding film.",General Trivia,Amazing Facts
Which option correctly answers this: What is the national bird of India?,Burj Khalifa,China,The Sahara Desert,Peacock,D) Peacock,"The peacock is the national bird of India, known for its colorful plumage.",General Trivia,India Facts
Quiz question: Which was the first Indian state to be formed on a linguistic basis?,Bankim Chandra Chatterjee,The Amazon Rainforest,Greenland,Andhra Pradesh,D) Andhra Pradesh,"Andhra Pradesh was the first state in India to be organized on a linguistic basis, formed in 1953.",General Trivia,Firsts in India
Quiz question: What is the world's largest by-volume man-made lake or reservoir often cited in geography trivia?,New Delhi,Lake Kariba (on the Zambia-Zimbabwe border),India,Christianity,B) Lake Kariba (on the Zambia-Zimbabwe border),"Lake Kariba, formed by the Kariba Dam, is often cited as the world's largest reservoir by volume.",General Trivia,Records
Quiz question: What is the fastest land animal?,The cheetah,Alexander Graham Bell,Mango,Saturn (closely followed by Jupiter),A) The cheetah,"The cheetah is the fastest land animal, capable of reaching speeds up to 100-120 km/h.",General Trivia,Amazing Facts
Quiz question: What is the most widely practiced religion in the world by number of adherents?,Lake Kariba (on the Zambia-Zimbabwe border),Greenland,Christianity,New Zealand,C) Christianity,Christianity is generally considered the religion with the largest number of adherents worldwide.,General Trivia,World Facts
Who wrote India's national anthem?,Rabindranath Tagore,Andhra Pradesh,Greenland,Mandarin Chinese,A) Rabindranath Tagore,"Rabindranath Tagore composed 'Jana Gana Mana', India's national anthem.",General Trivia,India Facts
Which is the largest hot desert in the world?,The Sahara Desert,Rabindranath Tagore,Andhra Pradesh,Mandarin Chinese,A) The Sahara Desert,The Sahara Desert in Africa is the largest hot desert in the world.,General Trivia,World Facts
Quiz question: What is the tallest waterfall in the world?,Tiger,Bankim Chandra Chatterjee,Angel Falls (Venezuela),Lotus,C) Angel Falls (Venezuela),"Angel Falls, located in Venezuela, is the world's tallest uninterrupted waterfall.",General Trivia,Records
What is the largest coral reef system in the world?,Lotus,The Great Barrier Reef,The cheetah,New Delhi,B) The Great Barrier Reef,"The Great Barrier Reef, off the coast of Australia, is the world's largest coral reef system.",General Trivia,World Facts
Which option correctly answers this: What is the smallest country in the world by area?,Greenland,Lotus,Vatican City,The Amazon Rainforest,C) Vatican City,Vatican City is the smallest independent country in the world by both area and population.,General Trivia,Records
Choose the correct answer: What is the world's largest rainforest?,The Amazon Rainforest,Archaeology,Nalanda University,The Mariana Trench,A) The Amazon Rainforest,"The Amazon Rainforest, located mainly in Brazil, is the largest tropical rainforest in the world.",General Trivia,World Facts
Which option correctly answers this: What is the currency of the United States?,US Dollar,The Antarctic Desert,The video game industry,Lake Kariba (on the Zambia-Zimbabwe border),A) US Dollar,The official currency of the United States is the US Dollar.,General Trivia,World Facts
Quiz question: What is the largest island in the world?,The cheetah,Angel Falls (Venezuela),Burj Khalifa,Greenland,D) Greenland,"Greenland is the largest island in the world by area, excluding continental landmasses.",General Trivia,World Facts
Quiz question: What is the fastest land animal?,The cheetah,Tiger,The Taj Mahal,Vatican City,A) The cheetah,"The cheetah is the fastest land animal, capable of reaching speeds up to 100-120 km/h.",General Trivia,Amazing Facts
Choose the correct answer: What is the largest desert in the world?,The Antarctic Desert,The Sahara Desert,The Taj Mahal,The Great Barrier Reef,A) The Antarctic Desert,"The Antarctic Desert is technically the largest desert in the world by area, as deserts are defined by low precipitation, not just heat.",General Trivia,World Facts
Quiz question: Which planet in our Solar System is known for having the most moons among the largest planets?,Saturn (closely followed by Jupiter),Andhra Pradesh,Mango,The cheetah,A) Saturn (closely followed by Jupiter),Saturn and Jupiter have the largest known number of moons among planets in our Solar System.,General Trivia,Amazing Facts
Choose the correct answer: What is the largest coral reef system in the world?,The blue whale,The Great Barrier Reef,"About 8,849 meters",Alexander Graham Bell,B) The Great Barrier Reef,"The Great Barrier Reef, off the coast of Australia, is the world's largest coral reef system.",General Trivia,World Facts
Which was the first country to grant women the right to vote?,Mango,Japan,New Zealand,The Mariana Trench,C) New Zealand,"New Zealand became the first self-governing country to grant women the right to vote, in 1893.",General Trivia,Firsts in the World
What is Mount Everest's approximate height?,"About 8,849 meters",Alexander Graham Bell,Vatican City,Tiger,"A) About 8,849 meters","Mount Everest, the world's highest peak, stands at approximately 8,849 meters above sea level.",General Trivia,World Facts
Which option correctly answers this: Which country produces the most rice globally?,Bankim Chandra Chatterjee,China,New Delhi,The Antarctic Desert,B) China,China is historically the world's largest producer of rice.,General Trivia,World Facts
Choose the correct answer: What is the largest island in the world?,Mandarin Chinese,Saturn (closely followed by Jupiter),Greenland,The Mariana Trench,C) Greenland,"Greenland is the largest island in the world by area, excluding continental landmasses.",General Trivia,World Facts
Which country is known as the 'Land of the Rising Sun'?,India,The Antarctic Desert,"About 8,849 meters",Japan,D) Japan,"Japan is known as the 'Land of the Rising Sun', reflected in its name meaning origin of the sun.",General Trivia,World Facts
Choose the correct answer: What is the national flower of India?,Lotus,Vatican City,Peacock,Mango,A) Lotus,"The lotus is the national flower of India, symbolizing purity.",General Trivia,India Facts
Which option correctly answers this: What is the world's largest by-volume man-made lake or reservoir often cited in geography trivia?,Lake Kariba (on the Zambia-Zimbabwe border),China,The Taj Mahal,Alexander Graham Bell,A) Lake Kariba (on the Zambia-Zimbabwe border),"Lake Kariba, formed by the Kariba Dam, is often cited as the world's largest reservoir by volume.",General Trivia,Records
Which country is known as the 'Land of the Rising Sun'?,Japan,The Sahara Desert,Bankim Chandra Chatterjee,Mango,A) Japan,"Japan is known as the 'Land of the Rising Sun', reflected in its name meaning origin of the sun.",General Trivia,World Facts
Quiz question: What is the national animal of India?,New Zealand,The video game industry,Tiger,US Dollar,C) Tiger,The Bengal tiger is the national animal of India.,General Trivia,India Facts
Choose the correct answer: What is the fastest land animal?,The Great Barrier Reef,Vatican City,The cheetah,China,C) The cheetah,"The cheetah is the fastest land animal, capable of reaching speeds up to 100-120 km/h.",General Trivia,Amazing Facts
Which country is known as the 'Land of the Rising Sun'?,New Zealand,Mandarin Chinese,Japan,Tiger,C) Japan,"Japan is known as the 'Land of the Rising Sun', reflected in its name meaning origin of the sun.",General Trivia,World Facts
Choose the correct answer: Which was the first Indian state to be formed on a linguistic basis?,Andhra Pradesh,Christianity,Saturn (closely followed by Jupiter),India,A) Andhra Pradesh,"Andhra Pradesh was the first state in India to be organized on a linguistic basis, formed in 1953.",General Trivia,Firsts in India
"Choose the correct answer: What is the highest-grossing form of entertainment industry globally often cited in trivia, alongside film?",The video game industry,Bankim Chandra Chatterjee,"About 8,849 meters",Tiger,A) The video game industry,"The global video game industry is frequently cited in trivia as a very high-grossing entertainment sector, often compared to or exceeding film.",General Trivia,Amazing Facts
Which option correctly answers this: What is the world's most spoken native language?,Mandarin Chinese,New Zealand,"About 8,849 meters",US Dollar,A) Mandarin Chinese,Mandarin Chinese has the largest number of native speakers of any language in the world.,General Trivia,World Facts
"Quiz question: Who invented the light bulb (as a practical, commercially viable design)?",Lake Kariba (on the Zambia-Zimbabwe border),India,Thomas Edison,Angel Falls (Venezuela),C) Thomas Edison,"Thomas Edison developed a practical, long-lasting incandescent light bulb in 1879.",General Trivia,Unusual Facts
"Which option correctly answers this: Who invented the light bulb (as a practical, commercially viable design)?","About 8,849 meters",Thomas Edison,Bankim Chandra Chatterjee,The video game industry,B) Thomas Edison,"Thomas Edison developed a practical, long-lasting incandescent light bulb in 1879.",General Trivia,Unusual Facts
Which option correctly answers this: Who invented the telephone?,The Antarctic Desert,Alexander Graham Bell,New Delhi,The Amazon Rainforest,B) Alexander Graham Bell,Alexander Graham Bell is credited with inventing the first practical telephone in 1876.,General Trivia,Unusual Facts
What is the largest mammal in the world?,The cheetah,The blue whale,The Antarctic Desert,Angel Falls (Venezuela),B) The blue whale,"The blue whale is the largest mammal, and indeed the largest animal, known to have ever existed.",General Trivia,Amazing Facts
Who wrote India's national anthem?,The Taj Mahal,Mandarin Chinese,Rabindranath Tagore,Greenland,C) Rabindranath Tagore,"Rabindranath Tagore composed 'Jana Gana Mana', India's national anthem.",General Trivia,India Facts
Which planet in our Solar System is known for having the most moons among the largest planets?,Andhra Pradesh,Lake Kariba (on the Zambia-Zimbabwe border),Saturn (closely followed by Jupiter),The Nile,C) Saturn (closely followed by Jupiter),Saturn and Jupiter have the largest known number of moons among planets in our Solar System.,General Trivia,Amazing Facts
Which planet in our Solar System is known for having the most moons among the largest planets?,Lotus,Saturn (closely followed by Jupiter),Bankim Chandra Chatterjee,Mango,B) Saturn (closely followed by Jupiter),Saturn and Jupiter have the largest known number of moons among planets in our Solar System.,General Trivia,Amazing Facts
Quiz question: What is the national flower of India?,Lake Kariba (on the Zambia-Zimbabwe border),Lotus,The video game industry,The Taj Mahal,B) Lotus,"The lotus is the national flower of India, symbolizing purity.",General Trivia,India Facts
"What is the highest-grossing form of entertainment industry globally often cited in trivia, alongside film?",The Sahara Desert,Rabindranath Tagore,The video game industry,The Great Barrier Reef,C) The video game industry,"The global video game industry is frequently cited in trivia as a very high-grossing entertainment sector, often compared to or exceeding film.",General Trivia,Amazing Facts
Which is the largest democracy in the world by population?,India,The cheetah,Tiger,Burj Khalifa,A) India,India is widely recognized as the world's largest democracy by population.,General Trivia,World Facts
Quiz question: What is the largest coral reef system in the world?,Vatican City,Greenland,New Zealand,The Great Barrier Reef,D) The Great Barrier Reef,"The Great Barrier Reef, off the coast of Australia, is the world's largest coral reef system.",General Trivia,World Facts
Quiz question: What is the national animal of India?,New Delhi,Rabindranath Tagore,The Antarctic Desert,Tiger,D) Tiger,The Bengal tiger is the national animal of India.,General Trivia,India Facts
Which option correctly answers this: What is the tallest waterfall in the world?,The blue whale,The Great Barrier Reef,Angel Falls (Venezuela),New Zealand,C) Angel Falls (Venezuela),"Angel Falls, located in Venezuela, is the world's tallest uninterrupted waterfall.",General Trivia,Records
Choose the correct answer: What is the world's largest by-volume man-made lake or reservoir often cited in geography trivia?,Mango,Nalanda University,Lake Kariba (on the Zambia-Zimbabwe border),The Great Barrier Reef,C) Lake Kariba (on the Zambia-Zimbabwe border),"Lake Kariba, formed by the Kariba Dam, is often cited as the world's largest reservoir by volume.",General Trivia,Records
"Which option correctly answers this: Who invented the light bulb (as a practical, commercially viable design)?",Thomas Edison,The blue whale,The Antarctic Desert,India,A) Thomas Edison,"Thomas Edison developed a practical, long-lasting incandescent light bulb in 1879.",General Trivia,Unusual Facts
Which is the longest river in the world?,Vatican City,The Nile,The Mariana Trench,Mandarin Chinese,B) The Nile,The Nile River in Africa is generally considered the longest river in the world.,General Trivia,World Facts
Choose the correct answer: Which is the tallest man-made structure in the world (as of the early 2020s)?,Thomas Edison,Christianity,The blue whale,Burj Khalifa,D) Burj Khalifa,The Burj Khalifa in Dubai is the tallest man-made structure in the world.,General Trivia,Famous Places
Which option correctly answers this: Which was the first country to grant women the right to vote?,New Zealand,Vatican City,Andhra Pradesh,Peacock,A) New Zealand,"New Zealand became the first self-governing country to grant women the right to vote, in 1893.",General Trivia,Firsts in the World
Which option correctly answers this: Who wrote India's national song?,Bankim Chandra Chatterjee,Tiger,Thomas Edison,The video game industry,A) Bankim Chandra Chatterjee,"Bankim Chandra Chatterjee wrote 'Vande Mataram', India's national song.",General Trivia,India Facts
Choose the correct answer: What is the currency of the United States?,Lake Kariba (on the Zambia-Zimbabwe border),US Dollar,The Amazon Rainforest,Lotus,B) US Dollar,The official currency of the United States is the US Dollar.,General Trivia,World Facts
Quiz question: What is the world's largest by-volume man-made lake or reservoir often cited in geography trivia?,The cheetah,Lake Kariba (on the Zambia-Zimbabwe border),Japan,Archaeology,B) Lake Kariba (on the Zambia-Zimbabwe border),"Lake Kariba, formed by the Kariba Dam, is often cited as the world's largest reservoir by volume.",General Trivia,Records
Which option correctly answers this: What is the currency of the United States?,US Dollar,The Sahara Desert,The Amazon Rainforest,The Antarctic Desert,A) US Dollar,The official currency of the United States is the US Dollar.,General Trivia,World Facts
Choose the correct answer: What is the deepest known point in the world's oceans?,India,The Mariana Trench,Peacock,"About 8,849 meters",B) The Mariana Trench,"The Mariana Trench, in the Pacific Ocean, is the deepest known point in any of Earth's oceans.",General Trivia,Records
Choose the correct answer: What is the world's largest rainforest?,The Taj Mahal,Rabindranath Tagore,The Amazon Rainforest,Burj Khalifa,C) The Amazon Rainforest,"The Amazon Rainforest, located mainly in Brazil, is the largest tropical rainforest in the world.",General Trivia,World Facts
What is the largest island in the world?,Mandarin Chinese,Saturn (closely followed by Jupiter),The Sahara Desert,Greenland,D) Greenland,"Greenland is the largest island in the world by area, excluding continental landmasses.",General Trivia,World Facts
Quiz question: What is the largest island in the world?,Archaeology,Greenland,Christianity,Mandarin Chinese,B) Greenland,"Greenland is the largest island in the world by area, excluding continental landmasses.",General Trivia,World Facts
"Which option correctly answers this: Which Indian city hosted the first modern Commonwealth Games in India, in 2010?",New Delhi,Lake Kariba (on the Zambia-Zimbabwe border),Nalanda University,Japan,A) New Delhi,"New Delhi hosted the 2010 Commonwealth Games, the first time India hosted the event.",General Trivia,Firsts in India
Choose the correct answer: What is the deepest known point in the world's oceans?,The Mariana Trench,The Taj Mahal,New Zealand,Andhra Pradesh,A) The Mariana Trench,"The Mariana Trench, in the Pacific Ocean, is the deepest known point in any of Earth's oceans.",General Trivia,Records
Quiz question: Which country produces the most rice globally?,China,Mango,Peacock,Nalanda University,A) China,China is historically the world's largest producer of rice.,General Trivia,World Facts
What is the largest mammal in the world?,New Zealand,The Nile,The Amazon Rainforest,The blue whale,D) The blue whale,"The blue whale is the largest mammal, and indeed the largest animal, known to have ever existed.",General Trivia,Amazing Facts
Choose the correct answer: What is the largest desert in the world?,Christianity,The Antarctic Desert,China,Rabindranath Tagore,B) The Antarctic Desert,"The Antarctic Desert is technically the largest desert in the world by area, as deserts are defined by low precipitation, not just heat.",General Trivia,World Facts
Quiz question: Who wrote India's national song?,The Amazon Rainforest,Nalanda University,Bankim Chandra Chatterjee,Archaeology,C) Bankim Chandra Chatterjee,"Bankim Chandra Chatterjee wrote 'Vande Mataram', India's national song.",General Trivia,India Facts
What is the national fruit of India?,New Delhi,Lotus,Bankim Chandra Chatterjee,Mango,D) Mango,The mango is recognized as the national fruit of India.,General Trivia,India Facts
"What is the highest-grossing form of entertainment industry globally often cited in trivia, alongside film?",The video game industry,The blue whale,Nalanda University,The cheetah,A) The video game industry,"The global video game industry is frequently cited in trivia as a very high-grossing entertainment sector, often compared to or exceeding film.",General Trivia,Amazing Facts
What is the fastest land animal?,India,The cheetah,China,Lake Kariba (on the Zambia-Zimbabwe border),B) The cheetah,"The cheetah is the fastest land animal, capable of reaching speeds up to 100-120 km/h.",General Trivia,Amazing Facts
Choose the correct answer: What is the national flower of India?,Lake Kariba (on the Zambia-Zimbabwe border),The video game industry,Lotus,New Delhi,C) Lotus,"The lotus is the national flower of India, symbolizing purity.",General Trivia,India Facts
Quiz question: What is the smallest country in the world by area?,The video game industry,Japan,Vatican City,The Antarctic Desert,C) Vatican City,Vatican City is the smallest independent country in the world by both area and population.,General Trivia,Records
Quiz question: What is the most widely practiced religion in the world by number of adherents?,The Sahara Desert,Christianity,The Taj Mahal,Andhra Pradesh,B) Christianity,Christianity is generally considered the religion with the largest number of adherents worldwide.,General Trivia,World Facts
Quiz question: What is Mount Everest's approximate height?,"About 8,849 meters",New Delhi,Andhra Pradesh,Christianity,"A) About 8,849 meters","Mount Everest, the world's highest peak, stands at approximately 8,849 meters above sea level.",General Trivia,World Facts
Choose the correct answer: What is the largest mammal in the world?,The blue whale,US Dollar,The Mariana Trench,Alexander Graham Bell,A) The blue whale,"The blue whale is the largest mammal, and indeed the largest animal, known to have ever existed.",General Trivia,Amazing Facts
Choose the correct answer: Which is the longest river in the world?,Lotus,The Nile,"About 8,849 meters",Rabindranath Tagore,B) The Nile,The Nile River in Africa is generally considered the longest river in the world.,General Trivia,World Facts
Quiz question: What is the smallest country in the world by area?,The blue whale,New Zealand,Vatican City,The Amazon Rainforest,C) Vatican City,Vatican City is the smallest independent country in the world by both area and population.,General Trivia,Records
Which was the first Indian state to be formed on a linguistic basis?,The Taj Mahal,Bankim Chandra Chatterjee,US Dollar,Andhra Pradesh,D) Andhra Pradesh,"Andhra Pradesh was the first state in India to be organized on a linguistic basis, formed in 1953.",General Trivia,Firsts in India
Which option correctly answers this: Which famous structure in India is one of the New Seven Wonders of the World?,The Taj Mahal,Greenland,Burj Khalifa,The video game industry,A) The Taj Mahal,"The Taj Mahal, in Agra, India, is recognized as one of the New Seven Wonders of the World.",General Trivia,Famous Places
What is the fastest land animal?,Mango,The cheetah,New Delhi,Greenland,B) The cheetah,"The cheetah is the fastest land animal, capable of reaching speeds up to 100-120 km/h.",General Trivia,Amazing Facts
"Which option correctly answers this: What is the highest-grossing form of entertainment industry globally often cited in trivia, alongside film?",Bankim Chandra Chatterjee,The Antarctic Desert,The video game industry,Rabindranath Tagore,C) The video game industry,"The global video game industry is frequently cited in trivia as a very high-grossing entertainment sector, often compared to or exceeding film.",General Trivia,Amazing Facts
What is the largest island in the world?,Nalanda University,Lotus,The video game industry,Greenland,D) Greenland,"Greenland is the largest island in the world by area, excluding continental landmasses.",General Trivia,World Facts
Which country is known as the 'Land of the Rising Sun'?,Peacock,Alexander Graham Bell,Japan,Mandarin Chinese,C) Japan,"Japan is known as the 'Land of the Rising Sun', reflected in its name meaning origin of the sun.",General Trivia,World Facts
Quiz question: Who wrote India's national anthem?,Rabindranath Tagore,The Taj Mahal,Greenland,The Antarctic Desert,A) Rabindranath Tagore,"Rabindranath Tagore composed 'Jana Gana Mana', India's national anthem.",General Trivia,India Facts
Choose the correct answer: What is the most widely practiced religion in the world by number of adherents?,The video game industry,Christianity,The Great Barrier Reef,Andhra Pradesh,B) Christianity,Christianity is generally considered the religion with the largest number of adherents worldwide.,General Trivia,World Facts
Choose the correct answer: Who invented the telephone?,Tiger,Archaeology,Alexander Graham Bell,Angel Falls (Venezuela),C) Alexander Graham Bell,Alexander Graham Bell is credited with inventing the first practical telephone in 1876.,General Trivia,Unusual Facts
What is the fastest land animal?,The cheetah,Bankim Chandra Chatterjee,The Mariana Trench,Christianity,A) The cheetah,"The cheetah is the fastest land animal, capable of reaching speeds up to 100-120 km/h.",General Trivia,Amazing Facts
Which country is known as the 'Land of the Rising Sun'?,Peacock,"About 8,849 meters",Japan,The Taj Mahal,C) Japan,"Japan is known as the 'Land of the Rising Sun', reflected in its name meaning origin of the sun.",General Trivia,World Facts
Which option correctly answers this: Which country produces the most rice globally?,US Dollar,Lotus,Archaeology,China,D) China,China is historically the world's largest producer of rice.,General Trivia,World Facts
Quiz question: What is the study of ancient artifacts and human history called?,Greenland,Archaeology,Rabindranath Tagore,Andhra Pradesh,B) Archaeology,Archaeology is the study of human history through the excavation and analysis of artifacts and physical remains.,General Trivia,Mixed Trivia
Quiz question: What is the world's most spoken native language?,India,The Amazon Rainforest,Archaeology,Mandarin Chinese,D) Mandarin Chinese,Mandarin Chinese has the largest number of native speakers of any language in the world.,General Trivia,World Facts
"Quiz question: Who invented the light bulb (as a practical, commercially viable design)?",Thomas Edison,New Delhi,Nalanda University,Bankim Chandra Chatterjee,A) Thomas Edison,"Thomas Edison developed a practical, long-lasting incandescent light bulb in 1879.",General Trivia,Unusual Facts
Quiz question: Who invented the telephone?,Alexander Graham Bell,Lotus,The Nile,Christianity,A) Alexander Graham Bell,Alexander Graham Bell is credited with inventing the first practical telephone in 1876.,General Trivia,Unusual Facts
Choose the correct answer: What is the world's largest by-volume man-made lake or reservoir often cited in geography trivia?,The cheetah,The blue whale,Lake Kariba (on the Zambia-Zimbabwe border),Archaeology,C) Lake Kariba (on the Zambia-Zimbabwe border),"Lake Kariba, formed by the Kariba Dam, is often cited as the world's largest reservoir by volume.",General Trivia,Records
Choose the correct answer: What is the largest island in the world?,The cheetah,Greenland,China,Thomas Edison,B) Greenland,"Greenland is the largest island in the world by area, excluding continental landmasses.",General Trivia,World Facts
Choose the correct answer: What is the national bird of India?,Rabindranath Tagore,Christianity,Japan,Peacock,D) Peacock,"The peacock is the national bird of India, known for its colorful plumage.",General Trivia,India Facts
What is the currency of the United States?,New Delhi,Nalanda University,Bankim Chandra Chatterjee,US Dollar,D) US Dollar,The official currency of the United States is the US Dollar.,General Trivia,World Facts
Choose the correct answer: Which is the tallest man-made structure in the world (as of the early 2020s)?,Burj Khalifa,Alexander Graham Bell,Mango,India,A) Burj Khalifa,The Burj Khalifa in Dubai is the tallest man-made structure in the world.,General Trivia,Famous Places
Choose the correct answer: Who invented the telephone?,Rabindranath Tagore,The video game industry,Bankim Chandra Chatterjee,Alexander Graham Bell,D) Alexander Graham Bell,Alexander Graham Bell is credited with inventing the first practical telephone in 1876.,General Trivia,Unusual Facts
Which option correctly answers this: Which country produces the most rice globally?,The video game industry,China,Tiger,The Sahara Desert,B) China,China is historically the world's largest producer of rice.,General Trivia,World Facts
Quiz question: Who invented the telephone?,Alexander Graham Bell,Greenland,The Sahara Desert,The blue whale,A) Alexander Graham Bell,Alexander Graham Bell is credited with inventing the first practical telephone in 1876.,General Trivia,Unusual Facts
Quiz question: What is the national animal of India?,Alexander Graham Bell,Lake Kariba (on the Zambia-Zimbabwe border),Tiger,Lotus,C) Tiger,The Bengal tiger is the national animal of India.,General Trivia,India Facts
What is the currency of the United States?,US Dollar,Christianity,The cheetah,Rabindranath Tagore,A) US Dollar,The official currency of the United States is the US Dollar.,General Trivia,World Facts
Quiz question: Which planet in our Solar System is known for having the most moons among the largest planets?,Archaeology,Saturn (closely followed by Jupiter),Burj Khalifa,Vatican City,B) Saturn (closely followed by Jupiter),Saturn and Jupiter have the largest known number of moons among planets in our Solar System.,General Trivia,Amazing Facts
Which famous structure in India is one of the New Seven Wonders of the World?,Alexander Graham Bell,Lotus,The Taj Mahal,"About 8,849 meters",C) The Taj Mahal,"The Taj Mahal, in Agra, India, is recognized as one of the New Seven Wonders of the World.",General Trivia,Famous Places
