Question,Option A,Option B,Option C,Option D,Correct Answer,Solution/Explanation,Category,Subcategory
What is the output of: print(87 == 87),Error,None,False,True,D) True,87 == 87 evaluates to True.,Python,Conditions
What is the output of: print(42 // 33),-1,0,2,1,D) 1,"In Python, 42 // 33 evaluates to 1.",Python,Mathematical Operations
What is the output of: print(7 - 44),-43,-48,-31,-37,D) -37,"In Python, 7 - 44 evaluates to -37.",Python,Mathematical Operations
What is the output of: print(50 > 69),None,Error,True,False,D) False,50 > 69 evaluates to False.,Python,Conditions
What is the output of: print(6 % 28),7,4,8,6,D) 6,"In Python, 6 % 28 evaluates to 6.",Python,Mathematical Operations
What is the output of: print(42 // 8),8,5,4,6,B) 5,"In Python, 42 // 8 evaluates to 5.",Python,Mathematical Operations
What is the output of: print(54 <= 7),False,True,Error,None,A) False,54 <= 7 evaluates to False.,Python,Conditions
What is the output of: print(58 == 82),None,Error,False,True,C) False,58 == 82 evaluates to False.,Python,Conditions
What is the output of: print(35 >= 98),Error,None,True,False,D) False,35 >= 98 evaluates to False.,Python,Conditions
What is the output of: print(37 // 18),4,0,2,1,C) 2,"In Python, 37 // 18 evaluates to 2.",Python,Mathematical Operations
What is the output of: print(52 == 11),Error,True,None,False,D) False,52 == 11 evaluates to False.,Python,Conditions
What is the output of: print(90 > 15),True,None,Error,False,A) True,90 > 15 evaluates to True.,Python,Conditions
What is the output of: print(39 + 18),60,49,57,54,C) 57,"In Python, 39 + 18 evaluates to 57.",Python,Mathematical Operations
What is the output of: print(75 <= 28),True,False,Error,None,B) False,75 <= 28 evaluates to False.,Python,Conditions
What is the output of: print(89 >= 83),True,Error,None,False,A) True,89 >= 83 evaluates to True.,Python,Conditions
What is the output of: print(38 // 6),9,4,3,6,D) 6,"In Python, 38 // 6 evaluates to 6.",Python,Mathematical Operations
What is the output of: print(36 - 46),-6,-12,-10,-8,C) -10,"In Python, 36 - 46 evaluates to -10.",Python,Mathematical Operations
What is the output of: print(64 > 3),False,True,None,Error,B) True,64 > 3 evaluates to True.,Python,Conditions
What is the output of: print(30 - 44),-19,-14,-16,-18,B) -14,"In Python, 30 - 44 evaluates to -14.",Python,Mathematical Operations
What is the output of: print(23 % 33),30,24,20,23,D) 23,"In Python, 23 % 33 evaluates to 23.",Python,Mathematical Operations
What is the output of: print(84 != 55),Error,False,None,True,D) True,84 != 55 evaluates to True.,Python,Conditions
What is the output of: print(83 < 74),True,False,Error,None,B) False,83 < 74 evaluates to False.,Python,Conditions
What is the output of: print(3 + 26),29,23,26,35,A) 29,"In Python, 3 + 26 evaluates to 29.",Python,Mathematical Operations
What is the output of: print(46 + 34),72,93,89,80,D) 80,"In Python, 46 + 34 evaluates to 80.",Python,Mathematical Operations
What is the output of: print(19 >= 64),None,False,True,Error,B) False,19 >= 64 evaluates to False.,Python,Conditions
What is the output of: print(95 == 74),True,None,Error,False,D) False,95 == 74 evaluates to False.,Python,Conditions
What is the output of: print(84 >= 33),Error,None,True,False,C) True,84 >= 33 evaluates to True.,Python,Conditions
What is the output of: print(40 + 20),75,68,72,60,D) 60,"In Python, 40 + 20 evaluates to 60.",Python,Mathematical Operations
What is the output of: print(44 != 5),False,Error,True,None,C) True,44 != 5 evaluates to True.,Python,Conditions
What is the output of: print(20 // 23),0,-2,2,1,A) 0,"In Python, 20 // 23 evaluates to 0.",Python,Mathematical Operations
What is the output of: print(51 > 30),True,False,Error,None,A) True,51 > 30 evaluates to True.,Python,Conditions
What is the output of: print(53 < 56),False,None,True,Error,C) True,53 < 56 evaluates to True.,Python,Conditions
"What is the output of: print(""AI"" + ""Sky"")",GoNo,AISky,HiSky,PyPy,B) AISky,"The + operator concatenates strings, so ""AI"" + ""Sky"" gives ""AISky"".",Python,Data Types
What is the output of: print(5 + 42),60,47,38,35,B) 47,"In Python, 5 + 42 evaluates to 47.",Python,Mathematical Operations
What is the output of: print(96 < 32),True,False,Error,None,B) False,96 < 32 evaluates to False.,Python,Conditions
What is the output of: print(8 - 10),-4,-2,-3,-1,B) -2,"In Python, 8 - 10 evaluates to -2.",Python,Mathematical Operations
What is the output of: print(32 - 15),11,13,17,21,C) 17,"In Python, 32 - 15 evaluates to 17.",Python,Mathematical Operations
"What is the output of this code?
total = 0
for i in range(10):
    total += i
print(total)",45,34,51,32,A) 45,"This loop sums integers from 0 to 9, giving 45.",Python,Loops
What is the output of: print(6 - 12),-4,-3,-9,-6,D) -6,"In Python, 6 - 12 evaluates to -6.",Python,Mathematical Operations
What is the output of: print(44 * 20),880,823,848,677,A) 880,"In Python, 44 * 20 evaluates to 880.",Python,Mathematical Operations
What is the output of: print(19 > 56),False,None,Error,True,A) False,19 > 56 evaluates to False.,Python,Conditions
What is the output of: print(44 + 23),52,59,73,67,D) 67,"In Python, 44 + 23 evaluates to 67.",Python,Mathematical Operations
What is the output of: print(42 + 19),60,61,62,58,B) 61,"In Python, 42 + 19 evaluates to 61.",Python,Mathematical Operations
What is the output of: print(1 - 35),-34,-33,-41,-24,A) -34,"In Python, 1 - 35 evaluates to -34.",Python,Mathematical Operations
What is the output of: print(37 - 24),10,18,13,14,C) 13,"In Python, 37 - 24 evaluates to 13.",Python,Mathematical Operations
What is the output of: print(27 >= 13),Error,None,True,False,C) True,27 >= 13 evaluates to True.,Python,Conditions
What is the output of: print(2 != 32),Error,True,False,None,B) True,2 != 32 evaluates to True.,Python,Conditions
What is the output of: print(21 % 38),15,24,23,21,D) 21,"In Python, 21 % 38 evaluates to 21.",Python,Mathematical Operations
What is the output of: print(50 == 20),True,None,Error,False,D) False,50 == 20 evaluates to False.,Python,Conditions
What is the output of: print(75 == 64),False,None,True,Error,A) False,75 == 64 evaluates to False.,Python,Conditions
What is the output of: print(42 + 47),68,90,89,85,C) 89,"In Python, 42 + 47 evaluates to 89.",Python,Mathematical Operations
What is the output of: print(47 % 47),-2,0,1,2,B) 0,"In Python, 47 % 47 evaluates to 0.",Python,Mathematical Operations
What is inheritance (Python OOP)?,A file containing Python code that can be imported and reused,A conditional statement that executes code only if a condition is true,A mechanism where a class derives properties from another class,A data type representing whole numbers,C) A mechanism where a class derives properties from another class,Inheritance allows a Python class to inherit attributes and methods from another (parent) class.,Python,Object-Oriented Programming
"What is the output of this code?
total = 0
for i in range(4):
    total += i
print(total)",9,6,7,5,B) 6,"This loop sums integers from 0 to 3, giving 6.",Python,Loops
What is the output of: print(34 != 23),False,Error,True,None,C) True,34 != 23 evaluates to True.,Python,Conditions
What is the output of: print(50 - 39),11,13,10,14,A) 11,"In Python, 50 - 39 evaluates to 11.",Python,Mathematical Operations
What is the output of: print(50 == 100),False,True,Error,None,A) False,50 == 100 evaluates to False.,Python,Conditions
What is the output of: print(71 < 85),False,Error,None,True,D) True,71 < 85 evaluates to True.,Python,Conditions
What is the output of: print(33 == 17),None,False,Error,True,B) False,33 == 17 evaluates to False.,Python,Conditions
What is the output of: print(31 - 50),-14,-25,-19,-24,C) -19,"In Python, 31 - 50 evaluates to -19.",Python,Mathematical Operations
What is the output of: print(92 > 48),None,True,Error,False,B) True,92 > 48 evaluates to True.,Python,Conditions
What is the output of: print(91 != 79),None,False,True,Error,C) True,91 != 79 evaluates to True.,Python,Conditions
What is the output of: print(92 == 78),False,True,None,Error,A) False,92 == 78 evaluates to False.,Python,Conditions
What is the output of: print(29 >= 13),False,True,Error,None,B) True,29 >= 13 evaluates to True.,Python,Conditions
What is the output of: print(16 + 40),42,56,72,50,B) 56,"In Python, 16 + 40 evaluates to 56.",Python,Mathematical Operations
What is the output of: print(23 - 39),-15,-16,-17,-11,B) -16,"In Python, 23 - 39 evaluates to -16.",Python,Mathematical Operations
What is the output of: print(21 - 6),15,18,12,11,A) 15,"In Python, 21 - 6 evaluates to 15.",Python,Mathematical Operations
What is the output of: print(68 > 55),None,True,Error,False,B) True,68 > 55 evaluates to True.,Python,Conditions
What is the output of: print(52 <= 95),None,False,True,Error,C) True,52 <= 95 evaluates to True.,Python,Conditions
What is the output of: print(1 + 2),3,5,4,2,A) 3,"In Python, 1 + 2 evaluates to 3.",Python,Mathematical Operations
"What is the output of: print(""Sun"" + ""Hi"")",SunHi,PyAI,GoHi,HiSun,A) SunHi,"The + operator concatenates strings, so ""Sun"" + ""Hi"" gives ""SunHi"".",Python,Data Types
What is the output of: print(28 + 41),64,71,63,69,D) 69,"In Python, 28 + 41 evaluates to 69.",Python,Mathematical Operations
What is the output of: print(25 // 47),-2,0,-1,1,B) 0,"In Python, 25 // 47 evaluates to 0.",Python,Mathematical Operations
What is the output of: print(62 > 8),Error,False,True,None,C) True,62 > 8 evaluates to True.,Python,Conditions
What is the output of: print(14 == 71),None,Error,False,True,C) False,14 == 71 evaluates to False.,Python,Conditions
What is the output of: print(44 >= 22),None,False,True,Error,C) True,44 >= 22 evaluates to True.,Python,Conditions
What is the output of: print(25 >= 10),Error,None,False,True,D) True,25 >= 10 evaluates to True.,Python,Conditions
What is the output of: print(1 == 65),Error,False,None,True,B) False,1 == 65 evaluates to False.,Python,Conditions
What is the output of: print(39 <= 95),None,False,Error,True,D) True,39 <= 95 evaluates to True.,Python,Conditions
What is the output of: print(37 * 42),1262,1554,1615,1698,B) 1554,"In Python, 37 * 42 evaluates to 1554.",Python,Mathematical Operations
What is the output of: print(7 + 31),44,32,38,45,C) 38,"In Python, 7 + 31 evaluates to 38.",Python,Mathematical Operations
What is the output of: print(3 * 1),4,3,5,1,B) 3,"In Python, 3 * 1 evaluates to 3.",Python,Mathematical Operations
What is the output of: print(32 * 48),1536,1469,1733,1179,A) 1536,"In Python, 32 * 48 evaluates to 1536.",Python,Mathematical Operations
What is the output of: print(22 * 2),44,51,37,40,A) 44,"In Python, 22 * 2 evaluates to 44.",Python,Mathematical Operations
What is the output of: print(58 > 16),None,True,False,Error,B) True,58 > 16 evaluates to True.,Python,Conditions
What is the output of: print(18 * 5),90,109,108,82,A) 90,"In Python, 18 * 5 evaluates to 90.",Python,Mathematical Operations
What is the output of: print(29 * 5),150,145,114,170,B) 145,"In Python, 29 * 5 evaluates to 145.",Python,Mathematical Operations
What is the output of: print(39 != 34),False,True,Error,None,B) True,39 != 34 evaluates to True.,Python,Conditions
What is the output of: print(18 >= 100),False,Error,None,True,A) False,18 >= 100 evaluates to False.,Python,Conditions
What is the output of: print(79 == 10),False,Error,True,None,A) False,79 == 10 evaluates to False.,Python,Conditions
What is the output of: print(20 + 31),51,65,39,58,A) 51,"In Python, 20 + 31 evaluates to 51.",Python,Mathematical Operations
"What is the output of: print(""Hi"" + ""Sun"")",GoNo,OkSun,PyGo,HiSun,D) HiSun,"The + operator concatenates strings, so ""Hi"" + ""Sun"" gives ""HiSun"".",Python,Data Types
What is the output of: print(14 // 24),0,-2,1,2,A) 0,"In Python, 14 // 24 evaluates to 0.",Python,Mathematical Operations
What is the output of: print(5 % 34),4,6,5,7,C) 5,"In Python, 5 % 34 evaluates to 5.",Python,Mathematical Operations
What is the output of: print(23 // 7),2,4,3,1,C) 3,"In Python, 23 // 7 evaluates to 3.",Python,Mathematical Operations
What is the output of: print(43 // 38),0,1,2,-1,B) 1,"In Python, 43 // 38 evaluates to 1.",Python,Mathematical Operations
What is the output of: print(24 - 30),-5,-8,-6,-7,C) -6,"In Python, 24 - 30 evaluates to -6.",Python,Mathematical Operations
What is the output of: print(75 != 26),True,Error,None,False,A) True,75 != 26 evaluates to True.,Python,Conditions
What is the output of: print(7 < 61),Error,False,True,None,C) True,7 < 61 evaluates to True.,Python,Conditions
What is the output of: print(9 * 37),333,269,396,335,A) 333,"In Python, 9 * 37 evaluates to 333.",Python,Mathematical Operations
What is the output of: print(24 <= 55),False,True,Error,None,B) True,24 <= 55 evaluates to True.,Python,Conditions
What is the output of: print(39 + 22),69,73,48,61,D) 61,"In Python, 39 + 22 evaluates to 61.",Python,Mathematical Operations
What is the output of: print(18 >= 64),None,True,False,Error,C) False,18 >= 64 evaluates to False.,Python,Conditions
What is the output of: print(7 > 28),Error,None,False,True,C) False,7 > 28 evaluates to False.,Python,Conditions
What is the output of: print(8 // 12),2,-2,-1,0,D) 0,"In Python, 8 // 12 evaluates to 0.",Python,Mathematical Operations
What is the output of: print(56 <= 88),None,Error,False,True,D) True,56 <= 88 evaluates to True.,Python,Conditions
What is the output of: print(6 - 30),-30,-21,-22,-24,D) -24,"In Python, 6 - 30 evaluates to -24.",Python,Mathematical Operations
What is the output of: print(54 == 90),None,True,Error,False,D) False,54 == 90 evaluates to False.,Python,Conditions
What is the output of: print(62 == 44),Error,False,True,None,B) False,62 == 44 evaluates to False.,Python,Conditions
What is the output of: print(58 <= 60),True,None,False,Error,A) True,58 <= 60 evaluates to True.,Python,Conditions
What is the output of: print(79 < 78),False,Error,True,None,A) False,79 < 78 evaluates to False.,Python,Conditions
What is the output of: print(19 // 26),2,0,1,-2,B) 0,"In Python, 19 // 26 evaluates to 0.",Python,Mathematical Operations
What is the output of: print(32 + 50),85,82,92,73,B) 82,"In Python, 32 + 50 evaluates to 82.",Python,Mathematical Operations
What is the output of: print(37 >= 65),Error,False,None,True,B) False,37 >= 65 evaluates to False.,Python,Conditions
What is the output of: print(10 < 17),True,None,Error,False,A) True,10 < 17 evaluates to True.,Python,Conditions
What is the output of: print(100 >= 92),Error,None,True,False,C) True,100 >= 92 evaluates to True.,Python,Conditions
What is the output of: print(33 >= 55),Error,None,True,False,D) False,33 >= 55 evaluates to False.,Python,Conditions
What is the output of: print(6 // 26),2,0,-2,1,B) 0,"In Python, 6 // 26 evaluates to 0.",Python,Mathematical Operations
What is the output of: print(4 % 5),1,5,6,4,D) 4,"In Python, 4 % 5 evaluates to 4.",Python,Mathematical Operations
What is the output of: print(28 % 39),28,30,24,27,A) 28,"In Python, 28 % 39 evaluates to 28.",Python,Mathematical Operations
What is the output of: print(79 < 69),True,False,None,Error,B) False,79 < 69 evaluates to False.,Python,Conditions
What is the output of: print(80 < 46),None,True,False,Error,C) False,80 < 46 evaluates to False.,Python,Conditions
What is the output of: print(61 == 29),True,False,Error,None,B) False,61 == 29 evaluates to False.,Python,Conditions
What is the output of: print(9 - 11),0,-4,-2,-3,C) -2,"In Python, 9 - 11 evaluates to -2.",Python,Mathematical Operations
What is the output of: print(23 % 18),7,6,4,5,D) 5,"In Python, 23 % 18 evaluates to 5.",Python,Mathematical Operations
"What is the output of: print(""Yes"" + ""Yes"")",GoPy,YesYes,PyYes,HiSky,B) YesYes,"The + operator concatenates strings, so ""Yes"" + ""Yes"" gives ""YesYes"".",Python,Data Types
What is the output of: print(25 // 23),-1,0,2,1,D) 1,"In Python, 25 // 23 evaluates to 1.",Python,Mathematical Operations
What is the output of: print(85 == 97),False,Error,None,True,A) False,85 == 97 evaluates to False.,Python,Conditions
What is the output of: print(94 <= 73),True,Error,False,None,C) False,94 <= 73 evaluates to False.,Python,Conditions
What is the output of: print(55 != 78),Error,False,True,None,C) True,55 != 78 evaluates to True.,Python,Conditions
What is the output of: print(33 != 98),None,True,False,Error,B) True,33 != 98 evaluates to True.,Python,Conditions
What is the output of: print(87 >= 43),None,True,False,Error,B) True,87 >= 43 evaluates to True.,Python,Conditions
What is the output of: print(31 % 37),34,31,32,23,B) 31,"In Python, 31 % 37 evaluates to 31.",Python,Mathematical Operations
What is the output of: print(14 >= 86),None,Error,False,True,C) False,14 >= 86 evaluates to False.,Python,Conditions
What is the output of: print(25 // 29),1,2,0,-2,C) 0,"In Python, 25 // 29 evaluates to 0.",Python,Mathematical Operations
What is the output of: print(49 >= 8),True,Error,None,False,A) True,49 >= 8 evaluates to True.,Python,Conditions
What is the output of: print(12 == 28),False,None,True,Error,A) False,12 == 28 evaluates to False.,Python,Conditions
What is the output of: print(35 != 45),True,False,Error,None,A) True,35 != 45 evaluates to True.,Python,Conditions
What is the output of: print(91 == 93),True,None,Error,False,D) False,91 == 93 evaluates to False.,Python,Conditions
What is the output of: print(12 < 62),Error,False,True,None,C) True,12 < 62 evaluates to True.,Python,Conditions
What is the output of: print(23 // 4),8,2,5,4,C) 5,"In Python, 23 // 4 evaluates to 5.",Python,Mathematical Operations
What is the output of: print(28 // 23),1,0,2,-1,A) 1,"In Python, 28 // 23 evaluates to 1.",Python,Mathematical Operations
What is the output of: print(45 // 14),1,5,2,3,D) 3,"In Python, 45 // 14 evaluates to 3.",Python,Mathematical Operations
What is the output of: print(82 >= 47),Error,None,False,True,D) True,82 >= 47 evaluates to True.,Python,Conditions
What is the output of: print(38 <= 85),False,Error,None,True,D) True,38 <= 85 evaluates to True.,Python,Conditions
What is the output of: print(79 <= 72),True,Error,None,False,D) False,79 <= 72 evaluates to False.,Python,Conditions
What is the output of: print(13 // 29),-1,-2,1,0,D) 0,"In Python, 13 // 29 evaluates to 0.",Python,Mathematical Operations
What is the output of: print(4 - 4),0,-2,1,-1,A) 0,"In Python, 4 - 4 evaluates to 0.",Python,Mathematical Operations
What is the output of: print(3 > 32),True,None,Error,False,D) False,3 > 32 evaluates to False.,Python,Conditions
What is the output of: print(47 - 28),24,21,19,14,C) 19,"In Python, 47 - 28 evaluates to 19.",Python,Mathematical Operations
What is the output of: print(1 * 9),10,9,5,7,B) 9,"In Python, 1 * 9 evaluates to 9.",Python,Mathematical Operations
What is the output of: print(24 - 37),-13,-12,-9,-16,A) -13,"In Python, 24 - 37 evaluates to -13.",Python,Mathematical Operations
What is the output of: print(48 <= 60),True,False,Error,None,A) True,48 <= 60 evaluates to True.,Python,Conditions
What is the output of: print(68 == 28),False,Error,None,True,A) False,68 == 28 evaluates to False.,Python,Conditions
What is the output of: print(73 <= 76),False,Error,None,True,D) True,73 <= 76 evaluates to True.,Python,Conditions
What is the output of: print(19 - 43),-30,-24,-17,-18,B) -24,"In Python, 19 - 43 evaluates to -24.",Python,Mathematical Operations
What is the output of: print(50 > 73),True,False,None,Error,B) False,50 > 73 evaluates to False.,Python,Conditions
What is the output of: print(45 >= 53),False,Error,True,None,A) False,45 >= 53 evaluates to False.,Python,Conditions
What is the output of: print(18 == 39),True,Error,False,None,C) False,18 == 39 evaluates to False.,Python,Conditions
What is the output of: print(17 == 42),Error,None,True,False,D) False,17 == 42 evaluates to False.,Python,Conditions
What is the output of: print(47 * 33),1860,1338,1596,1551,D) 1551,"In Python, 47 * 33 evaluates to 1551.",Python,Mathematical Operations
What is the output of: print(20 * 14),292,280,214,349,B) 280,"In Python, 20 * 14 evaluates to 280.",Python,Mathematical Operations
What is the output of: print(11 <= 85),Error,True,None,False,B) True,11 <= 85 evaluates to True.,Python,Conditions
What is the output of: print(55 <= 58),None,False,True,Error,C) True,55 <= 58 evaluates to True.,Python,Conditions
What is the output of: print(69 >= 9),False,None,True,Error,C) True,69 >= 9 evaluates to True.,Python,Conditions
What is the output of: print(59 != 67),True,False,Error,None,A) True,59 != 67 evaluates to True.,Python,Conditions
What is the output of: print(96 == 65),False,True,Error,None,A) False,96 == 65 evaluates to False.,Python,Conditions
What is the output of: print(6 * 44),218,197,323,264,D) 264,"In Python, 6 * 44 evaluates to 264.",Python,Mathematical Operations
What is the output of: print(52 > 69),True,None,Error,False,D) False,52 > 69 evaluates to False.,Python,Conditions
"What is the output of: print(""Py"" + ""Hi"")",GoFun,PyHi,OkNo,HiSky,B) PyHi,"The + operator concatenates strings, so ""Py"" + ""Hi"" gives ""PyHi"".",Python,Data Types
"What is the output of: print(""Ok"" + ""No"")",OkNo,GoPy,PyPy,HiPy,A) OkNo,"The + operator concatenates strings, so ""Ok"" + ""No"" gives ""OkNo"".",Python,Data Types
What is the output of: print(82 != 10),True,False,None,Error,A) True,82 != 10 evaluates to True.,Python,Conditions
What is the output of: print(8 > 59),True,None,Error,False,D) False,8 > 59 evaluates to False.,Python,Conditions
What is the output of: print(50 % 46),7,1,2,4,D) 4,"In Python, 50 % 46 evaluates to 4.",Python,Mathematical Operations
What is the output of: print(96 != 27),False,Error,None,True,D) True,96 != 27 evaluates to True.,Python,Conditions
What is the output of: print(48 % 34),16,13,9,14,D) 14,"In Python, 48 % 34 evaluates to 14.",Python,Mathematical Operations
What is the output of: print(5 >= 72),Error,True,False,None,C) False,5 >= 72 evaluates to False.,Python,Conditions
What is the output of: print(15 + 40),55,61,52,47,A) 55,"In Python, 15 + 40 evaluates to 55.",Python,Mathematical Operations
What is the output of: print(24 <= 1),True,None,False,Error,C) False,24 <= 1 evaluates to False.,Python,Conditions
What is the output of: print(12 + 12),26,24,16,32,B) 24,"In Python, 12 + 12 evaluates to 24.",Python,Mathematical Operations
What is the output of: print(29 // 20),0,-1,1,2,C) 1,"In Python, 29 // 20 evaluates to 1.",Python,Mathematical Operations
What is the output of: print(6 * 15),90,112,97,96,A) 90,"In Python, 6 * 15 evaluates to 90.",Python,Mathematical Operations
What is the output of: print(21 * 16),405,362,336,380,C) 336,"In Python, 21 * 16 evaluates to 336.",Python,Mathematical Operations
What is the output of: print(21 // 46),-1,-2,2,0,D) 0,"In Python, 21 // 46 evaluates to 0.",Python,Mathematical Operations
What is the output of: print(2 + 4),4,6,8,7,B) 6,"In Python, 2 + 4 evaluates to 6.",Python,Mathematical Operations
What is the output of: print(32 // 33),-2,0,1,2,B) 0,"In Python, 32 // 33 evaluates to 0.",Python,Mathematical Operations
What is the output of: print(75 == 55),Error,True,None,False,D) False,75 == 55 evaluates to False.,Python,Conditions
What is the output of: print(1 == 62),True,Error,False,None,C) False,1 == 62 evaluates to False.,Python,Conditions
What is the output of: print(15 <= 15),True,None,Error,False,A) True,15 <= 15 evaluates to True.,Python,Conditions
What is the output of: print(15 * 18),279,203,313,270,D) 270,"In Python, 15 * 18 evaluates to 270.",Python,Mathematical Operations
What is the output of: print(30 >= 8),None,True,Error,False,B) True,30 >= 8 evaluates to True.,Python,Conditions
What is the output of: print(54 != 64),True,False,Error,None,A) True,54 != 64 evaluates to True.,Python,Conditions
What is the output of: print(72 < 23),None,Error,True,False,D) False,72 < 23 evaluates to False.,Python,Conditions
What is the output of: print(59 != 36),None,True,Error,False,B) True,59 != 36 evaluates to True.,Python,Conditions
What is the output of: print(19 - 40),-17,-28,-25,-21,D) -21,"In Python, 19 - 40 evaluates to -21.",Python,Mathematical Operations
What is the output of: print(80 != 97),True,None,Error,False,A) True,80 != 97 evaluates to True.,Python,Conditions
What is the output of: print(78 <= 38),False,True,None,Error,A) False,78 <= 38 evaluates to False.,Python,Conditions
What is the output of: print(22 == 16),False,Error,None,True,A) False,22 == 16 evaluates to False.,Python,Conditions
What is the output of: print(11 + 5),21,16,12,15,B) 16,"In Python, 11 + 5 evaluates to 16.",Python,Mathematical Operations
"What is the output of: print(""Py"" + ""Fun"")",HiOk,GoFun,PyFun,OkOk,C) PyFun,"The + operator concatenates strings, so ""Py"" + ""Fun"" gives ""PyFun"".",Python,Data Types
What is the output of: print(88 > 34),Error,False,None,True,D) True,88 > 34 evaluates to True.,Python,Conditions
What is the output of: print(50 < 36),Error,None,False,True,C) False,50 < 36 evaluates to False.,Python,Conditions
What is the output of: print(43 + 6),49,45,53,47,A) 49,"In Python, 43 + 6 evaluates to 49.",Python,Mathematical Operations
What is the output of: print(15 - 5),9,11,7,10,D) 10,"In Python, 15 - 5 evaluates to 10.",Python,Mathematical Operations
What is the output of: print(43 // 39),0,3,-1,1,D) 1,"In Python, 43 // 39 evaluates to 1.",Python,Mathematical Operations
What is the output of: print(28 - 22),9,4,8,6,D) 6,"In Python, 28 - 22 evaluates to 6.",Python,Mathematical Operations
What is the output of: print(81 <= 98),True,Error,None,False,A) True,81 <= 98 evaluates to True.,Python,Conditions
What is the output of: print(46 != 33),Error,False,None,True,D) True,46 != 33 evaluates to True.,Python,Conditions
What is the output of: print(26 % 24),2,0,3,4,A) 2,"In Python, 26 % 24 evaluates to 2.",Python,Mathematical Operations
What is the output of: print(41 != 28),False,Error,None,True,D) True,41 != 28 evaluates to True.,Python,Conditions
What is the output of: print(12 // 35),1,0,-1,2,B) 0,"In Python, 12 // 35 evaluates to 0.",Python,Mathematical Operations
What is the output of: print(19 - 50),-32,-34,-31,-37,C) -31,"In Python, 19 - 50 evaluates to -31.",Python,Mathematical Operations
What is the output of: print(65 < 88),True,Error,False,None,A) True,65 < 88 evaluates to True.,Python,Conditions
What is the output of: print(79 == 47),None,False,True,Error,B) False,79 == 47 evaluates to False.,Python,Conditions
What is the output of: print(45 <= 87),False,True,Error,None,B) True,45 <= 87 evaluates to True.,Python,Conditions
What is the output of: print(29 >= 9),None,Error,False,True,D) True,29 >= 9 evaluates to True.,Python,Conditions
What is the output of: print(32 % 23),12,11,9,7,C) 9,"In Python, 32 % 23 evaluates to 9.",Python,Mathematical Operations
What is the output of: print(88 == 17),True,False,Error,None,B) False,88 == 17 evaluates to False.,Python,Conditions
What is the output of: print(40 <= 4),True,False,Error,None,B) False,40 <= 4 evaluates to False.,Python,Conditions
What is the output of: print(28 - 31),-4,-2,-5,-3,D) -3,"In Python, 28 - 31 evaluates to -3.",Python,Mathematical Operations
What is the output of: print(64 <= 93),True,Error,False,None,A) True,64 <= 93 evaluates to True.,Python,Conditions
What is the output of: print(12 + 23),25,35,44,27,B) 35,"In Python, 12 + 23 evaluates to 35.",Python,Mathematical Operations
What is the output of: print(5 + 33),29,40,46,38,D) 38,"In Python, 5 + 33 evaluates to 38.",Python,Mathematical Operations
What is the output of: print(27 + 6),26,39,40,33,D) 33,"In Python, 27 + 6 evaluates to 33.",Python,Mathematical Operations
What is the output of: print(2 + 1),4,2,3,1,C) 3,"In Python, 2 + 1 evaluates to 3.",Python,Mathematical Operations
What is the output of: print(32 // 34),-1,1,0,-2,C) 0,"In Python, 32 // 34 evaluates to 0.",Python,Mathematical Operations
What is the output of: print(28 + 5),38,24,33,32,C) 33,"In Python, 28 + 5 evaluates to 33.",Python,Mathematical Operations
What is the output of: print(12 - 50),-43,-47,-42,-38,D) -38,"In Python, 12 - 50 evaluates to -38.",Python,Mathematical Operations
What is the output of: print(21 < 34),False,None,Error,True,D) True,21 < 34 evaluates to True.,Python,Conditions
What is the output of: print(1 <= 44),None,False,Error,True,D) True,1 <= 44 evaluates to True.,Python,Conditions
What is the output of: print(29 * 44),1071,1324,1099,1276,D) 1276,"In Python, 29 * 44 evaluates to 1276.",Python,Mathematical Operations
Which of the following best describes inheritance (Python OOP)?,A mechanism where a class derives properties from another class,A data type representing decimal (floating-point) numbers,A loop that iterates over a sequence a defined number of times,An instance of a class,A) A mechanism where a class derives properties from another class,Inheritance allows a Python class to inherit attributes and methods from another (parent) class.,Python,Object-Oriented Programming
What is the output of: print(41 - 17),21,22,24,27,C) 24,"In Python, 41 - 17 evaluates to 24.",Python,Mathematical Operations
What is the output of: print(92 < 75),None,Error,False,True,C) False,92 < 75 evaluates to False.,Python,Conditions
What is the output of: print(72 >= 59),False,None,True,Error,C) True,72 >= 59 evaluates to True.,Python,Conditions
What is the output of: print(25 >= 75),False,Error,True,None,A) False,25 >= 75 evaluates to False.,Python,Conditions
What is the output of: print(42 == 42),False,Error,None,True,D) True,42 == 42 evaluates to True.,Python,Conditions
What is the output of: print(45 - 35),12,8,10,14,C) 10,"In Python, 45 - 35 evaluates to 10.",Python,Mathematical Operations
What is the output of: print(11 * 8),69,88,71,107,B) 88,"In Python, 11 * 8 evaluates to 88.",Python,Mathematical Operations
What is the output of: print(21 - 8),10,13,12,8,B) 13,"In Python, 21 - 8 evaluates to 13.",Python,Mathematical Operations
What is the output of: print(6 >= 37),Error,None,True,False,D) False,6 >= 37 evaluates to False.,Python,Conditions
What is the output of: print(12 % 38),16,12,8,15,B) 12,"In Python, 12 % 38 evaluates to 12.",Python,Mathematical Operations
What is the output of: print(83 >= 30),True,Error,None,False,A) True,83 >= 30 evaluates to True.,Python,Conditions
What is the output of: print(51 <= 61),Error,True,None,False,B) True,51 <= 61 evaluates to True.,Python,Conditions
What is the output of: print(48 // 11),1,2,4,7,C) 4,"In Python, 48 // 11 evaluates to 4.",Python,Mathematical Operations
"What is the output of: print(""No"" + ""AI"")",HiNo,GoGo,NoAI,PyGo,C) NoAI,"The + operator concatenates strings, so ""No"" + ""AI"" gives ""NoAI"".",Python,Data Types
What is the output of: print(2 - 6),-4,-6,-1,-3,A) -4,"In Python, 2 - 6 evaluates to -4.",Python,Mathematical Operations
What is the output of: print(12 == 67),True,Error,False,None,C) False,12 == 67 evaluates to False.,Python,Conditions
"What is the output of: print(len(""string""))",6,8,9,3,A) 6,"The string ""string"" has 6 characters, so len() returns 6.",Python,Data Types
What is the output of: print(85 > 40),Error,False,True,None,C) True,85 > 40 evaluates to True.,Python,Conditions
What is the output of: print(40 % 8),0,1,2,-1,A) 0,"In Python, 40 % 8 evaluates to 0.",Python,Mathematical Operations
What is the output of: print(61 > 96),True,Error,False,None,C) False,61 > 96 evaluates to False.,Python,Conditions
What is the output of: print(48 > 99),Error,None,True,False,D) False,48 > 99 evaluates to False.,Python,Conditions
What is the output of: print(79 > 2),True,Error,False,None,A) True,79 > 2 evaluates to True.,Python,Conditions
What is the output of: print(38 // 7),4,6,5,8,C) 5,"In Python, 38 // 7 evaluates to 5.",Python,Mathematical Operations
What is the output of: print(1 - 12),-7,-8,-11,-13,C) -11,"In Python, 1 - 12 evaluates to -11.",Python,Mathematical Operations
What is the output of: print(22 // 7),3,5,2,4,A) 3,"In Python, 22 // 7 evaluates to 3.",Python,Mathematical Operations
What is the output of: print(10 + 34),54,40,44,49,C) 44,"In Python, 10 + 34 evaluates to 44.",Python,Mathematical Operations
"What is the output of this code?
total = 0
for i in range(6):
    total += i
print(total)",12,15,16,18,B) 15,"This loop sums integers from 0 to 5, giving 15.",Python,Loops
What is the output of: print(23 + 25),35,48,60,56,B) 48,"In Python, 23 + 25 evaluates to 48.",Python,Mathematical Operations
What is the output of: print(8 + 14),19,24,16,22,D) 22,"In Python, 8 + 14 evaluates to 22.",Python,Mathematical Operations
What is the output of: print(21 != 99),False,None,Error,True,D) True,21 != 99 evaluates to True.,Python,Conditions
What is the output of: print(22 // 9),4,0,2,1,C) 2,"In Python, 22 // 9 evaluates to 2.",Python,Mathematical Operations
What is the output of: print(82 <= 51),None,False,Error,True,B) False,82 <= 51 evaluates to False.,Python,Conditions
What is the output of: print(73 > 95),None,Error,False,True,C) False,73 > 95 evaluates to False.,Python,Conditions
What is the output of: print(71 <= 73),None,True,Error,False,B) True,71 <= 73 evaluates to True.,Python,Conditions
What is the output of: print(62 >= 89),Error,False,True,None,B) False,62 >= 89 evaluates to False.,Python,Conditions
What is the output of: print(21 != 43),True,False,None,Error,A) True,21 != 43 evaluates to True.,Python,Conditions
What is the output of: print(17 // 26),-1,0,-2,2,B) 0,"In Python, 17 // 26 evaluates to 0.",Python,Mathematical Operations
What is the output of: print(38 % 35),2,3,4,1,B) 3,"In Python, 38 % 35 evaluates to 3.",Python,Mathematical Operations
What is the output of: print(14 % 43),19,14,9,16,B) 14,"In Python, 14 % 43 evaluates to 14.",Python,Mathematical Operations
What is the output of: print(41 // 21),-1,2,0,1,D) 1,"In Python, 41 // 21 evaluates to 1.",Python,Mathematical Operations
What is the output of: print(24 // 34),2,-1,-2,0,D) 0,"In Python, 24 // 34 evaluates to 0.",Python,Mathematical Operations
What is the output of: print(1 * 46),58,46,34,59,B) 46,"In Python, 1 * 46 evaluates to 46.",Python,Mathematical Operations
What is the output of: print(52 >= 13),False,Error,True,None,C) True,52 >= 13 evaluates to True.,Python,Conditions
What is the output of: print(30 * 28),1014,1026,840,973,C) 840,"In Python, 30 * 28 evaluates to 840.",Python,Mathematical Operations
What is the output of: print(24 == 57),False,True,Error,None,A) False,24 == 57 evaluates to False.,Python,Conditions
What is the output of: print(34 < 63),None,False,True,Error,C) True,34 < 63 evaluates to True.,Python,Conditions
What is the output of: print(1 + 24),25,24,21,30,A) 25,"In Python, 1 + 24 evaluates to 25.",Python,Mathematical Operations
What is the output of: print(40 + 11),44,51,64,46,B) 51,"In Python, 40 + 11 evaluates to 51.",Python,Mathematical Operations
What is the output of: print(49 + 12),48,61,44,55,B) 61,"In Python, 49 + 12 evaluates to 61.",Python,Mathematical Operations
What is the output of: print(37 > 28),Error,None,False,True,D) True,37 > 28 evaluates to True.,Python,Conditions
What is the output of: print(19 + 31),41,47,36,50,D) 50,"In Python, 19 + 31 evaluates to 50.",Python,Mathematical Operations
What is the output of: print(77 == 17),None,False,True,Error,B) False,77 == 17 evaluates to False.,Python,Conditions
What is the output of: print(42 // 1),49,42,46,40,B) 42,"In Python, 42 // 1 evaluates to 42.",Python,Mathematical Operations
What is the output of: print(79 != 62),False,Error,True,None,C) True,79 != 62 evaluates to True.,Python,Conditions
What is the output of: print(24 > 85),None,True,Error,False,D) False,24 > 85 evaluates to False.,Python,Conditions
What is the output of: print(43 > 84),Error,None,True,False,D) False,43 > 84 evaluates to False.,Python,Conditions
What is the output of: print(17 % 9),8,10,9,12,A) 8,"In Python, 17 % 9 evaluates to 8.",Python,Mathematical Operations
What is the output of: print(16 // 45),2,0,-1,1,B) 0,"In Python, 16 // 45 evaluates to 0.",Python,Mathematical Operations
What is the output of: print(27 % 19),8,9,11,10,A) 8,"In Python, 27 % 19 evaluates to 8.",Python,Mathematical Operations
What is the output of: print(18 < 51),Error,None,False,True,D) True,18 < 51 evaluates to True.,Python,Conditions
What is the output of: print(28 * 28),784,906,839,833,A) 784,"In Python, 28 * 28 evaluates to 784.",Python,Mathematical Operations
"What is the output of: print(len(""python""))",5,9,4,6,D) 6,"The string ""python"" has 6 characters, so len() returns 6.",Python,Data Types
What is the output of: print(88 >= 20),Error,False,None,True,D) True,88 >= 20 evaluates to True.,Python,Conditions
What is the output of: print(40 // 40),0,2,3,1,D) 1,"In Python, 40 // 40 evaluates to 1.",Python,Mathematical Operations
What is the output of: print(34 * 50),1606,1839,1700,1417,C) 1700,"In Python, 34 * 50 evaluates to 1700.",Python,Mathematical Operations
What is the output of: print(88 < 36),True,Error,None,False,D) False,88 < 36 evaluates to False.,Python,Conditions
What is the output of: print(9 * 19),127,148,162,171,D) 171,"In Python, 9 * 19 evaluates to 171.",Python,Mathematical Operations
What is the output of: print(34 == 21),None,True,False,Error,C) False,34 == 21 evaluates to False.,Python,Conditions
What is the output of: print(57 < 28),False,Error,True,None,A) False,57 < 28 evaluates to False.,Python,Conditions
What is the output of: print(61 != 28),None,False,True,Error,C) True,61 != 28 evaluates to True.,Python,Conditions
What is the output of: print(18 % 4),0,2,4,1,B) 2,"In Python, 18 % 4 evaluates to 2.",Python,Mathematical Operations
What is the output of: print(5 >= 45),None,True,Error,False,D) False,5 >= 45 evaluates to False.,Python,Conditions
What is the output of: print(82 < 80),False,True,None,Error,A) False,82 < 80 evaluates to False.,Python,Conditions
What is the output of: print(46 // 25),2,1,3,0,B) 1,"In Python, 46 // 25 evaluates to 1.",Python,Mathematical Operations
What is the output of: print(18 == 11),None,True,Error,False,D) False,18 == 11 evaluates to False.,Python,Conditions
What is the output of: print(40 % 46),39,46,40,48,C) 40,"In Python, 40 % 46 evaluates to 40.",Python,Mathematical Operations
What is the output of: print(25 * 50),1470,1135,1491,1250,D) 1250,"In Python, 25 * 50 evaluates to 1250.",Python,Mathematical Operations
What is the output of: print(32 != 58),None,True,False,Error,B) True,32 != 58 evaluates to True.,Python,Conditions
What is the output of: print(50 != 81),True,False,None,Error,A) True,50 != 81 evaluates to True.,Python,Conditions
What is the output of: print(19 * 31),589,539,451,702,A) 589,"In Python, 19 * 31 evaluates to 589.",Python,Mathematical Operations
What is the output of: print(31 % 35),40,39,26,31,D) 31,"In Python, 31 % 35 evaluates to 31.",Python,Mathematical Operations
What is the output of: print(50 != 50),Error,True,False,None,C) False,50 != 50 evaluates to False.,Python,Conditions
What is the output of: print(26 % 4),3,0,2,1,C) 2,"In Python, 26 % 4 evaluates to 2.",Python,Mathematical Operations
What is the output of: print(38 + 38),55,76,68,77,B) 76,"In Python, 38 + 38 evaluates to 76.",Python,Mathematical Operations
What is the output of: print(27 % 35),26,21,29,27,D) 27,"In Python, 27 % 35 evaluates to 27.",Python,Mathematical Operations
What is the output of: print(43 % 19),4,6,5,3,C) 5,"In Python, 43 % 19 evaluates to 5.",Python,Mathematical Operations
What is the output of: print(23 - 2),14,21,22,24,B) 21,"In Python, 23 - 2 evaluates to 21.",Python,Mathematical Operations
What is the output of: print(42 <= 5),True,Error,None,False,D) False,42 <= 5 evaluates to False.,Python,Conditions
What is the output of: print(78 <= 56),None,True,Error,False,D) False,78 <= 56 evaluates to False.,Python,Conditions
What is the output of: print(51 == 57),True,Error,None,False,D) False,51 == 57 evaluates to False.,Python,Conditions
What is the output of: print(47 >= 55),False,True,None,Error,A) False,47 >= 55 evaluates to False.,Python,Conditions
What is the output of: print(91 >= 6),Error,False,None,True,D) True,91 >= 6 evaluates to True.,Python,Conditions
What is the output of: print(79 <= 100),True,False,Error,None,A) True,79 <= 100 evaluates to True.,Python,Conditions
What is the output of: print(28 + 16),42,46,43,44,D) 44,"In Python, 28 + 16 evaluates to 44.",Python,Mathematical Operations
What is the output of: print(29 + 29),58,45,51,62,A) 58,"In Python, 29 + 29 evaluates to 58.",Python,Mathematical Operations
What is the output of: print(20 + 45),81,79,61,65,D) 65,"In Python, 20 + 45 evaluates to 65.",Python,Mathematical Operations
What is the output of: print(12 + 34),42,46,59,41,B) 46,"In Python, 12 + 34 evaluates to 46.",Python,Mathematical Operations
What is the output of: print(4 * 35),142,130,147,140,D) 140,"In Python, 4 * 35 evaluates to 140.",Python,Mathematical Operations
What is the output of: print(36 == 25),Error,None,True,False,D) False,36 == 25 evaluates to False.,Python,Conditions
What is the output of: print(51 <= 79),True,Error,None,False,A) True,51 <= 79 evaluates to True.,Python,Conditions
What is the output of: print(32 > 56),False,Error,True,None,A) False,32 > 56 evaluates to False.,Python,Conditions
What is the output of: print(74 > 54),True,None,Error,False,A) True,74 > 54 evaluates to True.,Python,Conditions
What is the output of: print(47 % 19),13,5,9,12,C) 9,"In Python, 47 % 19 evaluates to 9.",Python,Mathematical Operations
What is the output of: print(57 == 38),Error,True,None,False,D) False,57 == 38 evaluates to False.,Python,Conditions
What is the output of: print(4 % 11),1,4,7,3,B) 4,"In Python, 4 % 11 evaluates to 4.",Python,Mathematical Operations
What is the output of: print(38 // 45),2,0,-1,-2,B) 0,"In Python, 38 // 45 evaluates to 0.",Python,Mathematical Operations
What is the output of: print(83 == 89),None,True,Error,False,D) False,83 == 89 evaluates to False.,Python,Conditions
What is the output of: print(42 * 20),861,840,891,1023,B) 840,"In Python, 42 * 20 evaluates to 840.",Python,Mathematical Operations
What is the output of: print(68 <= 60),False,None,Error,True,A) False,68 <= 60 evaluates to False.,Python,Conditions
What is the output of: print(22 % 31),28,22,23,29,B) 22,"In Python, 22 % 31 evaluates to 22.",Python,Mathematical Operations
What is the output of: print(38 % 49),30,33,38,43,C) 38,"In Python, 38 % 49 evaluates to 38.",Python,Mathematical Operations
What is the output of: print(55 >= 27),Error,False,True,None,C) True,55 >= 27 evaluates to True.,Python,Conditions
What is the output of: print(5 * 32),160,179,143,191,A) 160,"In Python, 5 * 32 evaluates to 160.",Python,Mathematical Operations
What is the output of: print(50 > 15),Error,None,False,True,D) True,50 > 15 evaluates to True.,Python,Conditions
What is the output of: print(34 + 47),95,60,81,84,C) 81,"In Python, 34 + 47 evaluates to 81.",Python,Mathematical Operations
What is the output of: print(96 > 13),Error,False,True,None,C) True,96 > 13 evaluates to True.,Python,Conditions
What is the output of: print(12 - 9),2,5,4,3,D) 3,"In Python, 12 - 9 evaluates to 3.",Python,Mathematical Operations
What is the output of: print(72 <= 77),True,None,Error,False,A) True,72 <= 77 evaluates to True.,Python,Conditions
What is the output of: print(42 * 32),1382,1121,1025,1344,D) 1344,"In Python, 42 * 32 evaluates to 1344.",Python,Mathematical Operations
What is the output of: print(71 <= 75),Error,True,False,None,B) True,71 <= 75 evaluates to True.,Python,Conditions
"What is the output of: print(""Go"" + ""Fun"")",GoFun,OkFun,HiSun,PySun,A) GoFun,"The + operator concatenates strings, so ""Go"" + ""Fun"" gives ""GoFun"".",Python,Data Types
What is the output of: print(14 % 5),5,4,7,2,B) 4,"In Python, 14 % 5 evaluates to 4.",Python,Mathematical Operations
What is the output of: print(18 < 47),False,None,Error,True,D) True,18 < 47 evaluates to True.,Python,Conditions
"What is the output of: print(""Fun"" + ""AI"")",GoHi,PyNo,HiNo,FunAI,D) FunAI,"The + operator concatenates strings, so ""Fun"" + ""AI"" gives ""FunAI"".",Python,Data Types
What is the output of: print(68 <= 12),None,True,Error,False,D) False,68 <= 12 evaluates to False.,Python,Conditions
What is the output of: print(3 - 18),-18,-10,-17,-15,D) -15,"In Python, 3 - 18 evaluates to -15.",Python,Mathematical Operations
What is the output of: print(94 > 10),False,Error,None,True,D) True,94 > 10 evaluates to True.,Python,Conditions
What is the output of: print(29 + 11),29,38,40,28,C) 40,"In Python, 29 + 11 evaluates to 40.",Python,Mathematical Operations
What is the output of: print(98 != 71),Error,True,False,None,B) True,98 != 71 evaluates to True.,Python,Conditions
What is the output of: print(7 - 14),-10,-4,-7,-9,C) -7,"In Python, 7 - 14 evaluates to -7.",Python,Mathematical Operations
What is the output of: print(12 % 10),0,2,4,1,B) 2,"In Python, 12 % 10 evaluates to 2.",Python,Mathematical Operations
What is the output of: print(31 % 10),1,0,2,-1,A) 1,"In Python, 31 % 10 evaluates to 1.",Python,Mathematical Operations
What is the output of: print(5 % 25),5,7,3,6,A) 5,"In Python, 5 % 25 evaluates to 5.",Python,Mathematical Operations
What is the output of: print(22 + 41),63,56,69,61,A) 63,"In Python, 22 + 41 evaluates to 63.",Python,Mathematical Operations
What is the output of: print(12 // 13),-2,0,2,1,B) 0,"In Python, 12 // 13 evaluates to 0.",Python,Mathematical Operations
What is the output of: print(51 <= 85),None,True,Error,False,B) True,51 <= 85 evaluates to True.,Python,Conditions
What is the output of: print(17 // 8),1,3,2,0,C) 2,"In Python, 17 // 8 evaluates to 2.",Python,Mathematical Operations
What is the output of: print(8 <= 54),False,True,None,Error,B) True,8 <= 54 evaluates to True.,Python,Conditions
What is the output of: print(1 % 18),-1,2,3,1,D) 1,"In Python, 1 % 18 evaluates to 1.",Python,Mathematical Operations
What is the output of: print(89 <= 70),Error,False,True,None,B) False,89 <= 70 evaluates to False.,Python,Conditions
What is the output of: print(46 != 94),None,True,Error,False,B) True,46 != 94 evaluates to True.,Python,Conditions
What is the output of: print(78 >= 98),Error,None,False,True,C) False,78 >= 98 evaluates to False.,Python,Conditions
What is the output of: print(39 == 17),False,None,Error,True,A) False,39 == 17 evaluates to False.,Python,Conditions
What is the output of: print(15 + 3),21,18,12,13,B) 18,"In Python, 15 + 3 evaluates to 18.",Python,Mathematical Operations
What is the output of: print(22 == 4),True,Error,False,None,C) False,22 == 4 evaluates to False.,Python,Conditions
Which of the following best describes a function (in Python)?,A built-in function that generates a sequence of numbers,"A reusable block of code that performs a specific task, defined with 'def'",A mechanism where a class derives properties from another class,"An ordered, immutable collection of items in Python","B) A reusable block of code that performs a specific task, defined with 'def'","A function in Python is a reusable block of code defined using the 'def' keyword, which performs a specific task.",Python,Functions
What is the output of: print(19 - 14),4,5,7,6,B) 5,"In Python, 19 - 14 evaluates to 5.",Python,Mathematical Operations
What is the output of: print(67 < 44),Error,None,True,False,D) False,67 < 44 evaluates to False.,Python,Conditions
What is the output of: print(80 >= 84),True,False,None,Error,B) False,80 >= 84 evaluates to False.,Python,Conditions
What is the output of: print(4 > 2),Error,None,True,False,C) True,4 > 2 evaluates to True.,Python,Conditions
What is the output of: print(6 == 49),False,None,True,Error,A) False,6 == 49 evaluates to False.,Python,Conditions
What is the output of: print(49 <= 1),None,Error,False,True,C) False,49 <= 1 evaluates to False.,Python,Conditions
What is the output of: print(100 <= 91),False,Error,None,True,A) False,100 <= 91 evaluates to False.,Python,Conditions
What is the output of: print(73 != 4),None,False,Error,True,D) True,73 != 4 evaluates to True.,Python,Conditions
What is the output of: print(37 // 6),6,3,7,9,A) 6,"In Python, 37 // 6 evaluates to 6.",Python,Mathematical Operations
What is the output of: print(19 * 42),683,798,847,706,B) 798,"In Python, 19 * 42 evaluates to 798.",Python,Mathematical Operations
What is the output of: print(7 >= 51),Error,True,None,False,D) False,7 >= 51 evaluates to False.,Python,Conditions
What is the output of: print(15 - 35),-22,-23,-26,-20,D) -20,"In Python, 15 - 35 evaluates to -20.",Python,Mathematical Operations
What is the output of: print(23 // 11),2,1,3,4,A) 2,"In Python, 23 // 11 evaluates to 2.",Python,Mathematical Operations
What is the output of: print(40 + 30),70,59,76,64,A) 70,"In Python, 40 + 30 evaluates to 70.",Python,Mathematical Operations
What is the output of: print(83 > 95),Error,False,True,None,B) False,83 > 95 evaluates to False.,Python,Conditions
What is the output of: print(48 - 8),44,31,30,40,D) 40,"In Python, 48 - 8 evaluates to 40.",Python,Mathematical Operations
What is the output of: print(91 == 46),True,False,Error,None,B) False,91 == 46 evaluates to False.,Python,Conditions
What is the output of: print(30 - 43),-11,-13,-10,-12,B) -13,"In Python, 30 - 43 evaluates to -13.",Python,Mathematical Operations
What is the output of: print(44 - 35),11,6,9,7,C) 9,"In Python, 44 - 35 evaluates to 9.",Python,Mathematical Operations
What is the output of: print(25 != 49),Error,False,True,None,C) True,25 != 49 evaluates to True.,Python,Conditions
What is the output of: print(35 % 43),37,35,34,25,B) 35,"In Python, 35 % 43 evaluates to 35.",Python,Mathematical Operations
What is the output of: print(41 != 24),False,Error,None,True,D) True,41 != 24 evaluates to True.,Python,Conditions
What is the output of: print(2 >= 20),True,Error,False,None,C) False,2 >= 20 evaluates to False.,Python,Conditions
What is the output of: print(78 > 98),True,Error,False,None,C) False,78 > 98 evaluates to False.,Python,Conditions
What is the output of: print(83 >= 79),True,None,Error,False,A) True,83 >= 79 evaluates to True.,Python,Conditions
What is the output of: print(33 // 45),0,-1,1,-2,A) 0,"In Python, 33 // 45 evaluates to 0.",Python,Mathematical Operations
What is the output of: print(43 + 20),53,50,63,68,C) 63,"In Python, 43 + 20 evaluates to 63.",Python,Mathematical Operations
What is the output of: print(34 + 22),46,56,60,61,B) 56,"In Python, 34 + 22 evaluates to 56.",Python,Mathematical Operations
What is the output of: print(84 < 94),False,None,True,Error,C) True,84 < 94 evaluates to True.,Python,Conditions
What is the output of: print(37 != 27),False,None,True,Error,C) True,37 != 27 evaluates to True.,Python,Conditions
"What is the output of: print(""Sun"" + ""Fun"")",PyPy,HiOk,GoAI,SunFun,D) SunFun,"The + operator concatenates strings, so ""Sun"" + ""Fun"" gives ""SunFun"".",Python,Data Types
What is the output of: print(18 * 49),882,946,911,991,A) 882,"In Python, 18 * 49 evaluates to 882.",Python,Mathematical Operations
What is the output of: print(26 <= 57),True,Error,False,None,A) True,26 <= 57 evaluates to True.,Python,Conditions
What is the output of: print(11 - 10),3,2,0,1,D) 1,"In Python, 11 - 10 evaluates to 1.",Python,Mathematical Operations
What is the output of: print(17 // 19),-1,0,-2,2,B) 0,"In Python, 17 // 19 evaluates to 0.",Python,Mathematical Operations
What is the output of: print(24 // 13),1,0,3,2,A) 1,"In Python, 24 // 13 evaluates to 1.",Python,Mathematical Operations
What is the output of: print(45 + 39),64,84,99,77,B) 84,"In Python, 45 + 39 evaluates to 84.",Python,Mathematical Operations
What is the output of: print(62 >= 39),False,True,None,Error,B) True,62 >= 39 evaluates to True.,Python,Conditions
What is the output of: print(74 >= 67),Error,None,True,False,C) True,74 >= 67 evaluates to True.,Python,Conditions
What is the output of: print(6 - 5),1,2,0,3,A) 1,"In Python, 6 - 5 evaluates to 1.",Python,Mathematical Operations
What is the output of: print(24 == 35),False,None,True,Error,A) False,24 == 35 evaluates to False.,Python,Conditions
What is the output of: print(17 * 6),78,80,111,102,D) 102,"In Python, 17 * 6 evaluates to 102.",Python,Mathematical Operations
What is the output of: print(5 % 17),8,5,4,7,B) 5,"In Python, 5 % 17 evaluates to 5.",Python,Mathematical Operations
What is the output of: print(72 == 83),False,True,None,Error,A) False,72 == 83 evaluates to False.,Python,Conditions
"What is the output of: print(""Go"" + ""Ok"")",GoOk,HiGo,OkPy,PyOk,A) GoOk,"The + operator concatenates strings, so ""Go"" + ""Ok"" gives ""GoOk"".",Python,Data Types
Which of the following best describes a Python module?,A conditional statement that executes code only if a condition is true,An operator used to compare two values,A file containing Python code that can be imported and reused,A named location used to store a value in memory,C) A file containing Python code that can be imported and reused,"A module is a file containing Python code (functions, classes, variables) that can be imported and reused in other programs.",Python,Python Basics
What is the output of: print(11 // 42),-1,0,1,-2,B) 0,"In Python, 11 // 42 evaluates to 0.",Python,Mathematical Operations
What is the output of: print(40 <= 54),False,True,None,Error,B) True,40 <= 54 evaluates to True.,Python,Conditions
What is the output of: print(67 != 79),None,Error,True,False,C) True,67 != 79 evaluates to True.,Python,Conditions
What is the output of: print(36 != 37),Error,True,False,None,B) True,36 != 37 evaluates to True.,Python,Conditions
What is the output of: print(1 < 34),None,True,Error,False,B) True,1 < 34 evaluates to True.,Python,Conditions
What is the output of: print(93 <= 70),Error,None,True,False,D) False,93 <= 70 evaluates to False.,Python,Conditions
What is the output of: print(37 > 82),True,None,Error,False,D) False,37 > 82 evaluates to False.,Python,Conditions
What is the output of: print(5 % 31),7,4,3,5,D) 5,"In Python, 5 % 31 evaluates to 5.",Python,Mathematical Operations
What is the output of: print(62 != 44),Error,None,False,True,D) True,62 != 44 evaluates to True.,Python,Conditions
What is the output of: print(6 * 28),142,193,168,135,C) 168,"In Python, 6 * 28 evaluates to 168.",Python,Mathematical Operations
What is the output of: print(100 == 72),True,False,Error,None,B) False,100 == 72 evaluates to False.,Python,Conditions
What is the output of: print(41 >= 98),None,False,True,Error,B) False,41 >= 98 evaluates to False.,Python,Conditions
What is the output of: print(71 < 57),Error,False,True,None,B) False,71 < 57 evaluates to False.,Python,Conditions
What is the output of: print(25 * 22),569,550,506,668,B) 550,"In Python, 25 * 22 evaluates to 550.",Python,Mathematical Operations
What is the output of: print(21 - 40),-24,-23,-22,-19,D) -19,"In Python, 21 - 40 evaluates to -19.",Python,Mathematical Operations
What is the output of: print(54 != 74),False,True,None,Error,B) True,54 != 74 evaluates to True.,Python,Conditions
What is the output of: print(34 * 24),901,974,816,840,C) 816,"In Python, 34 * 24 evaluates to 816.",Python,Mathematical Operations
What is the output of: print(33 * 39),979,1441,997,1287,D) 1287,"In Python, 33 * 39 evaluates to 1287.",Python,Mathematical Operations
What is the output of: print(15 > 60),True,Error,False,None,C) False,15 > 60 evaluates to False.,Python,Conditions
What is the output of: print(37 + 26),62,63,66,47,B) 63,"In Python, 37 + 26 evaluates to 63.",Python,Mathematical Operations
What is the output of: print(35 + 17),42,52,67,43,B) 52,"In Python, 35 + 17 evaluates to 52.",Python,Mathematical Operations
What is the output of: print(33 * 26),858,1064,984,762,A) 858,"In Python, 33 * 26 evaluates to 858.",Python,Mathematical Operations
What is the output of: print(32 // 10),5,1,3,4,C) 3,"In Python, 32 // 10 evaluates to 3.",Python,Mathematical Operations
What is the output of: print(39 == 73),None,True,False,Error,C) False,39 == 73 evaluates to False.,Python,Conditions
What is the output of: print(33 - 25),9,12,8,11,C) 8,"In Python, 33 - 25 evaluates to 8.",Python,Mathematical Operations
What is the output of: print(54 >= 32),None,False,True,Error,C) True,54 >= 32 evaluates to True.,Python,Conditions
What is the output of: print(38 - 32),4,5,6,8,C) 6,"In Python, 38 - 32 evaluates to 6.",Python,Mathematical Operations
What is the output of: print(55 == 61),False,True,Error,None,A) False,55 == 61 evaluates to False.,Python,Conditions
What is the output of: print(37 * 5),147,177,185,173,C) 185,"In Python, 37 * 5 evaluates to 185.",Python,Mathematical Operations
What is the output of: print(18 < 75),Error,None,True,False,C) True,18 < 75 evaluates to True.,Python,Conditions
What is the output of: print(46 - 30),18,13,20,16,D) 16,"In Python, 46 - 30 evaluates to 16.",Python,Mathematical Operations
What is the output of: print(49 % 26),23,22,30,20,A) 23,"In Python, 49 % 26 evaluates to 23.",Python,Mathematical Operations
What is the output of: print(45 != 91),True,Error,False,None,A) True,45 != 91 evaluates to True.,Python,Conditions
What is the output of: print(5 + 48),53,54,62,43,A) 53,"In Python, 5 + 48 evaluates to 53.",Python,Mathematical Operations
What is the output of: print(2 * 43),83,102,109,86,D) 86,"In Python, 2 * 43 evaluates to 86.",Python,Mathematical Operations
What is the output of: print(24 * 3),72,75,62,92,A) 72,"In Python, 24 * 3 evaluates to 72.",Python,Mathematical Operations
What is the output of: print(14 // 50),1,2,-2,0,D) 0,"In Python, 14 // 50 evaluates to 0.",Python,Mathematical Operations
What is the output of: print(10 % 31),14,9,8,10,D) 10,"In Python, 10 % 31 evaluates to 10.",Python,Mathematical Operations
What is the output of: print(50 < 38),Error,False,None,True,B) False,50 < 38 evaluates to False.,Python,Conditions
What is the output of: print(91 <= 51),Error,False,None,True,B) False,91 <= 51 evaluates to False.,Python,Conditions
What is the output of: print(44 >= 15),True,None,Error,False,A) True,44 >= 15 evaluates to True.,Python,Conditions
What is the output of: print(78 > 44),None,True,False,Error,B) True,78 > 44 evaluates to True.,Python,Conditions
What is the output of: print(71 < 79),Error,None,False,True,D) True,71 < 79 evaluates to True.,Python,Conditions
What is the output of: print(28 * 7),196,188,209,235,A) 196,"In Python, 28 * 7 evaluates to 196.",Python,Mathematical Operations
What is the output of: print(13 - 18),-2,-7,-3,-5,D) -5,"In Python, 13 - 18 evaluates to -5.",Python,Mathematical Operations
What is the output of: print(12 != 28),False,True,Error,None,B) True,12 != 28 evaluates to True.,Python,Conditions
What is the output of: print(8 + 22),32,27,35,30,D) 30,"In Python, 8 + 22 evaluates to 30.",Python,Mathematical Operations
What is the output of: print(3 - 24),-21,-20,-15,-14,A) -21,"In Python, 3 - 24 evaluates to -21.",Python,Mathematical Operations
What is the output of: print(36 - 50),-13,-15,-14,-11,C) -14,"In Python, 36 - 50 evaluates to -14.",Python,Mathematical Operations
"What is the output of: print(""Sun"" + ""AI"")",GoFun,PyPy,SunAI,HiFun,C) SunAI,"The + operator concatenates strings, so ""Sun"" + ""AI"" gives ""SunAI"".",Python,Data Types
What is the output of: print(23 * 50),1437,1334,1150,1156,C) 1150,"In Python, 23 * 50 evaluates to 1150.",Python,Mathematical Operations
What is the output of: print(15 * 28),420,499,483,321,A) 420,"In Python, 15 * 28 evaluates to 420.",Python,Mathematical Operations
What is the output of: print(79 >= 51),False,None,True,Error,C) True,79 >= 51 evaluates to True.,Python,Conditions
What is the output of: print(7 % 2),2,-1,1,0,C) 1,"In Python, 7 % 2 evaluates to 1.",Python,Mathematical Operations
What is the output of: print(12 >= 86),None,False,True,Error,B) False,12 >= 86 evaluates to False.,Python,Conditions
What is the output of: print(14 // 32),-1,0,1,2,B) 0,"In Python, 14 // 32 evaluates to 0.",Python,Mathematical Operations
What is the output of: print(37 <= 23),Error,None,True,False,D) False,37 <= 23 evaluates to False.,Python,Conditions
What is the output of: print(26 != 65),None,True,False,Error,B) True,26 != 65 evaluates to True.,Python,Conditions
What is the output of: print(41 % 19),2,5,1,3,D) 3,"In Python, 41 % 19 evaluates to 3.",Python,Mathematical Operations
What is the output of: print(8 * 13),104,97,127,128,A) 104,"In Python, 8 * 13 evaluates to 104.",Python,Mathematical Operations
What is the output of: print(85 > 93),True,False,None,Error,B) False,85 > 93 evaluates to False.,Python,Conditions
What is the output of: print(84 <= 65),True,False,Error,None,B) False,84 <= 65 evaluates to False.,Python,Conditions
What is the output of: print(82 != 54),False,None,Error,True,D) True,82 != 54 evaluates to True.,Python,Conditions
What is the output of: print(3 % 49),4,5,3,2,C) 3,"In Python, 3 % 49 evaluates to 3.",Python,Mathematical Operations
What is the output of: print(86 >= 55),True,False,Error,None,A) True,86 >= 55 evaluates to True.,Python,Conditions
What is the output of: print(50 % 33),13,17,18,20,B) 17,"In Python, 50 % 33 evaluates to 17.",Python,Mathematical Operations
What is the output of: print(19 > 76),None,Error,True,False,D) False,19 > 76 evaluates to False.,Python,Conditions
What is the output of: print(25 + 47),60,63,72,53,C) 72,"In Python, 25 + 47 evaluates to 72.",Python,Mathematical Operations
What is the output of: print(7 * 11),61,69,84,77,D) 77,"In Python, 7 * 11 evaluates to 77.",Python,Mathematical Operations
"What is the output of: print(""Go"" + ""Sky"")",HiPy,OkSun,GoSky,PyAI,C) GoSky,"The + operator concatenates strings, so ""Go"" + ""Sky"" gives ""GoSky"".",Python,Data Types
What is the output of: print(14 // 3),6,4,1,5,B) 4,"In Python, 14 // 3 evaluates to 4.",Python,Mathematical Operations
What is the output of: print(71 < 52),True,False,None,Error,B) False,71 < 52 evaluates to False.,Python,Conditions
What is the output of: print(10 * 41),454,410,385,463,B) 410,"In Python, 10 * 41 evaluates to 410.",Python,Mathematical Operations
What is the output of: print(26 % 44),34,31,26,27,C) 26,"In Python, 26 % 44 evaluates to 26.",Python,Mathematical Operations
What is the output of: print(6 - 3),1,3,2,5,B) 3,"In Python, 6 - 3 evaluates to 3.",Python,Mathematical Operations
What is the output of: print(74 == 54),True,False,None,Error,B) False,74 == 54 evaluates to False.,Python,Conditions
What is the output of: print(5 >= 34),None,False,True,Error,B) False,5 >= 34 evaluates to False.,Python,Conditions
What is the output of: print(16 // 14),1,0,-1,2,A) 1,"In Python, 16 // 14 evaluates to 1.",Python,Mathematical Operations
What is the output of: print(36 != 80),True,False,Error,None,A) True,36 != 80 evaluates to True.,Python,Conditions
What is the output of: print(17 + 11),22,24,34,28,D) 28,"In Python, 17 + 11 evaluates to 28.",Python,Mathematical Operations
What is the output of: print(33 // 18),3,2,-1,1,D) 1,"In Python, 33 // 18 evaluates to 1.",Python,Mathematical Operations
What is the output of: print(62 >= 5),Error,None,False,True,D) True,62 >= 5 evaluates to True.,Python,Conditions
What is the output of: print(24 + 18),42,34,43,41,A) 42,"In Python, 24 + 18 evaluates to 42.",Python,Mathematical Operations
What is the output of: print(17 < 98),True,False,None,Error,A) True,17 < 98 evaluates to True.,Python,Conditions
What is the output of: print(14 * 28),356,392,312,320,B) 392,"In Python, 14 * 28 evaluates to 392.",Python,Mathematical Operations
What is the output of: print(2 // 6),-1,0,2,-2,B) 0,"In Python, 2 // 6 evaluates to 0.",Python,Mathematical Operations
What is the output of: print(10 > 15),None,Error,True,False,D) False,10 > 15 evaluates to False.,Python,Conditions
What is the output of: print(40 % 49),48,33,51,40,D) 40,"In Python, 40 % 49 evaluates to 40.",Python,Mathematical Operations
What is the output of: print(2 * 10),25,19,21,20,D) 20,"In Python, 2 * 10 evaluates to 20.",Python,Mathematical Operations
What is the output of: print(44 <= 27),True,False,Error,None,B) False,44 <= 27 evaluates to False.,Python,Conditions
What is the output of: print(42 <= 93),None,True,False,Error,B) True,42 <= 93 evaluates to True.,Python,Conditions
What is the output of: print(36 + 8),50,36,44,33,C) 44,"In Python, 36 + 8 evaluates to 44.",Python,Mathematical Operations
What is the output of: print(20 != 37),True,None,Error,False,A) True,20 != 37 evaluates to True.,Python,Conditions
What is the output of: print(22 <= 54),Error,True,None,False,B) True,22 <= 54 evaluates to True.,Python,Conditions
What is the output of: print(43 == 58),None,Error,True,False,D) False,43 == 58 evaluates to False.,Python,Conditions
What is the output of: print(42 - 35),10,7,4,9,B) 7,"In Python, 42 - 35 evaluates to 7.",Python,Mathematical Operations
What is the output of: print(19 <= 43),True,Error,None,False,A) True,19 <= 43 evaluates to True.,Python,Conditions
What is the output of: print(14 >= 38),False,Error,None,True,A) False,14 >= 38 evaluates to False.,Python,Conditions
What is the output of: print(84 == 2),True,Error,None,False,D) False,84 == 2 evaluates to False.,Python,Conditions
What is the output of: print(30 + 34),64,80,61,50,A) 64,"In Python, 30 + 34 evaluates to 64.",Python,Mathematical Operations
What is the output of: print(66 < 15),False,None,Error,True,A) False,66 < 15 evaluates to False.,Python,Conditions
What is the output of: print(67 > 82),True,None,Error,False,D) False,67 > 82 evaluates to False.,Python,Conditions
What is the output of: print(32 == 51),Error,False,True,None,B) False,32 == 51 evaluates to False.,Python,Conditions
What is the output of: print(21 > 62),True,Error,None,False,D) False,21 > 62 evaluates to False.,Python,Conditions
What is the output of: print(45 + 42),97,80,82,87,D) 87,"In Python, 45 + 42 evaluates to 87.",Python,Mathematical Operations
What is the output of: print(9 == 7),None,Error,False,True,C) False,9 == 7 evaluates to False.,Python,Conditions
What is the output of: print(93 < 62),Error,None,True,False,D) False,93 < 62 evaluates to False.,Python,Conditions
What is the output of: print(10 <= 50),Error,True,None,False,B) True,10 <= 50 evaluates to True.,Python,Conditions
What is the output of: print(27 < 86),Error,True,None,False,B) True,27 < 86 evaluates to True.,Python,Conditions
What is the output of: print(36 + 38),56,74,59,94,B) 74,"In Python, 36 + 38 evaluates to 74.",Python,Mathematical Operations
What is the output of: print(4 * 33),101,132,153,98,B) 132,"In Python, 4 * 33 evaluates to 132.",Python,Mathematical Operations
What is the output of: print(27 // 8),4,2,3,5,C) 3,"In Python, 27 // 8 evaluates to 3.",Python,Mathematical Operations
What is the output of: print(33 * 16),576,488,528,651,C) 528,"In Python, 33 * 16 evaluates to 528.",Python,Mathematical Operations
What is the output of: print(85 == 4),None,Error,False,True,C) False,85 == 4 evaluates to False.,Python,Conditions
What is the output of: print(97 > 93),Error,True,False,None,B) True,97 > 93 evaluates to True.,Python,Conditions
What is the output of: print(50 + 28),78,60,68,90,A) 78,"In Python, 50 + 28 evaluates to 78.",Python,Mathematical Operations
Which of the following best describes an operator (in Python)?,A loop that iterates over a sequence a defined number of times,"A blueprint for creating objects, defining their properties and behavior",A data type representing True or False values,A symbol used to perform operations on variables and values,D) A symbol used to perform operations on variables and values,"An operator is a symbol, like + or -, used to perform an operation on one or more values in Python.",Python,Operators
What is the output of: print(56 <= 45),False,None,Error,True,A) False,56 <= 45 evaluates to False.,Python,Conditions
What is the output of: print(46 <= 89),False,Error,None,True,D) True,46 <= 89 evaluates to True.,Python,Conditions
What is the output of: print(79 >= 45),True,False,None,Error,A) True,79 >= 45 evaluates to True.,Python,Conditions
What is the output of: print(81 >= 97),False,True,Error,None,A) False,81 >= 97 evaluates to False.,Python,Conditions
What is the output of: print(37 - 23),16,12,14,19,C) 14,"In Python, 37 - 23 evaluates to 14.",Python,Mathematical Operations
What is the output of: print(20 * 8),185,156,150,160,D) 160,"In Python, 20 * 8 evaluates to 160.",Python,Mathematical Operations
What is the output of: print(88 <= 55),True,Error,False,None,C) False,88 <= 55 evaluates to False.,Python,Conditions
What is the output of: print(68 > 52),Error,False,None,True,D) True,68 > 52 evaluates to True.,Python,Conditions
What is the output of: print(3 % 42),4,5,1,3,D) 3,"In Python, 3 % 42 evaluates to 3.",Python,Mathematical Operations
What is the output of: print(76 >= 18),None,True,False,Error,B) True,76 >= 18 evaluates to True.,Python,Conditions
What is the output of: print(42 // 49),1,2,-1,0,D) 0,"In Python, 42 // 49 evaluates to 0.",Python,Mathematical Operations
What is the output of: print(8 - 15),-6,-8,-7,-5,C) -7,"In Python, 8 - 15 evaluates to -7.",Python,Mathematical Operations
What is the output of: print(72 != 40),Error,None,False,True,D) True,72 != 40 evaluates to True.,Python,Conditions
What is the output of: print(55 != 69),False,None,True,Error,C) True,55 != 69 evaluates to True.,Python,Conditions
What is the output of: print(52 >= 29),True,None,False,Error,A) True,52 >= 29 evaluates to True.,Python,Conditions
What is the output of: print(22 // 33),2,-2,1,0,D) 0,"In Python, 22 // 33 evaluates to 0.",Python,Mathematical Operations
What is a tuple?,An unordered collection of unique items in Python,"An ordered, immutable collection of items in Python",A loop that iterates over a sequence a defined number of times,A loop that continues executing as long as a condition is true,"B) An ordered, immutable collection of items in Python","A tuple is an ordered, immutable collection of items in Python, defined using parentheses.",Python,Lists & Tuples
What is the output of: print(29 * 37),1289,986,1073,1001,C) 1073,"In Python, 29 * 37 evaluates to 1073.",Python,Mathematical Operations
What is the output of: print(5 >= 69),None,False,True,Error,B) False,5 >= 69 evaluates to False.,Python,Conditions
What is the output of: print(22 * 23),517,509,506,556,C) 506,"In Python, 22 * 23 evaluates to 506.",Python,Mathematical Operations
What is the output of: print(95 >= 93),True,False,None,Error,A) True,95 >= 93 evaluates to True.,Python,Conditions
What is the output of: print(30 + 37),52,77,67,72,C) 67,"In Python, 30 + 37 evaluates to 67.",Python,Mathematical Operations
What is the output of: print(32 // 6),6,4,2,5,D) 5,"In Python, 32 // 6 evaluates to 5.",Python,Mathematical Operations
What is the output of: print(18 // 39),-1,0,-2,2,B) 0,"In Python, 18 // 39 evaluates to 0.",Python,Mathematical Operations
What is the output of: print(6 <= 75),True,None,False,Error,A) True,6 <= 75 evaluates to True.,Python,Conditions
What is the output of: print(39 == 55),True,Error,None,False,D) False,39 == 55 evaluates to False.,Python,Conditions
What is the output of: print(28 < 58),Error,None,True,False,C) True,28 < 58 evaluates to True.,Python,Conditions
What is the output of: print(7 - 36),-30,-29,-34,-33,B) -29,"In Python, 7 - 36 evaluates to -29.",Python,Mathematical Operations
What is the output of: print(22 // 21),1,0,2,3,A) 1,"In Python, 22 // 21 evaluates to 1.",Python,Mathematical Operations
What is the output of: print(6 * 4),22,18,24,21,C) 24,"In Python, 6 * 4 evaluates to 24.",Python,Mathematical Operations
What is the output of: print(21 + 26),44,47,53,40,B) 47,"In Python, 21 + 26 evaluates to 47.",Python,Mathematical Operations
What is the output of: print(42 // 23),0,-1,3,1,D) 1,"In Python, 42 // 23 evaluates to 1.",Python,Mathematical Operations
What is the output of: print(23 - 15),5,11,8,9,C) 8,"In Python, 23 - 15 evaluates to 8.",Python,Mathematical Operations
What is the output of: print(94 >= 80),None,True,False,Error,B) True,94 >= 80 evaluates to True.,Python,Conditions
What is the output of: print(23 + 6),29,26,32,24,A) 29,"In Python, 23 + 6 evaluates to 29.",Python,Mathematical Operations
What is the output of: print(89 != 51),Error,False,True,None,C) True,89 != 51 evaluates to True.,Python,Conditions
What is the output of: print(9 // 3),5,1,4,3,D) 3,"In Python, 9 // 3 evaluates to 3.",Python,Mathematical Operations
What is the output of: print(85 == 77),False,True,None,Error,A) False,85 == 77 evaluates to False.,Python,Conditions
What is the output of: print(8 > 71),False,Error,True,None,A) False,8 > 71 evaluates to False.,Python,Conditions
What is the output of: print(43 + 49),75,77,94,92,D) 92,"In Python, 43 + 49 evaluates to 92.",Python,Mathematical Operations
What is the output of: print(74 <= 31),None,False,Error,True,B) False,74 <= 31 evaluates to False.,Python,Conditions
What is the output of: print(18 * 47),827,967,965,846,D) 846,"In Python, 18 * 47 evaluates to 846.",Python,Mathematical Operations
What is the output of: print(63 > 76),Error,True,False,None,C) False,63 > 76 evaluates to False.,Python,Conditions
What is the output of: print(5 * 31),175,117,155,193,C) 155,"In Python, 5 * 31 evaluates to 155.",Python,Mathematical Operations
What is the output of: print(10 // 41),1,2,-1,0,D) 0,"In Python, 10 // 41 evaluates to 0.",Python,Mathematical Operations
What is the output of: print(44 > 34),False,None,Error,True,D) True,44 > 34 evaluates to True.,Python,Conditions
What is the output of: print(15 < 25),None,True,False,Error,B) True,15 < 25 evaluates to True.,Python,Conditions
What is the output of: print(40 * 10),402,350,400,329,C) 400,"In Python, 40 * 10 evaluates to 400.",Python,Mathematical Operations
What is the output of: print(7 == 49),False,True,Error,None,A) False,7 == 49 evaluates to False.,Python,Conditions
What is the output of: print(10 < 6),True,None,False,Error,C) False,10 < 6 evaluates to False.,Python,Conditions
What is the output of: print(16 + 21),48,45,32,37,D) 37,"In Python, 16 + 21 evaluates to 37.",Python,Mathematical Operations
"What is the output of: print(""Hi"" + ""Hi"")",OkAI,PyYes,HiHi,GoYes,C) HiHi,"The + operator concatenates strings, so ""Hi"" + ""Hi"" gives ""HiHi"".",Python,Data Types
What is the output of: print(63 <= 26),None,Error,True,False,D) False,63 <= 26 evaluates to False.,Python,Conditions
"What is the output of: print(""Fun"" + ""No"")",HiSun,GoOk,PyPy,FunNo,D) FunNo,"The + operator concatenates strings, so ""Fun"" + ""No"" gives ""FunNo"".",Python,Data Types
What is the output of: print(31 * 1),26,28,37,31,D) 31,"In Python, 31 * 1 evaluates to 31.",Python,Mathematical Operations
What is the output of: print(61 <= 38),Error,None,False,True,C) False,61 <= 38 evaluates to False.,Python,Conditions
What is the output of: print(33 - 18),18,15,11,10,B) 15,"In Python, 33 - 18 evaluates to 15.",Python,Mathematical Operations
What is the output of: print(5 < 5),None,False,Error,True,B) False,5 < 5 evaluates to False.,Python,Conditions
What is the output of: print(64 < 47),False,None,True,Error,A) False,64 < 47 evaluates to False.,Python,Conditions
What is the output of: print(29 - 7),19,22,15,17,B) 22,"In Python, 29 - 7 evaluates to 22.",Python,Mathematical Operations
What is the output of: print(11 % 12),13,8,15,11,D) 11,"In Python, 11 % 12 evaluates to 11.",Python,Mathematical Operations
What is the output of: print(10 - 24),-10,-19,-15,-14,D) -14,"In Python, 10 - 24 evaluates to -14.",Python,Mathematical Operations
What is the output of: print(77 <= 88),None,False,Error,True,D) True,77 <= 88 evaluates to True.,Python,Conditions
What is the output of: print(45 >= 2),False,Error,True,None,C) True,45 >= 2 evaluates to True.,Python,Conditions
What is the output of: print(89 <= 77),True,None,Error,False,D) False,89 <= 77 evaluates to False.,Python,Conditions
What is the output of: print(13 + 2),15,16,13,11,A) 15,"In Python, 13 + 2 evaluates to 15.",Python,Mathematical Operations
What is the output of: print(50 % 47),2,5,1,3,D) 3,"In Python, 50 % 47 evaluates to 3.",Python,Mathematical Operations
What is the output of: print(22 % 25),22,16,28,20,A) 22,"In Python, 22 % 25 evaluates to 22.",Python,Mathematical Operations
What is the output of: print(40 % 9),6,1,7,4,D) 4,"In Python, 40 % 9 evaluates to 4.",Python,Mathematical Operations
What is the output of: print(34 == 96),True,None,False,Error,C) False,34 == 96 evaluates to False.,Python,Conditions
What is the output of: print(86 == 6),True,Error,False,None,C) False,86 == 6 evaluates to False.,Python,Conditions
What is the output of: print(24 != 58),Error,False,True,None,C) True,24 != 58 evaluates to True.,Python,Conditions
What is the output of: print(71 == 22),None,False,Error,True,B) False,71 == 22 evaluates to False.,Python,Conditions
What is the output of: print(98 > 30),True,None,False,Error,A) True,98 > 30 evaluates to True.,Python,Conditions
What is the output of: print(38 - 24),13,15,14,11,C) 14,"In Python, 38 - 24 evaluates to 14.",Python,Mathematical Operations
What is the output of: print(9 < 11),True,False,None,Error,A) True,9 < 11 evaluates to True.,Python,Conditions
What is the output of: print(55 > 71),True,None,Error,False,D) False,55 > 71 evaluates to False.,Python,Conditions
What is the output of: print(4 // 20),-1,-2,0,1,C) 0,"In Python, 4 // 20 evaluates to 0.",Python,Mathematical Operations
What is the output of: print(6 <= 86),False,Error,True,None,C) True,6 <= 86 evaluates to True.,Python,Conditions
What is the output of: print(77 < 47),None,True,Error,False,D) False,77 < 47 evaluates to False.,Python,Conditions
What is the output of: print(36 < 79),True,Error,None,False,A) True,36 < 79 evaluates to True.,Python,Conditions
What is the output of: print(86 != 58),None,True,False,Error,B) True,86 != 58 evaluates to True.,Python,Conditions
What is the output of: print(19 <= 54),False,None,True,Error,C) True,19 <= 54 evaluates to True.,Python,Conditions
"What is the output of: print(""Fun"" + ""Py"")",PySky,HiYes,FunPy,GoNo,C) FunPy,"The + operator concatenates strings, so ""Fun"" + ""Py"" gives ""FunPy"".",Python,Data Types
What is the output of: print(86 != 89),Error,False,True,None,C) True,86 != 89 evaluates to True.,Python,Conditions
What is the output of: print(49 == 59),True,None,Error,False,D) False,49 == 59 evaluates to False.,Python,Conditions
What is the output of: print(98 <= 10),None,False,True,Error,B) False,98 <= 10 evaluates to False.,Python,Conditions
What is the output of: print(25 * 12),336,311,300,243,C) 300,"In Python, 25 * 12 evaluates to 300.",Python,Mathematical Operations
What is the output of: print(57 >= 69),Error,True,None,False,D) False,57 >= 69 evaluates to False.,Python,Conditions
What is the output of: print(71 > 97),None,True,False,Error,C) False,71 > 97 evaluates to False.,Python,Conditions
What is the output of: print(32 != 52),True,None,False,Error,A) True,32 != 52 evaluates to True.,Python,Conditions
What is the output of: print(11 * 45),556,380,391,495,D) 495,"In Python, 11 * 45 evaluates to 495.",Python,Mathematical Operations
What is the output of: print(93 <= 46),Error,None,True,False,D) False,93 <= 46 evaluates to False.,Python,Conditions
What is the output of: print(55 > 31),None,False,True,Error,C) True,55 > 31 evaluates to True.,Python,Conditions
What is the output of: print(67 < 31),False,Error,True,None,A) False,67 < 31 evaluates to False.,Python,Conditions
What is the output of: print(41 // 35),2,-1,1,3,C) 1,"In Python, 41 // 35 evaluates to 1.",Python,Mathematical Operations
What is the output of: print(7 > 31),True,False,None,Error,B) False,7 > 31 evaluates to False.,Python,Conditions
What is the output of: print(21 % 10),-1,0,1,2,C) 1,"In Python, 21 % 10 evaluates to 1.",Python,Mathematical Operations
What is the output of: print(37 > 69),True,Error,False,None,C) False,37 > 69 evaluates to False.,Python,Conditions
What is the output of: print(66 < 86),None,Error,False,True,D) True,66 < 86 evaluates to True.,Python,Conditions
What is the output of: print(6 // 15),2,0,-1,-2,B) 0,"In Python, 6 // 15 evaluates to 0.",Python,Mathematical Operations
What is the output of: print(25 != 72),True,False,None,Error,A) True,25 != 72 evaluates to True.,Python,Conditions
What is the output of: print(85 < 78),True,Error,None,False,D) False,85 < 78 evaluates to False.,Python,Conditions
What is the output of: print(18 // 9),4,2,0,3,B) 2,"In Python, 18 // 9 evaluates to 2.",Python,Mathematical Operations
What is the output of: print(88 > 15),Error,True,False,None,B) True,88 > 15 evaluates to True.,Python,Conditions
What is the output of: print(92 >= 85),False,None,Error,True,D) True,92 >= 85 evaluates to True.,Python,Conditions
What is the output of: print(51 != 61),None,Error,False,True,D) True,51 != 61 evaluates to True.,Python,Conditions
What is the output of: print(29 % 21),12,9,8,6,C) 8,"In Python, 29 % 21 evaluates to 8.",Python,Mathematical Operations
What is the output of: print(34 // 17),0,1,2,3,C) 2,"In Python, 34 // 17 evaluates to 2.",Python,Mathematical Operations
What is the output of: print(53 <= 47),True,False,None,Error,B) False,53 <= 47 evaluates to False.,Python,Conditions
What is the output of: print(17 + 43),77,62,58,60,D) 60,"In Python, 17 + 43 evaluates to 60.",Python,Mathematical Operations
What is the output of: print(70 < 68),False,Error,None,True,A) False,70 < 68 evaluates to False.,Python,Conditions
What is the output of: print(6 % 47),3,4,6,9,C) 6,"In Python, 6 % 47 evaluates to 6.",Python,Mathematical Operations
Which of the following best describes an integer (int)?,An unordered collection of unique items in Python,A named location used to store a value in memory,An operator used to compare two values,A data type representing whole numbers,D) A data type representing whole numbers,"An integer (int) is a Python data type used to represent whole numbers, without a decimal point.",Python,Data Types
What is the output of: print(99 >= 38),True,None,Error,False,A) True,99 >= 38 evaluates to True.,Python,Conditions
What is the output of: print(55 != 84),None,True,Error,False,B) True,55 != 84 evaluates to True.,Python,Conditions
What is the output of: print(68 != 50),None,False,True,Error,C) True,68 != 50 evaluates to True.,Python,Conditions
What is the output of: print(82 == 75),Error,False,True,None,B) False,82 == 75 evaluates to False.,Python,Conditions
What is the output of: print(39 >= 47),None,True,False,Error,C) False,39 >= 47 evaluates to False.,Python,Conditions
What is the output of: print(23 % 5),3,1,5,2,A) 3,"In Python, 23 % 5 evaluates to 3.",Python,Mathematical Operations
What is the output of: print(3 <= 65),Error,None,False,True,D) True,3 <= 65 evaluates to True.,Python,Conditions
What is the output of: print(3 + 6),6,9,7,10,B) 9,"In Python, 3 + 6 evaluates to 9.",Python,Mathematical Operations
What is the output of: print(18 - 27),-11,-9,-7,-12,B) -9,"In Python, 18 - 27 evaluates to -9.",Python,Mathematical Operations
What is the output of: print(16 == 34),False,None,Error,True,A) False,16 == 34 evaluates to False.,Python,Conditions
What is the output of: print(15 + 34),59,60,35,49,D) 49,"In Python, 15 + 34 evaluates to 49.",Python,Mathematical Operations
What is the output of: print(77 != 84),Error,False,None,True,D) True,77 != 84 evaluates to True.,Python,Conditions
What is the output of: print(6 + 6),8,17,13,12,D) 12,"In Python, 6 + 6 evaluates to 12.",Python,Mathematical Operations
What is the output of: print(28 % 37),26,30,28,33,C) 28,"In Python, 28 % 37 evaluates to 28.",Python,Mathematical Operations
What is the output of: print(10 == 55),None,Error,False,True,C) False,10 == 55 evaluates to False.,Python,Conditions
What is the output of: print(23 // 10),1,0,4,2,D) 2,"In Python, 23 // 10 evaluates to 2.",Python,Mathematical Operations
What is the output of: print(22 == 76),False,Error,True,None,A) False,22 == 76 evaluates to False.,Python,Conditions
What is the output of: print(37 + 22),71,57,72,59,D) 59,"In Python, 37 + 22 evaluates to 59.",Python,Mathematical Operations
What is the output of: print(36 * 14),461,504,497,599,B) 504,"In Python, 36 * 14 evaluates to 504.",Python,Mathematical Operations
What is the output of: print(37 * 45),1894,1851,1977,1665,D) 1665,"In Python, 37 * 45 evaluates to 1665.",Python,Mathematical Operations
What is the output of: print(4 - 22),-23,-18,-14,-17,B) -18,"In Python, 4 - 22 evaluates to -18.",Python,Mathematical Operations
What is the output of: print(86 <= 26),True,Error,False,None,C) False,86 <= 26 evaluates to False.,Python,Conditions
What is the output of: print(45 - 38),4,6,7,9,C) 7,"In Python, 45 - 38 evaluates to 7.",Python,Mathematical Operations
What is the output of: print(55 < 40),Error,False,None,True,B) False,55 < 40 evaluates to False.,Python,Conditions
What is the output of: print(6 == 83),None,False,True,Error,B) False,6 == 83 evaluates to False.,Python,Conditions
What is the output of: print(1 % 45),-1,1,3,2,B) 1,"In Python, 1 % 45 evaluates to 1.",Python,Mathematical Operations
What is the output of: print(84 != 66),Error,True,False,None,B) True,84 != 66 evaluates to True.,Python,Conditions
What is the output of: print(40 + 39),91,79,72,98,B) 79,"In Python, 40 + 39 evaluates to 79.",Python,Mathematical Operations
What is the output of: print(23 * 27),697,621,700,562,B) 621,"In Python, 23 * 27 evaluates to 621.",Python,Mathematical Operations
What is the output of: print(25 >= 45),False,True,None,Error,A) False,25 >= 45 evaluates to False.,Python,Conditions
What is the output of: print(49 - 7),44,42,31,39,B) 42,"In Python, 49 - 7 evaluates to 42.",Python,Mathematical Operations
What is the output of: print(35 >= 40),None,False,True,Error,B) False,35 >= 40 evaluates to False.,Python,Conditions
What is the output of: print(1 % 10),0,-1,2,1,D) 1,"In Python, 1 % 10 evaluates to 1.",Python,Mathematical Operations
What is the output of: print(5 * 49),193,269,245,271,C) 245,"In Python, 5 * 49 evaluates to 245.",Python,Mathematical Operations
What is the output of: print(17 == 59),None,Error,True,False,D) False,17 == 59 evaluates to False.,Python,Conditions
What is the output of: print(98 > 23),True,None,False,Error,A) True,98 > 23 evaluates to True.,Python,Conditions
What is the output of: print(65 >= 51),True,Error,False,None,A) True,65 >= 51 evaluates to True.,Python,Conditions
What is the output of: print(39 >= 94),Error,None,False,True,C) False,39 >= 94 evaluates to False.,Python,Conditions
What is the output of: print(63 <= 27),True,False,Error,None,B) False,63 <= 27 evaluates to False.,Python,Conditions
What is the output of: print(44 + 40),92,97,84,68,C) 84,"In Python, 44 + 40 evaluates to 84.",Python,Mathematical Operations
What is the output of: print(37 >= 81),False,Error,True,None,A) False,37 >= 81 evaluates to False.,Python,Conditions
What is the output of: print(12 == 79),False,None,Error,True,A) False,12 == 79 evaluates to False.,Python,Conditions
What is the output of: print(1 >= 84),None,True,False,Error,C) False,1 >= 84 evaluates to False.,Python,Conditions
What is the output of: print(49 // 37),3,0,1,-1,C) 1,"In Python, 49 // 37 evaluates to 1.",Python,Mathematical Operations
What is the output of: print(2 != 100),None,Error,False,True,D) True,2 != 100 evaluates to True.,Python,Conditions
What is the output of: print(72 <= 37),Error,None,True,False,D) False,72 <= 37 evaluates to False.,Python,Conditions
What is the output of: print(20 + 27),51,55,47,45,C) 47,"In Python, 20 + 27 evaluates to 47.",Python,Mathematical Operations
What is the output of: print(50 // 31),1,3,0,-1,A) 1,"In Python, 50 // 31 evaluates to 1.",Python,Mathematical Operations
What is the output of: print(26 % 3),3,2,0,1,B) 2,"In Python, 26 % 3 evaluates to 2.",Python,Mathematical Operations
What is the output of: print(47 * 25),1074,1228,1183,1175,D) 1175,"In Python, 47 * 25 evaluates to 1175.",Python,Mathematical Operations
"What is the output of: print(""Go"" + ""No"")",HiGo,OkFun,GoNo,PyNo,C) GoNo,"The + operator concatenates strings, so ""Go"" + ""No"" gives ""GoNo"".",Python,Data Types
What is the output of: print(38 + 24),55,61,58,62,D) 62,"In Python, 38 + 24 evaluates to 62.",Python,Mathematical Operations
What is the output of: print(14 - 30),-17,-19,-16,-13,C) -16,"In Python, 14 - 30 evaluates to -16.",Python,Mathematical Operations
What is the output of: print(35 // 13),1,3,4,2,D) 2,"In Python, 35 // 13 evaluates to 2.",Python,Mathematical Operations
What is the output of: print(33 < 12),None,False,Error,True,B) False,33 < 12 evaluates to False.,Python,Conditions
What is the output of: print(79 > 57),True,False,None,Error,A) True,79 > 57 evaluates to True.,Python,Conditions
What is the output of: print(9 // 47),2,-1,0,1,C) 0,"In Python, 9 // 47 evaluates to 0.",Python,Mathematical Operations
What is the output of: print(82 < 37),True,None,Error,False,D) False,82 < 37 evaluates to False.,Python,Conditions
What is the output of: print(8 + 33),41,39,35,53,A) 41,"In Python, 8 + 33 evaluates to 41.",Python,Mathematical Operations
What is the output of: print(36 > 7),True,False,None,Error,A) True,36 > 7 evaluates to True.,Python,Conditions
What is the output of: print(37 != 34),Error,True,False,None,B) True,37 != 34 evaluates to True.,Python,Conditions
What is the output of: print(86 >= 80),None,True,Error,False,B) True,86 >= 80 evaluates to True.,Python,Conditions
What is the output of: print(16 == 79),Error,None,True,False,D) False,16 == 79 evaluates to False.,Python,Conditions
What is the output of: print(43 > 97),True,None,False,Error,C) False,43 > 97 evaluates to False.,Python,Conditions
What is the output of: print(99 <= 97),False,Error,None,True,A) False,99 <= 97 evaluates to False.,Python,Conditions
What is the output of: print(44 - 34),14,10,6,13,B) 10,"In Python, 44 - 34 evaluates to 10.",Python,Mathematical Operations
What is the output of: print(38 != 92),False,None,True,Error,C) True,38 != 92 evaluates to True.,Python,Conditions
What is the output of: print(29 % 27),3,4,0,2,D) 2,"In Python, 29 % 27 evaluates to 2.",Python,Mathematical Operations
What is the output of: print(35 <= 4),Error,True,False,None,C) False,35 <= 4 evaluates to False.,Python,Conditions
What is the output of: print(2 != 42),Error,None,True,False,C) True,2 != 42 evaluates to True.,Python,Conditions
"What is the output of: print(len(""list""))",7,1,4,3,C) 4,"The string ""list"" has 4 characters, so len() returns 4.",Python,Data Types
What is the output of: print(35 % 34),1,-1,2,3,A) 1,"In Python, 35 % 34 evaluates to 1.",Python,Mathematical Operations
What is the output of: print(4 + 7),14,11,8,13,B) 11,"In Python, 4 + 7 evaluates to 11.",Python,Mathematical Operations
What is the output of: print(45 + 10),68,64,55,62,C) 55,"In Python, 45 + 10 evaluates to 55.",Python,Mathematical Operations
What is the output of: print(35 * 32),968,945,1120,1066,C) 1120,"In Python, 35 * 32 evaluates to 1120.",Python,Mathematical Operations
What is the output of: print(32 < 45),Error,False,True,None,C) True,32 < 45 evaluates to True.,Python,Conditions
What is the output of: print(28 >= 65),False,None,Error,True,A) False,28 >= 65 evaluates to False.,Python,Conditions
What is the output of: print(27 % 31),33,27,34,25,B) 27,"In Python, 27 % 31 evaluates to 27.",Python,Mathematical Operations
What is the output of: print(23 + 21),44,40,32,45,A) 44,"In Python, 23 + 21 evaluates to 44.",Python,Mathematical Operations
What is the output of: print(77 == 53),None,False,True,Error,B) False,77 == 53 evaluates to False.,Python,Conditions
What is the output of: print(62 != 81),False,Error,True,None,C) True,62 != 81 evaluates to True.,Python,Conditions
"What is the output of this code?
total = 0
for i in range(12):
    total += i
print(total)",84,66,79,50,B) 66,"This loop sums integers from 0 to 11, giving 66.",Python,Loops
What is the output of: print(55 >= 22),True,None,False,Error,A) True,55 >= 22 evaluates to True.,Python,Conditions
What is the output of: print(47 >= 91),Error,True,None,False,D) False,47 >= 91 evaluates to False.,Python,Conditions
What is the output of: print(16 <= 15),False,True,None,Error,A) False,16 <= 15 evaluates to False.,Python,Conditions
What is the output of: print(39 * 37),1280,1159,1135,1443,D) 1443,"In Python, 39 * 37 evaluates to 1443.",Python,Mathematical Operations
What is the output of: print(48 // 9),6,5,4,3,B) 5,"In Python, 48 // 9 evaluates to 5.",Python,Mathematical Operations
What is the output of: print(2 - 23),-25,-21,-19,-20,B) -21,"In Python, 2 - 23 evaluates to -21.",Python,Mathematical Operations
What is the output of: print(46 * 20),920,833,691,881,A) 920,"In Python, 46 * 20 evaluates to 920.",Python,Mathematical Operations
What is the output of: print(8 + 10),20,18,13,14,B) 18,"In Python, 8 + 10 evaluates to 18.",Python,Mathematical Operations
What is the output of: print(6 * 38),181,228,271,224,B) 228,"In Python, 6 * 38 evaluates to 228.",Python,Mathematical Operations
What is the output of: print(47 >= 26),Error,None,False,True,D) True,47 >= 26 evaluates to True.,Python,Conditions
What is the output of: print(51 != 47),Error,True,None,False,B) True,51 != 47 evaluates to True.,Python,Conditions
What is the output of: print(20 > 51),None,Error,False,True,C) False,20 > 51 evaluates to False.,Python,Conditions
What is the output of: print(39 + 23),60,53,62,64,C) 62,"In Python, 39 + 23 evaluates to 62.",Python,Mathematical Operations
What is the output of: print(34 != 74),None,False,True,Error,C) True,34 != 74 evaluates to True.,Python,Conditions
What is the output of: print(91 == 29),False,True,None,Error,A) False,91 == 29 evaluates to False.,Python,Conditions
What is the output of: print(18 < 46),True,Error,False,None,A) True,18 < 46 evaluates to True.,Python,Conditions
What is the output of: print(30 != 69),True,Error,None,False,A) True,30 != 69 evaluates to True.,Python,Conditions
What is the output of: print(76 == 75),None,Error,True,False,D) False,76 == 75 evaluates to False.,Python,Conditions
What is the output of: print(6 >= 25),None,False,Error,True,B) False,6 >= 25 evaluates to False.,Python,Conditions
What is the output of: print(8 + 18),26,18,33,19,A) 26,"In Python, 8 + 18 evaluates to 26.",Python,Mathematical Operations
What is the output of: print(30 % 26),2,4,1,5,B) 4,"In Python, 30 % 26 evaluates to 4.",Python,Mathematical Operations
What is the output of: print(12 - 47),-40,-35,-26,-32,B) -35,"In Python, 12 - 47 evaluates to -35.",Python,Mathematical Operations
What is the output of: print(10 <= 93),None,False,True,Error,C) True,10 <= 93 evaluates to True.,Python,Conditions
What is the output of: print(13 - 17),-3,-6,-7,-4,D) -4,"In Python, 13 - 17 evaluates to -4.",Python,Mathematical Operations
What is the output of: print(99 > 57),False,Error,None,True,D) True,99 > 57 evaluates to True.,Python,Conditions
What is the output of: print(17 <= 60),False,True,Error,None,B) True,17 <= 60 evaluates to True.,Python,Conditions
What is the output of: print(21 // 7),2,3,4,5,B) 3,"In Python, 21 // 7 evaluates to 3.",Python,Mathematical Operations
What is the output of: print(27 % 1),1,-2,0,-1,C) 0,"In Python, 27 % 1 evaluates to 0.",Python,Mathematical Operations
What is the output of: print(24 + 29),53,54,60,65,A) 53,"In Python, 24 + 29 evaluates to 53.",Python,Mathematical Operations
What is the output of: print(8 <= 71),None,Error,False,True,D) True,8 <= 71 evaluates to True.,Python,Conditions
What is the output of: print(42 != 97),False,Error,True,None,C) True,42 != 97 evaluates to True.,Python,Conditions
What is the output of: print(77 < 58),Error,None,True,False,D) False,77 < 58 evaluates to False.,Python,Conditions
What is the output of: print(81 != 53),Error,True,False,None,B) True,81 != 53 evaluates to True.,Python,Conditions
What is the output of: print(13 > 92),False,None,True,Error,A) False,13 > 92 evaluates to False.,Python,Conditions
What is the output of: print(38 > 75),None,Error,False,True,C) False,38 > 75 evaluates to False.,Python,Conditions
What is the output of: print(7 % 14),7,8,5,10,A) 7,"In Python, 7 % 14 evaluates to 7.",Python,Mathematical Operations
What is the output of: print(35 > 88),False,Error,None,True,A) False,35 > 88 evaluates to False.,Python,Conditions
What is the output of: print(31 > 82),False,True,Error,None,A) False,31 > 82 evaluates to False.,Python,Conditions
What is the output of: print(9 == 96),False,Error,None,True,A) False,9 == 96 evaluates to False.,Python,Conditions
What is the output of: print(92 >= 23),None,False,True,Error,C) True,92 >= 23 evaluates to True.,Python,Conditions
What is the output of: print(60 == 27),True,False,Error,None,B) False,60 == 27 evaluates to False.,Python,Conditions
What is the output of: print(26 + 22),34,56,40,48,D) 48,"In Python, 26 + 22 evaluates to 48.",Python,Mathematical Operations
What is the output of: print(23 // 20),-1,0,2,1,D) 1,"In Python, 23 // 20 evaluates to 1.",Python,Mathematical Operations
What is the output of: print(12 - 4),6,8,11,4,B) 8,"In Python, 12 - 4 evaluates to 8.",Python,Mathematical Operations
What is the output of: print(2 // 49),-2,0,2,-1,B) 0,"In Python, 2 // 49 evaluates to 0.",Python,Mathematical Operations
What is the output of: print(95 == 39),Error,False,True,None,B) False,95 == 39 evaluates to False.,Python,Conditions
What is the output of: print(26 + 16),42,31,33,35,A) 42,"In Python, 26 + 16 evaluates to 42.",Python,Mathematical Operations
What is the output of: print(46 - 15),37,31,23,32,B) 31,"In Python, 46 - 15 evaluates to 31.",Python,Mathematical Operations
What is the output of: print(33 >= 80),False,True,Error,None,A) False,33 >= 80 evaluates to False.,Python,Conditions
What is the output of: print(22 <= 30),None,False,Error,True,D) True,22 <= 30 evaluates to True.,Python,Conditions
What is the output of: print(10 // 23),2,0,-1,1,B) 0,"In Python, 10 // 23 evaluates to 0.",Python,Mathematical Operations
What is the output of: print(52 <= 59),Error,False,None,True,D) True,52 <= 59 evaluates to True.,Python,Conditions
What is the output of: print(12 % 48),12,13,14,9,A) 12,"In Python, 12 % 48 evaluates to 12.",Python,Mathematical Operations
What is the output of: print(88 != 74),None,True,Error,False,B) True,88 != 74 evaluates to True.,Python,Conditions
What is the output of: print(74 > 39),False,True,None,Error,B) True,74 > 39 evaluates to True.,Python,Conditions
What is the output of: print(49 == 80),None,Error,True,False,D) False,49 == 80 evaluates to False.,Python,Conditions
What is the output of: print(5 * 25),144,142,125,118,C) 125,"In Python, 5 * 25 evaluates to 125.",Python,Mathematical Operations
What is the output of: print(84 > 3),False,None,True,Error,C) True,84 > 3 evaluates to True.,Python,Conditions
What is the output of: print(6 > 14),Error,None,True,False,D) False,6 > 14 evaluates to False.,Python,Conditions
What is the output of: print(55 >= 49),None,True,False,Error,B) True,55 >= 49 evaluates to True.,Python,Conditions
What is the output of: print(71 <= 61),False,Error,None,True,A) False,71 <= 61 evaluates to False.,Python,Conditions
What is the output of: print(17 * 44),572,852,748,917,C) 748,"In Python, 17 * 44 evaluates to 748.",Python,Mathematical Operations
What is the output of: print(49 == 91),Error,False,True,None,B) False,49 == 91 evaluates to False.,Python,Conditions
What is the output of: print(16 * 47),752,672,806,628,A) 752,"In Python, 16 * 47 evaluates to 752.",Python,Mathematical Operations
What is the output of: print(68 <= 77),False,None,Error,True,D) True,68 <= 77 evaluates to True.,Python,Conditions
What is the output of: print(16 + 14),32,23,21,30,D) 30,"In Python, 16 + 14 evaluates to 30.",Python,Mathematical Operations
What is the output of: print(10 < 23),True,False,Error,None,A) True,10 < 23 evaluates to True.,Python,Conditions
What is the output of: print(15 * 34),622,632,528,510,D) 510,"In Python, 15 * 34 evaluates to 510.",Python,Mathematical Operations
What is the output of: print(50 + 32),72,76,63,82,D) 82,"In Python, 50 + 32 evaluates to 82.",Python,Mathematical Operations
What is the output of: print(92 == 56),False,None,Error,True,A) False,92 == 56 evaluates to False.,Python,Conditions
What is the output of: print(4 - 10),-8,-7,-6,-5,C) -6,"In Python, 4 - 10 evaluates to -6.",Python,Mathematical Operations
What is the output of: print(44 + 7),51,53,46,47,A) 51,"In Python, 44 + 7 evaluates to 51.",Python,Mathematical Operations
What is the output of: print(24 - 24),2,0,1,-1,B) 0,"In Python, 24 - 24 evaluates to 0.",Python,Mathematical Operations
What is the output of: print(47 != 11),False,None,Error,True,D) True,47 != 11 evaluates to True.,Python,Conditions
What is the output of: print(7 // 49),-2,0,2,-1,B) 0,"In Python, 7 // 49 evaluates to 0.",Python,Mathematical Operations
What is the output of: print(41 >= 65),Error,False,None,True,B) False,41 >= 65 evaluates to False.,Python,Conditions
What is the output of: print(26 // 20),0,3,1,-1,C) 1,"In Python, 26 // 20 evaluates to 1.",Python,Mathematical Operations
What is the output of: print(84 > 23),None,True,Error,False,B) True,84 > 23 evaluates to True.,Python,Conditions
What is the output of: print(21 * 35),725,735,907,823,B) 735,"In Python, 21 * 35 evaluates to 735.",Python,Mathematical Operations
What is the output of: print(36 == 4),Error,None,True,False,D) False,36 == 4 evaluates to False.,Python,Conditions
What is the output of: print(42 == 61),Error,None,False,True,C) False,42 == 61 evaluates to False.,Python,Conditions
What is the output of: print(6 * 46),323,276,271,307,B) 276,"In Python, 6 * 46 evaluates to 276.",Python,Mathematical Operations
What is the output of: print(47 + 21),50,68,53,56,B) 68,"In Python, 47 + 21 evaluates to 68.",Python,Mathematical Operations
What is the output of: print(47 == 64),False,True,None,Error,A) False,47 == 64 evaluates to False.,Python,Conditions
What is the output of: print(21 - 39),-16,-18,-12,-17,B) -18,"In Python, 21 - 39 evaluates to -18.",Python,Mathematical Operations
What is the output of: print(1 + 19),22,16,20,27,C) 20,"In Python, 1 + 19 evaluates to 20.",Python,Mathematical Operations
"What is the output of: print(len(""function""))",10,8,6,5,B) 8,"The string ""function"" has 8 characters, so len() returns 8.",Python,Data Types
What is the output of: print(21 % 28),14,21,25,26,B) 21,"In Python, 21 % 28 evaluates to 21.",Python,Mathematical Operations
What is the output of: print(7 != 12),Error,False,None,True,D) True,7 != 12 evaluates to True.,Python,Conditions
What is the output of: print(51 <= 70),Error,False,True,None,C) True,51 <= 70 evaluates to True.,Python,Conditions
What is the output of: print(94 == 7),None,True,False,Error,C) False,94 == 7 evaluates to False.,Python,Conditions
What is the output of: print(20 * 27),453,518,431,540,D) 540,"In Python, 20 * 27 evaluates to 540.",Python,Mathematical Operations
What is the output of: print(98 > 89),True,Error,False,None,A) True,98 > 89 evaluates to True.,Python,Conditions
What is the output of: print(14 * 5),61,51,70,75,C) 70,"In Python, 14 * 5 evaluates to 70.",Python,Mathematical Operations
What is the output of: print(2 > 62),Error,None,False,True,C) False,2 > 62 evaluates to False.,Python,Conditions
What is the output of: print(57 == 100),True,False,None,Error,B) False,57 == 100 evaluates to False.,Python,Conditions
What is the output of: print(1 <= 42),None,Error,False,True,D) True,1 <= 42 evaluates to True.,Python,Conditions
What is the output of: print(3 == 39),Error,True,False,None,C) False,3 == 39 evaluates to False.,Python,Conditions
What is the output of: print(61 < 62),True,Error,None,False,A) True,61 < 62 evaluates to True.,Python,Conditions
What is the output of: print(33 % 20),16,18,13,8,C) 13,"In Python, 33 % 20 evaluates to 13.",Python,Mathematical Operations
What is the output of: print(46 <= 91),None,Error,False,True,D) True,46 <= 91 evaluates to True.,Python,Conditions
What is the output of: print(39 + 44),65,83,72,74,B) 83,"In Python, 39 + 44 evaluates to 83.",Python,Mathematical Operations
What is the output of: print(54 >= 43),Error,None,False,True,D) True,54 >= 43 evaluates to True.,Python,Conditions
What is the output of: print(14 % 24),17,13,14,12,C) 14,"In Python, 14 % 24 evaluates to 14.",Python,Mathematical Operations
What is the output of: print(42 % 41),0,3,-1,1,D) 1,"In Python, 42 % 41 evaluates to 1.",Python,Mathematical Operations
What is the output of: print(44 - 26),24,16,18,15,C) 18,"In Python, 44 - 26 evaluates to 18.",Python,Mathematical Operations
What is the output of: print(84 >= 76),None,Error,True,False,C) True,84 >= 76 evaluates to True.,Python,Conditions
What is the output of: print(95 < 81),Error,False,True,None,B) False,95 < 81 evaluates to False.,Python,Conditions
What is the output of: print(17 % 47),21,17,20,12,B) 17,"In Python, 17 % 47 evaluates to 17.",Python,Mathematical Operations
What is the output of: print(2 <= 34),None,False,True,Error,C) True,2 <= 34 evaluates to True.,Python,Conditions
What is the output of: print(43 * 23),1162,1187,989,926,C) 989,"In Python, 43 * 23 evaluates to 989.",Python,Mathematical Operations
What is the output of: print(4 + 40),47,44,42,32,B) 44,"In Python, 4 + 40 evaluates to 44.",Python,Mathematical Operations
What is the output of: print(37 < 82),None,Error,False,True,D) True,37 < 82 evaluates to True.,Python,Conditions
What is the output of: print(40 < 14),True,Error,False,None,C) False,40 < 14 evaluates to False.,Python,Conditions
What is the output of: print(94 >= 49),False,Error,None,True,D) True,94 >= 49 evaluates to True.,Python,Conditions
What is the output of: print(37 - 40),-2,-3,-5,-4,B) -3,"In Python, 37 - 40 evaluates to -3.",Python,Mathematical Operations
What is the output of: print(49 > 71),Error,None,True,False,D) False,49 > 71 evaluates to False.,Python,Conditions
What is the output of: print(36 < 5),Error,False,None,True,B) False,36 < 5 evaluates to False.,Python,Conditions
What is the output of: print(81 > 69),None,False,Error,True,D) True,81 > 69 evaluates to True.,Python,Conditions
What is the output of: print(69 >= 75),None,True,Error,False,D) False,69 >= 75 evaluates to False.,Python,Conditions
What is the output of: print(42 + 39),88,96,81,77,C) 81,"In Python, 42 + 39 evaluates to 81.",Python,Mathematical Operations
What is the output of: print(47 + 5),45,52,42,59,B) 52,"In Python, 47 + 5 evaluates to 52.",Python,Mathematical Operations
What is the output of: print(30 % 40),21,23,28,30,D) 30,"In Python, 30 % 40 evaluates to 30.",Python,Mathematical Operations
What is the output of: print(13 + 48),50,59,70,61,D) 61,"In Python, 13 + 48 evaluates to 61.",Python,Mathematical Operations
What is the output of: print(1 + 33),40,34,32,42,B) 34,"In Python, 1 + 33 evaluates to 34.",Python,Mathematical Operations
What is a float?,A data type representing decimal (floating-point) numbers,A collection of key-value pairs in Python,A data type representing whole numbers,A data type representing a sequence of characters,A) A data type representing decimal (floating-point) numbers,A float is a Python data type used to represent numbers with a decimal point.,Python,Data Types
What is the output of: print(80 != 47),Error,None,True,False,C) True,80 != 47 evaluates to True.,Python,Conditions
What is the output of: print(38 - 33),4,8,5,7,C) 5,"In Python, 38 - 33 evaluates to 5.",Python,Mathematical Operations
What is the output of: print(20 // 44),-1,2,0,-2,C) 0,"In Python, 20 // 44 evaluates to 0.",Python,Mathematical Operations
What is the output of: print(78 <= 12),None,False,Error,True,B) False,78 <= 12 evaluates to False.,Python,Conditions
What is the output of: print(26 * 1),19,26,18,30,B) 26,"In Python, 26 * 1 evaluates to 26.",Python,Mathematical Operations
What is the output of: print(36 + 7),35,54,43,31,C) 43,"In Python, 36 + 7 evaluates to 43.",Python,Mathematical Operations
What is the output of: print(90 >= 5),Error,False,True,None,C) True,90 >= 5 evaluates to True.,Python,Conditions
What is the output of: print(23 * 46),1303,910,1058,987,C) 1058,"In Python, 23 * 46 evaluates to 1058.",Python,Mathematical Operations
What is the output of: print(99 <= 45),True,Error,None,False,D) False,99 <= 45 evaluates to False.,Python,Conditions
What is the output of: print(23 // 28),0,-1,1,-2,A) 0,"In Python, 23 // 28 evaluates to 0.",Python,Mathematical Operations
What is the output of: print(34 * 23),976,843,732,782,D) 782,"In Python, 34 * 23 evaluates to 782.",Python,Mathematical Operations
What is the output of: print(50 * 48),2400,2747,2326,1987,A) 2400,"In Python, 50 * 48 evaluates to 2400.",Python,Mathematical Operations
What is the output of: print(91 != 41),None,True,Error,False,B) True,91 != 41 evaluates to True.,Python,Conditions
What is the output of: print(100 <= 40),True,Error,False,None,C) False,100 <= 40 evaluates to False.,Python,Conditions
What is the output of: print(12 % 32),11,12,13,15,B) 12,"In Python, 12 % 32 evaluates to 12.",Python,Mathematical Operations
What is the output of: print(10 % 50),11,8,12,10,D) 10,"In Python, 10 % 50 evaluates to 10.",Python,Mathematical Operations
What is the output of: print(48 - 3),42,47,45,34,C) 45,"In Python, 48 - 3 evaluates to 45.",Python,Mathematical Operations
What is the output of: print(19 // 22),0,2,-2,1,A) 0,"In Python, 19 // 22 evaluates to 0.",Python,Mathematical Operations
What is the output of: print(35 % 23),12,9,11,14,A) 12,"In Python, 35 % 23 evaluates to 12.",Python,Mathematical Operations
What is the output of: print(12 < 15),False,True,None,Error,B) True,12 < 15 evaluates to True.,Python,Conditions
What is the output of: print(71 <= 60),Error,False,True,None,B) False,71 <= 60 evaluates to False.,Python,Conditions
What is the output of: print(54 != 86),None,True,False,Error,B) True,54 != 86 evaluates to True.,Python,Conditions
What is the output of: print(96 <= 38),False,True,None,Error,A) False,96 <= 38 evaluates to False.,Python,Conditions
What is the output of: print(1 != 72),True,False,None,Error,A) True,1 != 72 evaluates to True.,Python,Conditions
What is the output of: print(81 != 97),True,Error,False,None,A) True,81 != 97 evaluates to True.,Python,Conditions
What is the output of: print(19 // 14),3,1,-1,0,B) 1,"In Python, 19 // 14 evaluates to 1.",Python,Mathematical Operations
What is the output of: print(21 - 38),-19,-22,-17,-11,C) -17,"In Python, 21 - 38 evaluates to -17.",Python,Mathematical Operations
What is the output of: print(79 == 90),Error,True,None,False,D) False,79 == 90 evaluates to False.,Python,Conditions
What is the output of: print(3 >= 90),True,False,None,Error,B) False,3 >= 90 evaluates to False.,Python,Conditions
What is the output of: print(80 < 24),None,True,False,Error,C) False,80 < 24 evaluates to False.,Python,Conditions
What is the output of: print(31 % 4),4,2,5,3,D) 3,"In Python, 31 % 4 evaluates to 3.",Python,Mathematical Operations
What is the output of: print(9 > 70),None,False,Error,True,B) False,9 > 70 evaluates to False.,Python,Conditions
What is the output of: print(50 == 44),Error,False,True,None,B) False,50 == 44 evaluates to False.,Python,Conditions
What is the output of: print(99 != 28),True,None,False,Error,A) True,99 != 28 evaluates to True.,Python,Conditions
What is the output of: print(18 >= 48),True,None,False,Error,C) False,18 >= 48 evaluates to False.,Python,Conditions
What is the output of: print(39 - 6),25,42,37,33,D) 33,"In Python, 39 - 6 evaluates to 33.",Python,Mathematical Operations
What is the output of: print(17 <= 26),Error,False,None,True,D) True,17 <= 26 evaluates to True.,Python,Conditions
What is the output of: print(4 % 42),4,1,5,6,A) 4,"In Python, 4 % 42 evaluates to 4.",Python,Mathematical Operations
What is the output of: print(26 * 27),618,702,679,662,B) 702,"In Python, 26 * 27 evaluates to 702.",Python,Mathematical Operations
"What is the output of: print(""Yes"" + ""Sky"")",GoGo,YesSky,HiOk,PySky,B) YesSky,"The + operator concatenates strings, so ""Yes"" + ""Sky"" gives ""YesSky"".",Python,Data Types
What is the output of: print(46 % 47),33,35,56,46,D) 46,"In Python, 46 % 47 evaluates to 46.",Python,Mathematical Operations
What is the output of: print(3 // 23),0,-1,-2,2,A) 0,"In Python, 3 // 23 evaluates to 0.",Python,Mathematical Operations
What is the output of: print(18 - 17),1,-1,0,3,A) 1,"In Python, 18 - 17 evaluates to 1.",Python,Mathematical Operations
What is the output of: print(26 * 30),890,626,650,780,D) 780,"In Python, 26 * 30 evaluates to 780.",Python,Mathematical Operations
What is the output of: print(25 // 12),0,1,3,2,D) 2,"In Python, 25 // 12 evaluates to 2.",Python,Mathematical Operations
What is the output of: print(42 // 32),1,0,-1,3,A) 1,"In Python, 42 // 32 evaluates to 1.",Python,Mathematical Operations
What is the output of: print(15 != 23),None,False,True,Error,C) True,15 != 23 evaluates to True.,Python,Conditions
What is the output of: print(35 + 37),85,65,72,60,C) 72,"In Python, 35 + 37 evaluates to 72.",Python,Mathematical Operations
What is the output of: print(27 - 16),15,7,10,11,D) 11,"In Python, 27 - 16 evaluates to 11.",Python,Mathematical Operations
"What is the output of: print(""No"" + ""Yes"")",PySun,HiHi,GoSky,NoYes,D) NoYes,"The + operator concatenates strings, so ""No"" + ""Yes"" gives ""NoYes"".",Python,Data Types
What is the output of: print(17 != 2),Error,True,False,None,B) True,17 != 2 evaluates to True.,Python,Conditions
What is the output of: print(95 >= 42),True,Error,None,False,A) True,95 >= 42 evaluates to True.,Python,Conditions
What is the output of: print(35 == 33),None,False,Error,True,B) False,35 == 33 evaluates to False.,Python,Conditions
What is the output of: print(45 != 75),Error,False,True,None,C) True,45 != 75 evaluates to True.,Python,Conditions
What is the output of: print(22 != 98),None,Error,False,True,D) True,22 != 98 evaluates to True.,Python,Conditions
What is the output of: print(42 >= 56),False,True,Error,None,A) False,42 >= 56 evaluates to False.,Python,Conditions
What is the output of: print(34 * 10),340,343,279,382,A) 340,"In Python, 34 * 10 evaluates to 340.",Python,Mathematical Operations
What is the output of: print(50 - 23),28,35,27,22,C) 27,"In Python, 50 - 23 evaluates to 27.",Python,Mathematical Operations
What is the output of: print(46 % 27),13,19,21,23,B) 19,"In Python, 46 % 27 evaluates to 19.",Python,Mathematical Operations
What is the output of: print(26 % 8),2,1,0,4,A) 2,"In Python, 26 % 8 evaluates to 2.",Python,Mathematical Operations
What is the output of: print(43 % 41),2,4,1,3,A) 2,"In Python, 43 % 41 evaluates to 2.",Python,Mathematical Operations
What is the output of: print(29 - 21),9,10,8,4,C) 8,"In Python, 29 - 21 evaluates to 8.",Python,Mathematical Operations
What is the output of: print(15 < 97),True,None,False,Error,A) True,15 < 97 evaluates to True.,Python,Conditions
What is the output of: print(11 > 17),None,True,Error,False,D) False,11 > 17 evaluates to False.,Python,Conditions
What is the output of: print(39 < 29),None,True,False,Error,C) False,39 < 29 evaluates to False.,Python,Conditions
What is the output of: print(98 == 85),False,None,True,Error,A) False,98 == 85 evaluates to False.,Python,Conditions
"What is the output of this code?
total = 0
for i in range(3):
    total += i
print(total)",1,2,3,4,C) 3,"This loop sums integers from 0 to 2, giving 3.",Python,Loops
What is the output of: print(82 > 39),True,None,False,Error,A) True,82 > 39 evaluates to True.,Python,Conditions
What is a function (in Python)?,"A reusable block of code that performs a specific task, defined with 'def'",A conditional statement that executes code only if a condition is true,A data type representing a sequence of characters,A built-in function that generates a sequence of numbers,"A) A reusable block of code that performs a specific task, defined with 'def'","A function in Python is a reusable block of code defined using the 'def' keyword, which performs a specific task.",Python,Functions
"What is the output of: print(len([0, 1, 2, 3, 4, 5, 6, 7]))",6,9,4,8,D) 8,"The list [0, 1, 2, 3, 4, 5, 6, 7] has 8 elements, so len() returns 8.",Python,Lists & Tuples
What is the output of: print(17 == 99),True,None,Error,False,D) False,17 == 99 evaluates to False.,Python,Conditions
What is the output of: print(45 * 11),617,471,495,438,C) 495,"In Python, 45 * 11 evaluates to 495.",Python,Mathematical Operations
What is the output of: print(64 < 2),False,True,Error,None,A) False,64 < 2 evaluates to False.,Python,Conditions
What is the output of: print(56 > 1),False,True,Error,None,B) True,56 > 1 evaluates to True.,Python,Conditions
What is the output of: print(90 >= 43),False,Error,True,None,C) True,90 >= 43 evaluates to True.,Python,Conditions
What is the output of: print(30 > 36),None,True,False,Error,C) False,30 > 36 evaluates to False.,Python,Conditions
What is indentation (in Python)?,A data type representing whole numbers,"A high-level, general-purpose interpreted programming language","Text in code ignored by the interpreter, used for explanations",Whitespace used to define code blocks instead of braces,D) Whitespace used to define code blocks instead of braces,Python uses indentation (whitespace) rather than braces to define the boundaries of code blocks.,Python,Python Basics
What is the output of: print(30 != 13),Error,False,True,None,C) True,30 != 13 evaluates to True.,Python,Conditions
What is the output of: print(53 > 12),True,Error,False,None,A) True,53 > 12 evaluates to True.,Python,Conditions
What is the output of: print(12 % 33),12,15,13,7,A) 12,"In Python, 12 % 33 evaluates to 12.",Python,Mathematical Operations
What is the output of: print(38 + 36),74,85,55,87,A) 74,"In Python, 38 + 36 evaluates to 74.",Python,Mathematical Operations
What is the output of: print(6 != 11),Error,None,False,True,D) True,6 != 11 evaluates to True.,Python,Conditions
What is the output of: print(92 >= 79),True,None,False,Error,A) True,92 >= 79 evaluates to True.,Python,Conditions
What is the output of: print(11 < 66),True,Error,None,False,A) True,11 < 66 evaluates to True.,Python,Conditions
What is the output of: print(66 == 19),Error,False,None,True,B) False,66 == 19 evaluates to False.,Python,Conditions
What is the output of: print(27 - 23),1,4,5,7,B) 4,"In Python, 27 - 23 evaluates to 4.",Python,Mathematical Operations
What is the output of: print(64 != 97),Error,None,True,False,C) True,64 != 97 evaluates to True.,Python,Conditions
What is the output of: print(42 >= 73),None,True,False,Error,C) False,42 >= 73 evaluates to False.,Python,Conditions
What is the output of: print(60 < 9),Error,None,False,True,C) False,60 < 9 evaluates to False.,Python,Conditions
What is the output of: print(2 < 77),False,None,Error,True,D) True,2 < 77 evaluates to True.,Python,Conditions
What is the output of: print(26 % 37),24,26,29,34,B) 26,"In Python, 26 % 37 evaluates to 26.",Python,Mathematical Operations
What is the output of: print(98 > 24),False,True,None,Error,B) True,98 > 24 evaluates to True.,Python,Conditions
What is the output of: print(38 * 2),76,63,74,80,A) 76,"In Python, 38 * 2 evaluates to 76.",Python,Mathematical Operations
What is the output of: print(98 <= 100),None,False,True,Error,C) True,98 <= 100 evaluates to True.,Python,Conditions
What is the output of: print(9 + 44),59,53,46,47,B) 53,"In Python, 9 + 44 evaluates to 53.",Python,Mathematical Operations
What is the output of: print(20 - 36),-14,-16,-20,-18,B) -16,"In Python, 20 - 36 evaluates to -16.",Python,Mathematical Operations
What is the output of: print(30 - 24),6,5,3,8,A) 6,"In Python, 30 - 24 evaluates to 6.",Python,Mathematical Operations
What is the output of: print(7 == 6),Error,True,None,False,D) False,7 == 6 evaluates to False.,Python,Conditions
What is the output of: print(56 >= 79),False,True,Error,None,A) False,56 >= 79 evaluates to False.,Python,Conditions
What is the output of: print(51 > 17),False,None,True,Error,C) True,51 > 17 evaluates to True.,Python,Conditions
What is the output of: print(25 * 39),835,975,916,1085,B) 975,"In Python, 25 * 39 evaluates to 975.",Python,Mathematical Operations
What is the output of: print(40 // 16),2,1,0,4,A) 2,"In Python, 40 // 16 evaluates to 2.",Python,Mathematical Operations
What is the output of: print(31 >= 25),False,Error,None,True,D) True,31 >= 25 evaluates to True.,Python,Conditions
What is the output of: print(78 < 2),False,Error,True,None,A) False,78 < 2 evaluates to False.,Python,Conditions
What is the output of: print(1 + 23),21,24,18,20,B) 24,"In Python, 1 + 23 evaluates to 24.",Python,Mathematical Operations
What is the output of: print(35 % 38),42,45,26,35,D) 35,"In Python, 35 % 38 evaluates to 35.",Python,Mathematical Operations
What is the output of: print(7 < 45),True,None,False,Error,A) True,7 < 45 evaluates to True.,Python,Conditions
"What is the output of: print(""Py"" + ""Sun"")",GoPy,HiAI,OkFun,PySun,D) PySun,"The + operator concatenates strings, so ""Py"" + ""Sun"" gives ""PySun"".",Python,Data Types
Which of the following best describes a list?,"A reusable block of code that performs a specific task, defined with 'def'","An ordered, mutable collection of items in Python",A built-in function that returns the number of items in an object,A data type representing a sequence of characters,"B) An ordered, mutable collection of items in Python","A list is an ordered, mutable collection of items in Python, defined using square brackets.",Python,Lists & Tuples
What is the output of: print(89 != 65),False,Error,True,None,C) True,89 != 65 evaluates to True.,Python,Conditions
What is the output of: print(28 % 17),11,9,10,12,A) 11,"In Python, 28 % 17 evaluates to 11.",Python,Mathematical Operations
What is the output of: print(16 + 26),32,42,34,44,B) 42,"In Python, 16 + 26 evaluates to 42.",Python,Mathematical Operations
What is the output of: print(47 // 34),-1,1,0,3,B) 1,"In Python, 47 // 34 evaluates to 1.",Python,Mathematical Operations
What is the output of: print(32 != 11),True,False,None,Error,A) True,32 != 11 evaluates to True.,Python,Conditions
What is the output of: print(36 % 25),14,11,10,8,B) 11,"In Python, 36 % 25 evaluates to 11.",Python,Mathematical Operations
What is the output of: print(50 < 100),None,True,Error,False,B) True,50 < 100 evaluates to True.,Python,Conditions
What is the output of: print(58 < 59),None,True,Error,False,B) True,58 < 59 evaluates to True.,Python,Conditions
What is the output of: print(48 % 42),5,7,6,3,C) 6,"In Python, 48 % 42 evaluates to 6.",Python,Mathematical Operations
What is the output of: print(22 != 97),False,True,None,Error,B) True,22 != 97 evaluates to True.,Python,Conditions
What is the output of: print(50 % 5),0,2,-2,1,A) 0,"In Python, 50 % 5 evaluates to 0.",Python,Mathematical Operations
What is the output of: print(58 != 95),Error,False,True,None,C) True,58 != 95 evaluates to True.,Python,Conditions
What is the output of: print(13 <= 71),True,Error,False,None,A) True,13 <= 71 evaluates to True.,Python,Conditions
What is the output of: print(73 != 90),None,Error,False,True,D) True,73 != 90 evaluates to True.,Python,Conditions
What is the output of: print(23 - 7),11,16,14,13,B) 16,"In Python, 23 - 7 evaluates to 16.",Python,Mathematical Operations
What is the output of: print(83 < 49),Error,True,False,None,C) False,83 < 49 evaluates to False.,Python,Conditions
What is the output of: print(45 % 46),54,45,36,32,B) 45,"In Python, 45 % 46 evaluates to 45.",Python,Mathematical Operations
What is the output of: print(84 != 57),Error,None,True,False,C) True,84 != 57 evaluates to True.,Python,Conditions
What is the output of: print(41 <= 26),False,Error,True,None,A) False,41 <= 26 evaluates to False.,Python,Conditions
What is the output of: print(93 >= 73),Error,False,None,True,D) True,93 >= 73 evaluates to True.,Python,Conditions
What is the output of: print(4 // 41),0,-1,1,-2,A) 0,"In Python, 4 // 41 evaluates to 0.",Python,Mathematical Operations
What is the output of: print(36 <= 12),True,False,None,Error,B) False,36 <= 12 evaluates to False.,Python,Conditions
What is the output of: print(28 <= 42),False,None,Error,True,D) True,28 <= 42 evaluates to True.,Python,Conditions
What is the output of: print(4 != 81),True,False,Error,None,A) True,4 != 81 evaluates to True.,Python,Conditions
"What is the output of: print(""Go"" + ""Yes"")",GoYes,OkAI,HiHi,PyNo,A) GoYes,"The + operator concatenates strings, so ""Go"" + ""Yes"" gives ""GoYes"".",Python,Data Types
What is the output of: print(19 * 40),786,706,685,760,D) 760,"In Python, 19 * 40 evaluates to 760.",Python,Mathematical Operations
What is the output of: print(45 * 21),945,740,857,1134,A) 945,"In Python, 45 * 21 evaluates to 945.",Python,Mathematical Operations
What is the output of: print(19 * 20),296,384,380,432,C) 380,"In Python, 19 * 20 evaluates to 380.",Python,Mathematical Operations
What is the output of: print(65 < 29),None,Error,True,False,D) False,65 < 29 evaluates to False.,Python,Conditions
What is the output of: print(23 != 40),None,Error,True,False,C) True,23 != 40 evaluates to True.,Python,Conditions
What is the output of: print(22 <= 29),None,Error,True,False,C) True,22 <= 29 evaluates to True.,Python,Conditions
What is the output of: print(27 % 48),26,24,27,32,C) 27,"In Python, 27 % 48 evaluates to 27.",Python,Mathematical Operations
What is the output of: print(1 < 8),None,Error,True,False,C) True,1 < 8 evaluates to True.,Python,Conditions
What is the output of: print(38 * 25),971,950,718,959,B) 950,"In Python, 38 * 25 evaluates to 950.",Python,Mathematical Operations
What is the output of: print(40 - 29),8,11,14,13,B) 11,"In Python, 40 - 29 evaluates to 11.",Python,Mathematical Operations
What is the output of: print(32 - 28),7,3,1,4,D) 4,"In Python, 32 - 28 evaluates to 4.",Python,Mathematical Operations
What is the output of: print(2 * 1),2,1,3,0,A) 2,"In Python, 2 * 1 evaluates to 2.",Python,Mathematical Operations
"What is the output of: print(""Fun"" + ""Ok"")",FunOk,GoPy,HiYes,PySun,A) FunOk,"The + operator concatenates strings, so ""Fun"" + ""Ok"" gives ""FunOk"".",Python,Data Types
What is the output of: print(34 // 47),-1,-2,0,1,C) 0,"In Python, 34 // 47 evaluates to 0.",Python,Mathematical Operations
What is the output of: print(32 + 27),58,56,44,59,D) 59,"In Python, 32 + 27 evaluates to 59.",Python,Mathematical Operations
What is the output of: print(43 // 45),-1,2,-2,0,D) 0,"In Python, 43 // 45 evaluates to 0.",Python,Mathematical Operations
What is the output of: print(1 + 3),4,7,3,2,A) 4,"In Python, 1 + 3 evaluates to 4.",Python,Mathematical Operations
What is the output of: print(28 % 23),8,5,3,4,B) 5,"In Python, 28 % 23 evaluates to 5.",Python,Mathematical Operations
What is the output of: print(4 - 44),-35,-40,-45,-36,B) -40,"In Python, 4 - 44 evaluates to -40.",Python,Mathematical Operations
What is the output of: print(37 // 46),2,-2,0,1,C) 0,"In Python, 37 // 46 evaluates to 0.",Python,Mathematical Operations
What is the output of: print(22 + 43),65,61,80,79,A) 65,"In Python, 22 + 43 evaluates to 65.",Python,Mathematical Operations
What is the output of: print(47 - 12),43,37,35,40,C) 35,"In Python, 47 - 12 evaluates to 35.",Python,Mathematical Operations
What is the output of: print(48 + 14),69,62,50,64,B) 62,"In Python, 48 + 14 evaluates to 62.",Python,Mathematical Operations
What is the output of: print(6 + 38),45,44,43,53,B) 44,"In Python, 6 + 38 evaluates to 44.",Python,Mathematical Operations
What is the output of: print(75 < 72),Error,False,None,True,B) False,75 < 72 evaluates to False.,Python,Conditions
What is the output of: print(98 != 86),True,Error,False,None,A) True,98 != 86 evaluates to True.,Python,Conditions
What is the output of: print(21 + 9),22,36,30,24,C) 30,"In Python, 21 + 9 evaluates to 30.",Python,Mathematical Operations
What is the output of: print(26 > 35),None,True,False,Error,C) False,26 > 35 evaluates to False.,Python,Conditions
What is the output of: print(96 == 74),True,None,False,Error,C) False,96 == 74 evaluates to False.,Python,Conditions
"What is the output of this code?
total = 0
for i in range(15):
    total += i
print(total)",90,113,105,80,C) 105,"This loop sums integers from 0 to 14, giving 105.",Python,Loops
What is the output of: print(16 % 19),13,16,22,19,B) 16,"In Python, 16 % 19 evaluates to 16.",Python,Mathematical Operations
What is the output of: print(12 < 89),Error,False,True,None,C) True,12 < 89 evaluates to True.,Python,Conditions
What is the output of: print(3 * 21),67,78,63,60,C) 63,"In Python, 3 * 21 evaluates to 63.",Python,Mathematical Operations
What is the output of: print(80 > 85),False,True,Error,None,A) False,80 > 85 evaluates to False.,Python,Conditions
What is the output of: print(3 * 45),135,131,124,139,A) 135,"In Python, 3 * 45 evaluates to 135.",Python,Mathematical Operations
What is the output of: print(28 - 21),5,7,8,4,B) 7,"In Python, 28 - 21 evaluates to 7.",Python,Mathematical Operations
What is the output of: print(65 <= 88),Error,False,True,None,C) True,65 <= 88 evaluates to True.,Python,Conditions
What is the output of: print(20 * 42),840,932,752,741,A) 840,"In Python, 20 * 42 evaluates to 840.",Python,Mathematical Operations
What is the output of: print(19 % 32),19,22,25,16,A) 19,"In Python, 19 % 32 evaluates to 19.",Python,Mathematical Operations
What is the output of: print(14 * 36),399,504,470,609,B) 504,"In Python, 14 * 36 evaluates to 504.",Python,Mathematical Operations
What is the output of: print(34 < 81),None,False,True,Error,C) True,34 < 81 evaluates to True.,Python,Conditions
What is the output of: print(20 + 48),59,71,68,52,C) 68,"In Python, 20 + 48 evaluates to 68.",Python,Mathematical Operations
What is the output of: print(31 >= 93),Error,False,None,True,B) False,31 >= 93 evaluates to False.,Python,Conditions
What is the output of: print(11 - 25),-13,-14,-17,-10,B) -14,"In Python, 11 - 25 evaluates to -14.",Python,Mathematical Operations
What is the output of: print(18 < 23),None,True,Error,False,B) True,18 < 23 evaluates to True.,Python,Conditions
What is the output of: print(15 + 21),37,36,43,38,B) 36,"In Python, 15 + 21 evaluates to 36.",Python,Mathematical Operations
What is the output of: print(86 != 8),Error,None,False,True,D) True,86 != 8 evaluates to True.,Python,Conditions
What is the output of: print(42 // 50),2,-2,1,0,D) 0,"In Python, 42 // 50 evaluates to 0.",Python,Mathematical Operations
What is the output of: print(68 > 85),Error,None,True,False,D) False,68 > 85 evaluates to False.,Python,Conditions
What is the output of: print(43 * 29),1268,1142,1392,1247,D) 1247,"In Python, 43 * 29 evaluates to 1247.",Python,Mathematical Operations
What is the output of: print(37 % 18),-1,1,0,3,B) 1,"In Python, 37 % 18 evaluates to 1.",Python,Mathematical Operations
What is the output of: print(6 + 45),42,56,49,51,D) 51,"In Python, 6 + 45 evaluates to 51.",Python,Mathematical Operations
What is the output of: print(27 % 17),6,7,14,10,D) 10,"In Python, 27 % 17 evaluates to 10.",Python,Mathematical Operations
What is the output of: print(38 - 23),15,14,13,19,A) 15,"In Python, 38 - 23 evaluates to 15.",Python,Mathematical Operations
What is the output of: print(43 + 31),92,60,74,55,C) 74,"In Python, 43 + 31 evaluates to 74.",Python,Mathematical Operations
What is the output of: print(80 <= 93),True,Error,False,None,A) True,80 <= 93 evaluates to True.,Python,Conditions
What is the output of: print(81 != 6),True,None,False,Error,A) True,81 != 6 evaluates to True.,Python,Conditions
What is the output of: print(74 >= 31),None,Error,True,False,C) True,74 >= 31 evaluates to True.,Python,Conditions
What is the output of: print(60 > 8),Error,False,None,True,D) True,60 > 8 evaluates to True.,Python,Conditions
What is the output of: print(12 % 19),9,12,11,10,B) 12,"In Python, 12 % 19 evaluates to 12.",Python,Mathematical Operations
"What is the output of: print(len(""variable""))",9,5,8,6,C) 8,"The string ""variable"" has 8 characters, so len() returns 8.",Python,Data Types
What is the output of: print(36 * 3),108,106,95,131,A) 108,"In Python, 36 * 3 evaluates to 108.",Python,Mathematical Operations
What is the output of: print(57 >= 64),Error,True,None,False,D) False,57 >= 64 evaluates to False.,Python,Conditions
What is the output of: print(49 // 29),0,-1,1,3,C) 1,"In Python, 49 // 29 evaluates to 1.",Python,Mathematical Operations
What is the output of: print(2 % 5),3,1,2,0,C) 2,"In Python, 2 % 5 evaluates to 2.",Python,Mathematical Operations
What is the output of: print(8 % 8),2,-1,-2,0,D) 0,"In Python, 8 % 8 evaluates to 0.",Python,Mathematical Operations
What is the output of: print(4 + 16),13,24,20,21,C) 20,"In Python, 4 + 16 evaluates to 20.",Python,Mathematical Operations
What is the output of: print(25 // 41),-2,0,-1,1,B) 0,"In Python, 25 // 41 evaluates to 0.",Python,Mathematical Operations
What is the output of: print(48 + 15),53,51,63,72,C) 63,"In Python, 48 + 15 evaluates to 63.",Python,Mathematical Operations
What is the output of: print(41 * 27),1107,1364,1031,1113,A) 1107,"In Python, 41 * 27 evaluates to 1107.",Python,Mathematical Operations
What is the output of: print(19 + 46),62,79,64,65,D) 65,"In Python, 19 + 46 evaluates to 65.",Python,Mathematical Operations
What is the output of: print(39 == 60),True,Error,False,None,C) False,39 == 60 evaluates to False.,Python,Conditions
What is the output of: print(33 == 9),Error,False,True,None,B) False,33 == 9 evaluates to False.,Python,Conditions
What is the output of: print(40 + 33),73,57,88,67,A) 73,"In Python, 40 + 33 evaluates to 73.",Python,Mathematical Operations
What is the output of: print(89 > 99),Error,None,False,True,C) False,89 > 99 evaluates to False.,Python,Conditions
What is the output of: print(23 * 45),903,885,933,1035,D) 1035,"In Python, 23 * 45 evaluates to 1035.",Python,Mathematical Operations
What is the output of: print(24 - 46),-21,-22,-17,-27,B) -22,"In Python, 24 - 46 evaluates to -22.",Python,Mathematical Operations
What is the output of: print(62 == 82),Error,None,True,False,D) False,62 == 82 evaluates to False.,Python,Conditions
What is the output of: print(9 >= 75),True,False,None,Error,B) False,9 >= 75 evaluates to False.,Python,Conditions
What is the output of: print(22 <= 67),True,None,False,Error,A) True,22 <= 67 evaluates to True.,Python,Conditions
What is the output of: print(32 + 7),34,39,38,49,B) 39,"In Python, 32 + 7 evaluates to 39.",Python,Mathematical Operations
What is the output of: print(79 != 84),None,False,True,Error,C) True,79 != 84 evaluates to True.,Python,Conditions
What is the output of: print(83 != 52),Error,None,True,False,C) True,83 != 52 evaluates to True.,Python,Conditions
What is the output of: print(63 <= 6),True,False,Error,None,B) False,63 <= 6 evaluates to False.,Python,Conditions
What is the output of: print(32 < 99),None,True,False,Error,B) True,32 < 99 evaluates to True.,Python,Conditions
What is the output of: print(14 % 35),12,14,9,10,B) 14,"In Python, 14 % 35 evaluates to 14.",Python,Mathematical Operations
What is the output of: print(12 + 50),45,62,70,73,B) 62,"In Python, 12 + 50 evaluates to 62.",Python,Mathematical Operations
What is the output of: print(35 - 17),14,16,23,18,D) 18,"In Python, 35 - 17 evaluates to 18.",Python,Mathematical Operations
What is the output of: print(83 <= 91),True,Error,False,None,A) True,83 <= 91 evaluates to True.,Python,Conditions
What is the output of: print(32 + 43),59,89,75,92,C) 75,"In Python, 32 + 43 evaluates to 75.",Python,Mathematical Operations
What is the output of: print(15 % 15),1,2,0,-2,C) 0,"In Python, 15 % 15 evaluates to 0.",Python,Mathematical Operations
What is the output of: print(99 > 27),None,Error,True,False,C) True,99 > 27 evaluates to True.,Python,Conditions
What is the output of: print(17 < 39),None,False,Error,True,D) True,17 < 39 evaluates to True.,Python,Conditions
What is the output of: print(20 - 45),-19,-30,-21,-25,D) -25,"In Python, 20 - 45 evaluates to -25.",Python,Mathematical Operations
What is the output of: print(81 < 69),False,None,Error,True,A) False,81 < 69 evaluates to False.,Python,Conditions
What is the output of: print(36 % 17),3,0,2,4,C) 2,"In Python, 36 % 17 evaluates to 2.",Python,Mathematical Operations
What is the output of: print(50 - 45),3,5,4,2,B) 5,"In Python, 50 - 45 evaluates to 5.",Python,Mathematical Operations
What is the output of: print(13 % 6),0,1,-1,3,B) 1,"In Python, 13 % 6 evaluates to 1.",Python,Mathematical Operations
What is the output of: print(45 <= 55),True,False,Error,None,A) True,45 <= 55 evaluates to True.,Python,Conditions
What is the output of: print(18 % 44),18,24,19,15,A) 18,"In Python, 18 % 44 evaluates to 18.",Python,Mathematical Operations
What is the output of: print(24 % 7),3,2,1,4,A) 3,"In Python, 24 % 7 evaluates to 3.",Python,Mathematical Operations
What is the output of: print(26 + 1),27,20,24,22,A) 27,"In Python, 26 + 1 evaluates to 27.",Python,Mathematical Operations
What is the output of: print(48 == 40),None,False,Error,True,B) False,48 == 40 evaluates to False.,Python,Conditions
What is the output of: print(48 * 19),999,912,719,804,B) 912,"In Python, 48 * 19 evaluates to 912.",Python,Mathematical Operations
What is the output of: print(18 < 73),False,Error,True,None,C) True,18 < 73 evaluates to True.,Python,Conditions
What is the output of: print(74 == 85),False,Error,None,True,A) False,74 == 85 evaluates to False.,Python,Conditions
What is the output of: print(43 < 46),False,Error,True,None,C) True,43 < 46 evaluates to True.,Python,Conditions
What is the output of: print(75 < 63),False,True,Error,None,A) False,75 < 63 evaluates to False.,Python,Conditions
What is the output of: print(2 == 44),False,Error,True,None,A) False,2 == 44 evaluates to False.,Python,Conditions
What is the output of: print(38 != 41),True,False,Error,None,A) True,38 != 41 evaluates to True.,Python,Conditions
What is the output of: print(17 % 25),18,21,17,23,C) 17,"In Python, 17 % 25 evaluates to 17.",Python,Mathematical Operations
What is the output of: print(39 != 60),True,False,Error,None,A) True,39 != 60 evaluates to True.,Python,Conditions
What is the output of: print(26 // 50),0,-2,1,2,A) 0,"In Python, 26 // 50 evaluates to 0.",Python,Mathematical Operations
What is the output of: print(42 < 5),True,Error,None,False,D) False,42 < 5 evaluates to False.,Python,Conditions
What is the output of: print(21 >= 27),False,None,Error,True,A) False,21 >= 27 evaluates to False.,Python,Conditions
What is the output of: print(39 - 17),22,28,29,16,A) 22,"In Python, 39 - 17 evaluates to 22.",Python,Mathematical Operations
What is the output of: print(25 <= 64),Error,True,False,None,B) True,25 <= 64 evaluates to True.,Python,Conditions
What is the output of: print(39 // 4),7,11,9,8,C) 9,"In Python, 39 // 4 evaluates to 9.",Python,Mathematical Operations
What is the output of: print(17 - 33),-18,-10,-16,-12,C) -16,"In Python, 17 - 33 evaluates to -16.",Python,Mathematical Operations
What is the output of: print(16 != 25),False,True,Error,None,B) True,16 != 25 evaluates to True.,Python,Conditions
What is the output of: print(49 // 39),3,-1,1,2,C) 1,"In Python, 49 // 39 evaluates to 1.",Python,Mathematical Operations
What is the output of: print(23 >= 67),Error,None,False,True,C) False,23 >= 67 evaluates to False.,Python,Conditions
What is the output of: print(16 <= 25),Error,True,None,False,B) True,16 <= 25 evaluates to True.,Python,Conditions
What is the output of: print(2 // 39),2,-2,-1,0,D) 0,"In Python, 2 // 39 evaluates to 0.",Python,Mathematical Operations
What is the output of: print(21 <= 1),False,True,Error,None,A) False,21 <= 1 evaluates to False.,Python,Conditions
What is a variable (in Python)?,A named location used to store a value in memory,A classification that specifies what kind of value a variable holds,"A blueprint for creating objects, defining their properties and behavior",A built-in function that generates a sequence of numbers,A) A named location used to store a value in memory,A variable in Python is a named reference used to store and refer to a value in memory.,Python,Variables
What is the output of: print(32 % 13),6,9,7,5,A) 6,"In Python, 32 % 13 evaluates to 6.",Python,Mathematical Operations
What is the output of: print(30 * 41),1488,1498,1197,1230,D) 1230,"In Python, 30 * 41 evaluates to 1230.",Python,Mathematical Operations
"What is the output of: print(""Sky"" + ""No"")",SkyNo,GoHi,PyNo,HiAI,A) SkyNo,"The + operator concatenates strings, so ""Sky"" + ""No"" gives ""SkyNo"".",Python,Data Types
What is the output of: print(23 != 23),True,None,False,Error,C) False,23 != 23 evaluates to False.,Python,Conditions
What is the output of: print(75 != 15),False,Error,None,True,D) True,75 != 15 evaluates to True.,Python,Conditions
What is the output of: print(7 // 3),4,3,2,0,C) 2,"In Python, 7 // 3 evaluates to 2.",Python,Mathematical Operations
What is the output of: print(48 - 41),7,8,4,9,A) 7,"In Python, 48 - 41 evaluates to 7.",Python,Mathematical Operations
"What is the output of: print(""Sky"" + ""Ok"")",PyNo,SkyOk,HiPy,GoAI,B) SkyOk,"The + operator concatenates strings, so ""Sky"" + ""Ok"" gives ""SkyOk"".",Python,Data Types
What is the output of: print(1 % 47),-1,1,0,2,B) 1,"In Python, 1 % 47 evaluates to 1.",Python,Mathematical Operations
What is the output of: print(33 + 28),54,61,74,46,B) 61,"In Python, 33 + 28 evaluates to 61.",Python,Mathematical Operations
What is the output of: print(27 >= 77),Error,False,None,True,B) False,27 >= 77 evaluates to False.,Python,Conditions
What is the output of: print(40 % 12),4,7,3,6,A) 4,"In Python, 40 % 12 evaluates to 4.",Python,Mathematical Operations
What is the output of: print(36 // 4),11,13,9,6,C) 9,"In Python, 36 // 4 evaluates to 9.",Python,Mathematical Operations
What is the output of: print(30 + 3),29,33,32,26,B) 33,"In Python, 30 + 3 evaluates to 33.",Python,Mathematical Operations
What is the output of: print(68 <= 52),False,Error,None,True,A) False,68 <= 52 evaluates to False.,Python,Conditions
What is the output of: print(23 * 33),759,950,778,573,A) 759,"In Python, 23 * 33 evaluates to 759.",Python,Mathematical Operations
What is the output of: print(11 >= 4),Error,False,None,True,D) True,11 >= 4 evaluates to True.,Python,Conditions
What is the output of: print(73 > 39),True,False,Error,None,A) True,73 > 39 evaluates to True.,Python,Conditions
What is the output of: print(37 == 53),False,True,None,Error,A) False,37 == 53 evaluates to False.,Python,Conditions
What is the output of: print(12 * 26),360,259,310,312,D) 312,"In Python, 12 * 26 evaluates to 312.",Python,Mathematical Operations
What is the output of: print(64 >= 40),None,Error,False,True,D) True,64 >= 40 evaluates to True.,Python,Conditions
What is the output of: print(17 + 28),38,52,41,45,D) 45,"In Python, 17 + 28 evaluates to 45.",Python,Mathematical Operations
What is the output of: print(16 - 42),-26,-32,-29,-30,A) -26,"In Python, 16 - 42 evaluates to -26.",Python,Mathematical Operations
What is the output of: print(42 + 41),92,78,83,86,C) 83,"In Python, 42 + 41 evaluates to 83.",Python,Mathematical Operations
What is the output of: print(16 * 21),325,257,306,336,D) 336,"In Python, 16 * 21 evaluates to 336.",Python,Mathematical Operations
What is the output of: print(37 - 6),36,31,32,24,B) 31,"In Python, 37 - 6 evaluates to 31.",Python,Mathematical Operations
What is the output of: print(41 % 30),14,7,13,11,D) 11,"In Python, 41 % 30 evaluates to 11.",Python,Mathematical Operations
"What is the output of: print(""No"" + ""Go"")",HiAI,PyNo,NoGo,GoSky,C) NoGo,"The + operator concatenates strings, so ""No"" + ""Go"" gives ""NoGo"".",Python,Data Types
What is the output of: print(32 * 36),1110,1128,1152,1224,C) 1152,"In Python, 32 * 36 evaluates to 1152.",Python,Mathematical Operations
What is the output of: print(5 - 49),-55,-44,-34,-49,B) -44,"In Python, 5 - 49 evaluates to -44.",Python,Mathematical Operations
What is the output of: print(9 % 48),8,12,9,7,C) 9,"In Python, 9 % 48 evaluates to 9.",Python,Mathematical Operations
"What is the output of this code?
total = 0
for i in range(20):
    total += i
print(total)",194,190,171,158,B) 190,"This loop sums integers from 0 to 19, giving 190.",Python,Loops
What is the output of: print(67 <= 23),True,False,Error,None,B) False,67 <= 23 evaluates to False.,Python,Conditions
What is the output of: print(1 * 49),38,36,37,49,D) 49,"In Python, 1 * 49 evaluates to 49.",Python,Mathematical Operations
"What is the output of: print(len([0, 1, 2, 3, 4, 5, 6, 7, 8, 9, 10]))",9,8,11,13,C) 11,"The list [0, 1, 2, 3, 4, 5, 6, 7, 8, 9, 10] has 11 elements, so len() returns 11.",Python,Lists & Tuples
What is the output of: print(32 == 4),True,None,False,Error,C) False,32 == 4 evaluates to False.,Python,Conditions
What is the output of: print(91 < 9),None,Error,True,False,D) False,91 < 9 evaluates to False.,Python,Conditions
What is the output of: print(7 % 10),6,7,8,9,B) 7,"In Python, 7 % 10 evaluates to 7.",Python,Mathematical Operations
What is the output of: print(39 + 8),49,34,47,45,C) 47,"In Python, 39 + 8 evaluates to 47.",Python,Mathematical Operations
What is the output of: print(94 == 6),False,True,Error,None,A) False,94 == 6 evaluates to False.,Python,Conditions
What is the output of: print(90 <= 28),False,True,Error,None,A) False,90 <= 28 evaluates to False.,Python,Conditions
What is the output of: print(16 // 17),0,-2,-1,1,A) 0,"In Python, 16 // 17 evaluates to 0.",Python,Mathematical Operations
What is the output of: print(10 % 2),0,2,1,-1,A) 0,"In Python, 10 % 2 evaluates to 0.",Python,Mathematical Operations
What is the output of: print(44 - 27),19,17,16,14,B) 17,"In Python, 44 - 27 evaluates to 17.",Python,Mathematical Operations
What is the output of: print(92 < 96),None,True,False,Error,B) True,92 < 96 evaluates to True.,Python,Conditions
What is the output of: print(11 + 42),64,53,51,45,B) 53,"In Python, 11 + 42 evaluates to 53.",Python,Mathematical Operations
What is the output of: print(49 != 80),None,False,Error,True,D) True,49 != 80 evaluates to True.,Python,Conditions
What is the output of: print(33 == 5),None,Error,False,True,C) False,33 == 5 evaluates to False.,Python,Conditions
What is the output of: print(19 % 12),7,4,8,9,A) 7,"In Python, 19 % 12 evaluates to 7.",Python,Mathematical Operations
What is the output of: print(15 + 46),56,49,61,73,C) 61,"In Python, 15 + 46 evaluates to 61.",Python,Mathematical Operations
What is the output of: print(27 != 6),None,Error,True,False,C) True,27 != 6 evaluates to True.,Python,Conditions
What is the output of: print(63 >= 92),False,None,Error,True,A) False,63 >= 92 evaluates to False.,Python,Conditions
What is the output of: print(41 == 97),False,None,True,Error,A) False,41 == 97 evaluates to False.,Python,Conditions
What is the output of: print(49 % 44),8,2,5,3,C) 5,"In Python, 49 % 44 evaluates to 5.",Python,Mathematical Operations
What is the output of: print(84 <= 44),False,True,None,Error,A) False,84 <= 44 evaluates to False.,Python,Conditions
What is the output of: print(96 <= 16),True,Error,False,None,C) False,96 <= 16 evaluates to False.,Python,Conditions
What is the output of: print(25 % 21),4,2,1,3,A) 4,"In Python, 25 % 21 evaluates to 4.",Python,Mathematical Operations
What is the output of: print(29 // 2),19,16,14,9,C) 14,"In Python, 29 // 2 evaluates to 14.",Python,Mathematical Operations
What is the output of: print(49 // 44),-1,2,3,1,D) 1,"In Python, 49 // 44 evaluates to 1.",Python,Mathematical Operations
What is the output of: print(74 > 71),True,Error,False,None,A) True,74 > 71 evaluates to True.,Python,Conditions
What is the output of: print(43 // 26),1,-1,2,3,A) 1,"In Python, 43 // 26 evaluates to 1.",Python,Mathematical Operations
What is the output of: print(22 == 53),False,None,Error,True,A) False,22 == 53 evaluates to False.,Python,Conditions
What is the output of: print(18 - 25),-7,-6,-8,-9,A) -7,"In Python, 18 - 25 evaluates to -7.",Python,Mathematical Operations
What is the output of: print(42 == 18),Error,None,False,True,C) False,42 == 18 evaluates to False.,Python,Conditions
What is the output of: print(47 * 16),604,899,645,752,D) 752,"In Python, 47 * 16 evaluates to 752.",Python,Mathematical Operations
What is the output of: print(30 % 17),14,9,18,13,D) 13,"In Python, 30 % 17 evaluates to 13.",Python,Mathematical Operations
"What is the output of: print(""Yes"" + ""Ok"")",GoNo,PyGo,HiGo,YesOk,D) YesOk,"The + operator concatenates strings, so ""Yes"" + ""Ok"" gives ""YesOk"".",Python,Data Types
What is the output of: print(37 % 21),14,13,16,17,C) 16,"In Python, 37 % 21 evaluates to 16.",Python,Mathematical Operations
What is the output of: print(31 == 45),Error,False,True,None,B) False,31 == 45 evaluates to False.,Python,Conditions
What is the output of: print(36 + 31),56,67,82,68,B) 67,"In Python, 36 + 31 evaluates to 67.",Python,Mathematical Operations
What is the output of: print(47 + 8),51,70,66,55,D) 55,"In Python, 47 + 8 evaluates to 55.",Python,Mathematical Operations
What is the output of: print(100 >= 7),False,None,Error,True,D) True,100 >= 7 evaluates to True.,Python,Conditions
What is the output of: print(1 > 19),Error,False,True,None,B) False,1 > 19 evaluates to False.,Python,Conditions
What is the output of: print(67 <= 50),True,Error,False,None,C) False,67 <= 50 evaluates to False.,Python,Conditions
What is the output of: print(7 > 30),None,True,Error,False,D) False,7 > 30 evaluates to False.,Python,Conditions
What is the output of: print(41 <= 48),True,None,False,Error,A) True,41 <= 48 evaluates to True.,Python,Conditions
What is the output of: print(27 - 15),12,17,15,16,A) 12,"In Python, 27 - 15 evaluates to 12.",Python,Mathematical Operations
What is the output of: print(96 >= 22),Error,False,None,True,D) True,96 >= 22 evaluates to True.,Python,Conditions
What is the output of: print(29 - 13),12,15,20,16,D) 16,"In Python, 29 - 13 evaluates to 16.",Python,Mathematical Operations
What is the output of: print(35 - 32),1,3,4,5,B) 3,"In Python, 35 - 32 evaluates to 3.",Python,Mathematical Operations
What is the output of: print(14 // 18),0,1,-1,-2,A) 0,"In Python, 14 // 18 evaluates to 0.",Python,Mathematical Operations
"What is the output of: print(""Sky"" + ""Sun"")",SkySun,PyAI,GoFun,HiSky,A) SkySun,"The + operator concatenates strings, so ""Sky"" + ""Sun"" gives ""SkySun"".",Python,Data Types
What is the output of: print(83 > 55),False,Error,None,True,D) True,83 > 55 evaluates to True.,Python,Conditions
What is the output of: print(23 % 23),-2,-1,1,0,D) 0,"In Python, 23 % 23 evaluates to 0.",Python,Mathematical Operations
What is the output of: print(66 > 24),False,None,True,Error,C) True,66 > 24 evaluates to True.,Python,Conditions
What is the output of: print(49 != 28),None,True,Error,False,B) True,49 != 28 evaluates to True.,Python,Conditions
What is the output of: print(29 * 33),1097,1172,957,1016,C) 957,"In Python, 29 * 33 evaluates to 957.",Python,Mathematical Operations
What is the output of: print(26 + 14),40,35,48,32,A) 40,"In Python, 26 + 14 evaluates to 40.",Python,Mathematical Operations
What is the output of: print(6 // 32),-2,0,2,1,B) 0,"In Python, 6 // 32 evaluates to 0.",Python,Mathematical Operations
What is the output of: print(71 >= 50),Error,None,True,False,C) True,71 >= 50 evaluates to True.,Python,Conditions
What is the output of: print(64 <= 38),True,None,Error,False,D) False,64 <= 38 evaluates to False.,Python,Conditions
What is the output of: print(25 * 20),495,615,415,500,D) 500,"In Python, 25 * 20 evaluates to 500.",Python,Mathematical Operations
What is the output of: print(25 - 44),-20,-15,-24,-19,D) -19,"In Python, 25 - 44 evaluates to -19.",Python,Mathematical Operations
What is the output of: print(61 == 80),False,Error,None,True,A) False,61 == 80 evaluates to False.,Python,Conditions
What is a Python module?,A data type representing a sequence of characters,An operator used to perform mathematical calculations,A file containing Python code that can be imported and reused,"Text in code ignored by the interpreter, used for explanations",C) A file containing Python code that can be imported and reused,"A module is a file containing Python code (functions, classes, variables) that can be imported and reused in other programs.",Python,Python Basics
What is the output of: print(85 > 31),True,Error,False,None,A) True,85 > 31 evaluates to True.,Python,Conditions
What is the output of: print(98 >= 72),True,Error,False,None,A) True,98 >= 72 evaluates to True.,Python,Conditions
What is the output of: print(70 != 83),None,Error,True,False,C) True,70 != 83 evaluates to True.,Python,Conditions
What is the output of: print(51 == 28),None,True,Error,False,D) False,51 == 28 evaluates to False.,Python,Conditions
What is the output of: print(1 // 23),-2,-1,1,0,D) 0,"In Python, 1 // 23 evaluates to 0.",Python,Mathematical Operations
What is the output of: print(48 * 1),46,55,48,59,C) 48,"In Python, 48 * 1 evaluates to 48.",Python,Mathematical Operations
What is the output of: print(59 > 56),Error,True,False,None,B) True,59 > 56 evaluates to True.,Python,Conditions
What is the output of: print(5 + 4),7,8,9,10,C) 9,"In Python, 5 + 4 evaluates to 9.",Python,Mathematical Operations
What is the output of: print(28 % 6),2,5,7,4,D) 4,"In Python, 28 % 6 evaluates to 4.",Python,Mathematical Operations
What is the output of: print(22 <= 83),Error,True,False,None,B) True,22 <= 83 evaluates to True.,Python,Conditions
What is the output of: print(79 != 66),Error,None,False,True,D) True,79 != 66 evaluates to True.,Python,Conditions
What is the output of: print(51 > 37),None,False,True,Error,C) True,51 > 37 evaluates to True.,Python,Conditions
What is the output of: print(26 <= 92),None,False,True,Error,C) True,26 <= 92 evaluates to True.,Python,Conditions
What is the output of: print(59 < 5),Error,None,True,False,D) False,59 < 5 evaluates to False.,Python,Conditions
What is the output of: print(69 <= 56),Error,None,False,True,C) False,69 <= 56 evaluates to False.,Python,Conditions
What is the output of: print(82 > 71),Error,None,False,True,D) True,82 > 71 evaluates to True.,Python,Conditions
What is the output of: print(40 - 30),12,11,13,10,D) 10,"In Python, 40 - 30 evaluates to 10.",Python,Mathematical Operations
What is the output of: print(2 + 49),54,37,64,51,D) 51,"In Python, 2 + 49 evaluates to 51.",Python,Mathematical Operations
What is the output of: print(76 >= 23),Error,None,True,False,C) True,76 >= 23 evaluates to True.,Python,Conditions
What is the output of: print(25 + 42),82,67,68,71,B) 67,"In Python, 25 + 42 evaluates to 67.",Python,Mathematical Operations
What is the output of: print(4 - 24),-17,-25,-20,-13,C) -20,"In Python, 4 - 24 evaluates to -20.",Python,Mathematical Operations
What is the output of: print(45 * 17),958,765,877,618,B) 765,"In Python, 45 * 17 evaluates to 765.",Python,Mathematical Operations
What is the output of: print(8 // 5),0,3,-1,1,D) 1,"In Python, 8 // 5 evaluates to 1.",Python,Mathematical Operations
What is the output of: print(23 + 33),72,43,56,69,C) 56,"In Python, 23 + 33 evaluates to 56.",Python,Mathematical Operations
What is the output of: print(58 > 65),Error,None,False,True,C) False,58 > 65 evaluates to False.,Python,Conditions
What is the output of: print(41 + 46),68,84,87,95,C) 87,"In Python, 41 + 46 evaluates to 87.",Python,Mathematical Operations
"What is the output of: print(""AI"" + ""Go"")",PyAI,GoSun,AIGo,HiHi,C) AIGo,"The + operator concatenates strings, so ""AI"" + ""Go"" gives ""AIGo"".",Python,Data Types
What is the output of: print(22 <= 76),Error,False,True,None,C) True,22 <= 76 evaluates to True.,Python,Conditions
"What is the output of this code?
total = 0
for i in range(19):
    total += i
print(total)",209,144,181,171,D) 171,"This loop sums integers from 0 to 18, giving 171.",Python,Loops
What is the output of: print(47 // 7),7,6,3,4,B) 6,"In Python, 47 // 7 evaluates to 6.",Python,Mathematical Operations
What is the output of: print(67 >= 28),False,None,True,Error,C) True,67 >= 28 evaluates to True.,Python,Conditions
What is the output of: print(59 > 93),Error,True,False,None,C) False,59 > 93 evaluates to False.,Python,Conditions
What is the output of: print(51 >= 37),None,Error,False,True,D) True,51 >= 37 evaluates to True.,Python,Conditions
What is the output of: print(29 + 6),28,32,44,35,D) 35,"In Python, 29 + 6 evaluates to 35.",Python,Mathematical Operations
What is the output of: print(35 - 6),26,37,25,29,D) 29,"In Python, 35 - 6 evaluates to 29.",Python,Mathematical Operations
What is the output of: print(24 * 45),1080,1217,1206,1307,A) 1080,"In Python, 24 * 45 evaluates to 1080.",Python,Mathematical Operations
What is the output of: print(69 > 94),Error,None,True,False,D) False,69 > 94 evaluates to False.,Python,Conditions
What is the output of: print(29 + 15),34,46,48,44,D) 44,"In Python, 29 + 15 evaluates to 44.",Python,Mathematical Operations
What is the output of: print(12 <= 91),True,Error,False,None,A) True,12 <= 91 evaluates to True.,Python,Conditions
What is the output of: print(91 == 1),None,Error,True,False,D) False,91 == 1 evaluates to False.,Python,Conditions
What is the output of: print(26 <= 75),Error,True,False,None,B) True,26 <= 75 evaluates to True.,Python,Conditions
What is the output of: print(19 * 48),912,1017,851,734,A) 912,"In Python, 19 * 48 evaluates to 912.",Python,Mathematical Operations
What is the output of: print(47 % 5),1,0,4,2,D) 2,"In Python, 47 % 5 evaluates to 2.",Python,Mathematical Operations
What is the output of: print(36 >= 16),False,True,Error,None,B) True,36 >= 16 evaluates to True.,Python,Conditions
What is the output of: print(51 > 14),Error,None,True,False,C) True,51 > 14 evaluates to True.,Python,Conditions
What is the output of: print(35 % 11),2,0,3,4,A) 2,"In Python, 35 % 11 evaluates to 2.",Python,Mathematical Operations
What is the output of: print(38 // 17),1,4,2,3,C) 2,"In Python, 38 // 17 evaluates to 2.",Python,Mathematical Operations
What is the output of: print(44 - 12),33,35,32,42,C) 32,"In Python, 44 - 12 evaluates to 32.",Python,Mathematical Operations
What is the output of: print(21 * 37),824,777,765,864,B) 777,"In Python, 21 * 37 evaluates to 777.",Python,Mathematical Operations
What is the output of: print(37 // 26),2,3,0,1,D) 1,"In Python, 37 // 26 evaluates to 1.",Python,Mathematical Operations
What is the output of: print(38 <= 5),None,False,True,Error,B) False,38 <= 5 evaluates to False.,Python,Conditions
What is the output of: print(73 == 58),True,None,Error,False,D) False,73 == 58 evaluates to False.,Python,Conditions
What is the output of: print(1 >= 56),False,None,Error,True,A) False,1 >= 56 evaluates to False.,Python,Conditions
What is the output of: print(36 != 96),Error,False,None,True,D) True,36 != 96 evaluates to True.,Python,Conditions
What is the output of: print(99 < 7),False,Error,True,None,A) False,99 < 7 evaluates to False.,Python,Conditions
What is the output of: print(13 == 34),False,None,True,Error,A) False,13 == 34 evaluates to False.,Python,Conditions
What is the output of: print(13 < 63),Error,None,True,False,C) True,13 < 63 evaluates to True.,Python,Conditions
What is the output of: print(40 - 21),22,19,25,23,B) 19,"In Python, 40 - 21 evaluates to 19.",Python,Mathematical Operations
What is the output of: print(37 < 100),True,Error,None,False,A) True,37 < 100 evaluates to True.,Python,Conditions
What is the output of: print(58 < 93),None,True,False,Error,B) True,58 < 93 evaluates to True.,Python,Conditions
What is the output of: print(44 // 30),0,-1,1,3,C) 1,"In Python, 44 // 30 evaluates to 1.",Python,Mathematical Operations
What is the output of: print(93 == 29),False,None,True,Error,A) False,93 == 29 evaluates to False.,Python,Conditions
What is the output of: print(68 > 68),Error,None,False,True,C) False,68 > 68 evaluates to False.,Python,Conditions
What is the output of: print(1 <= 46),True,Error,False,None,A) True,1 <= 46 evaluates to True.,Python,Conditions
"What is the output of this code?
total = 0
for i in range(8):
    total += i
print(total)",28,22,35,26,A) 28,"This loop sums integers from 0 to 7, giving 28.",Python,Loops
What is the output of: print(10 % 44),12,14,8,10,D) 10,"In Python, 10 % 44 evaluates to 10.",Python,Mathematical Operations
What is the output of: print(47 + 18),59,65,63,47,B) 65,"In Python, 47 + 18 evaluates to 65.",Python,Mathematical Operations
What is the output of: print(30 * 33),1065,914,875,990,D) 990,"In Python, 30 * 33 evaluates to 990.",Python,Mathematical Operations
What is the output of: print(9 + 39),36,35,60,48,D) 48,"In Python, 9 + 39 evaluates to 48.",Python,Mathematical Operations
What is the output of: print(31 // 39),-1,0,-2,2,B) 0,"In Python, 31 // 39 evaluates to 0.",Python,Mathematical Operations
What is the output of: print(62 >= 20),Error,None,True,False,C) True,62 >= 20 evaluates to True.,Python,Conditions
What is the output of: print(21 + 36),52,58,57,44,C) 57,"In Python, 21 + 36 evaluates to 57.",Python,Mathematical Operations
What is the output of: print(63 < 99),False,None,True,Error,C) True,63 < 99 evaluates to True.,Python,Conditions
What is the output of: print(13 // 10),-1,1,2,0,B) 1,"In Python, 13 // 10 evaluates to 1.",Python,Mathematical Operations
What is the output of: print(23 != 50),False,Error,True,None,C) True,23 != 50 evaluates to True.,Python,Conditions
What is the output of: print(14 < 50),Error,False,None,True,D) True,14 < 50 evaluates to True.,Python,Conditions
What is the output of: print(42 * 4),157,129,164,168,D) 168,"In Python, 42 * 4 evaluates to 168.",Python,Mathematical Operations
What is the output of: print(30 + 25),51,55,53,66,B) 55,"In Python, 30 + 25 evaluates to 55.",Python,Mathematical Operations
What is the output of: print(45 * 24),1046,914,1043,1080,D) 1080,"In Python, 45 * 24 evaluates to 1080.",Python,Mathematical Operations
What is the output of: print(23 >= 44),False,Error,True,None,A) False,23 >= 44 evaluates to False.,Python,Conditions
"What is the output of: print(""Sky"" + ""Go"")",HiGo,SkyGo,GoYes,PySky,B) SkyGo,"The + operator concatenates strings, so ""Sky"" + ""Go"" gives ""SkyGo"".",Python,Data Types
What is the output of: print(27 < 69),Error,None,True,False,C) True,27 < 69 evaluates to True.,Python,Conditions
What is the output of: print(71 > 8),False,True,None,Error,B) True,71 > 8 evaluates to True.,Python,Conditions
What is the output of: print(33 - 31),0,3,1,2,D) 2,"In Python, 33 - 31 evaluates to 2.",Python,Mathematical Operations
What is the output of: print(33 // 26),1,2,0,-1,A) 1,"In Python, 33 // 26 evaluates to 1.",Python,Mathematical Operations
What is the output of: print(44 + 6),50,39,37,47,A) 50,"In Python, 44 + 6 evaluates to 50.",Python,Mathematical Operations
What is the output of: print(14 % 20),13,11,9,14,D) 14,"In Python, 14 % 20 evaluates to 14.",Python,Mathematical Operations
What is the output of: print(46 - 38),10,6,8,4,C) 8,"In Python, 46 - 38 evaluates to 8.",Python,Mathematical Operations
What is the output of: print(7 * 33),231,221,287,227,A) 231,"In Python, 7 * 33 evaluates to 231.",Python,Mathematical Operations
What is the output of: print(24 % 18),9,8,6,7,C) 6,"In Python, 24 % 18 evaluates to 6.",Python,Mathematical Operations
What is the output of: print(50 > 98),False,True,Error,None,A) False,50 > 98 evaluates to False.,Python,Conditions
What is the output of: print(47 != 21),True,False,Error,None,A) True,47 != 21 evaluates to True.,Python,Conditions
What is the output of: print(71 == 73),Error,True,None,False,D) False,71 == 73 evaluates to False.,Python,Conditions
What is the output of: print(21 * 11),231,211,203,256,A) 231,"In Python, 21 * 11 evaluates to 231.",Python,Mathematical Operations
What is the output of: print(45 - 6),43,42,32,39,D) 39,"In Python, 45 - 6 evaluates to 39.",Python,Mathematical Operations
What is the output of: print(35 % 32),2,5,3,1,C) 3,"In Python, 35 % 32 evaluates to 3.",Python,Mathematical Operations
What is the output of: print(38 + 32),58,61,63,70,D) 70,"In Python, 38 + 32 evaluates to 70.",Python,Mathematical Operations
What is the output of: print(31 // 3),10,13,6,11,A) 10,"In Python, 31 // 3 evaluates to 10.",Python,Mathematical Operations
What is the output of: print(94 <= 94),True,False,Error,None,A) True,94 <= 94 evaluates to True.,Python,Conditions
What is the output of: print(4 % 35),2,4,6,3,B) 4,"In Python, 4 % 35 evaluates to 4.",Python,Mathematical Operations
What is the output of: print(19 + 6),29,31,33,25,D) 25,"In Python, 19 + 6 evaluates to 25.",Python,Mathematical Operations
What is the output of: print(72 == 92),Error,None,True,False,D) False,72 == 92 evaluates to False.,Python,Conditions
What is the output of: print(40 % 20),0,1,-2,2,A) 0,"In Python, 40 % 20 evaluates to 0.",Python,Mathematical Operations
What is the output of: print(35 % 3),2,3,4,1,A) 2,"In Python, 35 % 3 evaluates to 2.",Python,Mathematical Operations
What is the output of: print(16 // 47),0,-1,-2,1,A) 0,"In Python, 16 // 47 evaluates to 0.",Python,Mathematical Operations
What is the output of: print(8 + 1),6,13,9,5,C) 9,"In Python, 8 + 1 evaluates to 9.",Python,Mathematical Operations
What is the output of: print(35 * 19),648,710,665,773,C) 665,"In Python, 35 * 19 evaluates to 665.",Python,Mathematical Operations
What is the output of: print(14 - 25),-15,-11,-12,-9,B) -11,"In Python, 14 - 25 evaluates to -11.",Python,Mathematical Operations
What is the output of: print(11 > 29),Error,True,None,False,D) False,11 > 29 evaluates to False.,Python,Conditions
What is the output of: print(21 >= 37),False,Error,None,True,A) False,21 >= 37 evaluates to False.,Python,Conditions
What is the output of: print(96 < 19),None,True,False,Error,C) False,96 < 19 evaluates to False.,Python,Conditions
What is the output of: print(33 // 31),3,1,-1,2,B) 1,"In Python, 33 // 31 evaluates to 1.",Python,Mathematical Operations
What is the output of: print(32 * 31),1232,992,1137,1023,B) 992,"In Python, 32 * 31 evaluates to 992.",Python,Mathematical Operations
What is the output of: print(26 // 13),1,4,3,2,D) 2,"In Python, 26 // 13 evaluates to 2.",Python,Mathematical Operations
What is the output of: print(4 <= 92),False,None,Error,True,D) True,4 <= 92 evaluates to True.,Python,Conditions
What is the output of: print(90 == 18),Error,True,False,None,C) False,90 == 18 evaluates to False.,Python,Conditions
What is the output of: print(23 - 32),-13,-8,-11,-9,D) -9,"In Python, 23 - 32 evaluates to -9.",Python,Mathematical Operations
What is the output of: print(1 != 33),Error,None,False,True,D) True,1 != 33 evaluates to True.,Python,Conditions
What is the output of: print(1 // 37),1,0,2,-2,B) 0,"In Python, 1 // 37 evaluates to 0.",Python,Mathematical Operations
What is the output of: print(34 * 40),1654,1172,1360,1258,C) 1360,"In Python, 34 * 40 evaluates to 1360.",Python,Mathematical Operations
What is the output of: print(61 <= 24),Error,False,True,None,B) False,61 <= 24 evaluates to False.,Python,Conditions
What is the output of: print(42 > 78),None,False,Error,True,B) False,42 > 78 evaluates to False.,Python,Conditions
What is the output of: print(86 > 63),True,None,Error,False,A) True,86 > 63 evaluates to True.,Python,Conditions
What is the output of: print(33 // 47),1,-1,2,0,D) 0,"In Python, 33 // 47 evaluates to 0.",Python,Mathematical Operations
What is the output of: print(33 % 11),0,-1,2,1,A) 0,"In Python, 33 % 11 evaluates to 0.",Python,Mathematical Operations
What is the output of: print(4 // 23),-1,2,0,1,C) 0,"In Python, 4 // 23 evaluates to 0.",Python,Mathematical Operations
What is the output of: print(47 + 31),88,67,78,70,C) 78,"In Python, 47 + 31 evaluates to 78.",Python,Mathematical Operations
What is the output of: print(21 // 30),0,1,-2,2,A) 0,"In Python, 21 // 30 evaluates to 0.",Python,Mathematical Operations
What is the output of: print(24 // 33),-1,1,2,0,D) 0,"In Python, 24 // 33 evaluates to 0.",Python,Mathematical Operations
What is the output of: print(2 - 45),-50,-51,-43,-38,C) -43,"In Python, 2 - 45 evaluates to -43.",Python,Mathematical Operations
What is the output of: print(44 + 10),60,50,42,54,D) 54,"In Python, 44 + 10 evaluates to 54.",Python,Mathematical Operations
What is the output of: print(74 >= 83),True,None,Error,False,D) False,74 >= 83 evaluates to False.,Python,Conditions
What is the output of: print(46 // 19),2,0,3,1,A) 2,"In Python, 46 // 19 evaluates to 2.",Python,Mathematical Operations
What is the output of: print(10 - 1),9,7,5,11,A) 9,"In Python, 10 - 1 evaluates to 9.",Python,Mathematical Operations
What is the output of: print(5 + 22),26,28,27,29,C) 27,"In Python, 5 + 22 evaluates to 27.",Python,Mathematical Operations
What is the output of: print(44 != 86),Error,True,None,False,B) True,44 != 86 evaluates to True.,Python,Conditions
What is the output of: print(78 < 72),Error,True,False,None,C) False,78 < 72 evaluates to False.,Python,Conditions
What is the output of: print(15 != 65),True,None,False,Error,A) True,15 != 65 evaluates to True.,Python,Conditions
What is the output of: print(50 <= 73),True,Error,False,None,A) True,50 <= 73 evaluates to True.,Python,Conditions
What is the output of: print(11 - 49),-46,-33,-40,-38,D) -38,"In Python, 11 - 49 evaluates to -38.",Python,Mathematical Operations
What is the output of: print(60 < 64),Error,True,None,False,B) True,60 < 64 evaluates to True.,Python,Conditions
What is the output of: print(27 == 43),None,True,False,Error,C) False,27 == 43 evaluates to False.,Python,Conditions
What is the output of: print(63 >= 89),False,Error,None,True,A) False,63 >= 89 evaluates to False.,Python,Conditions
What is the output of: print(39 != 6),Error,None,False,True,D) True,39 != 6 evaluates to True.,Python,Conditions
What is the output of: print(72 == 4),None,Error,False,True,C) False,72 == 4 evaluates to False.,Python,Conditions
What is the output of: print(41 != 16),None,Error,False,True,D) True,41 != 16 evaluates to True.,Python,Conditions
What is the output of: print(12 // 36),-2,0,-1,1,B) 0,"In Python, 12 // 36 evaluates to 0.",Python,Mathematical Operations
What is the output of: print(25 - 5),14,25,21,20,D) 20,"In Python, 25 - 5 evaluates to 20.",Python,Mathematical Operations
What is the output of: print(76 > 14),None,True,Error,False,B) True,76 > 14 evaluates to True.,Python,Conditions
What is the output of: print(38 == 73),False,Error,None,True,A) False,38 == 73 evaluates to False.,Python,Conditions
What is the output of: print(32 - 25),7,8,5,10,A) 7,"In Python, 32 - 25 evaluates to 7.",Python,Mathematical Operations
What is the output of: print(3 == 33),False,Error,True,None,A) False,3 == 33 evaluates to False.,Python,Conditions
What is the output of: print(19 >= 32),None,True,Error,False,D) False,19 >= 32 evaluates to False.,Python,Conditions
What is the output of: print(27 * 30),647,810,828,752,B) 810,"In Python, 27 * 30 evaluates to 810.",Python,Mathematical Operations
What is the output of: print(25 % 44),17,25,19,29,B) 25,"In Python, 25 % 44 evaluates to 25.",Python,Mathematical Operations
What is the output of: print(8 - 39),-31,-23,-29,-35,A) -31,"In Python, 8 - 39 evaluates to -31.",Python,Mathematical Operations
What is the output of: print(91 <= 36),None,False,Error,True,B) False,91 <= 36 evaluates to False.,Python,Conditions
What is the output of: print(32 + 10),42,44,52,37,A) 42,"In Python, 32 + 10 evaluates to 42.",Python,Mathematical Operations
What is the output of: print(80 >= 69),False,Error,True,None,C) True,80 >= 69 evaluates to True.,Python,Conditions
What is the output of: print(69 == 27),Error,True,None,False,D) False,69 == 27 evaluates to False.,Python,Conditions
What is the output of: print(20 + 21),39,53,41,45,C) 41,"In Python, 20 + 21 evaluates to 41.",Python,Mathematical Operations
What is the output of: print(14 == 63),Error,True,False,None,C) False,14 == 63 evaluates to False.,Python,Conditions
What is the output of: print(24 * 19),441,409,545,456,D) 456,"In Python, 24 * 19 evaluates to 456.",Python,Mathematical Operations
What is the output of: print(73 > 45),True,Error,False,None,A) True,73 > 45 evaluates to True.,Python,Conditions
What is the output of: print(36 >= 2),True,False,None,Error,A) True,36 >= 2 evaluates to True.,Python,Conditions
What is the output of: print(7 * 23),164,192,148,161,D) 161,"In Python, 7 * 23 evaluates to 161.",Python,Mathematical Operations
What is the output of: print(4 % 36),7,1,5,4,D) 4,"In Python, 4 % 36 evaluates to 4.",Python,Mathematical Operations
What is the output of: print(11 >= 74),False,True,None,Error,A) False,11 >= 74 evaluates to False.,Python,Conditions
What is the output of: print(58 > 82),None,True,False,Error,C) False,58 > 82 evaluates to False.,Python,Conditions
What is the output of: print(70 < 39),None,True,False,Error,C) False,70 < 39 evaluates to False.,Python,Conditions
What is the output of: print(71 != 83),None,True,False,Error,B) True,71 != 83 evaluates to True.,Python,Conditions
What is the output of: print(42 // 41),2,1,0,-1,B) 1,"In Python, 42 // 41 evaluates to 1.",Python,Mathematical Operations
What is the output of: print(25 * 9),184,206,246,225,D) 225,"In Python, 25 * 9 evaluates to 225.",Python,Mathematical Operations
"What is the output of: print(""Yes"" + ""No"")",PySky,YesNo,GoFun,HiYes,B) YesNo,"The + operator concatenates strings, so ""Yes"" + ""No"" gives ""YesNo"".",Python,Data Types
What is the output of: print(30 - 8),29,17,22,18,C) 22,"In Python, 30 - 8 evaluates to 22.",Python,Mathematical Operations
What is the output of: print(80 != 51),None,False,True,Error,C) True,80 != 51 evaluates to True.,Python,Conditions
What is the output of: print(50 <= 35),True,None,False,Error,C) False,50 <= 35 evaluates to False.,Python,Conditions
What is the output of: print(91 <= 28),False,None,True,Error,A) False,91 <= 28 evaluates to False.,Python,Conditions
What is the output of: print(35 >= 62),None,Error,False,True,C) False,35 >= 62 evaluates to False.,Python,Conditions
What is the output of: print(36 + 11),54,42,58,47,D) 47,"In Python, 36 + 11 evaluates to 47.",Python,Mathematical Operations
What is the output of: print(47 // 21),1,3,2,0,C) 2,"In Python, 47 // 21 evaluates to 2.",Python,Mathematical Operations
What is the output of: print(40 < 90),False,Error,True,None,C) True,40 < 90 evaluates to True.,Python,Conditions
What is the output of: print(23 >= 48),None,Error,True,False,D) False,23 >= 48 evaluates to False.,Python,Conditions
What is the output of: print(40 + 42),82,75,69,99,A) 82,"In Python, 40 + 42 evaluates to 82.",Python,Mathematical Operations
What is the output of: print(29 == 27),Error,True,False,None,C) False,29 == 27 evaluates to False.,Python,Conditions
What is the output of: print(42 * 39),2031,1340,1992,1638,D) 1638,"In Python, 42 * 39 evaluates to 1638.",Python,Mathematical Operations
What is the output of: print(43 == 29),None,True,Error,False,D) False,43 == 29 evaluates to False.,Python,Conditions
What is the output of: print(23 // 25),-2,0,-1,1,B) 0,"In Python, 23 // 25 evaluates to 0.",Python,Mathematical Operations
What is the output of: print(87 < 36),Error,False,None,True,B) False,87 < 36 evaluates to False.,Python,Conditions
What is the output of: print(49 == 46),True,None,False,Error,C) False,49 == 46 evaluates to False.,Python,Conditions
What is the output of: print(42 >= 98),Error,False,None,True,B) False,42 >= 98 evaluates to False.,Python,Conditions
What is the output of: print(64 != 71),None,False,Error,True,D) True,64 != 71 evaluates to True.,Python,Conditions
"What is the output of: print(""Ok"" + ""Hi"")",GoAI,OkHi,HiSky,PyGo,B) OkHi,"The + operator concatenates strings, so ""Ok"" + ""Hi"" gives ""OkHi"".",Python,Data Types
What is the output of: print(87 != 65),Error,False,None,True,D) True,87 != 65 evaluates to True.,Python,Conditions
What is the output of: print(43 * 2),103,70,72,86,D) 86,"In Python, 43 * 2 evaluates to 86.",Python,Mathematical Operations
What is the output of: print(37 + 24),46,61,50,71,B) 61,"In Python, 37 + 24 evaluates to 61.",Python,Mathematical Operations
What is the output of: print(33 < 8),True,False,Error,None,B) False,33 < 8 evaluates to False.,Python,Conditions
What is the output of: print(33 + 6),39,47,31,34,A) 39,"In Python, 33 + 6 evaluates to 39.",Python,Mathematical Operations
What is the output of: print(27 % 24),1,5,3,4,C) 3,"In Python, 27 % 24 evaluates to 3.",Python,Mathematical Operations
What is the output of: print(5 % 29),5,7,4,8,A) 5,"In Python, 5 % 29 evaluates to 5.",Python,Mathematical Operations
What is the output of: print(8 == 3),None,True,False,Error,C) False,8 == 3 evaluates to False.,Python,Conditions
What is the output of: print(82 < 62),None,False,True,Error,B) False,82 < 62 evaluates to False.,Python,Conditions
"What is the output of: print(len(""dictionary""))",11,8,10,13,C) 10,"The string ""dictionary"" has 10 characters, so len() returns 10.",Python,Data Types
What is the output of: print(59 != 10),Error,False,None,True,D) True,59 != 10 evaluates to True.,Python,Conditions
What is the output of: print(37 // 33),2,3,0,1,D) 1,"In Python, 37 // 33 evaluates to 1.",Python,Mathematical Operations
What is the output of: print(38 != 6),None,False,True,Error,C) True,38 != 6 evaluates to True.,Python,Conditions
What is the output of: print(22 // 50),-1,1,-2,0,D) 0,"In Python, 22 // 50 evaluates to 0.",Python,Mathematical Operations
What is the output of: print(33 - 34),1,-3,-1,-2,C) -1,"In Python, 33 - 34 evaluates to -1.",Python,Mathematical Operations
What is the output of: print(11 > 100),None,True,Error,False,D) False,11 > 100 evaluates to False.,Python,Conditions
What is the output of: print(30 // 21),3,0,1,2,C) 1,"In Python, 30 // 21 evaluates to 1.",Python,Mathematical Operations
What is the output of: print(9 != 44),None,Error,True,False,C) True,9 != 44 evaluates to True.,Python,Conditions
What is the output of: print(6 // 19),1,-1,0,2,C) 0,"In Python, 6 // 19 evaluates to 0.",Python,Mathematical Operations
"What is the output of: print(len([0, 1, 2, 3, 4, 5, 6]))",4,7,9,10,B) 7,"The list [0, 1, 2, 3, 4, 5, 6] has 7 elements, so len() returns 7.",Python,Lists & Tuples
What is the output of: print(19 * 23),437,369,379,330,A) 437,"In Python, 19 * 23 evaluates to 437.",Python,Mathematical Operations
What is the output of: print(51 == 90),False,Error,None,True,A) False,51 == 90 evaluates to False.,Python,Conditions
What is the output of: print(62 != 82),None,Error,False,True,D) True,62 != 82 evaluates to True.,Python,Conditions
What is the output of: print(59 == 71),True,False,Error,None,B) False,59 == 71 evaluates to False.,Python,Conditions
What is the output of: print(54 < 10),True,False,Error,None,B) False,54 < 10 evaluates to False.,Python,Conditions
What is the output of: print(46 // 6),8,7,4,9,B) 7,"In Python, 46 // 6 evaluates to 7.",Python,Mathematical Operations
What is the output of: print(74 <= 38),Error,None,True,False,D) False,74 <= 38 evaluates to False.,Python,Conditions
What is the output of: print(22 == 55),True,Error,False,None,C) False,22 == 55 evaluates to False.,Python,Conditions
What is the output of: print(28 * 34),931,952,954,783,B) 952,"In Python, 28 * 34 evaluates to 952.",Python,Mathematical Operations
What is the output of: print(65 >= 95),False,None,True,Error,A) False,65 >= 95 evaluates to False.,Python,Conditions
What is the output of: print(41 + 44),93,103,85,63,C) 85,"In Python, 41 + 44 evaluates to 85.",Python,Mathematical Operations
What is the output of: print(5 % 7),4,7,5,6,C) 5,"In Python, 5 % 7 evaluates to 5.",Python,Mathematical Operations
What is the output of: print(35 - 33),3,1,2,0,C) 2,"In Python, 35 - 33 evaluates to 2.",Python,Mathematical Operations
What is the output of: print(67 != 88),True,Error,None,False,A) True,67 != 88 evaluates to True.,Python,Conditions
"What is the output of: print(len([0, 1, 2, 3]))",0,2,4,6,C) 4,"The list [0, 1, 2, 3] has 4 elements, so len() returns 4.",Python,Lists & Tuples
What is the output of: print(65 > 75),Error,False,None,True,B) False,65 > 75 evaluates to False.,Python,Conditions
What is the output of: print(10 // 42),1,-2,0,2,C) 0,"In Python, 10 // 42 evaluates to 0.",Python,Mathematical Operations
What is the output of: print(90 != 73),False,Error,True,None,C) True,90 != 73 evaluates to True.,Python,Conditions
What is the output of: print(46 < 85),Error,False,None,True,D) True,46 < 85 evaluates to True.,Python,Conditions
What is the output of: print(80 != 33),True,None,Error,False,A) True,80 != 33 evaluates to True.,Python,Conditions
What is the output of: print(83 <= 46),None,Error,False,True,C) False,83 <= 46 evaluates to False.,Python,Conditions
What is the output of: print(30 // 18),3,-1,2,1,D) 1,"In Python, 30 // 18 evaluates to 1.",Python,Mathematical Operations
What is the output of: print(92 <= 99),None,True,False,Error,B) True,92 <= 99 evaluates to True.,Python,Conditions
What is the output of: print(28 < 76),False,Error,None,True,D) True,28 < 76 evaluates to True.,Python,Conditions
"What is the output of: print(""Go"" + ""Hi"")",PyGo,OkGo,GoHi,HiFun,C) GoHi,"The + operator concatenates strings, so ""Go"" + ""Hi"" gives ""GoHi"".",Python,Data Types
What is the output of: print(32 == 56),False,True,None,Error,A) False,32 == 56 evaluates to False.,Python,Conditions
What is the output of: print(96 != 47),None,Error,False,True,D) True,96 != 47 evaluates to True.,Python,Conditions
What is the output of: print(6 // 24),2,-2,-1,0,D) 0,"In Python, 6 // 24 evaluates to 0.",Python,Mathematical Operations
What is the output of: print(6 + 33),43,35,29,39,D) 39,"In Python, 6 + 33 evaluates to 39.",Python,Mathematical Operations
What is the output of: print(48 <= 66),False,None,True,Error,C) True,48 <= 66 evaluates to True.,Python,Conditions
What is the output of: print(66 == 55),Error,True,False,None,C) False,66 == 55 evaluates to False.,Python,Conditions
What is the output of: print(34 * 48),2028,2006,1632,1990,C) 1632,"In Python, 34 * 48 evaluates to 1632.",Python,Mathematical Operations
What is the output of: print(49 + 8),54,57,66,68,B) 57,"In Python, 49 + 8 evaluates to 57.",Python,Mathematical Operations
What is the output of: print(13 == 33),None,True,False,Error,C) False,13 == 33 evaluates to False.,Python,Conditions
What is the output of: print(23 * 10),230,172,245,285,A) 230,"In Python, 23 * 10 evaluates to 230.",Python,Mathematical Operations
What is the output of: print(11 > 44),Error,False,True,None,B) False,11 > 44 evaluates to False.,Python,Conditions
What is the output of: print(85 < 80),None,True,Error,False,D) False,85 < 80 evaluates to False.,Python,Conditions
What is the output of: print(93 > 85),Error,None,False,True,D) True,93 > 85 evaluates to True.,Python,Conditions
What is the output of: print(37 != 14),None,True,Error,False,B) True,37 != 14 evaluates to True.,Python,Conditions
What is the output of: print(32 + 4),29,36,41,46,B) 36,"In Python, 32 + 4 evaluates to 36.",Python,Mathematical Operations
What is the output of: print(36 * 12),503,482,520,432,D) 432,"In Python, 36 * 12 evaluates to 432.",Python,Mathematical Operations
What is the output of: print(20 > 86),None,False,Error,True,B) False,20 > 86 evaluates to False.,Python,Conditions
What is the output of: print(18 + 3),16,22,21,28,C) 21,"In Python, 18 + 3 evaluates to 21.",Python,Mathematical Operations
What is the output of: print(11 + 27),43,40,38,27,C) 38,"In Python, 11 + 27 evaluates to 38.",Python,Mathematical Operations
What is the output of: print(51 > 18),True,False,None,Error,A) True,51 > 18 evaluates to True.,Python,Conditions
"What is the output of: print(""Ok"" + ""Sun"")",HiOk,GoSky,PyOk,OkSun,D) OkSun,"The + operator concatenates strings, so ""Ok"" + ""Sun"" gives ""OkSun"".",Python,Data Types
What is the output of: print(46 >= 22),True,False,Error,None,A) True,46 >= 22 evaluates to True.,Python,Conditions
"What is the output of: print(""AI"" + ""AI"")",HiSun,AIAI,GoYes,PySky,B) AIAI,"The + operator concatenates strings, so ""AI"" + ""AI"" gives ""AIAI"".",Python,Data Types
What is the output of: print(80 == 54),Error,False,True,None,B) False,80 == 54 evaluates to False.,Python,Conditions
What is the output of: print(49 == 1),None,True,False,Error,C) False,49 == 1 evaluates to False.,Python,Conditions
What is the output of: print(68 == 59),False,None,True,Error,A) False,68 == 59 evaluates to False.,Python,Conditions
"What is the output of: print(len(""integer""))",6,4,5,7,D) 7,"The string ""integer"" has 7 characters, so len() returns 7.",Python,Data Types
What is the output of: print(53 == 87),True,False,Error,None,B) False,53 == 87 evaluates to False.,Python,Conditions
What is the output of: print(92 < 66),False,True,None,Error,A) False,92 < 66 evaluates to False.,Python,Conditions
What is the output of: print(42 >= 10),Error,False,None,True,D) True,42 >= 10 evaluates to True.,Python,Conditions
What is the output of: print(45 // 49),1,2,0,-1,C) 0,"In Python, 45 // 49 evaluates to 0.",Python,Mathematical Operations
What is a list?,A built-in function that returns the number of items in an object,"An ordered, mutable collection of items in Python","A reusable block of code that performs a specific task, defined with 'def'",A loop that iterates over a sequence a defined number of times,"B) An ordered, mutable collection of items in Python","A list is an ordered, mutable collection of items in Python, defined using square brackets.",Python,Lists & Tuples
What is the output of: print(55 == 96),None,False,Error,True,B) False,55 == 96 evaluates to False.,Python,Conditions
What is the output of: print(43 > 65),False,None,Error,True,A) False,43 > 65 evaluates to False.,Python,Conditions
What is the output of: print(49 + 44),71,93,85,69,B) 93,"In Python, 49 + 44 evaluates to 93.",Python,Mathematical Operations
What is the output of: print(16 + 22),45,42,38,41,C) 38,"In Python, 16 + 22 evaluates to 38.",Python,Mathematical Operations
What is the output of: print(28 // 8),4,1,5,3,D) 3,"In Python, 28 // 8 evaluates to 3.",Python,Mathematical Operations
What is the output of: print(54 == 86),False,Error,True,None,A) False,54 == 86 evaluates to False.,Python,Conditions
What is the output of: print(39 == 53),False,None,Error,True,A) False,39 == 53 evaluates to False.,Python,Conditions
What is the output of: print(31 - 10),28,21,19,27,B) 21,"In Python, 31 - 10 evaluates to 21.",Python,Mathematical Operations
What is the output of: print(42 == 79),None,Error,True,False,D) False,42 == 79 evaluates to False.,Python,Conditions
What is the output of: print(31 >= 40),None,True,Error,False,D) False,31 >= 40 evaluates to False.,Python,Conditions
What is the output of: print(87 >= 84),None,False,True,Error,C) True,87 >= 84 evaluates to True.,Python,Conditions
What is the output of: print(4 + 4),11,4,6,8,D) 8,"In Python, 4 + 4 evaluates to 8.",Python,Mathematical Operations
What is the output of: print(48 // 37),1,-1,3,0,A) 1,"In Python, 48 // 37 evaluates to 1.",Python,Mathematical Operations
What is the output of: print(100 != 98),False,Error,None,True,D) True,100 != 98 evaluates to True.,Python,Conditions
What is the output of: print(76 != 38),False,True,Error,None,B) True,76 != 38 evaluates to True.,Python,Conditions
What is the output of: print(75 == 99),False,True,None,Error,A) False,75 == 99 evaluates to False.,Python,Conditions
What is the output of: print(11 + 38),49,61,47,40,A) 49,"In Python, 11 + 38 evaluates to 49.",Python,Mathematical Operations
What is the output of: print(49 > 73),False,True,None,Error,A) False,49 > 73 evaluates to False.,Python,Conditions
What is the output of: print(35 > 79),Error,None,False,True,C) False,35 > 79 evaluates to False.,Python,Conditions
What is the output of: print(18 != 96),Error,False,None,True,D) True,18 != 96 evaluates to True.,Python,Conditions
What is the output of: print(18 // 17),-1,0,2,1,D) 1,"In Python, 18 // 17 evaluates to 1.",Python,Mathematical Operations
What is the output of: print(16 - 3),10,12,15,13,D) 13,"In Python, 16 - 3 evaluates to 13.",Python,Mathematical Operations
What is the output of: print(65 < 82),False,None,True,Error,C) True,65 < 82 evaluates to True.,Python,Conditions
What is the output of: print(9 % 31),6,9,13,7,B) 9,"In Python, 9 % 31 evaluates to 9.",Python,Mathematical Operations
What is the output of: print(11 == 81),True,Error,False,None,C) False,11 == 81 evaluates to False.,Python,Conditions
What is the output of: print(29 - 48),-19,-25,-20,-18,A) -19,"In Python, 29 - 48 evaluates to -19.",Python,Mathematical Operations
What is the output of: print(56 > 80),True,False,Error,None,B) False,56 > 80 evaluates to False.,Python,Conditions
What is the output of: print(48 // 38),2,0,3,1,D) 1,"In Python, 48 // 38 evaluates to 1.",Python,Mathematical Operations
What is the output of: print(85 == 92),True,False,Error,None,B) False,85 == 92 evaluates to False.,Python,Conditions
What is the output of: print(19 * 36),644,552,684,780,C) 684,"In Python, 19 * 36 evaluates to 684.",Python,Mathematical Operations
What is the output of: print(89 > 65),True,Error,False,None,A) True,89 > 65 evaluates to True.,Python,Conditions
What is the output of: print(6 <= 70),True,None,False,Error,A) True,6 <= 70 evaluates to True.,Python,Conditions
What is the output of: print(50 // 42),1,2,3,-1,A) 1,"In Python, 50 // 42 evaluates to 1.",Python,Mathematical Operations
What is the output of: print(10 % 21),14,9,12,10,D) 10,"In Python, 10 % 21 evaluates to 10.",Python,Mathematical Operations
What is the output of: print(61 >= 98),None,True,False,Error,C) False,61 >= 98 evaluates to False.,Python,Conditions
What is the output of: print(10 > 77),True,Error,False,None,C) False,10 > 77 evaluates to False.,Python,Conditions
What is the output of: print(9 + 42),57,61,51,44,C) 51,"In Python, 9 + 42 evaluates to 51.",Python,Mathematical Operations
What is the output of: print(10 * 42),420,428,318,323,A) 420,"In Python, 10 * 42 evaluates to 420.",Python,Mathematical Operations
Which of the following best describes a string?,A named location used to store a value in memory,A data type representing decimal (floating-point) numbers,A conditional statement that executes code only if a condition is true,A data type representing a sequence of characters,D) A data type representing a sequence of characters,"A string in Python is a sequence of characters, typically enclosed in single or double quotes.",Python,Data Types
What is the output of: print(75 < 91),None,True,Error,False,B) True,75 < 91 evaluates to True.,Python,Conditions
What is the output of: print(34 * 28),724,806,952,1100,C) 952,"In Python, 34 * 28 evaluates to 952.",Python,Mathematical Operations
What is the output of: print(38 == 59),True,Error,None,False,D) False,38 == 59 evaluates to False.,Python,Conditions
What is the output of: print(87 >= 29),None,True,False,Error,B) True,87 >= 29 evaluates to True.,Python,Conditions
What is the output of: print(5 + 6),11,8,7,9,A) 11,"In Python, 5 + 6 evaluates to 11.",Python,Mathematical Operations
What is the output of: print(96 >= 94),Error,False,True,None,C) True,96 >= 94 evaluates to True.,Python,Conditions
What is the output of: print(41 % 10),1,2,-1,3,A) 1,"In Python, 41 % 10 evaluates to 1.",Python,Mathematical Operations
What is the output of: print(27 == 21),True,None,Error,False,D) False,27 == 21 evaluates to False.,Python,Conditions
What is the output of: print(27 // 12),1,0,2,3,C) 2,"In Python, 27 // 12 evaluates to 2.",Python,Mathematical Operations
What is the output of: print(67 < 4),False,Error,True,None,A) False,67 < 4 evaluates to False.,Python,Conditions
What is the output of: print(41 >= 87),Error,True,False,None,C) False,41 >= 87 evaluates to False.,Python,Conditions
What is the output of: print(4 > 57),False,Error,None,True,A) False,4 > 57 evaluates to False.,Python,Conditions
What is the output of: print(38 != 65),False,Error,None,True,D) True,38 != 65 evaluates to True.,Python,Conditions
What is the output of: print(65 == 78),True,False,None,Error,B) False,65 == 78 evaluates to False.,Python,Conditions
What is the output of: print(36 > 40),True,False,None,Error,B) False,36 > 40 evaluates to False.,Python,Conditions
What is the output of: print(87 <= 97),True,None,False,Error,A) True,87 <= 97 evaluates to True.,Python,Conditions
What is the output of: print(2 - 38),-30,-42,-28,-36,D) -36,"In Python, 2 - 38 evaluates to -36.",Python,Mathematical Operations
What is the output of: print(18 + 19),48,43,26,37,D) 37,"In Python, 18 + 19 evaluates to 37.",Python,Mathematical Operations
What is the output of: print(71 < 78),True,None,False,Error,A) True,71 < 78 evaluates to True.,Python,Conditions
What is the output of: print(30 - 10),25,20,23,22,B) 20,"In Python, 30 - 10 evaluates to 20.",Python,Mathematical Operations
What is the output of: print(94 == 69),Error,True,None,False,D) False,94 == 69 evaluates to False.,Python,Conditions
What is the output of: print(49 // 41),1,3,0,2,A) 1,"In Python, 49 // 41 evaluates to 1.",Python,Mathematical Operations
What is the output of: print(43 // 21),0,2,4,3,B) 2,"In Python, 43 // 21 evaluates to 2.",Python,Mathematical Operations
Which of the following best describes len()?,A data type representing whole numbers,A data type representing a sequence of characters,An unordered collection of unique items in Python,A built-in function that returns the number of items in an object,D) A built-in function that returns the number of items in an object,"The len() function returns the number of items in a Python object, such as a list or string.",Python,Python Basics
What is the output of: print(61 != 42),True,Error,False,None,A) True,61 != 42 evaluates to True.,Python,Conditions
What is the output of: print(33 * 22),726,663,719,731,A) 726,"In Python, 33 * 22 evaluates to 726.",Python,Mathematical Operations
What is the output of: print(15 - 1),15,12,14,16,C) 14,"In Python, 15 - 1 evaluates to 14.",Python,Mathematical Operations
What is the output of: print(19 // 34),0,-2,1,-1,A) 0,"In Python, 19 // 34 evaluates to 0.",Python,Mathematical Operations
What is the output of: print(10 * 36),360,310,423,332,A) 360,"In Python, 10 * 36 evaluates to 360.",Python,Mathematical Operations
What is the output of: print(31 - 40),-10,-8,-9,-12,C) -9,"In Python, 31 - 40 evaluates to -9.",Python,Mathematical Operations
"What is the output of this code?
total = 0
for i in range(9):
    total += i
print(total)",36,35,46,41,A) 36,"This loop sums integers from 0 to 8, giving 36.",Python,Loops
What is the output of: print(11 % 9),3,2,1,4,B) 2,"In Python, 11 % 9 evaluates to 2.",Python,Mathematical Operations
What is the output of: print(13 == 27),Error,True,False,None,C) False,13 == 27 evaluates to False.,Python,Conditions
What is the output of: print(48 % 32),13,21,22,16,D) 16,"In Python, 48 % 32 evaluates to 16.",Python,Mathematical Operations
What is the output of: print(96 == 1),True,None,Error,False,D) False,96 == 1 evaluates to False.,Python,Conditions
What is the output of: print(71 != 18),Error,False,True,None,C) True,71 != 18 evaluates to True.,Python,Conditions
What is the output of: print(48 // 27),-1,3,1,0,C) 1,"In Python, 48 // 27 evaluates to 1.",Python,Mathematical Operations
What is the output of: print(29 > 79),False,True,Error,None,A) False,29 > 79 evaluates to False.,Python,Conditions
What is the output of: print(42 - 20),25,22,15,29,B) 22,"In Python, 42 - 20 evaluates to 22.",Python,Mathematical Operations
What is the output of: print(50 != 75),None,True,False,Error,B) True,50 != 75 evaluates to True.,Python,Conditions
What is the output of: print(41 > 75),Error,None,True,False,D) False,41 > 75 evaluates to False.,Python,Conditions
What is the output of: print(42 <= 6),Error,False,True,None,B) False,42 <= 6 evaluates to False.,Python,Conditions
What is the output of: print(39 <= 70),True,None,Error,False,A) True,39 <= 70 evaluates to True.,Python,Conditions
"What is the output of: print(len([0, 1, 2, 3, 4, 5, 6, 7, 8, 9, 10, 11]))",10,16,12,15,C) 12,"The list [0, 1, 2, 3, 4, 5, 6, 7, 8, 9, 10, 11] has 12 elements, so len() returns 12.",Python,Lists & Tuples
What is the output of: print(15 - 16),-2,0,-1,1,C) -1,"In Python, 15 - 16 evaluates to -1.",Python,Mathematical Operations
What is the output of: print(13 <= 41),None,False,Error,True,D) True,13 <= 41 evaluates to True.,Python,Conditions
What is the output of: print(81 != 41),True,False,Error,None,A) True,81 != 41 evaluates to True.,Python,Conditions
What is the output of: print(31 == 61),Error,False,None,True,B) False,31 == 61 evaluates to False.,Python,Conditions
What is the output of: print(73 == 72),None,False,True,Error,B) False,73 == 72 evaluates to False.,Python,Conditions
What is the output of: print(99 <= 64),Error,True,None,False,D) False,99 <= 64 evaluates to False.,Python,Conditions
What is the output of: print(72 >= 36),True,False,None,Error,A) True,72 >= 36 evaluates to True.,Python,Conditions
"What is the output of this code?
total = 0
for i in range(13):
    total += i
print(total)",87,78,97,75,B) 78,"This loop sums integers from 0 to 12, giving 78.",Python,Loops
What is the output of: print(46 + 47),90,93,82,79,B) 93,"In Python, 46 + 47 evaluates to 93.",Python,Mathematical Operations
What is the output of: print(25 // 46),0,-2,-1,2,A) 0,"In Python, 25 // 46 evaluates to 0.",Python,Mathematical Operations
What is the output of: print(30 <= 57),Error,None,True,False,C) True,30 <= 57 evaluates to True.,Python,Conditions
What is the output of: print(30 != 73),True,False,Error,None,A) True,30 != 73 evaluates to True.,Python,Conditions
What is the output of: print(39 // 46),-1,0,2,-2,B) 0,"In Python, 39 // 46 evaluates to 0.",Python,Mathematical Operations
What is the output of: print(3 > 12),False,True,Error,None,A) False,3 > 12 evaluates to False.,Python,Conditions
What is the output of: print(35 >= 45),True,False,Error,None,B) False,35 >= 45 evaluates to False.,Python,Conditions
What is the output of: print(40 <= 74),False,None,Error,True,D) True,40 <= 74 evaluates to True.,Python,Conditions
What is the output of: print(62 <= 15),False,None,True,Error,A) False,62 <= 15 evaluates to False.,Python,Conditions
What is the output of: print(26 - 14),8,9,12,11,C) 12,"In Python, 26 - 14 evaluates to 12.",Python,Mathematical Operations
What is the output of: print(85 >= 45),None,True,Error,False,B) True,85 >= 45 evaluates to True.,Python,Conditions
What is the output of: print(31 // 1),25,31,28,32,B) 31,"In Python, 31 // 1 evaluates to 31.",Python,Mathematical Operations
"What is the output of: print(""Py"" + ""Ok"")",OkHi,HiNo,PyOk,GoGo,C) PyOk,"The + operator concatenates strings, so ""Py"" + ""Ok"" gives ""PyOk"".",Python,Data Types
What is the output of: print(27 % 40),20,33,26,27,D) 27,"In Python, 27 % 40 evaluates to 27.",Python,Mathematical Operations
What is the output of: print(3 // 39),0,2,-2,1,A) 0,"In Python, 3 // 39 evaluates to 0.",Python,Mathematical Operations
What is the output of: print(25 // 48),-1,-2,0,1,C) 0,"In Python, 25 // 48 evaluates to 0.",Python,Mathematical Operations
What is the output of: print(29 == 72),Error,None,False,True,C) False,29 == 72 evaluates to False.,Python,Conditions
What is the output of: print(14 == 68),Error,True,None,False,D) False,14 == 68 evaluates to False.,Python,Conditions
What is the output of: print(27 * 39),1053,909,1271,1059,A) 1053,"In Python, 27 * 39 evaluates to 1053.",Python,Mathematical Operations
What is the output of: print(18 < 49),False,True,None,Error,B) True,18 < 49 evaluates to True.,Python,Conditions
What is the output of: print(4 // 14),-1,2,0,1,C) 0,"In Python, 4 // 14 evaluates to 0.",Python,Mathematical Operations
Which of the following best describes a set?,An unordered collection of unique items in Python,"A blueprint for creating objects, defining their properties and behavior",A data type representing a sequence of characters,A data type representing whole numbers,A) An unordered collection of unique items in Python,"A set is an unordered collection of unique items in Python, defined using curly braces.",Python,Dictionaries & Sets
What is the output of: print(55 <= 80),True,None,False,Error,A) True,55 <= 80 evaluates to True.,Python,Conditions
What is the output of: print(72 == 46),False,Error,True,None,A) False,72 == 46 evaluates to False.,Python,Conditions
What is the output of: print(36 // 40),2,0,-2,-1,B) 0,"In Python, 36 // 40 evaluates to 0.",Python,Mathematical Operations
What is the output of: print(49 < 62),None,False,Error,True,D) True,49 < 62 evaluates to True.,Python,Conditions
What is the output of: print(84 != 68),True,Error,None,False,A) True,84 != 68 evaluates to True.,Python,Conditions
What is the output of: print(12 > 25),None,Error,False,True,C) False,12 > 25 evaluates to False.,Python,Conditions
What is the output of: print(36 + 5),41,46,48,44,A) 41,"In Python, 36 + 5 evaluates to 41.",Python,Mathematical Operations
What is the output of: print(13 == 57),Error,False,True,None,B) False,13 == 57 evaluates to False.,Python,Conditions
What is the output of: print(20 % 48),16,21,20,19,C) 20,"In Python, 20 % 48 evaluates to 20.",Python,Mathematical Operations
What is the output of: print(36 * 35),1071,1431,1260,1421,C) 1260,"In Python, 36 * 35 evaluates to 1260.",Python,Mathematical Operations
What is the output of: print(63 > 2),False,None,True,Error,C) True,63 > 2 evaluates to True.,Python,Conditions
What is the output of: print(24 + 34),47,65,68,58,D) 58,"In Python, 24 + 34 evaluates to 58.",Python,Mathematical Operations
What is the output of: print(19 - 7),11,8,13,12,D) 12,"In Python, 19 - 7 evaluates to 12.",Python,Mathematical Operations
What is the output of: print(85 < 57),None,True,False,Error,C) False,85 < 57 evaluates to False.,Python,Conditions
What is the output of: print(40 == 12),True,None,Error,False,D) False,40 == 12 evaluates to False.,Python,Conditions
What is the output of: print(6 < 97),None,True,False,Error,B) True,6 < 97 evaluates to True.,Python,Conditions
What is the output of: print(21 + 15),34,27,33,36,D) 36,"In Python, 21 + 15 evaluates to 36.",Python,Mathematical Operations
What is the output of: print(100 < 2),Error,False,None,True,B) False,100 < 2 evaluates to False.,Python,Conditions
What is the output of: print(2 // 12),1,-2,0,2,C) 0,"In Python, 2 // 12 evaluates to 0.",Python,Mathematical Operations
"What is the output of: print(len([0, 1, 2, 3, 4, 5]))",4,2,6,8,C) 6,"The list [0, 1, 2, 3, 4, 5] has 6 elements, so len() returns 6.",Python,Lists & Tuples
"What is the output of: print(""Ok"" + ""Ok"")",OkOk,PyPy,HiYes,GoHi,A) OkOk,"The + operator concatenates strings, so ""Ok"" + ""Ok"" gives ""OkOk"".",Python,Data Types
What is the output of: print(90 > 27),False,None,True,Error,C) True,90 > 27 evaluates to True.,Python,Conditions
What is the output of: print(57 >= 66),Error,False,True,None,B) False,57 >= 66 evaluates to False.,Python,Conditions
What is the output of: print(3 // 43),-1,2,0,-2,C) 0,"In Python, 3 // 43 evaluates to 0.",Python,Mathematical Operations
What is the output of: print(40 - 3),26,42,40,37,D) 37,"In Python, 40 - 3 evaluates to 37.",Python,Mathematical Operations
What is the output of: print(14 + 47),63,70,45,61,D) 61,"In Python, 14 + 47 evaluates to 61.",Python,Mathematical Operations
What is the output of: print(30 * 35),1048,897,879,1050,D) 1050,"In Python, 30 * 35 evaluates to 1050.",Python,Mathematical Operations
What is the output of: print(15 >= 72),True,None,Error,False,D) False,15 >= 72 evaluates to False.,Python,Conditions
What is the output of: print(19 < 31),False,None,Error,True,D) True,19 < 31 evaluates to True.,Python,Conditions
What is the output of: print(49 != 20),None,Error,True,False,C) True,49 != 20 evaluates to True.,Python,Conditions
What is the output of: print(37 != 49),False,None,Error,True,D) True,37 != 49 evaluates to True.,Python,Conditions
What is the output of: print(26 - 48),-20,-22,-18,-17,B) -22,"In Python, 26 - 48 evaluates to -22.",Python,Mathematical Operations
What is the output of: print(14 - 36),-20,-29,-26,-22,D) -22,"In Python, 14 - 36 evaluates to -22.",Python,Mathematical Operations
What is the output of: print(30 - 26),5,1,3,4,D) 4,"In Python, 30 - 26 evaluates to 4.",Python,Mathematical Operations
What is the output of: print(69 > 70),True,False,None,Error,B) False,69 > 70 evaluates to False.,Python,Conditions
What is the output of: print(100 != 39),True,Error,None,False,A) True,100 != 39 evaluates to True.,Python,Conditions
What is the output of: print(28 + 42),76,70,78,85,B) 70,"In Python, 28 + 42 evaluates to 70.",Python,Mathematical Operations
What is the output of: print(49 * 35),2091,1715,1661,1883,B) 1715,"In Python, 49 * 35 evaluates to 1715.",Python,Mathematical Operations
What is the output of: print(33 // 46),2,-1,0,-2,C) 0,"In Python, 33 // 46 evaluates to 0.",Python,Mathematical Operations
What is the output of: print(5 % 6),5,4,8,7,A) 5,"In Python, 5 % 6 evaluates to 5.",Python,Mathematical Operations
What is the output of: print(38 + 15),53,49,39,62,A) 53,"In Python, 38 + 15 evaluates to 53.",Python,Mathematical Operations
"What is the output of: print(""No"" + ""Hi"")",GoOk,PySky,HiOk,NoHi,D) NoHi,"The + operator concatenates strings, so ""No"" + ""Hi"" gives ""NoHi"".",Python,Data Types
What is the output of: print(5 // 23),-2,-1,0,1,C) 0,"In Python, 5 // 23 evaluates to 0.",Python,Mathematical Operations
What is the output of: print(16 == 10),Error,False,True,None,B) False,16 == 10 evaluates to False.,Python,Conditions
What is the output of: print(95 <= 12),True,None,False,Error,C) False,95 <= 12 evaluates to False.,Python,Conditions
"What is the output of: print(""No"" + ""Ok"")",NoOk,HiNo,PySky,GoOk,A) NoOk,"The + operator concatenates strings, so ""No"" + ""Ok"" gives ""NoOk"".",Python,Data Types
What is the output of: print(16 - 43),-28,-23,-27,-25,C) -27,"In Python, 16 - 43 evaluates to -27.",Python,Mathematical Operations
What is the output of: print(39 // 40),2,0,1,-2,B) 0,"In Python, 39 // 40 evaluates to 0.",Python,Mathematical Operations
What is the output of: print(1 != 38),True,False,None,Error,A) True,1 != 38 evaluates to True.,Python,Conditions
What is the output of: print(12 * 42),378,486,504,626,C) 504,"In Python, 12 * 42 evaluates to 504.",Python,Mathematical Operations
What is the output of: print(14 * 6),84,83,79,71,A) 84,"In Python, 14 * 6 evaluates to 84.",Python,Mathematical Operations
What is the output of: print(37 > 20),Error,None,True,False,C) True,37 > 20 evaluates to True.,Python,Conditions
What is the output of: print(46 % 6),6,7,1,4,D) 4,"In Python, 46 % 6 evaluates to 4.",Python,Mathematical Operations
What is the output of: print(25 * 4),83,100,80,76,B) 100,"In Python, 25 * 4 evaluates to 100.",Python,Mathematical Operations
What is the output of: print(37 + 5),36,52,54,42,D) 42,"In Python, 37 + 5 evaluates to 42.",Python,Mathematical Operations
What is the output of: print(85 == 71),None,Error,False,True,C) False,85 == 71 evaluates to False.,Python,Conditions
What is the output of: print(34 - 44),-12,-10,-9,-13,B) -10,"In Python, 34 - 44 evaluates to -10.",Python,Mathematical Operations
What is the output of: print(8 + 36),38,45,31,44,D) 44,"In Python, 8 + 36 evaluates to 44.",Python,Mathematical Operations
What is the output of: print(8 < 87),Error,None,True,False,C) True,8 < 87 evaluates to True.,Python,Conditions
What is the output of: print(30 % 11),11,12,7,8,D) 8,"In Python, 30 % 11 evaluates to 8.",Python,Mathematical Operations
What is the output of: print(67 < 88),None,Error,True,False,C) True,67 < 88 evaluates to True.,Python,Conditions
What is the output of: print(51 <= 100),True,Error,False,None,A) True,51 <= 100 evaluates to True.,Python,Conditions
"What is the output of this code?
total = 0
for i in range(14):
    total += i
print(total)",101,91,104,74,B) 91,"This loop sums integers from 0 to 13, giving 91.",Python,Loops
What is the output of: print(30 * 48),1604,1763,1747,1440,D) 1440,"In Python, 30 * 48 evaluates to 1440.",Python,Mathematical Operations
What is the output of: print(22 * 25),574,540,550,475,C) 550,"In Python, 22 * 25 evaluates to 550.",Python,Mathematical Operations
What is the output of: print(40 + 48),108,88,96,102,B) 88,"In Python, 40 + 48 evaluates to 88.",Python,Mathematical Operations
What is the output of: print(72 != 64),None,Error,True,False,C) True,72 != 64 evaluates to True.,Python,Conditions
What is the output of: print(46 < 75),True,Error,None,False,A) True,46 < 75 evaluates to True.,Python,Conditions
What is the output of: print(27 < 30),True,None,Error,False,A) True,27 < 30 evaluates to True.,Python,Conditions
What is the output of: print(31 // 19),1,3,0,-1,A) 1,"In Python, 31 // 19 evaluates to 1.",Python,Mathematical Operations
What is the output of: print(39 + 39),78,71,79,72,A) 78,"In Python, 39 + 39 evaluates to 78.",Python,Mathematical Operations
What is the output of: print(44 > 74),False,True,None,Error,A) False,44 > 74 evaluates to False.,Python,Conditions
What is the output of: print(48 + 5),41,53,52,62,B) 53,"In Python, 48 + 5 evaluates to 53.",Python,Mathematical Operations
What is the output of: print(14 - 5),7,9,11,5,B) 9,"In Python, 14 - 5 evaluates to 9.",Python,Mathematical Operations
What is the output of: print(12 > 89),True,None,Error,False,D) False,12 > 89 evaluates to False.,Python,Conditions
What is the output of: print(1 < 29),None,Error,True,False,C) True,1 < 29 evaluates to True.,Python,Conditions
What is the output of: print(1 >= 19),False,True,None,Error,A) False,1 >= 19 evaluates to False.,Python,Conditions
What is the output of: print(22 // 20),2,1,0,3,B) 1,"In Python, 22 // 20 evaluates to 1.",Python,Mathematical Operations
What is the output of: print(87 <= 63),Error,True,None,False,D) False,87 <= 63 evaluates to False.,Python,Conditions
What is the output of: print(49 - 31),14,19,18,24,C) 18,"In Python, 49 - 31 evaluates to 18.",Python,Mathematical Operations
What is the output of: print(76 <= 94),Error,None,False,True,D) True,76 <= 94 evaluates to True.,Python,Conditions
What is the output of: print(49 + 50),102,90,80,99,D) 99,"In Python, 49 + 50 evaluates to 99.",Python,Mathematical Operations
What is the output of: print(21 - 19),2,4,0,1,A) 2,"In Python, 21 - 19 evaluates to 2.",Python,Mathematical Operations
What is the output of: print(12 % 37),16,10,7,12,D) 12,"In Python, 12 % 37 evaluates to 12.",Python,Mathematical Operations
What is the output of: print(26 < 21),None,False,True,Error,B) False,26 < 21 evaluates to False.,Python,Conditions
What is the output of: print(14 - 48),-42,-24,-34,-41,C) -34,"In Python, 14 - 48 evaluates to -34.",Python,Mathematical Operations
What is the output of: print(5 >= 20),True,False,None,Error,B) False,5 >= 20 evaluates to False.,Python,Conditions
What is the output of: print(68 <= 1),True,Error,False,None,C) False,68 <= 1 evaluates to False.,Python,Conditions
What is the output of: print(49 % 10),7,9,6,12,B) 9,"In Python, 49 % 10 evaluates to 9.",Python,Mathematical Operations
What is the output of: print(4 < 60),False,None,Error,True,D) True,4 < 60 evaluates to True.,Python,Conditions
What is the output of: print(61 == 69),Error,False,None,True,B) False,61 == 69 evaluates to False.,Python,Conditions
What is the output of: print(17 * 18),252,373,306,317,C) 306,"In Python, 17 * 18 evaluates to 306.",Python,Mathematical Operations
What is the output of: print(9 == 67),True,Error,None,False,D) False,9 == 67 evaluates to False.,Python,Conditions
What is the output of: print(97 <= 89),True,None,False,Error,C) False,97 <= 89 evaluates to False.,Python,Conditions
What is the output of: print(13 % 4),-1,1,0,2,B) 1,"In Python, 13 % 4 evaluates to 1.",Python,Mathematical Operations
What is the output of: print(35 * 7),199,285,269,245,D) 245,"In Python, 35 * 7 evaluates to 245.",Python,Mathematical Operations
What is the output of: print(30 // 15),1,2,0,3,B) 2,"In Python, 30 // 15 evaluates to 2.",Python,Mathematical Operations
What is the output of: print(5 - 34),-34,-37,-29,-30,C) -29,"In Python, 5 - 34 evaluates to -29.",Python,Mathematical Operations
What is the output of: print(16 + 33),49,46,60,54,A) 49,"In Python, 16 + 33 evaluates to 49.",Python,Mathematical Operations
What is the output of: print(16 - 37),-26,-20,-14,-21,D) -21,"In Python, 16 - 37 evaluates to -21.",Python,Mathematical Operations
What is the output of: print(12 - 26),-15,-16,-18,-14,D) -14,"In Python, 12 - 26 evaluates to -14.",Python,Mathematical Operations
What is the output of: print(42 + 29),79,71,74,53,B) 71,"In Python, 42 + 29 evaluates to 71.",Python,Mathematical Operations
What is the output of: print(9 // 23),-2,-1,2,0,D) 0,"In Python, 9 // 23 evaluates to 0.",Python,Mathematical Operations
What is the output of: print(48 >= 58),None,False,Error,True,B) False,48 >= 58 evaluates to False.,Python,Conditions
What is the output of: print(37 - 32),7,5,3,6,B) 5,"In Python, 37 - 32 evaluates to 5.",Python,Mathematical Operations
What is the output of: print(11 * 18),216,247,198,232,C) 198,"In Python, 11 * 18 evaluates to 198.",Python,Mathematical Operations
What is the output of: print(14 * 38),617,532,557,559,B) 532,"In Python, 14 * 38 evaluates to 532.",Python,Mathematical Operations
What is the output of: print(4 * 42),202,168,141,176,B) 168,"In Python, 4 * 42 evaluates to 168.",Python,Mathematical Operations
What is the output of: print(88 > 28),Error,True,False,None,B) True,88 > 28 evaluates to True.,Python,Conditions
What is the output of: print(96 >= 99),Error,False,True,None,B) False,96 >= 99 evaluates to False.,Python,Conditions
What is the output of: print(35 * 26),871,996,910,984,C) 910,"In Python, 35 * 26 evaluates to 910.",Python,Mathematical Operations
What is the output of: print(11 > 94),True,False,None,Error,B) False,11 > 94 evaluates to False.,Python,Conditions
What is the output of: print(11 // 11),2,3,1,-1,C) 1,"In Python, 11 // 11 evaluates to 1.",Python,Mathematical Operations
What is the output of: print(32 > 77),True,False,Error,None,B) False,32 > 77 evaluates to False.,Python,Conditions
What is the output of: print(1 <= 67),Error,False,True,None,C) True,1 <= 67 evaluates to True.,Python,Conditions
"What is the output of: print(""Py"" + ""Go"")",HiFun,PyGo,GoSky,OkNo,B) PyGo,"The + operator concatenates strings, so ""Py"" + ""Go"" gives ""PyGo"".",Python,Data Types
What is the output of: print(70 < 80),Error,None,True,False,C) True,70 < 80 evaluates to True.,Python,Conditions
What is the output of: print(38 - 4),34,40,41,31,A) 34,"In Python, 38 - 4 evaluates to 34.",Python,Mathematical Operations
What is the output of: print(57 >= 4),Error,False,True,None,C) True,57 >= 4 evaluates to True.,Python,Conditions
What is the output of: print(98 == 36),True,False,Error,None,B) False,98 == 36 evaluates to False.,Python,Conditions
What is the output of: print(30 - 2),28,25,26,22,A) 28,"In Python, 30 - 2 evaluates to 28.",Python,Mathematical Operations
What is the output of: print(32 + 1),29,33,37,31,B) 33,"In Python, 32 + 1 evaluates to 33.",Python,Mathematical Operations
What is the output of: print(20 < 37),None,Error,True,False,C) True,20 < 37 evaluates to True.,Python,Conditions
What is the output of: print(4 * 3),11,12,7,15,B) 12,"In Python, 4 * 3 evaluates to 12.",Python,Mathematical Operations
What is the output of: print(12 != 11),Error,None,False,True,D) True,12 != 11 evaluates to True.,Python,Conditions
What is the output of: print(10 % 1),0,2,-1,1,A) 0,"In Python, 10 % 1 evaluates to 0.",Python,Mathematical Operations
What is the output of: print(77 > 72),False,True,None,Error,B) True,77 > 72 evaluates to True.,Python,Conditions
What is the output of: print(15 * 22),315,330,285,388,B) 330,"In Python, 15 * 22 evaluates to 330.",Python,Mathematical Operations
What is the output of: print(53 >= 16),None,False,Error,True,D) True,53 >= 16 evaluates to True.,Python,Conditions
What is the output of: print(49 + 14),72,68,63,51,C) 63,"In Python, 49 + 14 evaluates to 63.",Python,Mathematical Operations
What is the output of: print(22 % 35),18,23,22,16,C) 22,"In Python, 22 % 35 evaluates to 22.",Python,Mathematical Operations
"What is the output of: print(""Hi"" + ""Ok"")",HiOk,OkSky,GoSky,PyFun,A) HiOk,"The + operator concatenates strings, so ""Hi"" + ""Ok"" gives ""HiOk"".",Python,Data Types
What is the output of: print(7 % 43),8,7,6,5,B) 7,"In Python, 7 % 43 evaluates to 7.",Python,Mathematical Operations
What is the output of: print(21 == 65),True,False,None,Error,B) False,21 == 65 evaluates to False.,Python,Conditions
What is the output of: print(3 - 8),-4,-5,-7,-3,B) -5,"In Python, 3 - 8 evaluates to -5.",Python,Mathematical Operations
What is the output of: print(50 <= 30),None,Error,False,True,C) False,50 <= 30 evaluates to False.,Python,Conditions
What is the output of: print(49 == 30),False,None,Error,True,A) False,49 == 30 evaluates to False.,Python,Conditions
What is the output of: print(56 == 93),True,Error,None,False,D) False,56 == 93 evaluates to False.,Python,Conditions
What is the output of: print(47 % 37),11,6,10,12,C) 10,"In Python, 47 % 37 evaluates to 10.",Python,Mathematical Operations
What is the output of: print(66 <= 86),None,Error,False,True,D) True,66 <= 86 evaluates to True.,Python,Conditions
What is the output of: print(41 == 94),None,True,False,Error,C) False,41 == 94 evaluates to False.,Python,Conditions
What is the output of: print(19 // 24),-2,0,-1,2,B) 0,"In Python, 19 // 24 evaluates to 0.",Python,Mathematical Operations
What is the output of: print(22 // 2),14,8,9,11,D) 11,"In Python, 22 // 2 evaluates to 11.",Python,Mathematical Operations
What is the output of: print(29 + 5),25,34,38,30,B) 34,"In Python, 29 + 5 evaluates to 34.",Python,Mathematical Operations
What is the output of: print(41 // 26),3,1,2,0,B) 1,"In Python, 41 // 26 evaluates to 1.",Python,Mathematical Operations
What is the output of: print(32 * 27),864,715,777,661,A) 864,"In Python, 32 * 27 evaluates to 864.",Python,Mathematical Operations
What is the output of: print(12 % 39),9,16,12,8,C) 12,"In Python, 12 % 39 evaluates to 12.",Python,Mathematical Operations
What is the output of: print(9 % 11),11,9,12,13,B) 9,"In Python, 9 % 11 evaluates to 9.",Python,Mathematical Operations
What is the output of: print(13 * 17),221,192,196,170,A) 221,"In Python, 13 * 17 evaluates to 221.",Python,Mathematical Operations
What is the output of: print(20 >= 51),Error,True,None,False,D) False,20 >= 51 evaluates to False.,Python,Conditions
What is the output of: print(66 > 44),True,None,Error,False,A) True,66 > 44 evaluates to True.,Python,Conditions
What is the output of: print(18 != 65),Error,False,None,True,D) True,18 != 65 evaluates to True.,Python,Conditions
What is the output of: print(37 + 44),81,98,79,90,A) 81,"In Python, 37 + 44 evaluates to 81.",Python,Mathematical Operations
What is the output of: print(48 - 44),4,3,1,2,A) 4,"In Python, 48 - 44 evaluates to 4.",Python,Mathematical Operations
What is the output of: print(50 % 37),13,17,16,10,A) 13,"In Python, 50 % 37 evaluates to 13.",Python,Mathematical Operations
What is the output of: print(19 * 27),529,421,391,513,D) 513,"In Python, 19 * 27 evaluates to 513.",Python,Mathematical Operations
What is the output of: print(15 // 31),1,-1,2,0,D) 0,"In Python, 15 // 31 evaluates to 0.",Python,Mathematical Operations
What is the output of: print(67 != 87),None,Error,True,False,C) True,67 != 87 evaluates to True.,Python,Conditions
What is the output of: print(42 // 20),3,1,2,4,C) 2,"In Python, 42 // 20 evaluates to 2.",Python,Mathematical Operations
What is the output of: print(89 == 36),False,True,Error,None,A) False,89 == 36 evaluates to False.,Python,Conditions
"What is the output of: print(""Sun"" + ""Py"")",GoYes,PyNo,SunPy,HiAI,C) SunPy,"The + operator concatenates strings, so ""Sun"" + ""Py"" gives ""SunPy"".",Python,Data Types
What is the output of: print(11 - 21),-9,-8,-14,-10,D) -10,"In Python, 11 - 21 evaluates to -10.",Python,Mathematical Operations
What is the output of: print(71 > 37),Error,False,None,True,D) True,71 > 37 evaluates to True.,Python,Conditions
What is the output of: print(31 < 77),Error,False,None,True,D) True,31 < 77 evaluates to True.,Python,Conditions
What is the output of: print(5 <= 54),False,None,Error,True,D) True,5 <= 54 evaluates to True.,Python,Conditions
What is the output of: print(35 - 8),24,27,20,23,B) 27,"In Python, 35 - 8 evaluates to 27.",Python,Mathematical Operations
What is the output of: print(42 % 49),54,48,42,35,C) 42,"In Python, 42 % 49 evaluates to 42.",Python,Mathematical Operations
What is the output of: print(100 < 15),True,None,False,Error,C) False,100 < 15 evaluates to False.,Python,Conditions
What is the output of: print(48 > 34),False,None,True,Error,C) True,48 > 34 evaluates to True.,Python,Conditions
What is the output of: print(52 > 84),True,Error,None,False,D) False,52 > 84 evaluates to False.,Python,Conditions
What is the output of: print(5 * 18),67,91,90,108,C) 90,"In Python, 5 * 18 evaluates to 90.",Python,Mathematical Operations
What is the output of: print(18 % 16),3,2,1,4,B) 2,"In Python, 18 % 16 evaluates to 2.",Python,Mathematical Operations
What is the output of: print(30 - 18),13,17,15,12,D) 12,"In Python, 30 - 18 evaluates to 12.",Python,Mathematical Operations
What is the output of: print(45 // 39),0,2,1,-1,C) 1,"In Python, 45 // 39 evaluates to 1.",Python,Mathematical Operations
What is the output of: print(18 % 23),21,14,18,15,C) 18,"In Python, 18 % 23 evaluates to 18.",Python,Mathematical Operations
What is the output of: print(89 <= 84),False,True,Error,None,A) False,89 <= 84 evaluates to False.,Python,Conditions
What is the output of: print(10 + 5),20,15,12,17,B) 15,"In Python, 10 + 5 evaluates to 15.",Python,Mathematical Operations
What is the output of: print(14 >= 30),False,True,None,Error,A) False,14 >= 30 evaluates to False.,Python,Conditions
What is the output of: print(35 != 11),False,None,Error,True,D) True,35 != 11 evaluates to True.,Python,Conditions
What is the output of: print(20 == 26),None,True,Error,False,D) False,20 == 26 evaluates to False.,Python,Conditions
What is the output of: print(100 >= 90),True,False,Error,None,A) True,100 >= 90 evaluates to True.,Python,Conditions
What is the output of: print(16 - 47),-31,-35,-25,-33,A) -31,"In Python, 16 - 47 evaluates to -31.",Python,Mathematical Operations
What is the output of: print(8 // 35),2,1,0,-1,C) 0,"In Python, 8 // 35 evaluates to 0.",Python,Mathematical Operations
What is the output of: print(50 >= 53),True,Error,False,None,C) False,50 >= 53 evaluates to False.,Python,Conditions
What is the output of: print(6 < 44),False,None,Error,True,D) True,6 < 44 evaluates to True.,Python,Conditions
What is the output of: print(52 != 84),False,Error,None,True,D) True,52 != 84 evaluates to True.,Python,Conditions
What is the output of: print(44 + 13),44,55,57,67,C) 57,"In Python, 44 + 13 evaluates to 57.",Python,Mathematical Operations
What is the output of: print(4 + 17),25,28,21,15,C) 21,"In Python, 4 + 17 evaluates to 21.",Python,Mathematical Operations
Which of the following best describes a boolean?,A classification that specifies what kind of value a variable holds,A data type representing True or False values,"An ordered, immutable collection of items in Python","A reusable block of code that performs a specific task, defined with 'def'",B) A data type representing True or False values,A boolean is a Python data type that can hold only one of two values: True or False.,Python,Data Types
What is the output of: print(9 != 40),None,False,True,Error,C) True,9 != 40 evaluates to True.,Python,Conditions
What is the output of: print(53 >= 17),None,Error,True,False,C) True,53 >= 17 evaluates to True.,Python,Conditions
What is the output of: print(30 * 21),636,630,571,564,B) 630,"In Python, 30 * 21 evaluates to 630.",Python,Mathematical Operations
What is the output of: print(14 >= 66),True,None,False,Error,C) False,14 >= 66 evaluates to False.,Python,Conditions
What is the output of: print(16 * 11),176,200,159,149,A) 176,"In Python, 16 * 11 evaluates to 176.",Python,Mathematical Operations
What is the output of: print(53 >= 34),Error,False,True,None,C) True,53 >= 34 evaluates to True.,Python,Conditions
What is the output of: print(47 + 2),44,41,57,49,D) 49,"In Python, 47 + 2 evaluates to 49.",Python,Mathematical Operations
What is the output of: print(44 < 61),True,False,None,Error,A) True,44 < 61 evaluates to True.,Python,Conditions
What is the output of: print(35 % 41),25,29,36,35,D) 35,"In Python, 35 % 41 evaluates to 35.",Python,Mathematical Operations
What is the output of: print(9 // 2),3,5,7,4,D) 4,"In Python, 9 // 2 evaluates to 4.",Python,Mathematical Operations
What is the output of: print(44 >= 14),None,False,True,Error,C) True,44 >= 14 evaluates to True.,Python,Conditions
What is the output of: print(41 - 29),7,12,17,10,B) 12,"In Python, 41 - 29 evaluates to 12.",Python,Mathematical Operations
What is the output of: print(99 == 45),None,False,Error,True,B) False,99 == 45 evaluates to False.,Python,Conditions
What is the output of: print(56 <= 92),Error,True,None,False,B) True,56 <= 92 evaluates to True.,Python,Conditions
What is the output of: print(27 % 3),-1,2,0,-2,C) 0,"In Python, 27 % 3 evaluates to 0.",Python,Mathematical Operations
What is the output of: print(15 // 7),4,3,0,2,D) 2,"In Python, 15 // 7 evaluates to 2.",Python,Mathematical Operations
What is the output of: print(52 > 35),None,Error,True,False,C) True,52 > 35 evaluates to True.,Python,Conditions
What is the output of: print(46 // 12),2,5,3,1,C) 3,"In Python, 46 // 12 evaluates to 3.",Python,Mathematical Operations
What is the output of: print(91 <= 84),Error,None,False,True,C) False,91 <= 84 evaluates to False.,Python,Conditions
Which of the following best describes a Python comment?,A conditional statement that executes code only if a condition is true,"Text in code ignored by the interpreter, used for explanations",A data type representing whole numbers,A named location used to store a value in memory,"B) Text in code ignored by the interpreter, used for explanations","A comment, marked with #, is text in Python code that is ignored by the interpreter and used to explain the code.",Python,Python Basics
What is the output of: print(23 // 26),-2,0,1,2,B) 0,"In Python, 23 // 26 evaluates to 0.",Python,Mathematical Operations
What is the output of: print(24 * 27),648,594,711,489,A) 648,"In Python, 24 * 27 evaluates to 648.",Python,Mathematical Operations
What is the output of: print(90 > 86),False,None,True,Error,C) True,90 > 86 evaluates to True.,Python,Conditions
What is the output of: print(54 < 35),False,Error,True,None,A) False,54 < 35 evaluates to False.,Python,Conditions
What is the output of: print(27 - 37),-12,-10,-11,-6,B) -10,"In Python, 27 - 37 evaluates to -10.",Python,Mathematical Operations
What is the output of: print(15 % 4),2,5,3,1,C) 3,"In Python, 15 % 4 evaluates to 3.",Python,Mathematical Operations
What is the output of: print(31 * 15),564,465,364,504,B) 465,"In Python, 31 * 15 evaluates to 465.",Python,Mathematical Operations
What is the output of: print(71 == 11),False,None,Error,True,A) False,71 == 11 evaluates to False.,Python,Conditions
What is the output of: print(8 + 42),59,42,50,55,C) 50,"In Python, 8 + 42 evaluates to 50.",Python,Mathematical Operations
What is the output of: print(5 < 36),None,False,Error,True,D) True,5 < 36 evaluates to True.,Python,Conditions
What is the output of: print(89 < 89),Error,None,False,True,C) False,89 < 89 evaluates to False.,Python,Conditions
What is the output of: print(35 * 42),1670,1652,1219,1470,D) 1470,"In Python, 35 * 42 evaluates to 1470.",Python,Mathematical Operations
What is the output of: print(33 - 35),-1,-3,-4,-2,D) -2,"In Python, 33 - 35 evaluates to -2.",Python,Mathematical Operations
What is the output of: print(35 // 12),2,0,1,4,A) 2,"In Python, 35 // 12 evaluates to 2.",Python,Mathematical Operations
What is the output of: print(29 + 1),23,30,37,27,B) 30,"In Python, 29 + 1 evaluates to 30.",Python,Mathematical Operations
What is the output of: print(30 % 36),39,28,30,23,C) 30,"In Python, 30 % 36 evaluates to 30.",Python,Mathematical Operations
What is the output of: print(45 - 12),33,43,36,30,A) 33,"In Python, 45 - 12 evaluates to 33.",Python,Mathematical Operations
What is the output of: print(43 - 34),9,6,12,5,A) 9,"In Python, 43 - 34 evaluates to 9.",Python,Mathematical Operations
What is the output of: print(20 + 37),55,66,47,57,D) 57,"In Python, 20 + 37 evaluates to 57.",Python,Mathematical Operations
What is the output of: print(85 <= 46),None,True,Error,False,D) False,85 <= 46 evaluates to False.,Python,Conditions
What is the output of: print(25 >= 99),None,True,Error,False,D) False,25 >= 99 evaluates to False.,Python,Conditions
What is the output of: print(5 // 42),-2,0,1,2,B) 0,"In Python, 5 // 42 evaluates to 0.",Python,Mathematical Operations
"What is the output of: print(""Sky"" + ""Fun"")",HiPy,GoYes,SkyFun,PyYes,C) SkyFun,"The + operator concatenates strings, so ""Sky"" + ""Fun"" gives ""SkyFun"".",Python,Data Types
What is the output of: print(54 == 57),False,Error,None,True,A) False,54 == 57 evaluates to False.,Python,Conditions
What is the output of: print(42 // 18),1,3,0,2,D) 2,"In Python, 42 // 18 evaluates to 2.",Python,Mathematical Operations
What is the output of: print(20 - 40),-21,-15,-16,-20,D) -20,"In Python, 20 - 40 evaluates to -20.",Python,Mathematical Operations
What is the output of: print(33 % 44),36,28,33,24,C) 33,"In Python, 33 % 44 evaluates to 33.",Python,Mathematical Operations
What is the output of: print(2 + 29),23,33,31,36,C) 31,"In Python, 2 + 29 evaluates to 31.",Python,Mathematical Operations
What is the output of: print(16 - 28),-13,-12,-17,-11,B) -12,"In Python, 16 - 28 evaluates to -12.",Python,Mathematical Operations
What is the output of: print(43 + 22),65,60,49,58,A) 65,"In Python, 43 + 22 evaluates to 65.",Python,Mathematical Operations
What is the output of: print(12 // 28),1,-2,0,2,C) 0,"In Python, 12 // 28 evaluates to 0.",Python,Mathematical Operations
What is the output of: print(3 % 38),2,4,5,3,D) 3,"In Python, 3 % 38 evaluates to 3.",Python,Mathematical Operations
What is the output of: print(24 * 40),848,960,785,900,B) 960,"In Python, 24 * 40 evaluates to 960.",Python,Mathematical Operations
What is the output of: print(44 % 22),-2,1,0,-1,C) 0,"In Python, 44 % 22 evaluates to 0.",Python,Mathematical Operations
What is the output of: print(40 > 71),Error,False,None,True,B) False,40 > 71 evaluates to False.,Python,Conditions
What is the output of: print(15 * 26),389,390,405,406,B) 390,"In Python, 15 * 26 evaluates to 390.",Python,Mathematical Operations
What is the output of: print(2 + 22),23,18,26,24,D) 24,"In Python, 2 + 22 evaluates to 24.",Python,Mathematical Operations
What is the output of: print(25 >= 34),True,False,Error,None,B) False,25 >= 34 evaluates to False.,Python,Conditions
What is the output of: print(18 + 16),31,24,30,34,D) 34,"In Python, 18 + 16 evaluates to 34.",Python,Mathematical Operations
What is the output of: print(28 * 27),614,748,756,642,C) 756,"In Python, 28 * 27 evaluates to 756.",Python,Mathematical Operations
What is the output of: print(95 < 50),None,False,True,Error,B) False,95 < 50 evaluates to False.,Python,Conditions
What is the output of: print(50 > 14),False,None,Error,True,D) True,50 > 14 evaluates to True.,Python,Conditions
What is the output of: print(34 % 50),34,42,37,25,A) 34,"In Python, 34 % 50 evaluates to 34.",Python,Mathematical Operations
What is the output of: print(11 < 34),False,None,True,Error,C) True,11 < 34 evaluates to True.,Python,Conditions
What is the output of: print(19 % 49),19,15,17,25,A) 19,"In Python, 19 % 49 evaluates to 19.",Python,Mathematical Operations
What is the output of: print(50 >= 70),Error,True,None,False,D) False,50 >= 70 evaluates to False.,Python,Conditions
What is the output of: print(30 * 47),1410,1557,1332,1283,A) 1410,"In Python, 30 * 47 evaluates to 1410.",Python,Mathematical Operations
What is the output of: print(45 == 46),False,Error,True,None,A) False,45 == 46 evaluates to False.,Python,Conditions
What is the output of: print(12 - 32),-25,-26,-22,-20,D) -20,"In Python, 12 - 32 evaluates to -20.",Python,Mathematical Operations
What is the output of: print(10 * 40),400,303,394,475,A) 400,"In Python, 10 * 40 evaluates to 400.",Python,Mathematical Operations
What is the output of: print(7 * 34),229,253,238,281,C) 238,"In Python, 7 * 34 evaluates to 238.",Python,Mathematical Operations
What is the output of: print(9 // 49),-1,0,-2,1,B) 0,"In Python, 9 // 49 evaluates to 0.",Python,Mathematical Operations
What is the output of: print(16 > 45),None,True,False,Error,C) False,16 > 45 evaluates to False.,Python,Conditions
What is the output of: print(29 == 40),Error,False,None,True,B) False,29 == 40 evaluates to False.,Python,Conditions
What is the output of: print(6 // 50),-2,1,2,0,D) 0,"In Python, 6 // 50 evaluates to 0.",Python,Mathematical Operations
What is the output of: print(17 + 17),35,34,29,41,B) 34,"In Python, 17 + 17 evaluates to 34.",Python,Mathematical Operations
What is the output of: print(31 * 33),883,1097,824,1023,D) 1023,"In Python, 31 * 33 evaluates to 1023.",Python,Mathematical Operations
What is the output of: print(41 > 77),True,None,False,Error,C) False,41 > 77 evaluates to False.,Python,Conditions
What is the output of: print(3 % 39),1,4,2,3,D) 3,"In Python, 3 % 39 evaluates to 3.",Python,Mathematical Operations
What is the output of: print(97 != 77),False,Error,True,None,C) True,97 != 77 evaluates to True.,Python,Conditions
What is the output of: print(4 // 4),2,3,1,0,C) 1,"In Python, 4 // 4 evaluates to 1.",Python,Mathematical Operations
What is the output of: print(48 + 40),88,66,70,100,A) 88,"In Python, 48 + 40 evaluates to 88.",Python,Mathematical Operations
What is the output of: print(35 < 58),Error,False,None,True,D) True,35 < 58 evaluates to True.,Python,Conditions
What is the output of: print(36 + 16),59,37,43,52,D) 52,"In Python, 36 + 16 evaluates to 52.",Python,Mathematical Operations
What is the output of: print(17 * 24),392,408,468,384,B) 408,"In Python, 17 * 24 evaluates to 408.",Python,Mathematical Operations
What is the output of: print(77 == 5),Error,False,None,True,B) False,77 == 5 evaluates to False.,Python,Conditions
What is the output of: print(49 <= 55),None,True,Error,False,B) True,49 <= 55 evaluates to True.,Python,Conditions
What is the output of: print(71 > 6),None,False,Error,True,D) True,71 > 6 evaluates to True.,Python,Conditions
What is the output of: print(49 <= 90),Error,True,None,False,B) True,49 <= 90 evaluates to True.,Python,Conditions
What is the output of: print(2 % 13),4,1,3,2,D) 2,"In Python, 2 % 13 evaluates to 2.",Python,Mathematical Operations
What is the output of: print(7 % 49),7,4,9,5,A) 7,"In Python, 7 % 49 evaluates to 7.",Python,Mathematical Operations
What is the output of: print(2 * 31),48,62,63,49,B) 62,"In Python, 2 * 31 evaluates to 62.",Python,Mathematical Operations
What is the output of: print(46 * 44),1711,2024,1851,1754,B) 2024,"In Python, 46 * 44 evaluates to 2024.",Python,Mathematical Operations
What is the output of: print(9 > 30),None,False,Error,True,B) False,9 > 30 evaluates to False.,Python,Conditions
What is the output of: print(23 - 35),-12,-17,-8,-16,A) -12,"In Python, 23 - 35 evaluates to -12.",Python,Mathematical Operations
What is the output of: print(33 % 8),1,0,2,3,A) 1,"In Python, 33 % 8 evaluates to 1.",Python,Mathematical Operations
What is the output of: print(30 % 32),30,34,21,24,A) 30,"In Python, 30 % 32 evaluates to 30.",Python,Mathematical Operations
What is the output of: print(24 % 10),4,6,5,1,A) 4,"In Python, 24 % 10 evaluates to 4.",Python,Mathematical Operations
What is the output of: print(40 - 25),14,10,11,15,D) 15,"In Python, 40 - 25 evaluates to 15.",Python,Mathematical Operations
What is the output of: print(36 - 33),5,2,4,3,D) 3,"In Python, 36 - 33 evaluates to 3.",Python,Mathematical Operations
What is the output of: print(39 != 31),False,Error,None,True,D) True,39 != 31 evaluates to True.,Python,Conditions
What is the output of: print(89 <= 49),False,None,Error,True,A) False,89 <= 49 evaluates to False.,Python,Conditions
What is the output of: print(60 >= 60),Error,True,None,False,B) True,60 >= 60 evaluates to True.,Python,Conditions
What is the output of: print(21 * 25),563,566,525,431,C) 525,"In Python, 21 * 25 evaluates to 525.",Python,Mathematical Operations
What is the output of: print(37 > 40),Error,False,None,True,B) False,37 > 40 evaluates to False.,Python,Conditions
What is the output of: print(52 > 71),None,True,False,Error,C) False,52 > 71 evaluates to False.,Python,Conditions
What is the output of: print(31 // 13),4,2,0,1,B) 2,"In Python, 31 // 13 evaluates to 2.",Python,Mathematical Operations
What is the output of: print(61 != 18),False,Error,True,None,C) True,61 != 18 evaluates to True.,Python,Conditions
What is the output of: print(38 % 46),38,48,40,31,A) 38,"In Python, 38 % 46 evaluates to 38.",Python,Mathematical Operations
What is the output of: print(38 * 12),511,416,519,456,D) 456,"In Python, 38 * 12 evaluates to 456.",Python,Mathematical Operations
What is the output of: print(59 <= 7),True,Error,False,None,C) False,59 <= 7 evaluates to False.,Python,Conditions
What is the output of: print(23 * 22),632,390,506,474,C) 506,"In Python, 23 * 22 evaluates to 506.",Python,Mathematical Operations
What is the output of: print(56 >= 44),None,True,Error,False,B) True,56 >= 44 evaluates to True.,Python,Conditions
"What is the output of: print(""Fun"" + ""Sun"")",HiAI,GoAI,PyNo,FunSun,D) FunSun,"The + operator concatenates strings, so ""Fun"" + ""Sun"" gives ""FunSun"".",Python,Data Types
What is the output of: print(50 % 42),12,8,5,9,B) 8,"In Python, 50 % 42 evaluates to 8.",Python,Mathematical Operations
What is the output of: print(56 < 8),None,False,True,Error,B) False,56 < 8 evaluates to False.,Python,Conditions
What is the output of: print(47 < 73),None,False,Error,True,D) True,47 < 73 evaluates to True.,Python,Conditions
What is the output of: print(46 * 35),1465,1875,1292,1610,D) 1610,"In Python, 46 * 35 evaluates to 1610.",Python,Mathematical Operations
What is the output of: print(29 * 23),568,610,770,667,D) 667,"In Python, 29 * 23 evaluates to 667.",Python,Mathematical Operations
What is the output of: print(79 == 42),Error,True,False,None,C) False,79 == 42 evaluates to False.,Python,Conditions
What is the output of: print(33 // 30),0,3,2,1,D) 1,"In Python, 33 // 30 evaluates to 1.",Python,Mathematical Operations
What is the output of: print(30 >= 61),Error,True,None,False,D) False,30 >= 61 evaluates to False.,Python,Conditions
What is the output of: print(12 - 29),-15,-19,-17,-14,C) -17,"In Python, 12 - 29 evaluates to -17.",Python,Mathematical Operations
What is the output of: print(48 - 49),-3,-2,-1,1,C) -1,"In Python, 48 - 49 evaluates to -1.",Python,Mathematical Operations
What is the output of: print(27 * 24),640,603,524,648,D) 648,"In Python, 27 * 24 evaluates to 648.",Python,Mathematical Operations
What is the output of: print(21 + 14),35,39,40,33,A) 35,"In Python, 21 + 14 evaluates to 35.",Python,Mathematical Operations
"What is the output of: print(""Hi"" + ""No"")",GoNo,HiNo,OkYes,PyOk,B) HiNo,"The + operator concatenates strings, so ""Hi"" + ""No"" gives ""HiNo"".",Python,Data Types
What is the output of: print(12 * 29),328,353,348,340,C) 348,"In Python, 12 * 29 evaluates to 348.",Python,Mathematical Operations
What is the output of: print(37 * 7),259,317,201,318,A) 259,"In Python, 37 * 7 evaluates to 259.",Python,Mathematical Operations
What is the output of: print(47 != 70),None,True,False,Error,B) True,47 != 70 evaluates to True.,Python,Conditions
What is the output of: print(26 < 68),Error,True,None,False,B) True,26 < 68 evaluates to True.,Python,Conditions
What is the output of: print(22 == 67),Error,True,None,False,D) False,22 == 67 evaluates to False.,Python,Conditions
What is the output of: print(8 < 25),True,Error,None,False,A) True,8 < 25 evaluates to True.,Python,Conditions
What is the output of: print(86 >= 61),True,False,Error,None,A) True,86 >= 61 evaluates to True.,Python,Conditions
What is the output of: print(69 <= 70),None,False,Error,True,D) True,69 <= 70 evaluates to True.,Python,Conditions
What is the output of: print(30 >= 35),None,True,Error,False,D) False,30 >= 35 evaluates to False.,Python,Conditions
What is the output of: print(41 < 71),True,Error,None,False,A) True,41 < 71 evaluates to True.,Python,Conditions
What is the output of: print(36 - 23),16,14,13,15,C) 13,"In Python, 36 - 23 evaluates to 13.",Python,Mathematical Operations
What is the output of: print(20 + 1),19,21,17,18,B) 21,"In Python, 20 + 1 evaluates to 21.",Python,Mathematical Operations
What is the output of: print(46 * 36),1495,1449,1656,1732,C) 1656,"In Python, 46 * 36 evaluates to 1656.",Python,Mathematical Operations
What is the output of: print(94 < 50),None,False,Error,True,B) False,94 < 50 evaluates to False.,Python,Conditions
What is the output of: print(47 == 40),True,False,Error,None,B) False,47 == 40 evaluates to False.,Python,Conditions
What is the output of: print(32 > 33),None,Error,True,False,D) False,32 > 33 evaluates to False.,Python,Conditions
What is the output of: print(34 + 26),60,58,51,74,A) 60,"In Python, 34 + 26 evaluates to 60.",Python,Mathematical Operations
What is the output of: print(31 * 13),342,349,403,439,C) 403,"In Python, 31 * 13 evaluates to 403.",Python,Mathematical Operations
What is the output of: print(26 > 74),True,None,Error,False,D) False,26 > 74 evaluates to False.,Python,Conditions
What is the output of: print(65 < 74),Error,None,False,True,D) True,65 < 74 evaluates to True.,Python,Conditions
What is the output of: print(14 * 40),485,483,560,631,C) 560,"In Python, 14 * 40 evaluates to 560.",Python,Mathematical Operations
What is the output of: print(27 != 9),False,Error,None,True,D) True,27 != 9 evaluates to True.,Python,Conditions
What is the output of: print(17 % 31),23,11,17,12,C) 17,"In Python, 17 % 31 evaluates to 17.",Python,Mathematical Operations
What is the output of: print(49 > 91),Error,None,True,False,D) False,49 > 91 evaluates to False.,Python,Conditions
What is the output of: print(48 + 49),85,75,91,97,D) 97,"In Python, 48 + 49 evaluates to 97.",Python,Mathematical Operations
What is the output of: print(40 * 20),800,753,721,697,A) 800,"In Python, 40 * 20 evaluates to 800.",Python,Mathematical Operations
What is the output of: print(27 >= 75),True,None,Error,False,D) False,27 >= 75 evaluates to False.,Python,Conditions
What is the output of: print(28 * 30),692,732,965,840,D) 840,"In Python, 28 * 30 evaluates to 840.",Python,Mathematical Operations
What is the output of: print(9 < 65),None,False,True,Error,C) True,9 < 65 evaluates to True.,Python,Conditions
What is the output of: print(25 - 18),5,10,7,6,C) 7,"In Python, 25 - 18 evaluates to 7.",Python,Mathematical Operations
What is the output of: print(95 <= 81),False,True,Error,None,A) False,95 <= 81 evaluates to False.,Python,Conditions
What is the output of: print(4 // 16),1,0,-1,-2,B) 0,"In Python, 4 // 16 evaluates to 0.",Python,Mathematical Operations
"What is the output of: print(len([0, 1, 2, 3, 4, 5, 6, 7, 8, 9, 10, 11, 12, 13, 14]))",11,19,15,12,C) 15,"The list [0, 1, 2, 3, 4, 5, 6, 7, 8, 9, 10, 11, 12, 13, 14] has 15 elements, so len() returns 15.",Python,Lists & Tuples
What is the output of: print(36 % 27),10,9,5,13,B) 9,"In Python, 36 % 27 evaluates to 9.",Python,Mathematical Operations
What is the output of: print(71 <= 83),Error,True,False,None,B) True,71 <= 83 evaluates to True.,Python,Conditions
What is the output of: print(60 >= 48),None,Error,True,False,C) True,60 >= 48 evaluates to True.,Python,Conditions
What is the output of: print(16 >= 56),None,Error,True,False,D) False,16 >= 56 evaluates to False.,Python,Conditions
What is the output of: print(68 != 82),None,True,False,Error,B) True,68 != 82 evaluates to True.,Python,Conditions
What is the output of: print(98 > 8),True,False,None,Error,A) True,98 > 8 evaluates to True.,Python,Conditions
What is the output of: print(8 % 26),5,12,8,11,C) 8,"In Python, 8 % 26 evaluates to 8.",Python,Mathematical Operations
What is the output of: print(35 % 47),34,35,38,26,B) 35,"In Python, 35 % 47 evaluates to 35.",Python,Mathematical Operations
What is the output of: print(58 < 76),True,False,None,Error,A) True,58 < 76 evaluates to True.,Python,Conditions
What is the output of: print(40 + 43),83,84,90,81,A) 83,"In Python, 40 + 43 evaluates to 83.",Python,Mathematical Operations
What is the output of: print(61 >= 76),True,False,Error,None,B) False,61 >= 76 evaluates to False.,Python,Conditions
What is the output of: print(91 == 32),Error,False,None,True,B) False,91 == 32 evaluates to False.,Python,Conditions
What is the output of: print(74 >= 2),None,True,Error,False,B) True,74 >= 2 evaluates to True.,Python,Conditions
What is the output of: print(26 <= 12),Error,None,False,True,C) False,26 <= 12 evaluates to False.,Python,Conditions
What is the output of: print(30 // 14),2,4,3,0,A) 2,"In Python, 30 // 14 evaluates to 2.",Python,Mathematical Operations
What is the output of: print(63 != 22),True,False,Error,None,A) True,63 != 22 evaluates to True.,Python,Conditions
What is the output of: print(21 == 90),False,True,None,Error,A) False,21 == 90 evaluates to False.,Python,Conditions
"What is the output of: print(""Sun"" + ""Yes"")",HiSky,PyFun,SunYes,GoNo,C) SunYes,"The + operator concatenates strings, so ""Sun"" + ""Yes"" gives ""SunYes"".",Python,Data Types
What is a data type?,An instance of a class,"A reusable block of code that performs a specific task, defined with 'def'",A classification that specifies what kind of value a variable holds,An operator used to perform mathematical calculations,C) A classification that specifies what kind of value a variable holds,"A data type specifies what kind of value a variable can hold, such as int, float, or string.",Python,Data Types
What is the output of: print(20 <= 98),False,None,Error,True,D) True,20 <= 98 evaluates to True.,Python,Conditions
What is the output of: print(49 <= 14),None,True,Error,False,D) False,49 <= 14 evaluates to False.,Python,Conditions
What is the output of: print(44 - 7),37,48,30,42,A) 37,"In Python, 44 - 7 evaluates to 37.",Python,Mathematical Operations
What is the output of: print(66 == 60),None,False,Error,True,B) False,66 == 60 evaluates to False.,Python,Conditions
What is the output of: print(17 // 27),0,-2,-1,1,A) 0,"In Python, 17 // 27 evaluates to 0.",Python,Mathematical Operations
What is the output of: print(52 >= 81),False,True,Error,None,A) False,52 >= 81 evaluates to False.,Python,Conditions
What is the output of: print(38 * 32),1355,1404,1216,1279,C) 1216,"In Python, 38 * 32 evaluates to 1216.",Python,Mathematical Operations
What is the output of: print(78 == 29),Error,False,None,True,B) False,78 == 29 evaluates to False.,Python,Conditions
What is the output of: print(41 <= 41),None,True,Error,False,B) True,41 <= 41 evaluates to True.,Python,Conditions
What is the output of: print(40 // 21),-1,2,1,3,C) 1,"In Python, 40 // 21 evaluates to 1.",Python,Mathematical Operations
What is the output of: print(21 < 17),None,False,True,Error,B) False,21 < 17 evaluates to False.,Python,Conditions
What is the output of: print(20 - 25),-6,-8,-5,-2,C) -5,"In Python, 20 - 25 evaluates to -5.",Python,Mathematical Operations
What is the output of: print(6 <= 81),None,True,False,Error,B) True,6 <= 81 evaluates to True.,Python,Conditions
What is the output of: print(68 < 74),False,None,True,Error,C) True,68 < 74 evaluates to True.,Python,Conditions
What is the output of: print(84 <= 99),True,None,Error,False,A) True,84 <= 99 evaluates to True.,Python,Conditions
What is the output of: print(7 + 41),48,37,51,60,A) 48,"In Python, 7 + 41 evaluates to 48.",Python,Mathematical Operations
What is the output of: print(37 + 35),72,80,66,81,A) 72,"In Python, 37 + 35 evaluates to 72.",Python,Mathematical Operations
What is the output of: print(44 + 26),82,59,70,53,C) 70,"In Python, 44 + 26 evaluates to 70.",Python,Mathematical Operations
What is the output of: print(40 != 79),Error,True,None,False,B) True,40 != 79 evaluates to True.,Python,Conditions
What is the output of: print(3 > 25),True,Error,False,None,C) False,3 > 25 evaluates to False.,Python,Conditions
What is the output of: print(11 + 39),59,56,50,57,C) 50,"In Python, 11 + 39 evaluates to 50.",Python,Mathematical Operations
What is the output of: print(82 >= 56),None,True,False,Error,B) True,82 >= 56 evaluates to True.,Python,Conditions
What is the output of: print(11 // 24),2,-2,0,-1,C) 0,"In Python, 11 // 24 evaluates to 0.",Python,Mathematical Operations
What is the output of: print(10 > 84),Error,False,None,True,B) False,10 > 84 evaluates to False.,Python,Conditions
What is the output of: print(43 < 14),True,Error,None,False,D) False,43 < 14 evaluates to False.,Python,Conditions
What is the output of: print(99 > 93),False,True,Error,None,B) True,99 > 93 evaluates to True.,Python,Conditions
What is the output of: print(69 <= 43),True,Error,False,None,C) False,69 <= 43 evaluates to False.,Python,Conditions
What is the output of: print(59 == 53),Error,False,True,None,B) False,59 == 53 evaluates to False.,Python,Conditions
What is the output of: print(26 // 26),1,2,3,0,A) 1,"In Python, 26 // 26 evaluates to 1.",Python,Mathematical Operations
What is the output of: print(6 < 78),True,None,Error,False,A) True,6 < 78 evaluates to True.,Python,Conditions
What is the output of: print(41 + 27),84,58,54,68,D) 68,"In Python, 41 + 27 evaluates to 68.",Python,Mathematical Operations
What is the output of: print(6 % 34),6,4,9,3,A) 6,"In Python, 6 % 34 evaluates to 6.",Python,Mathematical Operations
What is the output of: print(13 // 41),-1,-2,1,0,D) 0,"In Python, 13 // 41 evaluates to 0.",Python,Mathematical Operations
What is the output of: print(49 * 6),229,294,362,352,B) 294,"In Python, 49 * 6 evaluates to 294.",Python,Mathematical Operations
What is the output of: print(100 > 28),Error,False,True,None,C) True,100 > 28 evaluates to True.,Python,Conditions
What is the output of: print(7 + 46),40,60,53,51,C) 53,"In Python, 7 + 46 evaluates to 53.",Python,Mathematical Operations
What is the output of: print(31 >= 65),True,None,False,Error,C) False,31 >= 65 evaluates to False.,Python,Conditions
What is the output of: print(37 != 89),True,None,Error,False,A) True,37 != 89 evaluates to True.,Python,Conditions
What is the output of: print(47 % 15),1,3,2,0,C) 2,"In Python, 47 % 15 evaluates to 2.",Python,Mathematical Operations
What is the output of: print(3 + 23),33,23,26,32,C) 26,"In Python, 3 + 23 evaluates to 26.",Python,Mathematical Operations
What is the output of: print(1 + 10),8,13,11,7,C) 11,"In Python, 1 + 10 evaluates to 11.",Python,Mathematical Operations
What is the output of: print(15 % 27),15,10,16,18,A) 15,"In Python, 15 % 27 evaluates to 15.",Python,Mathematical Operations
What is the output of: print(93 != 66),True,None,Error,False,A) True,93 != 66 evaluates to True.,Python,Conditions
What is the output of: print(7 - 48),-38,-33,-41,-49,C) -41,"In Python, 7 - 48 evaluates to -41.",Python,Mathematical Operations
What is the output of: print(31 % 26),6,4,5,8,C) 5,"In Python, 31 % 26 evaluates to 5.",Python,Mathematical Operations
What is the output of: print(46 * 24),1104,1023,1033,872,A) 1104,"In Python, 46 * 24 evaluates to 1104.",Python,Mathematical Operations
What is the output of: print(43 >= 36),None,True,False,Error,B) True,43 >= 36 evaluates to True.,Python,Conditions
What is the output of: print(3 > 7),False,Error,True,None,A) False,3 > 7 evaluates to False.,Python,Conditions
What is the output of: print(36 // 6),5,6,9,3,B) 6,"In Python, 36 // 6 evaluates to 6.",Python,Mathematical Operations
What is the output of: print(3 == 78),Error,None,True,False,D) False,3 == 78 evaluates to False.,Python,Conditions
What is the output of: print(20 % 49),21,20,24,26,B) 20,"In Python, 20 % 49 evaluates to 20.",Python,Mathematical Operations
What is the output of: print(29 == 47),Error,True,None,False,D) False,29 == 47 evaluates to False.,Python,Conditions
What is the output of: print(22 % 4),3,2,4,0,B) 2,"In Python, 22 % 4 evaluates to 2.",Python,Mathematical Operations
What is the output of: print(15 > 37),False,Error,None,True,A) False,15 > 37 evaluates to False.,Python,Conditions
What is the output of: print(91 < 81),None,True,Error,False,D) False,91 < 81 evaluates to False.,Python,Conditions
Which of the following best describes indentation (in Python)?,An unordered collection of unique items in Python,A loop that continues executing as long as a condition is true,A built-in function that returns the number of items in an object,Whitespace used to define code blocks instead of braces,D) Whitespace used to define code blocks instead of braces,Python uses indentation (whitespace) rather than braces to define the boundaries of code blocks.,Python,Python Basics
What is the output of: print(45 != 20),None,True,False,Error,B) True,45 != 20 evaluates to True.,Python,Conditions
What is the output of: print(1 == 15),True,Error,False,None,C) False,1 == 15 evaluates to False.,Python,Conditions
"What is the output of: print(""Go"" + ""Py"")",PySky,GoPy,OkYes,HiGo,B) GoPy,"The + operator concatenates strings, so ""Go"" + ""Py"" gives ""GoPy"".",Python,Data Types
What is the output of: print(3 > 83),False,True,Error,None,A) False,3 > 83 evaluates to False.,Python,Conditions
What is the output of: print(97 >= 42),True,None,False,Error,A) True,97 >= 42 evaluates to True.,Python,Conditions
What is the output of: print(7 // 10),-2,2,0,-1,C) 0,"In Python, 7 // 10 evaluates to 0.",Python,Mathematical Operations
What is the output of: print(27 // 13),3,2,1,4,B) 2,"In Python, 27 // 13 evaluates to 2.",Python,Mathematical Operations
"What is the output of: print(len(""loop""))",5,4,6,2,B) 4,"The string ""loop"" has 4 characters, so len() returns 4.",Python,Data Types
What is the output of: print(45 - 31),13,14,11,15,B) 14,"In Python, 45 - 31 evaluates to 14.",Python,Mathematical Operations
What is the output of: print(10 + 41),37,55,49,51,D) 51,"In Python, 10 + 41 evaluates to 51.",Python,Mathematical Operations
What is the output of: print(3 < 6),True,Error,False,None,A) True,3 < 6 evaluates to True.,Python,Conditions
"What is the output of: print(len([0, 1, 2, 3, 4, 5, 6, 7, 8, 9]))",8,10,9,12,B) 10,"The list [0, 1, 2, 3, 4, 5, 6, 7, 8, 9] has 10 elements, so len() returns 10.",Python,Lists & Tuples
What is the output of: print(19 != 42),Error,False,None,True,D) True,19 != 42 evaluates to True.,Python,Conditions
What is the output of: print(15 // 6),4,1,2,3,C) 2,"In Python, 15 // 6 evaluates to 2.",Python,Mathematical Operations
What is the output of: print(56 < 68),True,False,None,Error,A) True,56 < 68 evaluates to True.,Python,Conditions
What is the output of: print(86 == 93),None,True,False,Error,C) False,86 == 93 evaluates to False.,Python,Conditions
What is the output of: print(51 >= 85),None,False,Error,True,B) False,51 >= 85 evaluates to False.,Python,Conditions
What is the output of: print(49 >= 55),False,None,True,Error,A) False,49 >= 55 evaluates to False.,Python,Conditions
What is the output of: print(8 // 45),-1,1,2,0,D) 0,"In Python, 8 // 45 evaluates to 0.",Python,Mathematical Operations
What is the output of: print(25 > 68),Error,False,True,None,B) False,25 > 68 evaluates to False.,Python,Conditions
What is the output of: print(31 - 47),-10,-16,-21,-22,B) -16,"In Python, 31 - 47 evaluates to -16.",Python,Mathematical Operations
What is the output of: print(20 == 67),False,Error,None,True,A) False,20 == 67 evaluates to False.,Python,Conditions
What is the output of: print(25 > 48),Error,None,False,True,C) False,25 > 48 evaluates to False.,Python,Conditions
What is the output of: print(29 // 13),4,0,2,1,C) 2,"In Python, 29 // 13 evaluates to 2.",Python,Mathematical Operations
What is the output of: print(43 == 88),None,False,True,Error,B) False,43 == 88 evaluates to False.,Python,Conditions
What is the output of: print(39 + 45),76,87,66,84,D) 84,"In Python, 39 + 45 evaluates to 84.",Python,Mathematical Operations
What is the output of: print(86 > 72),None,Error,True,False,C) True,86 > 72 evaluates to True.,Python,Conditions
What is the output of: print(91 < 90),None,True,Error,False,D) False,91 < 90 evaluates to False.,Python,Conditions
What is the output of: print(49 <= 98),False,True,Error,None,B) True,49 <= 98 evaluates to True.,Python,Conditions
What is the output of: print(12 == 32),False,Error,True,None,A) False,12 == 32 evaluates to False.,Python,Conditions
What is the output of: print(10 * 3),25,21,38,30,D) 30,"In Python, 10 * 3 evaluates to 30.",Python,Mathematical Operations
What is the output of: print(26 == 85),True,Error,None,False,D) False,26 == 85 evaluates to False.,Python,Conditions
What is the output of: print(8 % 40),12,8,6,10,B) 8,"In Python, 8 % 40 evaluates to 8.",Python,Mathematical Operations
What is the output of: print(18 % 32),22,13,18,23,C) 18,"In Python, 18 % 32 evaluates to 18.",Python,Mathematical Operations
What is the output of: print(40 // 39),3,2,1,-1,C) 1,"In Python, 40 // 39 evaluates to 1.",Python,Mathematical Operations
What is the output of: print(35 // 30),1,2,3,-1,A) 1,"In Python, 35 // 30 evaluates to 1.",Python,Mathematical Operations
What is the output of: print(46 > 14),Error,False,None,True,D) True,46 > 14 evaluates to True.,Python,Conditions
What is the output of: print(22 * 13),250,272,286,327,C) 286,"In Python, 22 * 13 evaluates to 286.",Python,Mathematical Operations
What is the output of: print(89 > 13),True,None,False,Error,A) True,89 > 13 evaluates to True.,Python,Conditions
What is the output of: print(31 // 46),-2,-1,0,2,C) 0,"In Python, 31 // 46 evaluates to 0.",Python,Mathematical Operations
What is the output of: print(75 > 24),Error,False,None,True,D) True,75 > 24 evaluates to True.,Python,Conditions
What is the output of: print(36 * 43),1405,1548,1553,1879,B) 1548,"In Python, 36 * 43 evaluates to 1548.",Python,Mathematical Operations
What is the output of: print(5 > 52),None,Error,False,True,C) False,5 > 52 evaluates to False.,Python,Conditions
What is the output of: print(46 * 11),385,506,515,485,B) 506,"In Python, 46 * 11 evaluates to 506.",Python,Mathematical Operations
What is the output of: print(12 <= 43),Error,True,None,False,B) True,12 <= 43 evaluates to True.,Python,Conditions
What is the output of: print(45 < 50),True,None,False,Error,A) True,45 < 50 evaluates to True.,Python,Conditions
What is the output of: print(2 != 93),None,True,False,Error,B) True,2 != 93 evaluates to True.,Python,Conditions
What is the output of: print(7 * 22),178,126,149,154,D) 154,"In Python, 7 * 22 evaluates to 154.",Python,Mathematical Operations
What is the output of: print(62 == 71),False,True,None,Error,A) False,62 == 71 evaluates to False.,Python,Conditions
What is the output of: print(23 >= 33),True,Error,False,None,C) False,23 >= 33 evaluates to False.,Python,Conditions
What is the output of: print(42 % 42),2,-1,-2,0,D) 0,"In Python, 42 % 42 evaluates to 0.",Python,Mathematical Operations
Which of the following best describes a for loop?,An instance of a class,A collection of key-value pairs in Python,An operator used to perform mathematical calculations,A loop that iterates over a sequence a defined number of times,D) A loop that iterates over a sequence a defined number of times,"A for loop iterates over the elements of a sequence, such as a list or range, executing code for each element.",Python,Loops
What is the output of: print(35 // 11),3,2,4,1,A) 3,"In Python, 35 // 11 evaluates to 3.",Python,Mathematical Operations
What is the output of: print(10 != 58),Error,False,True,None,C) True,10 != 58 evaluates to True.,Python,Conditions
What is the output of: print(3 == 19),Error,None,False,True,C) False,3 == 19 evaluates to False.,Python,Conditions
What is the output of: print(64 > 78),True,None,Error,False,D) False,64 > 78 evaluates to False.,Python,Conditions
What is the output of: print(33 * 46),1220,1615,1222,1518,D) 1518,"In Python, 33 * 46 evaluates to 1518.",Python,Mathematical Operations
What is the output of: print(24 < 65),False,True,Error,None,B) True,24 < 65 evaluates to True.,Python,Conditions
What is the output of: print(63 == 9),False,True,None,Error,A) False,63 == 9 evaluates to False.,Python,Conditions
Which of the following best describes a tuple?,"An ordered, immutable collection of items in Python",A conditional statement that executes code only if a condition is true,An operator used to perform mathematical calculations,A classification that specifies what kind of value a variable holds,"A) An ordered, immutable collection of items in Python","A tuple is an ordered, immutable collection of items in Python, defined using parentheses.",Python,Lists & Tuples
What is the output of: print(61 >= 11),True,Error,False,None,A) True,61 >= 11 evaluates to True.,Python,Conditions
What is the output of: print(53 != 41),False,Error,True,None,C) True,53 != 41 evaluates to True.,Python,Conditions
What is the output of: print(7 + 1),8,7,11,9,A) 8,"In Python, 7 + 1 evaluates to 8.",Python,Mathematical Operations
What is a class (in Python)?,A collection of key-value pairs in Python,"A blueprint for creating objects, defining their properties and behavior",A data type representing decimal (floating-point) numbers,A loop that continues executing as long as a condition is true,"B) A blueprint for creating objects, defining their properties and behavior","A class in Python is a blueprint used to create objects, defining their attributes and methods.",Python,Object-Oriented Programming
"What is the output of: print(""Py"" + ""AI"")",OkHi,HiSun,PyAI,GoHi,C) PyAI,"The + operator concatenates strings, so ""Py"" + ""AI"" gives ""PyAI"".",Python,Data Types
What is the output of: print(5 - 26),-26,-23,-21,-18,C) -21,"In Python, 5 - 26 evaluates to -21.",Python,Mathematical Operations
What is the output of: print(14 % 49),12,14,10,9,B) 14,"In Python, 14 % 49 evaluates to 14.",Python,Mathematical Operations
What is the output of: print(43 % 40),4,2,3,1,C) 3,"In Python, 43 % 40 evaluates to 3.",Python,Mathematical Operations
What is the output of: print(42 % 8),1,3,2,4,C) 2,"In Python, 42 % 8 evaluates to 2.",Python,Mathematical Operations
What is the output of: print(66 == 41),True,Error,False,None,C) False,66 == 41 evaluates to False.,Python,Conditions
"What is the output of: print(""Sky"" + ""AI"")",HiGo,SkyAI,PyYes,GoAI,B) SkyAI,"The + operator concatenates strings, so ""Sky"" + ""AI"" gives ""SkyAI"".",Python,Data Types
What is the output of: print(9 * 38),324,398,405,342,D) 342,"In Python, 9 * 38 evaluates to 342.",Python,Mathematical Operations
What is the output of: print(86 < 98),False,None,Error,True,D) True,86 < 98 evaluates to True.,Python,Conditions
What is the output of: print(71 != 40),False,Error,None,True,D) True,71 != 40 evaluates to True.,Python,Conditions
What is the output of: print(34 >= 90),False,Error,None,True,A) False,34 >= 90 evaluates to False.,Python,Conditions
What is the output of: print(90 != 24),True,False,None,Error,A) True,90 != 24 evaluates to True.,Python,Conditions
What is the output of: print(10 == 11),Error,False,True,None,B) False,10 == 11 evaluates to False.,Python,Conditions
What is the output of: print(34 * 30),964,1021,1195,1020,D) 1020,"In Python, 34 * 30 evaluates to 1020.",Python,Mathematical Operations
What is the output of: print(2 <= 20),True,False,Error,None,A) True,2 <= 20 evaluates to True.,Python,Conditions
What is the output of: print(27 < 44),True,None,False,Error,A) True,27 < 44 evaluates to True.,Python,Conditions
What is the output of: print(46 < 77),False,Error,None,True,D) True,46 < 77 evaluates to True.,Python,Conditions
What is the output of: print(90 <= 59),Error,False,True,None,B) False,90 <= 59 evaluates to False.,Python,Conditions
What is the output of: print(32 >= 54),None,Error,False,True,C) False,32 >= 54 evaluates to False.,Python,Conditions
Which of the following best describes an object (in Python)?,"An ordered, immutable collection of items in Python",A loop that continues executing as long as a condition is true,An instance of a class,An unordered collection of unique items in Python,C) An instance of a class,"An object is an instance of a class, containing the data and behavior defined by that class.",Python,Object-Oriented Programming
What is the output of: print(37 + 29),66,78,57,83,A) 66,"In Python, 37 + 29 evaluates to 66.",Python,Mathematical Operations
What is the output of: print(11 == 18),Error,None,False,True,C) False,11 == 18 evaluates to False.,Python,Conditions
What is the output of: print(21 * 7),124,147,157,155,B) 147,"In Python, 21 * 7 evaluates to 147.",Python,Mathematical Operations
What is the output of: print(7 % 23),4,10,7,9,C) 7,"In Python, 7 % 23 evaluates to 7.",Python,Mathematical Operations
What is the output of: print(31 // 50),-1,2,0,1,C) 0,"In Python, 31 // 50 evaluates to 0.",Python,Mathematical Operations
What is the output of: print(57 != 99),Error,True,None,False,B) True,57 != 99 evaluates to True.,Python,Conditions
What is the output of: print(8 >= 75),True,Error,None,False,D) False,8 >= 75 evaluates to False.,Python,Conditions
What is the output of: print(28 * 35),980,1003,1012,748,A) 980,"In Python, 28 * 35 evaluates to 980.",Python,Mathematical Operations
What is the output of: print(42 * 26),1148,822,1092,873,C) 1092,"In Python, 42 * 26 evaluates to 1092.",Python,Mathematical Operations
What is the output of: print(83 != 86),True,Error,False,None,A) True,83 != 86 evaluates to True.,Python,Conditions
What is the output of: print(1 >= 52),False,True,Error,None,A) False,1 >= 52 evaluates to False.,Python,Conditions
"What is the output of: print(""AI"" + ""Yes"")",GoOk,HiSun,PyOk,AIYes,D) AIYes,"The + operator concatenates strings, so ""AI"" + ""Yes"" gives ""AIYes"".",Python,Data Types
What is the output of: print(10 < 88),True,False,None,Error,A) True,10 < 88 evaluates to True.,Python,Conditions
What is the output of: print(74 < 4),Error,True,None,False,D) False,74 < 4 evaluates to False.,Python,Conditions
What is the output of: print(16 < 58),False,None,Error,True,D) True,16 < 58 evaluates to True.,Python,Conditions
What is the output of: print(21 - 41),-20,-13,-17,-24,A) -20,"In Python, 21 - 41 evaluates to -20.",Python,Mathematical Operations
What is the output of: print(51 <= 40),True,Error,None,False,D) False,51 <= 40 evaluates to False.,Python,Conditions
What is the output of: print(11 - 43),-32,-39,-31,-35,A) -32,"In Python, 11 - 43 evaluates to -32.",Python,Mathematical Operations
What is the output of: print(42 < 100),True,None,Error,False,A) True,42 < 100 evaluates to True.,Python,Conditions
What is the output of: print(39 // 12),2,5,3,1,C) 3,"In Python, 39 // 12 evaluates to 3.",Python,Mathematical Operations
What is the output of: print(39 > 78),True,None,False,Error,C) False,39 > 78 evaluates to False.,Python,Conditions
What is the output of: print(28 - 39),-9,-15,-12,-11,D) -11,"In Python, 28 - 39 evaluates to -11.",Python,Mathematical Operations
What is the output of: print(85 != 60),False,None,Error,True,D) True,85 != 60 evaluates to True.,Python,Conditions
What is the output of: print(19 % 23),19,16,20,18,A) 19,"In Python, 19 % 23 evaluates to 19.",Python,Mathematical Operations
What is the output of: print(21 // 36),1,-1,-2,0,D) 0,"In Python, 21 // 36 evaluates to 0.",Python,Mathematical Operations
What is the output of: print(13 - 35),-20,-26,-22,-17,C) -22,"In Python, 13 - 35 evaluates to -22.",Python,Mathematical Operations
What is the output of: print(36 < 91),True,Error,None,False,A) True,36 < 91 evaluates to True.,Python,Conditions
What is the output of: print(39 > 56),Error,False,True,None,B) False,39 > 56 evaluates to False.,Python,Conditions
What is the output of: print(10 + 45),55,40,70,63,A) 55,"In Python, 10 + 45 evaluates to 55.",Python,Mathematical Operations
What is the output of: print(61 != 58),Error,None,True,False,C) True,61 != 58 evaluates to True.,Python,Conditions
What is the output of: print(44 // 42),-1,2,1,3,C) 1,"In Python, 44 // 42 evaluates to 1.",Python,Mathematical Operations
What is the output of: print(7 > 42),True,Error,False,None,C) False,7 > 42 evaluates to False.,Python,Conditions
What is the output of: print(11 % 40),10,7,11,14,C) 11,"In Python, 11 % 40 evaluates to 11.",Python,Mathematical Operations
What is the output of: print(24 >= 59),False,True,Error,None,A) False,24 >= 59 evaluates to False.,Python,Conditions
What is the output of: print(30 == 81),None,True,Error,False,D) False,30 == 81 evaluates to False.,Python,Conditions
What is the output of: print(41 + 43),71,64,84,102,C) 84,"In Python, 41 + 43 evaluates to 84.",Python,Mathematical Operations
What is the output of: print(25 - 4),20,15,21,26,C) 21,"In Python, 25 - 4 evaluates to 21.",Python,Mathematical Operations
What is the output of: print(44 // 49),0,1,2,-1,A) 0,"In Python, 44 // 49 evaluates to 0.",Python,Mathematical Operations
What is the output of: print(24 % 48),18,24,30,19,B) 24,"In Python, 24 % 48 evaluates to 24.",Python,Mathematical Operations
What is the output of: print(33 // 29),1,-1,2,3,A) 1,"In Python, 33 // 29 evaluates to 1.",Python,Mathematical Operations
What is the output of: print(19 + 19),38,35,28,29,A) 38,"In Python, 19 + 19 evaluates to 38.",Python,Mathematical Operations
What is the output of: print(45 % 23),20,22,16,19,B) 22,"In Python, 45 % 23 evaluates to 22.",Python,Mathematical Operations
What is the output of: print(69 >= 81),Error,True,False,None,C) False,69 >= 81 evaluates to False.,Python,Conditions
What is the output of: print(2 * 25),46,49,50,59,C) 50,"In Python, 2 * 25 evaluates to 50.",Python,Mathematical Operations
What is the output of: print(29 % 34),29,23,28,31,A) 29,"In Python, 29 % 34 evaluates to 29.",Python,Mathematical Operations
What is the output of: print(37 + 8),45,33,42,46,A) 45,"In Python, 37 + 8 evaluates to 45.",Python,Mathematical Operations
What is the output of: print(15 + 25),45,39,40,42,C) 40,"In Python, 15 + 25 evaluates to 40.",Python,Mathematical Operations
What is the output of: print(20 > 22),False,None,Error,True,A) False,20 > 22 evaluates to False.,Python,Conditions
What is the output of: print(1 % 24),2,3,1,0,C) 1,"In Python, 1 % 24 evaluates to 1.",Python,Mathematical Operations
What is the output of: print(75 >= 3),Error,False,None,True,D) True,75 >= 3 evaluates to True.,Python,Conditions
What is the output of: print(5 < 96),None,False,Error,True,D) True,5 < 96 evaluates to True.,Python,Conditions
What is the output of: print(100 == 9),Error,None,True,False,D) False,100 == 9 evaluates to False.,Python,Conditions
What is the output of: print(32 + 17),37,57,49,58,C) 49,"In Python, 32 + 17 evaluates to 49.",Python,Mathematical Operations
What is the output of: print(44 != 19),False,Error,None,True,D) True,44 != 19 evaluates to True.,Python,Conditions
What is the output of: print(32 * 47),1296,1445,1484,1504,D) 1504,"In Python, 32 * 47 evaluates to 1504.",Python,Mathematical Operations
What is the output of: print(25 >= 29),True,False,Error,None,B) False,25 >= 29 evaluates to False.,Python,Conditions
What is the output of: print(40 % 1),1,-2,-1,0,D) 0,"In Python, 40 % 1 evaluates to 0.",Python,Mathematical Operations
"What is the output of: print(""Fun"" + ""Fun"")",FunFun,PySky,HiPy,GoGo,A) FunFun,"The + operator concatenates strings, so ""Fun"" + ""Fun"" gives ""FunFun"".",Python,Data Types
What is the output of: print(10 * 23),230,243,175,267,A) 230,"In Python, 10 * 23 evaluates to 230.",Python,Mathematical Operations
What is the output of: print(74 == 19),False,None,Error,True,A) False,74 == 19 evaluates to False.,Python,Conditions
What is the output of: print(20 + 20),40,33,37,48,A) 40,"In Python, 20 + 20 evaluates to 40.",Python,Mathematical Operations
What is the output of: print(29 % 46),37,20,29,38,C) 29,"In Python, 29 % 46 evaluates to 29.",Python,Mathematical Operations
What is the output of: print(20 * 23),344,460,361,507,B) 460,"In Python, 20 * 23 evaluates to 460.",Python,Mathematical Operations
What is the output of: print(22 * 32),765,704,795,658,B) 704,"In Python, 22 * 32 evaluates to 704.",Python,Mathematical Operations
What is the output of: print(16 > 87),None,Error,False,True,C) False,16 > 87 evaluates to False.,Python,Conditions
What is the output of: print(49 // 50),2,0,-1,-2,B) 0,"In Python, 49 // 50 evaluates to 0.",Python,Mathematical Operations
What is the output of: print(23 % 14),7,9,13,12,B) 9,"In Python, 23 % 14 evaluates to 9.",Python,Mathematical Operations
What is the output of: print(40 * 46),1938,1879,1840,1896,C) 1840,"In Python, 40 * 46 evaluates to 1840.",Python,Mathematical Operations
What is the output of: print(100 > 87),False,None,Error,True,D) True,100 > 87 evaluates to True.,Python,Conditions
What is the output of: print(50 < 23),Error,True,None,False,D) False,50 < 23 evaluates to False.,Python,Conditions
What is the output of: print(8 < 79),True,Error,False,None,A) True,8 < 79 evaluates to True.,Python,Conditions
What is the output of: print(63 <= 88),True,Error,False,None,A) True,63 <= 88 evaluates to True.,Python,Conditions
What is the output of: print(49 // 4),12,16,15,8,A) 12,"In Python, 49 // 4 evaluates to 12.",Python,Mathematical Operations
What is the output of: print(2 // 8),2,-1,0,-2,C) 0,"In Python, 2 // 8 evaluates to 0.",Python,Mathematical Operations
What is the output of: print(96 > 10),None,False,Error,True,D) True,96 > 10 evaluates to True.,Python,Conditions
What is the output of: print(44 + 47),76,107,90,91,D) 91,"In Python, 44 + 47 evaluates to 91.",Python,Mathematical Operations
What is the output of: print(33 != 62),None,Error,False,True,D) True,33 != 62 evaluates to True.,Python,Conditions
What is the output of: print(27 != 28),True,Error,False,None,A) True,27 != 28 evaluates to True.,Python,Conditions
What is the output of: print(42 // 31),1,3,0,-1,A) 1,"In Python, 42 // 31 evaluates to 1.",Python,Mathematical Operations
What is the output of: print(100 >= 10),None,Error,True,False,C) True,100 >= 10 evaluates to True.,Python,Conditions
What is the output of: print(19 - 9),10,13,11,6,A) 10,"In Python, 19 - 9 evaluates to 10.",Python,Mathematical Operations
What is the output of: print(4 % 27),2,5,1,4,D) 4,"In Python, 4 % 27 evaluates to 4.",Python,Mathematical Operations
What is the output of: print(41 % 49),34,47,42,41,D) 41,"In Python, 41 % 49 evaluates to 41.",Python,Mathematical Operations
What is the output of: print(49 != 52),None,True,Error,False,B) True,49 != 52 evaluates to True.,Python,Conditions
What is the output of: print(40 // 14),4,3,0,2,D) 2,"In Python, 40 // 14 evaluates to 2.",Python,Mathematical Operations
What is the output of: print(12 <= 64),True,Error,False,None,A) True,12 <= 64 evaluates to True.,Python,Conditions
What is the output of: print(94 == 64),Error,False,True,None,B) False,94 == 64 evaluates to False.,Python,Conditions
What is the output of: print(34 + 43),79,60,81,77,D) 77,"In Python, 34 + 43 evaluates to 77.",Python,Mathematical Operations
What is the output of: print(38 - 21),13,23,17,19,C) 17,"In Python, 38 - 21 evaluates to 17.",Python,Mathematical Operations
What is the output of: print(67 != 2),False,Error,None,True,D) True,67 != 2 evaluates to True.,Python,Conditions
What is the output of: print(21 // 20),3,0,1,2,C) 1,"In Python, 21 // 20 evaluates to 1.",Python,Mathematical Operations
What is the output of: print(43 == 83),True,None,False,Error,C) False,43 == 83 evaluates to False.,Python,Conditions
What is the output of: print(14 % 6),1,2,3,0,B) 2,"In Python, 14 % 6 evaluates to 2.",Python,Mathematical Operations
What is the output of: print(70 > 70),Error,None,True,False,D) False,70 > 70 evaluates to False.,Python,Conditions
What is the output of: print(50 > 26),True,False,Error,None,A) True,50 > 26 evaluates to True.,Python,Conditions
What is the output of: print(4 % 40),4,3,1,7,A) 4,"In Python, 4 % 40 evaluates to 4.",Python,Mathematical Operations
What is the output of: print(19 % 37),19,15,25,24,A) 19,"In Python, 19 % 37 evaluates to 19.",Python,Mathematical Operations
What is the output of: print(99 > 73),Error,False,True,None,C) True,99 > 73 evaluates to True.,Python,Conditions
What is the output of: print(19 * 2),48,38,46,32,B) 38,"In Python, 19 * 2 evaluates to 38.",Python,Mathematical Operations
What is the output of: print(3 + 44),47,45,44,42,A) 47,"In Python, 3 + 44 evaluates to 47.",Python,Mathematical Operations
What is the output of: print(44 + 4),56,48,43,62,B) 48,"In Python, 44 + 4 evaluates to 48.",Python,Mathematical Operations
What is the output of: print(25 <= 78),Error,True,None,False,B) True,25 <= 78 evaluates to True.,Python,Conditions
What is the output of: print(36 + 21),53,57,60,72,B) 57,"In Python, 36 + 21 evaluates to 57.",Python,Mathematical Operations
What is the output of: print(90 < 5),False,Error,True,None,A) False,90 < 5 evaluates to False.,Python,Conditions
What is the output of: print(28 - 4),24,32,18,16,A) 24,"In Python, 28 - 4 evaluates to 24.",Python,Mathematical Operations
What is the output of: print(24 + 14),32,31,38,29,C) 38,"In Python, 24 + 14 evaluates to 38.",Python,Mathematical Operations
What is the output of: print(30 // 44),-1,-2,1,0,D) 0,"In Python, 30 // 44 evaluates to 0.",Python,Mathematical Operations
What is the output of: print(14 > 25),True,False,None,Error,B) False,14 > 25 evaluates to False.,Python,Conditions
What is the output of: print(10 // 5),2,4,0,1,A) 2,"In Python, 10 // 5 evaluates to 2.",Python,Mathematical Operations
What is the output of: print(39 // 11),5,2,1,3,D) 3,"In Python, 39 // 11 evaluates to 3.",Python,Mathematical Operations
What is the output of: print(9 + 46),68,55,64,41,B) 55,"In Python, 9 + 46 evaluates to 55.",Python,Mathematical Operations
What is the output of: print(68 != 75),Error,None,False,True,D) True,68 != 75 evaluates to True.,Python,Conditions
What is the output of: print(26 % 26),0,-2,1,2,A) 0,"In Python, 26 % 26 evaluates to 0.",Python,Mathematical Operations
What is the output of: print(42 != 32),False,Error,None,True,D) True,42 != 32 evaluates to True.,Python,Conditions
What is the output of: print(7 != 11),False,Error,True,None,C) True,7 != 11 evaluates to True.,Python,Conditions
What is the output of: print(52 >= 52),True,None,Error,False,A) True,52 >= 52 evaluates to True.,Python,Conditions
What is the output of: print(14 % 40),15,18,13,14,D) 14,"In Python, 14 % 40 evaluates to 14.",Python,Mathematical Operations
What is the output of: print(19 // 3),8,9,6,3,C) 6,"In Python, 19 // 3 evaluates to 6.",Python,Mathematical Operations
What is the output of: print(57 <= 85),None,Error,True,False,C) True,57 <= 85 evaluates to True.,Python,Conditions
What is the output of: print(20 - 35),-15,-17,-11,-12,A) -15,"In Python, 20 - 35 evaluates to -15.",Python,Mathematical Operations
What is the output of: print(62 <= 33),None,True,Error,False,D) False,62 <= 33 evaluates to False.,Python,Conditions
"What is the output of: print(""Yes"" + ""AI"")",GoNo,HiGo,YesAI,PySun,C) YesAI,"The + operator concatenates strings, so ""Yes"" + ""AI"" gives ""YesAI"".",Python,Data Types
What is the output of: print(22 < 2),True,False,None,Error,B) False,22 < 2 evaluates to False.,Python,Conditions
What is the output of: print(25 < 36),True,False,Error,None,A) True,25 < 36 evaluates to True.,Python,Conditions
What is the output of: print(48 >= 100),False,None,Error,True,A) False,48 >= 100 evaluates to False.,Python,Conditions
What is the output of: print(17 * 33),663,561,512,606,B) 561,"In Python, 17 * 33 evaluates to 561.",Python,Mathematical Operations
What is the output of: print(24 + 3),21,27,29,22,B) 27,"In Python, 24 + 3 evaluates to 27.",Python,Mathematical Operations
What is the output of: print(100 == 2),None,Error,True,False,D) False,100 == 2 evaluates to False.,Python,Conditions
What is the output of: print(32 < 70),None,True,Error,False,B) True,32 < 70 evaluates to True.,Python,Conditions
What is the output of: print(50 % 19),12,11,15,10,A) 12,"In Python, 50 % 19 evaluates to 12.",Python,Mathematical Operations
What is the output of: print(48 // 3),16,14,21,17,A) 16,"In Python, 48 // 3 evaluates to 16.",Python,Mathematical Operations
What is the output of: print(9 <= 88),Error,True,False,None,B) True,9 <= 88 evaluates to True.,Python,Conditions
What is the output of: print(71 > 12),False,True,None,Error,B) True,71 > 12 evaluates to True.,Python,Conditions
What is the output of: print(15 > 94),None,Error,False,True,C) False,15 > 94 evaluates to False.,Python,Conditions
What is the output of: print(86 == 55),False,True,Error,None,A) False,86 == 55 evaluates to False.,Python,Conditions
What is the output of: print(49 * 34),1666,1731,1947,1331,A) 1666,"In Python, 49 * 34 evaluates to 1666.",Python,Mathematical Operations
What is the output of: print(22 > 52),Error,False,True,None,B) False,22 > 52 evaluates to False.,Python,Conditions
What is the output of: print(8 < 5),False,True,None,Error,A) False,8 < 5 evaluates to False.,Python,Conditions
What is the output of: print(6 < 85),False,Error,None,True,D) True,6 < 85 evaluates to True.,Python,Conditions
What is an integer (int)?,A data type representing whole numbers,"A high-level, general-purpose interpreted programming language",Whitespace used to define code blocks instead of braces,A named location used to store a value in memory,A) A data type representing whole numbers,"An integer (int) is a Python data type used to represent whole numbers, without a decimal point.",Python,Data Types
What is the output of: print(36 * 10),360,347,445,307,A) 360,"In Python, 36 * 10 evaluates to 360.",Python,Mathematical Operations
What is the output of: print(33 != 19),Error,False,None,True,D) True,33 != 19 evaluates to True.,Python,Conditions
What is the output of: print(66 == 52),Error,False,None,True,B) False,66 == 52 evaluates to False.,Python,Conditions
What is the output of: print(29 < 42),True,False,Error,None,A) True,29 < 42 evaluates to True.,Python,Conditions
What is the output of: print(24 // 30),1,2,-1,0,D) 0,"In Python, 24 // 30 evaluates to 0.",Python,Mathematical Operations
What is the output of: print(28 != 54),Error,True,False,None,B) True,28 != 54 evaluates to True.,Python,Conditions
What is the output of: print(10 * 25),279,250,309,257,B) 250,"In Python, 10 * 25 evaluates to 250.",Python,Mathematical Operations
What is the output of: print(26 <= 6),Error,True,False,None,C) False,26 <= 6 evaluates to False.,Python,Conditions
What is the output of: print(82 > 30),None,Error,False,True,D) True,82 > 30 evaluates to True.,Python,Conditions
What is the output of: print(71 < 30),True,Error,None,False,D) False,71 < 30 evaluates to False.,Python,Conditions
What is the output of: print(75 != 70),False,Error,True,None,C) True,75 != 70 evaluates to True.,Python,Conditions
What is the output of: print(1 + 42),37,53,45,43,D) 43,"In Python, 1 + 42 evaluates to 43.",Python,Mathematical Operations
What is the output of: print(5 > 86),Error,False,None,True,B) False,5 > 86 evaluates to False.,Python,Conditions
What is the output of: print(9 < 46),False,None,True,Error,C) True,9 < 46 evaluates to True.,Python,Conditions
What is the output of: print(21 <= 57),Error,True,None,False,B) True,21 <= 57 evaluates to True.,Python,Conditions
What is the output of: print(12 % 26),7,12,11,8,B) 12,"In Python, 12 % 26 evaluates to 12.",Python,Mathematical Operations
What is the output of: print(88 < 33),None,False,Error,True,B) False,88 < 33 evaluates to False.,Python,Conditions
What is the output of: print(50 // 41),3,0,1,2,C) 1,"In Python, 50 // 41 evaluates to 1.",Python,Mathematical Operations
What is the output of: print(44 + 11),55,52,66,56,A) 55,"In Python, 44 + 11 evaluates to 55.",Python,Mathematical Operations
What is the output of: print(2 * 29),53,58,59,50,B) 58,"In Python, 2 * 29 evaluates to 58.",Python,Mathematical Operations
What is the output of: print(44 == 26),None,False,True,Error,B) False,44 == 26 evaluates to False.,Python,Conditions
What is the output of: print(28 != 60),Error,False,True,None,C) True,28 != 60 evaluates to True.,Python,Conditions
What is the output of: print(45 % 10),2,5,8,4,B) 5,"In Python, 45 % 10 evaluates to 5.",Python,Mathematical Operations
What is the output of: print(46 // 4),14,13,11,10,C) 11,"In Python, 46 // 4 evaluates to 11.",Python,Mathematical Operations
What is the output of: print(17 // 45),2,0,-1,-2,B) 0,"In Python, 17 // 45 evaluates to 0.",Python,Mathematical Operations
What is the output of: print(21 + 8),34,25,29,27,C) 29,"In Python, 21 + 8 evaluates to 29.",Python,Mathematical Operations
What is the output of: print(40 - 28),12,17,7,13,A) 12,"In Python, 40 - 28 evaluates to 12.",Python,Mathematical Operations
What is the output of: print(50 % 15),8,3,2,5,D) 5,"In Python, 50 % 15 evaluates to 5.",Python,Mathematical Operations
What is the output of: print(15 % 49),16,15,11,17,B) 15,"In Python, 15 % 49 evaluates to 15.",Python,Mathematical Operations
What is the output of: print(42 == 6),Error,False,None,True,B) False,42 == 6 evaluates to False.,Python,Conditions
What is the output of: print(49 >= 60),True,None,False,Error,C) False,49 >= 60 evaluates to False.,Python,Conditions
What is the output of: print(78 < 83),True,False,Error,None,A) True,78 < 83 evaluates to True.,Python,Conditions
What is an if statement?,A conditional statement that executes code only if a condition is true,A loop that iterates over a sequence a defined number of times,A classification that specifies what kind of value a variable holds,An operator used to perform mathematical calculations,A) A conditional statement that executes code only if a condition is true,An if statement executes a block of code only when its specified condition evaluates to True.,Python,Conditions
What is the output of: print(15 // 10),0,1,3,-1,B) 1,"In Python, 15 // 10 evaluates to 1.",Python,Mathematical Operations
What is the output of: print(49 % 47),2,1,0,4,A) 2,"In Python, 49 % 47 evaluates to 2.",Python,Mathematical Operations
What is the output of: print(26 - 3),30,19,17,23,D) 23,"In Python, 26 - 3 evaluates to 23.",Python,Mathematical Operations
What is the output of: print(80 <= 29),Error,None,False,True,C) False,80 <= 29 evaluates to False.,Python,Conditions
What is the output of: print(45 >= 28),None,Error,True,False,C) True,45 >= 28 evaluates to True.,Python,Conditions
What is the output of: print(49 + 26),61,74,94,75,D) 75,"In Python, 49 + 26 evaluates to 75.",Python,Mathematical Operations
What is the output of: print(66 != 10),Error,True,False,None,B) True,66 != 10 evaluates to True.,Python,Conditions
What is the output of: print(44 >= 13),Error,False,True,None,C) True,44 >= 13 evaluates to True.,Python,Conditions
What is the output of: print(42 == 19),False,None,Error,True,A) False,42 == 19 evaluates to False.,Python,Conditions
What is the output of: print(11 % 29),9,10,8,11,D) 11,"In Python, 11 % 29 evaluates to 11.",Python,Mathematical Operations
"What is the output of: print(""AI"" + ""No"")",HiNo,AINo,GoSun,PyHi,B) AINo,"The + operator concatenates strings, so ""AI"" + ""No"" gives ""AINo"".",Python,Data Types
What is the output of: print(89 > 5),False,Error,None,True,D) True,89 > 5 evaluates to True.,Python,Conditions
What is the output of: print(32 - 19),12,14,10,13,D) 13,"In Python, 32 - 19 evaluates to 13.",Python,Mathematical Operations
What is the output of: print(91 > 66),None,Error,True,False,C) True,91 > 66 evaluates to True.,Python,Conditions
What is the output of: print(24 // 6),4,3,5,7,A) 4,"In Python, 24 // 6 evaluates to 4.",Python,Mathematical Operations
What is the output of: print(8 // 16),-2,-1,0,2,C) 0,"In Python, 8 // 16 evaluates to 0.",Python,Mathematical Operations
What is the output of: print(37 // 4),6,11,12,9,D) 9,"In Python, 37 // 4 evaluates to 9.",Python,Mathematical Operations
What is the output of: print(7 * 27),209,189,156,162,B) 189,"In Python, 7 * 27 evaluates to 189.",Python,Mathematical Operations
What is the output of: print(22 > 51),True,Error,False,None,C) False,22 > 51 evaluates to False.,Python,Conditions
What is the output of: print(39 - 5),32,38,34,43,C) 34,"In Python, 39 - 5 evaluates to 34.",Python,Mathematical Operations
What is the output of: print(44 * 34),1496,1558,1468,1339,A) 1496,"In Python, 44 * 34 evaluates to 1496.",Python,Mathematical Operations
"What is the output of: print(""AI"" + ""Ok"")",HiGo,PyGo,AIOk,GoOk,C) AIOk,"The + operator concatenates strings, so ""AI"" + ""Ok"" gives ""AIOk"".",Python,Data Types
What is the output of: print(3 < 97),None,False,Error,True,D) True,3 < 97 evaluates to True.,Python,Conditions
What is the output of: print(96 > 59),True,Error,False,None,A) True,96 > 59 evaluates to True.,Python,Conditions
What is the output of: print(4 > 4),None,True,Error,False,D) False,4 > 4 evaluates to False.,Python,Conditions
What is the output of: print(49 - 36),9,17,10,13,D) 13,"In Python, 49 - 36 evaluates to 13.",Python,Mathematical Operations
What is the output of: print(40 // 46),-1,0,2,-2,B) 0,"In Python, 40 // 46 evaluates to 0.",Python,Mathematical Operations
"What is the output of: print(""No"" + ""Fun"")",GoYes,HiGo,NoFun,PyPy,C) NoFun,"The + operator concatenates strings, so ""No"" + ""Fun"" gives ""NoFun"".",Python,Data Types
What is the output of: print(27 + 49),77,68,69,76,D) 76,"In Python, 27 + 49 evaluates to 76.",Python,Mathematical Operations
What is the output of: print(22 + 47),54,72,83,69,D) 69,"In Python, 22 + 47 evaluates to 69.",Python,Mathematical Operations
What is the output of: print(8 == 27),None,Error,True,False,D) False,8 == 27 evaluates to False.,Python,Conditions
What is the output of: print(95 <= 21),False,Error,True,None,A) False,95 <= 21 evaluates to False.,Python,Conditions
What is the output of: print(2 - 27),-33,-31,-25,-21,C) -25,"In Python, 2 - 27 evaluates to -25.",Python,Mathematical Operations
What is the output of: print(83 < 89),True,None,False,Error,A) True,83 < 89 evaluates to True.,Python,Conditions
What is the output of: print(8 * 4),23,36,41,32,D) 32,"In Python, 8 * 4 evaluates to 32.",Python,Mathematical Operations
What is the output of: print(37 >= 91),False,None,True,Error,A) False,37 >= 91 evaluates to False.,Python,Conditions
What is the output of: print(21 // 28),-2,0,-1,2,B) 0,"In Python, 21 // 28 evaluates to 0.",Python,Mathematical Operations
What is the output of: print(23 == 60),False,True,Error,None,A) False,23 == 60 evaluates to False.,Python,Conditions
What is the output of: print(8 < 46),False,None,True,Error,C) True,8 < 46 evaluates to True.,Python,Conditions
Which of the following best describes a while loop?,A loop that continues executing as long as a condition is true,A data type representing decimal (floating-point) numbers,An unordered collection of unique items in Python,An operator used to compare two values,A) A loop that continues executing as long as a condition is true,A while loop repeatedly executes a block of code as long as its condition remains True.,Python,Loops
What is the output of: print(5 > 48),True,False,Error,None,B) False,5 > 48 evaluates to False.,Python,Conditions
What is the output of: print(52 < 97),False,Error,True,None,C) True,52 < 97 evaluates to True.,Python,Conditions
What is the output of: print(40 % 24),15,16,12,10,B) 16,"In Python, 40 % 24 evaluates to 16.",Python,Mathematical Operations
What is the output of: print(45 - 10),27,38,28,35,D) 35,"In Python, 45 - 10 evaluates to 35.",Python,Mathematical Operations
What is the output of: print(72 == 22),False,True,Error,None,A) False,72 == 22 evaluates to False.,Python,Conditions
What is the output of: print(57 >= 31),None,False,Error,True,D) True,57 >= 31 evaluates to True.,Python,Conditions
What is the output of: print(43 < 36),Error,True,None,False,D) False,43 < 36 evaluates to False.,Python,Conditions
What is the output of: print(40 >= 7),None,True,Error,False,B) True,40 >= 7 evaluates to True.,Python,Conditions
What is the output of: print(14 // 15),2,0,1,-1,B) 0,"In Python, 14 // 15 evaluates to 0.",Python,Mathematical Operations
What is the output of: print(99 < 47),None,False,True,Error,B) False,99 < 47 evaluates to False.,Python,Conditions
What is the output of: print(100 != 4),True,None,False,Error,A) True,100 != 4 evaluates to True.,Python,Conditions
What is the output of: print(33 < 70),False,None,Error,True,D) True,33 < 70 evaluates to True.,Python,Conditions
What is the output of: print(7 * 48),325,299,336,269,C) 336,"In Python, 7 * 48 evaluates to 336.",Python,Mathematical Operations
What is the output of: print(90 != 63),True,Error,False,None,A) True,90 != 63 evaluates to True.,Python,Conditions
What is the output of: print(70 < 50),Error,True,False,None,C) False,70 < 50 evaluates to False.,Python,Conditions
What is the output of: print(15 % 33),19,13,15,11,C) 15,"In Python, 15 % 33 evaluates to 15.",Python,Mathematical Operations
What is the output of: print(36 + 47),93,94,83,76,C) 83,"In Python, 36 + 47 evaluates to 83.",Python,Mathematical Operations
What is the output of: print(64 == 50),True,False,None,Error,B) False,64 == 50 evaluates to False.,Python,Conditions
What is the output of: print(68 == 79),False,None,True,Error,A) False,68 == 79 evaluates to False.,Python,Conditions
What is the output of: print(14 > 11),Error,None,False,True,D) True,14 > 11 evaluates to True.,Python,Conditions
What is the output of: print(28 > 21),Error,True,False,None,B) True,28 > 21 evaluates to True.,Python,Conditions
What is the output of: print(77 != 86),Error,True,None,False,B) True,77 != 86 evaluates to True.,Python,Conditions
What is the output of: print(38 % 22),18,16,13,19,B) 16,"In Python, 38 % 22 evaluates to 16.",Python,Mathematical Operations
What is the output of: print(88 >= 37),Error,True,None,False,B) True,88 >= 37 evaluates to True.,Python,Conditions
What is the output of: print(32 * 23),742,669,736,668,C) 736,"In Python, 32 * 23 evaluates to 736.",Python,Mathematical Operations
What is the output of: print(39 > 42),False,Error,True,None,A) False,39 > 42 evaluates to False.,Python,Conditions
What is the output of: print(74 == 21),True,Error,None,False,D) False,74 == 21 evaluates to False.,Python,Conditions
What is the output of: print(54 > 87),None,True,Error,False,D) False,54 > 87 evaluates to False.,Python,Conditions
What is the output of: print(44 - 42),0,3,1,2,D) 2,"In Python, 44 - 42 evaluates to 2.",Python,Mathematical Operations
What is the output of: print(40 // 33),1,0,-1,2,A) 1,"In Python, 40 // 33 evaluates to 1.",Python,Mathematical Operations
What is the output of: print(77 != 66),Error,None,True,False,C) True,77 != 66 evaluates to True.,Python,Conditions
What is the output of: print(83 < 63),True,Error,False,None,C) False,83 < 63 evaluates to False.,Python,Conditions
What is the output of: print(45 + 2),40,47,38,41,B) 47,"In Python, 45 + 2 evaluates to 47.",Python,Mathematical Operations
What is the output of: print(65 > 92),False,Error,None,True,A) False,65 > 92 evaluates to False.,Python,Conditions
What is the output of: print(25 <= 85),Error,True,None,False,B) True,25 <= 85 evaluates to True.,Python,Conditions
What is the output of: print(18 + 18),35,28,38,36,D) 36,"In Python, 18 + 18 evaluates to 36.",Python,Mathematical Operations
What is the output of: print(17 - 14),1,5,3,2,C) 3,"In Python, 17 - 14 evaluates to 3.",Python,Mathematical Operations
What is the output of: print(3 == 100),None,Error,False,True,C) False,3 == 100 evaluates to False.,Python,Conditions
What is the output of: print(18 + 41),48,56,59,62,C) 59,"In Python, 18 + 41 evaluates to 59.",Python,Mathematical Operations
What is the output of: print(43 - 7),25,36,42,45,B) 36,"In Python, 43 - 7 evaluates to 36.",Python,Mathematical Operations
What is the output of: print(17 * 10),149,170,188,128,B) 170,"In Python, 17 * 10 evaluates to 170.",Python,Mathematical Operations
What is the output of: print(70 != 66),None,True,Error,False,B) True,70 != 66 evaluates to True.,Python,Conditions
What is the output of: print(91 == 12),False,None,Error,True,A) False,91 == 12 evaluates to False.,Python,Conditions
What is the output of: print(31 + 8),40,37,38,39,D) 39,"In Python, 31 + 8 evaluates to 39.",Python,Mathematical Operations
What is the output of: print(50 == 35),True,False,None,Error,B) False,50 == 35 evaluates to False.,Python,Conditions
What is the output of: print(41 > 91),False,Error,True,None,A) False,41 > 91 evaluates to False.,Python,Conditions
What is the output of: print(2 // 2),1,-1,0,2,A) 1,"In Python, 2 // 2 evaluates to 1.",Python,Mathematical Operations
What is the output of: print(41 // 48),-1,-2,2,0,D) 0,"In Python, 41 // 48 evaluates to 0.",Python,Mathematical Operations
What is the output of: print(83 > 63),None,True,Error,False,B) True,83 > 63 evaluates to True.,Python,Conditions
What is the output of: print(22 * 15),358,326,366,330,D) 330,"In Python, 22 * 15 evaluates to 330.",Python,Mathematical Operations
What is the output of: print(80 > 66),None,Error,False,True,D) True,80 > 66 evaluates to True.,Python,Conditions
What is the output of: print(44 - 46),-2,-4,-1,0,A) -2,"In Python, 44 - 46 evaluates to -2.",Python,Mathematical Operations
What is the output of: print(38 * 42),1684,1771,1615,1596,D) 1596,"In Python, 38 * 42 evaluates to 1596.",Python,Mathematical Operations
What is the output of: print(22 == 17),None,Error,True,False,D) False,22 == 17 evaluates to False.,Python,Conditions
What is the output of: print(96 <= 21),Error,True,False,None,C) False,96 <= 21 evaluates to False.,Python,Conditions
What is the output of: print(92 >= 25),Error,None,False,True,D) True,92 >= 25 evaluates to True.,Python,Conditions
What is the output of: print(63 < 85),False,None,True,Error,C) True,63 < 85 evaluates to True.,Python,Conditions
What is the output of: print(46 // 35),3,1,0,-1,B) 1,"In Python, 46 // 35 evaluates to 1.",Python,Mathematical Operations
What is the output of: print(28 % 21),10,7,6,4,B) 7,"In Python, 28 % 21 evaluates to 7.",Python,Mathematical Operations
What is the output of: print(51 > 20),True,None,Error,False,A) True,51 > 20 evaluates to True.,Python,Conditions
What is the output of: print(27 < 54),None,True,Error,False,B) True,27 < 54 evaluates to True.,Python,Conditions
What is the output of: print(32 <= 45),True,None,Error,False,A) True,32 <= 45 evaluates to True.,Python,Conditions
What is the output of: print(33 % 6),3,4,1,2,A) 3,"In Python, 33 % 6 evaluates to 3.",Python,Mathematical Operations
What is the output of: print(49 // 17),1,4,2,3,C) 2,"In Python, 49 // 17 evaluates to 2.",Python,Mathematical Operations
What is the output of: print(15 <= 39),True,False,None,Error,A) True,15 <= 39 evaluates to True.,Python,Conditions
What is the output of: print(16 == 2),Error,False,True,None,B) False,16 == 2 evaluates to False.,Python,Conditions
What is the output of: print(5 // 24),0,-1,2,-2,A) 0,"In Python, 5 // 24 evaluates to 0.",Python,Mathematical Operations
What is the output of: print(25 < 79),Error,True,None,False,B) True,25 < 79 evaluates to True.,Python,Conditions
What is the output of: print(18 == 47),None,True,Error,False,D) False,18 == 47 evaluates to False.,Python,Conditions
What is the output of: print(10 != 94),False,Error,None,True,D) True,10 != 94 evaluates to True.,Python,Conditions
What is the output of: print(90 == 74),False,True,Error,None,A) False,90 == 74 evaluates to False.,Python,Conditions
What is the output of: print(98 != 92),None,False,True,Error,C) True,98 != 92 evaluates to True.,Python,Conditions
What is the output of: print(70 > 80),Error,True,None,False,D) False,70 > 80 evaluates to False.,Python,Conditions
What is the output of: print(26 // 11),2,3,0,4,A) 2,"In Python, 26 // 11 evaluates to 2.",Python,Mathematical Operations
What is the output of: print(1 % 36),-1,3,1,0,C) 1,"In Python, 1 % 36 evaluates to 1.",Python,Mathematical Operations
What is the output of: print(8 % 33),10,5,11,8,D) 8,"In Python, 8 % 33 evaluates to 8.",Python,Mathematical Operations
What is the output of: print(38 != 26),Error,None,True,False,C) True,38 != 26 evaluates to True.,Python,Conditions
What is the output of: print(67 >= 16),True,Error,None,False,A) True,67 >= 16 evaluates to True.,Python,Conditions
"What is the output of: print(len([0, 1, 2, 3, 4, 5, 6, 7, 8, 9, 10, 11, 12]))",9,16,10,13,D) 13,"The list [0, 1, 2, 3, 4, 5, 6, 7, 8, 9, 10, 11, 12] has 13 elements, so len() returns 13.",Python,Lists & Tuples
What is the output of: print(33 - 16),13,14,18,17,D) 17,"In Python, 33 - 16 evaluates to 17.",Python,Mathematical Operations
What is the output of: print(48 + 22),86,70,73,76,B) 70,"In Python, 48 + 22 evaluates to 70.",Python,Mathematical Operations
What is the output of: print(1 * 41),39,37,43,41,D) 41,"In Python, 1 * 41 evaluates to 41.",Python,Mathematical Operations
What is the output of: print(32 + 30),64,67,62,61,C) 62,"In Python, 32 + 30 evaluates to 62.",Python,Mathematical Operations
What is the output of: print(24 != 18),False,None,Error,True,D) True,24 != 18 evaluates to True.,Python,Conditions
What is the output of: print(15 % 22),13,17,15,19,C) 15,"In Python, 15 % 22 evaluates to 15.",Python,Mathematical Operations
What is the output of: print(36 + 27),64,63,53,60,B) 63,"In Python, 36 + 27 evaluates to 63.",Python,Mathematical Operations
What is the output of: print(1 % 49),1,-1,3,2,A) 1,"In Python, 1 % 49 evaluates to 1.",Python,Mathematical Operations
What is the output of: print(14 >= 44),True,Error,None,False,D) False,14 >= 44 evaluates to False.,Python,Conditions
What is the output of: print(13 * 16),227,208,231,187,B) 208,"In Python, 13 * 16 evaluates to 208.",Python,Mathematical Operations
What is the output of: print(20 - 23),-2,-4,-1,-3,D) -3,"In Python, 20 - 23 evaluates to -3.",Python,Mathematical Operations
What is the output of: print(77 >= 16),None,False,True,Error,C) True,77 >= 16 evaluates to True.,Python,Conditions
What is the output of: print(3 * 31),93,76,79,78,A) 93,"In Python, 3 * 31 evaluates to 93.",Python,Mathematical Operations
"What is the output of: print(""Go"" + ""Go"")",OkOk,GoGo,HiYes,PyGo,B) GoGo,"The + operator concatenates strings, so ""Go"" + ""Go"" gives ""GoGo"".",Python,Data Types
What is the output of: print(14 + 23),45,47,37,36,C) 37,"In Python, 14 + 23 evaluates to 37.",Python,Mathematical Operations
What is the output of: print(53 == 13),True,Error,None,False,D) False,53 == 13 evaluates to False.,Python,Conditions
What is the output of: print(33 - 17),16,18,21,19,A) 16,"In Python, 33 - 17 evaluates to 16.",Python,Mathematical Operations
What is the output of: print(31 % 41),40,29,30,31,D) 31,"In Python, 31 % 41 evaluates to 31.",Python,Mathematical Operations
What is the output of: print(12 > 92),True,False,Error,None,B) False,12 > 92 evaluates to False.,Python,Conditions
What is the output of: print(21 % 23),21,28,26,25,A) 21,"In Python, 21 % 23 evaluates to 21.",Python,Mathematical Operations
What is the output of: print(4 + 30),27,33,34,32,C) 34,"In Python, 4 + 30 evaluates to 34.",Python,Mathematical Operations
What is the output of: print(22 % 49),22,27,21,25,A) 22,"In Python, 22 % 49 evaluates to 22.",Python,Mathematical Operations
What is the output of: print(20 < 36),Error,False,True,None,C) True,20 < 36 evaluates to True.,Python,Conditions
What is the output of: print(12 * 27),324,283,344,319,A) 324,"In Python, 12 * 27 evaluates to 324.",Python,Mathematical Operations
What is the output of: print(13 > 2),True,False,Error,None,A) True,13 > 2 evaluates to True.,Python,Conditions
What is the output of: print(8 - 24),-16,-11,-22,-21,A) -16,"In Python, 8 - 24 evaluates to -16.",Python,Mathematical Operations
What is the output of: print(52 >= 75),None,Error,True,False,D) False,52 >= 75 evaluates to False.,Python,Conditions
What is the output of: print(43 % 39),1,4,2,3,B) 4,"In Python, 43 % 39 evaluates to 4.",Python,Mathematical Operations
What is the output of: print(19 % 8),2,3,1,4,B) 3,"In Python, 19 % 8 evaluates to 3.",Python,Mathematical Operations
What is the output of: print(28 % 19),8,9,10,6,B) 9,"In Python, 28 % 19 evaluates to 9.",Python,Mathematical Operations
What is the output of: print(43 * 18),876,795,774,585,C) 774,"In Python, 43 * 18 evaluates to 774.",Python,Mathematical Operations
What is the output of: print(11 * 22),242,256,277,187,A) 242,"In Python, 11 * 22 evaluates to 242.",Python,Mathematical Operations
What is the output of: print(79 > 75),True,Error,None,False,A) True,79 > 75 evaluates to True.,Python,Conditions
What is the output of: print(18 % 48),18,15,19,14,A) 18,"In Python, 18 % 48 evaluates to 18.",Python,Mathematical Operations
What is the output of: print(6 * 23),120,138,161,168,B) 138,"In Python, 6 * 23 evaluates to 138.",Python,Mathematical Operations
What is the output of: print(25 > 43),False,True,None,Error,A) False,25 > 43 evaluates to False.,Python,Conditions
What is the output of: print(8 >= 78),Error,True,False,None,C) False,8 >= 78 evaluates to False.,Python,Conditions
What is the output of: print(29 < 77),Error,None,True,False,C) True,29 < 77 evaluates to True.,Python,Conditions
What is the output of: print(34 % 38),37,31,34,43,C) 34,"In Python, 34 % 38 evaluates to 34.",Python,Mathematical Operations
What is the output of: print(93 <= 18),True,False,Error,None,B) False,93 <= 18 evaluates to False.,Python,Conditions
What is the output of: print(83 >= 4),Error,None,False,True,D) True,83 >= 4 evaluates to True.,Python,Conditions
What is the output of: print(39 % 13),-1,1,2,0,D) 0,"In Python, 39 % 13 evaluates to 0.",Python,Mathematical Operations
What is the output of: print(1 > 17),None,Error,False,True,C) False,1 > 17 evaluates to False.,Python,Conditions
What is the output of: print(68 < 96),False,True,Error,None,B) True,68 < 96 evaluates to True.,Python,Conditions
What is the output of: print(29 == 54),False,Error,None,True,A) False,29 == 54 evaluates to False.,Python,Conditions
"What is the output of: print(""Sun"" + ""Go"")",PyOk,HiHi,SunGo,GoOk,C) SunGo,"The + operator concatenates strings, so ""Sun"" + ""Go"" gives ""SunGo"".",Python,Data Types
What is the output of: print(15 // 13),3,-1,0,1,D) 1,"In Python, 15 // 13 evaluates to 1.",Python,Mathematical Operations
What is the output of: print(45 >= 33),Error,None,True,False,C) True,45 >= 33 evaluates to True.,Python,Conditions
What is the output of: print(13 // 5),0,4,1,2,D) 2,"In Python, 13 // 5 evaluates to 2.",Python,Mathematical Operations
What is the output of: print(61 >= 71),False,True,Error,None,A) False,61 >= 71 evaluates to False.,Python,Conditions
"What is the output of: print(""Hi"" + ""Go"")",GoNo,OkSun,PyAI,HiGo,D) HiGo,"The + operator concatenates strings, so ""Hi"" + ""Go"" gives ""HiGo"".",Python,Data Types
What is the output of: print(23 >= 93),True,Error,None,False,D) False,23 >= 93 evaluates to False.,Python,Conditions
What is the output of: print(40 * 49),2250,1660,1943,1960,D) 1960,"In Python, 40 * 49 evaluates to 1960.",Python,Mathematical Operations
What is the output of: print(60 < 44),None,Error,True,False,D) False,60 < 44 evaluates to False.,Python,Conditions
What is the output of: print(69 < 13),None,Error,True,False,D) False,69 < 13 evaluates to False.,Python,Conditions
What is the output of: print(84 == 92),Error,False,None,True,B) False,84 == 92 evaluates to False.,Python,Conditions
What is the output of: print(40 >= 87),None,False,Error,True,B) False,40 >= 87 evaluates to False.,Python,Conditions
What is the output of: print(41 == 3),True,False,Error,None,B) False,41 == 3 evaluates to False.,Python,Conditions
What is the output of: print(93 >= 40),None,True,Error,False,B) True,93 >= 40 evaluates to True.,Python,Conditions
What is the output of: print(62 > 57),False,True,None,Error,B) True,62 > 57 evaluates to True.,Python,Conditions
What is the output of: print(38 * 36),1571,1368,1430,1047,B) 1368,"In Python, 38 * 36 evaluates to 1368.",Python,Mathematical Operations
What is the output of: print(64 != 69),Error,None,True,False,C) True,64 != 69 evaluates to True.,Python,Conditions
"What is the output of this code?
total = 0
for i in range(17):
    total += i
print(total)",120,158,131,136,D) 136,"This loop sums integers from 0 to 16, giving 136.",Python,Loops
What is the output of: print(60 == 16),True,Error,False,None,C) False,60 == 16 evaluates to False.,Python,Conditions
"What is the output of: print(len([0, 1, 2]))",7,6,5,3,D) 3,"The list [0, 1, 2] has 3 elements, so len() returns 3.",Python,Lists & Tuples
What is the output of: print(100 != 25),None,False,Error,True,D) True,100 != 25 evaluates to True.,Python,Conditions
What is the output of: print(58 <= 28),False,Error,True,None,A) False,58 <= 28 evaluates to False.,Python,Conditions
What is the output of: print(51 < 49),None,True,False,Error,C) False,51 < 49 evaluates to False.,Python,Conditions
What is the output of: print(35 > 97),False,True,Error,None,A) False,35 > 97 evaluates to False.,Python,Conditions
What is the output of: print(4 == 51),Error,False,None,True,B) False,4 == 51 evaluates to False.,Python,Conditions
What is the output of: print(32 > 34),None,True,False,Error,C) False,32 > 34 evaluates to False.,Python,Conditions
What is the output of: print(92 <= 36),False,None,Error,True,A) False,92 <= 36 evaluates to False.,Python,Conditions
What is the output of: print(39 // 18),0,2,1,4,B) 2,"In Python, 39 // 18 evaluates to 2.",Python,Mathematical Operations
What is the output of: print(49 >= 46),None,False,True,Error,C) True,49 >= 46 evaluates to True.,Python,Conditions
What is the output of: print(30 // 38),0,2,-2,1,A) 0,"In Python, 30 // 38 evaluates to 0.",Python,Mathematical Operations
What is the output of: print(48 < 68),True,Error,False,None,A) True,48 < 68 evaluates to True.,Python,Conditions
What is the output of: print(24 // 31),0,-2,-1,2,A) 0,"In Python, 24 // 31 evaluates to 0.",Python,Mathematical Operations
What is the output of: print(81 >= 29),False,True,None,Error,B) True,81 >= 29 evaluates to True.,Python,Conditions
What is the output of: print(13 // 8),0,3,1,2,C) 1,"In Python, 13 // 8 evaluates to 1.",Python,Mathematical Operations
What is the output of: print(17 // 48),1,0,-2,2,B) 0,"In Python, 17 // 48 evaluates to 0.",Python,Mathematical Operations
What is the output of: print(23 * 48),1274,968,1104,992,C) 1104,"In Python, 23 * 48 evaluates to 1104.",Python,Mathematical Operations
What is the output of: print(12 * 17),229,204,244,186,B) 204,"In Python, 12 * 17 evaluates to 204.",Python,Mathematical Operations
What is the output of: print(11 + 4),19,15,17,18,B) 15,"In Python, 11 + 4 evaluates to 15.",Python,Mathematical Operations
What is the output of: print(9 % 50),7,13,5,9,D) 9,"In Python, 9 % 50 evaluates to 9.",Python,Mathematical Operations
What is the output of: print(3 + 48),65,51,61,49,B) 51,"In Python, 3 + 48 evaluates to 51.",Python,Mathematical Operations
What is the output of: print(37 * 22),734,814,668,661,B) 814,"In Python, 37 * 22 evaluates to 814.",Python,Mathematical Operations
What is the output of: print(10 % 4),1,3,0,2,D) 2,"In Python, 10 % 4 evaluates to 2.",Python,Mathematical Operations
What is the output of: print(97 != 2),True,Error,False,None,A) True,97 != 2 evaluates to True.,Python,Conditions
What is the output of: print(34 % 13),12,6,9,8,D) 8,"In Python, 34 % 13 evaluates to 8.",Python,Mathematical Operations
What is the output of: print(22 // 46),-2,0,2,-1,B) 0,"In Python, 22 // 46 evaluates to 0.",Python,Mathematical Operations
What is the output of: print(32 % 45),42,39,32,38,C) 32,"In Python, 32 % 45 evaluates to 32.",Python,Mathematical Operations
What is the output of: print(33 >= 19),False,Error,True,None,C) True,33 >= 19 evaluates to True.,Python,Conditions
What is the output of: print(17 // 39),-2,1,-1,0,D) 0,"In Python, 17 // 39 evaluates to 0.",Python,Mathematical Operations
What is the output of: print(36 >= 62),None,Error,True,False,D) False,36 >= 62 evaluates to False.,Python,Conditions
What is the output of: print(58 <= 70),False,True,None,Error,B) True,58 <= 70 evaluates to True.,Python,Conditions
What is the output of: print(31 > 31),False,Error,None,True,A) False,31 > 31 evaluates to False.,Python,Conditions
What is the output of: print(81 > 3),Error,None,False,True,D) True,81 > 3 evaluates to True.,Python,Conditions
What is the output of: print(5 // 5),1,2,0,3,A) 1,"In Python, 5 // 5 evaluates to 1.",Python,Mathematical Operations
What is the output of: print(46 > 30),False,True,Error,None,B) True,46 > 30 evaluates to True.,Python,Conditions
What is the output of: print(30 >= 29),None,True,False,Error,B) True,30 >= 29 evaluates to True.,Python,Conditions
What is the output of: print(69 >= 48),None,True,Error,False,B) True,69 >= 48 evaluates to True.,Python,Conditions
What is the output of: print(57 == 15),None,True,False,Error,C) False,57 == 15 evaluates to False.,Python,Conditions
What is the output of: print(84 < 46),True,Error,False,None,C) False,84 < 46 evaluates to False.,Python,Conditions
What is the output of: print(7 + 23),23,30,36,33,B) 30,"In Python, 7 + 23 evaluates to 30.",Python,Mathematical Operations
What is the output of: print(23 > 58),None,Error,False,True,C) False,23 > 58 evaluates to False.,Python,Conditions
What is the output of: print(40 + 13),62,65,43,53,D) 53,"In Python, 40 + 13 evaluates to 53.",Python,Mathematical Operations
What is the output of: print(41 == 64),True,False,None,Error,B) False,41 == 64 evaluates to False.,Python,Conditions
What is the output of: print(41 // 32),0,1,2,3,B) 1,"In Python, 41 // 32 evaluates to 1.",Python,Mathematical Operations
What is the output of: print(21 == 50),Error,None,True,False,D) False,21 == 50 evaluates to False.,Python,Conditions
What is the output of: print(13 - 26),-10,-17,-14,-13,D) -13,"In Python, 13 - 26 evaluates to -13.",Python,Mathematical Operations
What is the output of: print(63 >= 84),True,False,Error,None,B) False,63 >= 84 evaluates to False.,Python,Conditions
What is the output of: print(60 == 50),False,True,Error,None,A) False,60 == 50 evaluates to False.,Python,Conditions
What is the output of: print(34 < 49),True,False,Error,None,A) True,34 < 49 evaluates to True.,Python,Conditions
What is the output of: print(68 < 55),None,True,Error,False,D) False,68 < 55 evaluates to False.,Python,Conditions
What is a boolean?,A data type representing True or False values,A built-in function that returns the number of items in an object,A named location used to store a value in memory,"An ordered, immutable collection of items in Python",A) A data type representing True or False values,A boolean is a Python data type that can hold only one of two values: True or False.,Python,Data Types
What is the output of: print(64 < 12),None,True,False,Error,C) False,64 < 12 evaluates to False.,Python,Conditions
What is the output of: print(73 >= 40),Error,True,None,False,B) True,73 >= 40 evaluates to True.,Python,Conditions
What is the output of: print(6 >= 89),True,None,False,Error,C) False,6 >= 89 evaluates to False.,Python,Conditions
What is the output of: print(6 == 10),True,False,Error,None,B) False,6 == 10 evaluates to False.,Python,Conditions
What is the output of: print(74 > 47),Error,False,True,None,C) True,74 > 47 evaluates to True.,Python,Conditions
What is the output of: print(19 * 37),586,703,776,813,B) 703,"In Python, 19 * 37 evaluates to 703.",Python,Mathematical Operations
What is the output of: print(3 >= 87),None,False,Error,True,B) False,3 >= 87 evaluates to False.,Python,Conditions
What is the output of: print(29 % 4),0,2,1,3,C) 1,"In Python, 29 % 4 evaluates to 1.",Python,Mathematical Operations
What is the output of: print(22 * 12),274,218,264,316,C) 264,"In Python, 22 * 12 evaluates to 264.",Python,Mathematical Operations
What is the output of: print(35 // 34),-1,3,1,2,C) 1,"In Python, 35 // 34 evaluates to 1.",Python,Mathematical Operations
What is the output of: print(86 != 52),False,True,Error,None,B) True,86 != 52 evaluates to True.,Python,Conditions
What is the output of: print(36 + 34),70,62,80,54,A) 70,"In Python, 36 + 34 evaluates to 70.",Python,Mathematical Operations
What is the output of: print(3 - 42),-44,-39,-43,-45,B) -39,"In Python, 3 - 42 evaluates to -39.",Python,Mathematical Operations
What is the output of: print(9 % 9),0,-1,2,1,A) 0,"In Python, 9 % 9 evaluates to 0.",Python,Mathematical Operations
What is the output of: print(49 > 4),Error,None,False,True,D) True,49 > 4 evaluates to True.,Python,Conditions
What is the output of: print(65 > 20),None,True,Error,False,B) True,65 > 20 evaluates to True.,Python,Conditions
What is the output of: print(27 + 4),31,32,25,27,A) 31,"In Python, 27 + 4 evaluates to 31.",Python,Mathematical Operations
What is the output of: print(36 - 35),1,2,0,-1,A) 1,"In Python, 36 - 35 evaluates to 1.",Python,Mathematical Operations
What is the output of: print(11 * 47),455,501,517,632,C) 517,"In Python, 11 * 47 evaluates to 517.",Python,Mathematical Operations
What is the output of: print(9 - 47),-38,-34,-48,-32,A) -38,"In Python, 9 - 47 evaluates to -38.",Python,Mathematical Operations
What is the output of: print(43 > 80),Error,False,None,True,B) False,43 > 80 evaluates to False.,Python,Conditions
What is the output of: print(86 > 61),None,True,Error,False,B) True,86 > 61 evaluates to True.,Python,Conditions
What is the output of: print(26 * 29),768,754,845,711,B) 754,"In Python, 26 * 29 evaluates to 754.",Python,Mathematical Operations
What is the output of: print(53 < 40),True,Error,False,None,C) False,53 < 40 evaluates to False.,Python,Conditions
What is the output of: print(27 * 13),337,291,351,288,C) 351,"In Python, 27 * 13 evaluates to 351.",Python,Mathematical Operations
What is the output of: print(50 // 35),1,0,2,3,A) 1,"In Python, 50 // 35 evaluates to 1.",Python,Mathematical Operations
What is the output of: print(80 <= 62),Error,False,None,True,B) False,80 <= 62 evaluates to False.,Python,Conditions
What is the output of: print(11 >= 77),Error,True,None,False,D) False,11 >= 77 evaluates to False.,Python,Conditions
What is the output of: print(42 // 29),0,1,2,-1,B) 1,"In Python, 42 // 29 evaluates to 1.",Python,Mathematical Operations
What is the output of: print(46 - 31),12,19,15,20,C) 15,"In Python, 46 - 31 evaluates to 15.",Python,Mathematical Operations
What is the output of: print(15 * 40),726,749,682,600,D) 600,"In Python, 15 * 40 evaluates to 600.",Python,Mathematical Operations
What is the output of: print(66 == 67),Error,True,False,None,C) False,66 == 67 evaluates to False.,Python,Conditions
What is the output of: print(30 < 53),None,Error,False,True,D) True,30 < 53 evaluates to True.,Python,Conditions
What is the output of: print(2 - 3),-1,-2,0,1,A) -1,"In Python, 2 - 3 evaluates to -1.",Python,Mathematical Operations
What is the output of: print(13 * 1),12,14,15,13,D) 13,"In Python, 13 * 1 evaluates to 13.",Python,Mathematical Operations
What is the output of: print(67 < 36),Error,None,True,False,D) False,67 < 36 evaluates to False.,Python,Conditions
What is the output of: print(52 < 72),True,Error,False,None,A) True,52 < 72 evaluates to True.,Python,Conditions
What is the output of: print(20 + 30),64,41,37,50,D) 50,"In Python, 20 + 30 evaluates to 50.",Python,Mathematical Operations
What is the output of: print(16 % 48),16,21,20,10,A) 16,"In Python, 16 % 48 evaluates to 16.",Python,Mathematical Operations
What is the output of: print(57 <= 76),Error,None,False,True,D) True,57 <= 76 evaluates to True.,Python,Conditions
What is the output of: print(42 % 44),34,41,42,49,C) 42,"In Python, 42 % 44 evaluates to 42.",Python,Mathematical Operations
What is the output of: print(64 <= 86),True,False,None,Error,A) True,64 <= 86 evaluates to True.,Python,Conditions
What is the output of: print(8 % 13),9,7,11,8,D) 8,"In Python, 8 % 13 evaluates to 8.",Python,Mathematical Operations
What is the output of: print(54 > 35),False,True,Error,None,B) True,54 > 35 evaluates to True.,Python,Conditions
What is the output of: print(27 % 26),2,1,0,3,B) 1,"In Python, 27 % 26 evaluates to 1.",Python,Mathematical Operations
What is the output of: print(28 <= 94),True,Error,False,None,A) True,28 <= 94 evaluates to True.,Python,Conditions
What is the output of: print(39 - 24),19,13,10,15,D) 15,"In Python, 39 - 24 evaluates to 15.",Python,Mathematical Operations
What is the output of: print(100 != 90),False,None,Error,True,D) True,100 != 90 evaluates to True.,Python,Conditions
What is the output of: print(90 < 46),None,True,False,Error,C) False,90 < 46 evaluates to False.,Python,Conditions
What is the output of: print(25 >= 85),None,Error,True,False,D) False,25 >= 85 evaluates to False.,Python,Conditions
What is the output of: print(30 * 15),370,464,512,450,D) 450,"In Python, 30 * 15 evaluates to 450.",Python,Mathematical Operations
What is the output of: print(48 * 31),1154,1446,1285,1488,D) 1488,"In Python, 48 * 31 evaluates to 1488.",Python,Mathematical Operations
What is the output of: print(6 == 23),False,True,Error,None,A) False,6 == 23 evaluates to False.,Python,Conditions
What is the output of: print(15 // 46),-2,2,0,-1,C) 0,"In Python, 15 // 46 evaluates to 0.",Python,Mathematical Operations
What is the output of: print(34 < 68),True,Error,None,False,A) True,34 < 68 evaluates to True.,Python,Conditions
What is the output of: print(13 + 36),54,49,44,43,B) 49,"In Python, 13 + 36 evaluates to 49.",Python,Mathematical Operations
What is the output of: print(48 < 63),None,True,Error,False,B) True,48 < 63 evaluates to True.,Python,Conditions
What is the output of: print(71 == 90),None,False,True,Error,B) False,71 == 90 evaluates to False.,Python,Conditions
What is the output of: print(30 // 22),3,2,-1,1,D) 1,"In Python, 30 // 22 evaluates to 1.",Python,Mathematical Operations
What is the output of: print(15 != 51),Error,False,True,None,C) True,15 != 51 evaluates to True.,Python,Conditions
What is the output of: print(34 % 23),15,7,13,11,D) 11,"In Python, 34 % 23 evaluates to 11.",Python,Mathematical Operations
What is the output of: print(44 != 80),False,True,Error,None,B) True,44 != 80 evaluates to True.,Python,Conditions
What is the output of: print(66 == 63),True,False,Error,None,B) False,66 == 63 evaluates to False.,Python,Conditions
What is the output of: print(70 != 22),False,None,Error,True,D) True,70 != 22 evaluates to True.,Python,Conditions
What is the output of: print(24 * 42),777,929,1164,1008,D) 1008,"In Python, 24 * 42 evaluates to 1008.",Python,Mathematical Operations
What is the output of: print(11 < 37),Error,None,False,True,D) True,11 < 37 evaluates to True.,Python,Conditions
What is the output of: print(10 - 44),-44,-38,-34,-29,C) -34,"In Python, 10 - 44 evaluates to -34.",Python,Mathematical Operations
What is the output of: print(67 != 9),False,None,True,Error,C) True,67 != 9 evaluates to True.,Python,Conditions
What is the output of: print(5 % 10),2,7,5,8,C) 5,"In Python, 5 % 10 evaluates to 5.",Python,Mathematical Operations
What is the output of: print(41 // 14),1,2,3,4,B) 2,"In Python, 41 // 14 evaluates to 2.",Python,Mathematical Operations
What is the output of: print(40 * 33),1453,1320,1592,1084,B) 1320,"In Python, 40 * 33 evaluates to 1320.",Python,Mathematical Operations
What is the output of: print(68 <= 62),Error,True,False,None,C) False,68 <= 62 evaluates to False.,Python,Conditions
What is the output of: print(86 < 36),True,Error,False,None,C) False,86 < 36 evaluates to False.,Python,Conditions
What is the output of: print(14 - 13),2,1,3,0,B) 1,"In Python, 14 - 13 evaluates to 1.",Python,Mathematical Operations
What is the output of: print(19 < 49),None,True,False,Error,B) True,19 < 49 evaluates to True.,Python,Conditions
What is the output of: print(59 < 3),None,False,Error,True,B) False,59 < 3 evaluates to False.,Python,Conditions
What is the output of: print(19 > 55),None,False,True,Error,B) False,19 > 55 evaluates to False.,Python,Conditions
What is the output of: print(99 <= 30),True,False,Error,None,B) False,99 <= 30 evaluates to False.,Python,Conditions
What is the output of: print(34 * 39),1542,1115,1166,1326,D) 1326,"In Python, 34 * 39 evaluates to 1326.",Python,Mathematical Operations
What is the output of: print(2 % 50),3,2,4,1,B) 2,"In Python, 2 % 50 evaluates to 2.",Python,Mathematical Operations
What is the output of: print(97 > 45),None,Error,False,True,D) True,97 > 45 evaluates to True.,Python,Conditions
What is the output of: print(100 <= 19),Error,True,None,False,D) False,100 <= 19 evaluates to False.,Python,Conditions
What is the output of: print(12 - 30),-22,-18,-17,-16,B) -18,"In Python, 12 - 30 evaluates to -18.",Python,Mathematical Operations
What is the output of: print(22 < 29),None,False,Error,True,D) True,22 < 29 evaluates to True.,Python,Conditions
What is the output of: print(35 <= 60),Error,False,True,None,C) True,35 <= 60 evaluates to True.,Python,Conditions
What is the output of: print(50 - 43),5,9,7,8,C) 7,"In Python, 50 - 43 evaluates to 7.",Python,Mathematical Operations
What is the output of: print(21 % 49),23,21,22,26,B) 21,"In Python, 21 % 49 evaluates to 21.",Python,Mathematical Operations
What is the output of: print(12 - 20),-11,-7,-8,-5,C) -8,"In Python, 12 - 20 evaluates to -8.",Python,Mathematical Operations
What is the output of: print(39 - 11),28,36,32,24,A) 28,"In Python, 39 - 11 evaluates to 28.",Python,Mathematical Operations
What is the output of: print(48 - 17),31,35,38,36,A) 31,"In Python, 48 - 17 evaluates to 31.",Python,Mathematical Operations
What is the output of: print(3 == 30),True,False,None,Error,B) False,3 == 30 evaluates to False.,Python,Conditions
"What is the output of: print(""Yes"" + ""Py"")",YesPy,GoGo,PyNo,HiSky,A) YesPy,"The + operator concatenates strings, so ""Yes"" + ""Py"" gives ""YesPy"".",Python,Data Types
What is the output of: print(41 == 67),Error,None,False,True,C) False,41 == 67 evaluates to False.,Python,Conditions
What is the output of: print(26 > 28),False,None,Error,True,A) False,26 > 28 evaluates to False.,Python,Conditions
What is the output of: print(2 % 39),2,3,1,0,A) 2,"In Python, 2 % 39 evaluates to 2.",Python,Mathematical Operations
What is the output of: print(32 * 40),1579,1247,1062,1280,D) 1280,"In Python, 32 * 40 evaluates to 1280.",Python,Mathematical Operations
"What is the output of: print(""Hi"" + ""Sky"")",OkGo,GoPy,HiSky,PyNo,C) HiSky,"The + operator concatenates strings, so ""Hi"" + ""Sky"" gives ""HiSky"".",Python,Data Types
What is the output of: print(45 > 20),None,True,Error,False,B) True,45 > 20 evaluates to True.,Python,Conditions
What is the output of: print(87 == 5),True,Error,False,None,C) False,87 == 5 evaluates to False.,Python,Conditions
What is the output of: print(14 * 46),516,570,644,800,C) 644,"In Python, 14 * 46 evaluates to 644.",Python,Mathematical Operations
What is the output of: print(48 <= 3),Error,None,False,True,C) False,48 <= 3 evaluates to False.,Python,Conditions
What is the output of: print(50 // 20),2,1,3,0,A) 2,"In Python, 50 // 20 evaluates to 2.",Python,Mathematical Operations
What is the output of: print(71 > 80),None,Error,True,False,D) False,71 > 80 evaluates to False.,Python,Conditions
What is the output of: print(14 != 12),None,Error,True,False,C) True,14 != 12 evaluates to True.,Python,Conditions
"What is the output of: print(""Py"" + ""Sky"")",PySky,HiHi,OkSky,GoPy,A) PySky,"The + operator concatenates strings, so ""Py"" + ""Sky"" gives ""PySky"".",Python,Data Types
What is the output of: print(60 >= 49),True,False,Error,None,A) True,60 >= 49 evaluates to True.,Python,Conditions
What is the output of: print(78 <= 59),None,Error,True,False,D) False,78 <= 59 evaluates to False.,Python,Conditions
What is the output of: print(43 // 18),1,4,0,2,D) 2,"In Python, 43 // 18 evaluates to 2.",Python,Mathematical Operations
What is the output of: print(18 + 40),44,54,58,56,C) 58,"In Python, 18 + 40 evaluates to 58.",Python,Mathematical Operations
What is the output of: print(63 >= 91),True,None,False,Error,C) False,63 >= 91 evaluates to False.,Python,Conditions
What is the output of: print(94 >= 40),False,True,None,Error,B) True,94 >= 40 evaluates to True.,Python,Conditions
What is the output of: print(14 == 4),None,True,False,Error,C) False,14 == 4 evaluates to False.,Python,Conditions
What is the output of: print(7 * 41),298,305,220,287,D) 287,"In Python, 7 * 41 evaluates to 287.",Python,Mathematical Operations
What is the output of: print(12 != 9),False,True,None,Error,B) True,12 != 9 evaluates to True.,Python,Conditions
What is the output of: print(15 * 15),167,191,201,225,D) 225,"In Python, 15 * 15 evaluates to 225.",Python,Mathematical Operations
What is the output of: print(26 >= 85),Error,False,None,True,B) False,26 >= 85 evaluates to False.,Python,Conditions
What is the output of: print(50 < 29),None,False,Error,True,B) False,50 < 29 evaluates to False.,Python,Conditions
What is the output of: print(31 - 49),-20,-18,-14,-24,B) -18,"In Python, 31 - 49 evaluates to -18.",Python,Mathematical Operations
What is the output of: print(14 != 17),False,True,None,Error,B) True,14 != 17 evaluates to True.,Python,Conditions
What is the output of: print(16 > 58),False,True,Error,None,A) False,16 > 58 evaluates to False.,Python,Conditions
What is the output of: print(67 < 91),True,False,Error,None,A) True,67 < 91 evaluates to True.,Python,Conditions
What is the output of: print(50 > 72),None,False,True,Error,B) False,50 > 72 evaluates to False.,Python,Conditions
What is the output of: print(62 <= 39),True,Error,False,None,C) False,62 <= 39 evaluates to False.,Python,Conditions
What is the output of: print(47 // 23),0,4,1,2,D) 2,"In Python, 47 // 23 evaluates to 2.",Python,Mathematical Operations
What is the output of: print(13 - 19),-5,-3,-9,-6,D) -6,"In Python, 13 - 19 evaluates to -6.",Python,Mathematical Operations
What is the output of: print(99 < 35),None,Error,False,True,C) False,99 < 35 evaluates to False.,Python,Conditions
What is the output of: print(7 < 85),True,False,Error,None,A) True,7 < 85 evaluates to True.,Python,Conditions
What is the output of: print(50 % 23),4,3,6,2,A) 4,"In Python, 50 % 23 evaluates to 4.",Python,Mathematical Operations
What is the output of: print(2 < 58),Error,True,None,False,B) True,2 < 58 evaluates to True.,Python,Conditions
What is the output of: print(83 != 11),True,Error,None,False,A) True,83 != 11 evaluates to True.,Python,Conditions
What is the output of: print(67 <= 75),True,False,Error,None,A) True,67 <= 75 evaluates to True.,Python,Conditions
What is the output of: print(7 - 2),5,3,8,7,A) 5,"In Python, 7 - 2 evaluates to 5.",Python,Mathematical Operations
What is the output of: print(25 - 22),3,4,5,2,A) 3,"In Python, 25 - 22 evaluates to 3.",Python,Mathematical Operations
What is the output of: print(45 % 2),-1,1,0,3,B) 1,"In Python, 45 % 2 evaluates to 1.",Python,Mathematical Operations
What is the output of: print(79 == 43),False,None,True,Error,A) False,79 == 43 evaluates to False.,Python,Conditions
What is the output of: print(6 % 44),6,4,8,5,A) 6,"In Python, 6 % 44 evaluates to 6.",Python,Mathematical Operations
"What is the output of: print(""Sun"" + ""Ok"")",SunOk,PyAI,HiYes,GoOk,A) SunOk,"The + operator concatenates strings, so ""Sun"" + ""Ok"" gives ""SunOk"".",Python,Data Types
What is the output of: print(64 >= 100),None,False,Error,True,B) False,64 >= 100 evaluates to False.,Python,Conditions
What is the output of: print(10 // 37),1,-2,0,2,C) 0,"In Python, 10 // 37 evaluates to 0.",Python,Mathematical Operations
What is the output of: print(82 > 77),Error,False,None,True,D) True,82 > 77 evaluates to True.,Python,Conditions
What is the output of: print(96 < 80),None,True,False,Error,C) False,96 < 80 evaluates to False.,Python,Conditions
What is the output of: print(28 >= 37),Error,True,False,None,C) False,28 >= 37 evaluates to False.,Python,Conditions
What is the output of: print(23 % 39),23,29,21,27,A) 23,"In Python, 23 % 39 evaluates to 23.",Python,Mathematical Operations
What is the output of: print(84 > 18),None,False,Error,True,D) True,84 > 18 evaluates to True.,Python,Conditions
What is the output of: print(61 < 97),Error,None,False,True,D) True,61 < 97 evaluates to True.,Python,Conditions
What is the output of: print(4 > 68),False,None,True,Error,A) False,4 > 68 evaluates to False.,Python,Conditions
What is the output of: print(8 != 96),False,None,Error,True,D) True,8 != 96 evaluates to True.,Python,Conditions
What is the output of: print(4 % 13),7,3,4,1,C) 4,"In Python, 4 % 13 evaluates to 4.",Python,Mathematical Operations
"What is the output of: print(""Hi"" + ""Fun"")",GoFun,PyAI,HiFun,OkSun,C) HiFun,"The + operator concatenates strings, so ""Hi"" + ""Fun"" gives ""HiFun"".",Python,Data Types
What is the output of: print(16 % 8),1,2,0,-2,C) 0,"In Python, 16 % 8 evaluates to 0.",Python,Mathematical Operations
What is the output of: print(54 >= 20),None,Error,False,True,D) True,54 >= 20 evaluates to True.,Python,Conditions
What is the output of: print(49 - 24),22,30,25,24,C) 25,"In Python, 49 - 24 evaluates to 25.",Python,Mathematical Operations
What is the output of: print(12 - 16),-4,-3,-2,-6,A) -4,"In Python, 12 - 16 evaluates to -4.",Python,Mathematical Operations
"What is the output of this code?
total = 0
for i in range(2):
    total += i
print(total)",3,0,2,1,D) 1,"This loop sums integers from 0 to 1, giving 1.",Python,Loops
"What is the output of: print(""Yes"" + ""Hi"")",YesHi,HiOk,PySky,GoNo,A) YesHi,"The + operator concatenates strings, so ""Yes"" + ""Hi"" gives ""YesHi"".",Python,Data Types
What is the output of: print(21 != 95),None,False,Error,True,D) True,21 != 95 evaluates to True.,Python,Conditions
What is the output of: print(17 == 13),Error,None,False,True,C) False,17 == 13 evaluates to False.,Python,Conditions
What is the output of: print(34 // 7),7,3,4,1,C) 4,"In Python, 34 // 7 evaluates to 4.",Python,Mathematical Operations
What is the output of: print(25 // 9),3,2,4,1,B) 2,"In Python, 25 // 9 evaluates to 2.",Python,Mathematical Operations
What is the output of: print(89 == 40),None,False,True,Error,B) False,89 == 40 evaluates to False.,Python,Conditions
What is the output of: print(95 < 88),True,False,None,Error,B) False,95 < 88 evaluates to False.,Python,Conditions
What is the output of: print(6 % 40),5,9,6,3,C) 6,"In Python, 6 % 40 evaluates to 6.",Python,Mathematical Operations
What is an object (in Python)?,An unordered collection of unique items in Python,A built-in function that returns the number of items in an object,An instance of a class,A symbol used to perform operations on variables and values,C) An instance of a class,"An object is an instance of a class, containing the data and behavior defined by that class.",Python,Object-Oriented Programming
What is the output of: print(28 > 34),Error,None,True,False,D) False,28 > 34 evaluates to False.,Python,Conditions
What is the output of: print(30 + 50),60,72,80,89,C) 80,"In Python, 30 + 50 evaluates to 80.",Python,Mathematical Operations
What is the output of: print(85 != 36),None,Error,True,False,C) True,85 != 36 evaluates to True.,Python,Conditions
What is the output of: print(29 > 85),Error,False,None,True,B) False,29 > 85 evaluates to False.,Python,Conditions
What is the output of: print(56 >= 45),Error,None,True,False,C) True,56 >= 45 evaluates to True.,Python,Conditions
What is the output of: print(79 == 18),False,Error,True,None,A) False,79 == 18 evaluates to False.,Python,Conditions
What is the output of: print(47 > 2),None,True,False,Error,B) True,47 > 2 evaluates to True.,Python,Conditions
What is the output of: print(42 % 45),31,35,42,53,C) 42,"In Python, 42 % 45 evaluates to 42.",Python,Mathematical Operations
What is the output of: print(36 > 87),None,True,Error,False,D) False,36 > 87 evaluates to False.,Python,Conditions
What is the output of: print(25 - 19),3,6,4,8,B) 6,"In Python, 25 - 19 evaluates to 6.",Python,Mathematical Operations
What is the output of: print(36 == 6),Error,False,None,True,B) False,36 == 6 evaluates to False.,Python,Conditions
What is the output of: print(46 == 47),None,True,False,Error,C) False,46 == 47 evaluates to False.,Python,Conditions
What is the output of: print(26 < 57),Error,None,True,False,C) True,26 < 57 evaluates to True.,Python,Conditions
What is the output of: print(19 // 49),-2,2,0,1,C) 0,"In Python, 19 // 49 evaluates to 0.",Python,Mathematical Operations
What is the output of: print(36 // 30),1,-1,3,2,A) 1,"In Python, 36 // 30 evaluates to 1.",Python,Mathematical Operations
What is the output of: print(6 % 2),0,-1,1,2,A) 0,"In Python, 6 % 2 evaluates to 0.",Python,Mathematical Operations
What is the output of: print(15 % 18),20,18,15,17,C) 15,"In Python, 15 % 18 evaluates to 15.",Python,Mathematical Operations
What is the output of: print(46 != 97),False,None,Error,True,D) True,46 != 97 evaluates to True.,Python,Conditions
What is the output of: print(5 * 7),26,41,35,38,C) 35,"In Python, 5 * 7 evaluates to 35.",Python,Mathematical Operations
What is the output of: print(78 != 86),True,Error,None,False,A) True,78 != 86 evaluates to True.,Python,Conditions
What is the output of: print(21 % 43),15,28,21,19,C) 21,"In Python, 21 % 43 evaluates to 21.",Python,Mathematical Operations
What is the output of: print(8 * 29),232,278,259,257,A) 232,"In Python, 8 * 29 evaluates to 232.",Python,Mathematical Operations
"What is the output of this code?
total = 0
for i in range(11):
    total += i
print(total)",67,55,52,56,B) 55,"This loop sums integers from 0 to 10, giving 55.",Python,Loops
What is the output of: print(22 // 10),3,0,2,4,C) 2,"In Python, 22 // 10 evaluates to 2.",Python,Mathematical Operations
What is the output of: print(5 - 37),-36,-30,-32,-24,C) -32,"In Python, 5 - 37 evaluates to -32.",Python,Mathematical Operations
What is the output of: print(84 > 7),None,False,True,Error,C) True,84 > 7 evaluates to True.,Python,Conditions
What is the output of: print(42 % 1),-1,1,-2,0,D) 0,"In Python, 42 % 1 evaluates to 0.",Python,Mathematical Operations
What is the output of: print(44 // 13),4,5,3,2,C) 3,"In Python, 44 // 13 evaluates to 3.",Python,Mathematical Operations
What is the output of: print(89 >= 14),True,False,Error,None,A) True,89 >= 14 evaluates to True.,Python,Conditions
What is the output of: print(88 != 44),Error,False,True,None,C) True,88 != 44 evaluates to True.,Python,Conditions
What is the output of: print(44 < 89),False,True,Error,None,B) True,44 < 89 evaluates to True.,Python,Conditions
What is the output of: print(74 == 49),None,Error,True,False,D) False,74 == 49 evaluates to False.,Python,Conditions
What is the output of: print(19 == 77),None,True,False,Error,C) False,19 == 77 evaluates to False.,Python,Conditions
What is the output of: print(4 * 1),5,2,1,4,D) 4,"In Python, 4 * 1 evaluates to 4.",Python,Mathematical Operations
What is the output of: print(29 % 20),12,7,11,9,D) 9,"In Python, 29 % 20 evaluates to 9.",Python,Mathematical Operations
What is the output of: print(98 > 16),True,False,Error,None,A) True,98 > 16 evaluates to True.,Python,Conditions
What is the output of: print(40 + 27),53,76,67,56,C) 67,"In Python, 40 + 27 evaluates to 67.",Python,Mathematical Operations
What is the output of: print(30 + 15),43,45,47,50,B) 45,"In Python, 30 + 15 evaluates to 45.",Python,Mathematical Operations
What is the output of: print(31 + 12),43,51,38,48,A) 43,"In Python, 31 + 12 evaluates to 43.",Python,Mathematical Operations
What is the output of: print(98 < 69),Error,True,None,False,D) False,98 < 69 evaluates to False.,Python,Conditions
What is the output of: print(34 * 35),1272,1190,1474,1309,B) 1190,"In Python, 34 * 35 evaluates to 1190.",Python,Mathematical Operations
What is the output of: print(54 == 18),None,True,Error,False,D) False,54 == 18 evaluates to False.,Python,Conditions
What is the output of: print(71 == 26),Error,False,None,True,B) False,71 == 26 evaluates to False.,Python,Conditions
What is the output of: print(62 < 6),True,Error,None,False,D) False,62 < 6 evaluates to False.,Python,Conditions
What is the output of: print(22 * 22),603,474,384,484,D) 484,"In Python, 22 * 22 evaluates to 484.",Python,Mathematical Operations
What is the output of: print(36 - 25),15,11,14,7,B) 11,"In Python, 36 - 25 evaluates to 11.",Python,Mathematical Operations
What is the output of: print(7 % 40),7,5,6,10,A) 7,"In Python, 7 % 40 evaluates to 7.",Python,Mathematical Operations
What is the output of: print(56 >= 58),False,True,Error,None,A) False,56 >= 58 evaluates to False.,Python,Conditions
What is the output of: print(72 < 81),False,None,True,Error,C) True,72 < 81 evaluates to True.,Python,Conditions
What is the output of: print(34 <= 46),None,False,Error,True,D) True,34 <= 46 evaluates to True.,Python,Conditions
What is the output of: print(83 < 2),False,Error,None,True,A) False,83 < 2 evaluates to False.,Python,Conditions
What is the output of: print(49 + 38),87,69,86,92,A) 87,"In Python, 49 + 38 evaluates to 87.",Python,Mathematical Operations
What is the output of: print(70 == 32),None,Error,True,False,D) False,70 == 32 evaluates to False.,Python,Conditions
What is the output of: print(45 <= 38),Error,None,False,True,C) False,45 <= 38 evaluates to False.,Python,Conditions
What is the output of: print(10 // 32),1,-1,-2,0,D) 0,"In Python, 10 // 32 evaluates to 0.",Python,Mathematical Operations
What is the output of: print(18 == 24),Error,True,False,None,C) False,18 == 24 evaluates to False.,Python,Conditions
What is the output of: print(7 >= 21),False,Error,True,None,A) False,7 >= 21 evaluates to False.,Python,Conditions
What is the output of: print(49 * 39),1687,1574,2165,1911,D) 1911,"In Python, 49 * 39 evaluates to 1911.",Python,Mathematical Operations
What is the output of: print(86 != 82),False,Error,True,None,C) True,86 != 82 evaluates to True.,Python,Conditions
What is the output of: print(40 * 1),39,40,45,52,B) 40,"In Python, 40 * 1 evaluates to 40.",Python,Mathematical Operations
What is the output of: print(91 < 82),True,None,False,Error,C) False,91 < 82 evaluates to False.,Python,Conditions
What is Python?,A data type representing whole numbers,A classification that specifies what kind of value a variable holds,A data type representing decimal (floating-point) numbers,"A high-level, general-purpose interpreted programming language","D) A high-level, general-purpose interpreted programming language","Python is a high-level, interpreted, general-purpose programming language known for its readability.",Python,Python Basics
What is the output of: print(76 <= 64),None,True,False,Error,C) False,76 <= 64 evaluates to False.,Python,Conditions
What is the output of: print(8 > 61),False,Error,True,None,A) False,8 > 61 evaluates to False.,Python,Conditions
What is the output of: print(86 >= 54),None,False,Error,True,D) True,86 >= 54 evaluates to True.,Python,Conditions
What is the output of: print(42 <= 54),Error,None,False,True,D) True,42 <= 54 evaluates to True.,Python,Conditions
What is the output of: print(49 % 15),3,4,1,7,B) 4,"In Python, 49 % 15 evaluates to 4.",Python,Mathematical Operations
What is the output of: print(94 == 48),True,Error,None,False,D) False,94 == 48 evaluates to False.,Python,Conditions
What is the output of: print(24 + 33),68,51,57,41,C) 57,"In Python, 24 + 33 evaluates to 57.",Python,Mathematical Operations
What is the output of: print(29 // 5),4,8,3,5,D) 5,"In Python, 29 // 5 evaluates to 5.",Python,Mathematical Operations
What is the output of: print(89 <= 67),None,Error,True,False,D) False,89 <= 67 evaluates to False.,Python,Conditions
What is the output of: print(12 * 38),467,432,485,456,D) 456,"In Python, 12 * 38 evaluates to 456.",Python,Mathematical Operations
What is the output of: print(21 - 14),10,4,7,8,C) 7,"In Python, 21 - 14 evaluates to 7.",Python,Mathematical Operations
What is the output of: print(79 <= 11),Error,True,None,False,D) False,79 <= 11 evaluates to False.,Python,Conditions
What is the output of: print(27 + 21),44,58,45,48,D) 48,"In Python, 27 + 21 evaluates to 48.",Python,Mathematical Operations
What is the output of: print(24 * 43),992,1032,1044,1106,B) 1032,"In Python, 24 * 43 evaluates to 1032.",Python,Mathematical Operations
What is the output of: print(33 % 49),40,32,36,33,D) 33,"In Python, 33 % 49 evaluates to 33.",Python,Mathematical Operations
What is the output of: print(56 <= 84),None,True,False,Error,B) True,56 <= 84 evaluates to True.,Python,Conditions
What is the output of: print(48 >= 78),True,Error,None,False,D) False,48 >= 78 evaluates to False.,Python,Conditions
What is the output of: print(49 != 85),True,None,False,Error,A) True,49 != 85 evaluates to True.,Python,Conditions
What is the output of: print(19 >= 58),False,Error,True,None,A) False,19 >= 58 evaluates to False.,Python,Conditions
What is the output of: print(13 * 42),546,600,518,523,A) 546,"In Python, 13 * 42 evaluates to 546.",Python,Mathematical Operations
What is the output of: print(20 <= 16),Error,False,True,None,B) False,20 <= 16 evaluates to False.,Python,Conditions
What is the output of: print(3 // 46),0,1,-1,2,A) 0,"In Python, 3 // 46 evaluates to 0.",Python,Mathematical Operations
What is the output of: print(92 >= 24),True,False,Error,None,A) True,92 >= 24 evaluates to True.,Python,Conditions
What is the output of: print(23 * 29),818,705,646,667,D) 667,"In Python, 23 * 29 evaluates to 667.",Python,Mathematical Operations
What is the output of: print(67 > 70),False,None,Error,True,A) False,67 > 70 evaluates to False.,Python,Conditions
What is the output of: print(11 % 20),11,13,8,10,A) 11,"In Python, 11 % 20 evaluates to 11.",Python,Mathematical Operations
What is the output of: print(36 * 30),1174,905,1073,1080,D) 1080,"In Python, 36 * 30 evaluates to 1080.",Python,Mathematical Operations
What is the output of: print(11 % 38),11,12,14,7,A) 11,"In Python, 11 % 38 evaluates to 11.",Python,Mathematical Operations
What is the output of: print(85 <= 18),None,True,Error,False,D) False,85 <= 18 evaluates to False.,Python,Conditions
What is the output of: print(13 * 23),301,255,299,344,C) 299,"In Python, 13 * 23 evaluates to 299.",Python,Mathematical Operations
What is the output of: print(3 % 27),2,5,3,1,C) 3,"In Python, 3 % 27 evaluates to 3.",Python,Mathematical Operations
What is the output of: print(8 <= 19),None,False,Error,True,D) True,8 <= 19 evaluates to True.,Python,Conditions
What is the output of: print(44 - 19),25,31,21,20,A) 25,"In Python, 44 - 19 evaluates to 25.",Python,Mathematical Operations
What is the output of: print(88 < 60),Error,False,True,None,B) False,88 < 60 evaluates to False.,Python,Conditions
What is the output of: print(40 >= 75),False,True,None,Error,A) False,40 >= 75 evaluates to False.,Python,Conditions
What is the output of: print(45 + 47),92,117,84,79,A) 92,"In Python, 45 + 47 evaluates to 92.",Python,Mathematical Operations
What is the output of: print(30 // 2),14,11,15,12,C) 15,"In Python, 30 // 2 evaluates to 15.",Python,Mathematical Operations
What is the output of: print(29 == 56),False,Error,True,None,A) False,29 == 56 evaluates to False.,Python,Conditions
What is the output of: print(29 % 26),3,4,1,2,A) 3,"In Python, 29 % 26 evaluates to 3.",Python,Mathematical Operations
"What is the output of: print(""Go"" + ""Sun"")",OkYes,PyFun,GoSun,HiHi,C) GoSun,"The + operator concatenates strings, so ""Go"" + ""Sun"" gives ""GoSun"".",Python,Data Types
What is the output of: print(16 % 22),20,16,13,12,B) 16,"In Python, 16 % 22 evaluates to 16.",Python,Mathematical Operations
"What is the output of: print(""Ok"" + ""Yes"")",PyNo,HiFun,OkYes,GoSky,C) OkYes,"The + operator concatenates strings, so ""Ok"" + ""Yes"" gives ""OkYes"".",Python,Data Types
What is the output of: print(37 * 48),1354,1776,1472,2113,B) 1776,"In Python, 37 * 48 evaluates to 1776.",Python,Mathematical Operations
What is the output of: print(1 + 38),45,33,49,39,D) 39,"In Python, 1 + 38 evaluates to 39.",Python,Mathematical Operations
What is the output of: print(8 <= 44),None,Error,True,False,C) True,8 <= 44 evaluates to True.,Python,Conditions
What is the output of: print(43 + 34),66,56,77,60,C) 77,"In Python, 43 + 34 evaluates to 77.",Python,Mathematical Operations
What is the output of: print(3 + 16),21,17,23,19,D) 19,"In Python, 3 + 16 evaluates to 19.",Python,Mathematical Operations
"What is the output of: print(""No"" + ""Sky"")",NoSky,PySun,HiSun,GoNo,A) NoSky,"The + operator concatenates strings, so ""No"" + ""Sky"" gives ""NoSky"".",Python,Data Types
What is the output of: print(31 - 29),1,2,4,3,B) 2,"In Python, 31 - 29 evaluates to 2.",Python,Mathematical Operations
What is the output of: print(17 + 26),35,36,46,43,D) 43,"In Python, 17 + 26 evaluates to 43.",Python,Mathematical Operations
What is the output of: print(12 // 16),1,2,-1,0,D) 0,"In Python, 12 // 16 evaluates to 0.",Python,Mathematical Operations
What is the output of: print(24 + 4),28,24,36,31,A) 28,"In Python, 24 + 4 evaluates to 28.",Python,Mathematical Operations
What is the output of: print(67 > 32),Error,False,True,None,C) True,67 > 32 evaluates to True.,Python,Conditions
What is the output of: print(68 >= 6),Error,False,None,True,D) True,68 >= 6 evaluates to True.,Python,Conditions
What is the output of: print(2 // 13),2,0,1,-2,B) 0,"In Python, 2 // 13 evaluates to 0.",Python,Mathematical Operations
What is the output of: print(27 - 17),12,10,7,13,B) 10,"In Python, 27 - 17 evaluates to 10.",Python,Mathematical Operations
What is the output of: print(27 < 61),True,False,None,Error,A) True,27 < 61 evaluates to True.,Python,Conditions
What is the output of: print(74 >= 10),Error,True,None,False,B) True,74 >= 10 evaluates to True.,Python,Conditions
What is the output of: print(3 > 82),True,Error,False,None,C) False,3 > 82 evaluates to False.,Python,Conditions
What is the output of: print(20 // 4),7,5,2,6,B) 5,"In Python, 20 // 4 evaluates to 5.",Python,Mathematical Operations
"What is the output of: print(""No"" + ""No"")",NoNo,GoFun,PyHi,HiSky,A) NoNo,"The + operator concatenates strings, so ""No"" + ""No"" gives ""NoNo"".",Python,Data Types
What is the output of: print(3 * 4),9,14,12,8,C) 12,"In Python, 3 * 4 evaluates to 12.",Python,Mathematical Operations
What is the output of: print(9 * 26),208,258,207,234,D) 234,"In Python, 9 * 26 evaluates to 234.",Python,Mathematical Operations
"What is the output of: print(""No"" + ""Sun"")",GoGo,PyYes,HiSky,NoSun,D) NoSun,"The + operator concatenates strings, so ""No"" + ""Sun"" gives ""NoSun"".",Python,Data Types
What is the output of: print(39 >= 69),False,None,Error,True,A) False,39 >= 69 evaluates to False.,Python,Conditions
What is the output of: print(65 == 80),True,Error,False,None,C) False,65 == 80 evaluates to False.,Python,Conditions
What is the output of: print(37 - 39),0,-2,-1,-4,B) -2,"In Python, 37 - 39 evaluates to -2.",Python,Mathematical Operations
What is the output of: print(19 >= 6),Error,None,True,False,C) True,19 >= 6 evaluates to True.,Python,Conditions
What is the output of: print(84 >= 46),None,True,Error,False,B) True,84 >= 46 evaluates to True.,Python,Conditions
What is the output of: print(72 >= 3),Error,None,False,True,D) True,72 >= 3 evaluates to True.,Python,Conditions
What is the output of: print(7 * 19),136,133,131,137,B) 133,"In Python, 7 * 19 evaluates to 133.",Python,Mathematical Operations
What is the output of: print(7 % 42),9,7,8,6,B) 7,"In Python, 7 % 42 evaluates to 7.",Python,Mathematical Operations
What is the output of: print(23 < 2),None,Error,False,True,C) False,23 < 2 evaluates to False.,Python,Conditions
What is the output of: print(56 < 48),None,Error,True,False,D) False,56 < 48 evaluates to False.,Python,Conditions
What is the output of: print(80 <= 51),True,Error,False,None,C) False,80 <= 51 evaluates to False.,Python,Conditions
What is the output of: print(52 >= 64),None,Error,True,False,D) False,52 >= 64 evaluates to False.,Python,Conditions
What is the output of: print(1 - 27),-34,-29,-23,-26,D) -26,"In Python, 1 - 27 evaluates to -26.",Python,Mathematical Operations
What is the output of: print(8 % 27),4,6,8,7,C) 8,"In Python, 8 % 27 evaluates to 8.",Python,Mathematical Operations
What is the output of: print(63 != 69),Error,None,False,True,D) True,63 != 69 evaluates to True.,Python,Conditions
What is the output of: print(60 > 51),True,False,Error,None,A) True,60 > 51 evaluates to True.,Python,Conditions
What is the output of: print(21 < 48),True,None,False,Error,A) True,21 < 48 evaluates to True.,Python,Conditions
What is the output of: print(53 == 62),False,True,Error,None,A) False,53 == 62 evaluates to False.,Python,Conditions
What is the output of: print(19 * 18),359,416,261,342,D) 342,"In Python, 19 * 18 evaluates to 342.",Python,Mathematical Operations
What is the output of: print(45 - 37),4,7,5,8,D) 8,"In Python, 45 - 37 evaluates to 8.",Python,Mathematical Operations
What is the output of: print(29 - 35),-7,-3,-4,-6,D) -6,"In Python, 29 - 35 evaluates to -6.",Python,Mathematical Operations
What is the output of: print(35 - 23),11,10,12,14,C) 12,"In Python, 35 - 23 evaluates to 12.",Python,Mathematical Operations
What is the output of: print(34 == 48),True,None,Error,False,D) False,34 == 48 evaluates to False.,Python,Conditions
What is the output of: print(19 % 20),23,20,15,19,D) 19,"In Python, 19 % 20 evaluates to 19.",Python,Mathematical Operations
What is the output of: print(4 >= 41),True,Error,None,False,D) False,4 >= 41 evaluates to False.,Python,Conditions
What is the output of: print(36 <= 89),False,True,Error,None,B) True,36 <= 89 evaluates to True.,Python,Conditions
What is the output of: print(1 // 10),0,-2,1,2,A) 0,"In Python, 1 // 10 evaluates to 0.",Python,Mathematical Operations
What is the output of: print(25 <= 51),False,True,None,Error,B) True,25 <= 51 evaluates to True.,Python,Conditions
What is the output of: print(37 != 15),False,Error,True,None,C) True,37 != 15 evaluates to True.,Python,Conditions
What is the output of: print(32 + 14),43,37,39,46,D) 46,"In Python, 32 + 14 evaluates to 46.",Python,Mathematical Operations
What is the output of: print(19 - 2),15,17,22,11,B) 17,"In Python, 19 - 2 evaluates to 17.",Python,Mathematical Operations
What is the output of: print(4 == 56),True,None,False,Error,C) False,4 == 56 evaluates to False.,Python,Conditions
What is the output of: print(48 // 30),1,-1,0,3,A) 1,"In Python, 48 // 30 evaluates to 1.",Python,Mathematical Operations
What is the output of: print(47 + 32),79,100,60,92,A) 79,"In Python, 47 + 32 evaluates to 79.",Python,Mathematical Operations
What is the output of: print(8 // 22),2,-2,1,0,D) 0,"In Python, 8 // 22 evaluates to 0.",Python,Mathematical Operations
What is the output of: print(30 > 71),Error,False,True,None,B) False,30 > 71 evaluates to False.,Python,Conditions
What is the output of: print(38 // 23),-1,2,1,0,C) 1,"In Python, 38 // 23 evaluates to 1.",Python,Mathematical Operations
What is the output of: print(11 == 67),False,Error,True,None,A) False,11 == 67 evaluates to False.,Python,Conditions
What is the output of: print(34 < 36),True,None,Error,False,A) True,34 < 36 evaluates to True.,Python,Conditions
What is the output of: print(12 - 12),2,0,1,-1,B) 0,"In Python, 12 - 12 evaluates to 0.",Python,Mathematical Operations
What is the output of: print(15 <= 80),False,None,Error,True,D) True,15 <= 80 evaluates to True.,Python,Conditions
What is the output of: print(5 // 30),-1,2,0,1,C) 0,"In Python, 5 // 30 evaluates to 0.",Python,Mathematical Operations
Which of the following best describes a dictionary?,"A high-level, general-purpose interpreted programming language",A collection of key-value pairs in Python,A data type representing a sequence of characters,"A blueprint for creating objects, defining their properties and behavior",B) A collection of key-value pairs in Python,"A dictionary in Python stores data as key-value pairs, defined using curly braces.",Python,Dictionaries & Sets
What is the output of: print(40 % 36),4,6,2,5,A) 4,"In Python, 40 % 36 evaluates to 4.",Python,Mathematical Operations
What is the output of: print(9 > 80),False,Error,None,True,A) False,9 > 80 evaluates to False.,Python,Conditions
What is the output of: print(21 + 35),60,57,58,56,D) 56,"In Python, 21 + 35 evaluates to 56.",Python,Mathematical Operations
What is the output of: print(70 > 37),None,False,True,Error,C) True,70 > 37 evaluates to True.,Python,Conditions
What is the output of: print(25 // 14),0,2,-1,1,D) 1,"In Python, 25 // 14 evaluates to 1.",Python,Mathematical Operations
What is the output of: print(48 % 35),10,9,13,11,C) 13,"In Python, 48 % 35 evaluates to 13.",Python,Mathematical Operations
What is the output of: print(16 % 13),5,2,4,3,D) 3,"In Python, 16 % 13 evaluates to 3.",Python,Mathematical Operations
What is the output of: print(24 > 20),Error,False,True,None,C) True,24 > 20 evaluates to True.,Python,Conditions
What is the output of: print(3 * 13),50,31,37,39,D) 39,"In Python, 3 * 13 evaluates to 39.",Python,Mathematical Operations
What is the output of: print(51 >= 2),True,Error,None,False,A) True,51 >= 2 evaluates to True.,Python,Conditions
What is the output of: print(23 // 21),2,3,1,-1,C) 1,"In Python, 23 // 21 evaluates to 1.",Python,Mathematical Operations
What is the output of: print(94 >= 68),False,Error,True,None,C) True,94 >= 68 evaluates to True.,Python,Conditions
What is the output of: print(59 != 7),Error,False,None,True,D) True,59 != 7 evaluates to True.,Python,Conditions
What is the output of: print(48 * 34),1696,1632,1929,1276,B) 1632,"In Python, 48 * 34 evaluates to 1632.",Python,Mathematical Operations
What is the output of: print(38 % 3),1,3,2,4,C) 2,"In Python, 38 % 3 evaluates to 2.",Python,Mathematical Operations
What is the output of: print(72 > 57),True,False,Error,None,A) True,72 > 57 evaluates to True.,Python,Conditions
What is the output of: print(8 - 18),-7,-11,-10,-13,C) -10,"In Python, 8 - 18 evaluates to -10.",Python,Mathematical Operations
What is the output of: print(15 == 52),Error,False,True,None,B) False,15 == 52 evaluates to False.,Python,Conditions
What is the output of: print(2 > 93),True,Error,False,None,C) False,2 > 93 evaluates to False.,Python,Conditions
What is the output of: print(49 != 11),True,Error,None,False,A) True,49 != 11 evaluates to True.,Python,Conditions
What is the output of: print(44 % 29),17,13,12,15,D) 15,"In Python, 44 % 29 evaluates to 15.",Python,Mathematical Operations
What is the output of: print(5 * 50),307,250,199,229,B) 250,"In Python, 5 * 50 evaluates to 250.",Python,Mathematical Operations
What is the output of: print(3 <= 74),True,Error,False,None,A) True,3 <= 74 evaluates to True.,Python,Conditions
What is the output of: print(21 > 24),None,False,True,Error,B) False,21 > 24 evaluates to False.,Python,Conditions
What is the output of: print(72 == 59),False,True,None,Error,A) False,72 == 59 evaluates to False.,Python,Conditions
What is the output of: print(41 - 32),6,8,9,11,C) 9,"In Python, 41 - 32 evaluates to 9.",Python,Mathematical Operations
What is the output of: print(44 // 27),2,-1,0,1,D) 1,"In Python, 44 // 27 evaluates to 1.",Python,Mathematical Operations
What is the output of: print(38 == 84),False,None,True,Error,A) False,38 == 84 evaluates to False.,Python,Conditions
What is the output of: print(3 + 34),37,43,26,30,A) 37,"In Python, 3 + 34 evaluates to 37.",Python,Mathematical Operations
What is the output of: print(84 <= 76),None,Error,True,False,D) False,84 <= 76 evaluates to False.,Python,Conditions
What is the output of: print(40 // 47),-1,0,2,1,B) 0,"In Python, 40 // 47 evaluates to 0.",Python,Mathematical Operations
What is the output of: print(18 < 16),Error,True,None,False,D) False,18 < 16 evaluates to False.,Python,Conditions
What is the output of: print(62 <= 41),False,None,Error,True,A) False,62 <= 41 evaluates to False.,Python,Conditions
What is the output of: print(43 == 84),Error,False,None,True,B) False,43 == 84 evaluates to False.,Python,Conditions
What is the output of: print(31 + 15),51,56,46,39,C) 46,"In Python, 31 + 15 evaluates to 46.",Python,Mathematical Operations
What is the output of: print(8 * 6),47,59,38,48,D) 48,"In Python, 8 * 6 evaluates to 48.",Python,Mathematical Operations
What is the output of: print(26 + 9),32,29,40,35,D) 35,"In Python, 26 + 9 evaluates to 35.",Python,Mathematical Operations
What is the output of: print(29 >= 2),False,Error,True,None,C) True,29 >= 2 evaluates to True.,Python,Conditions
What is the output of: print(2 % 38),2,0,1,3,A) 2,"In Python, 2 % 38 evaluates to 2.",Python,Mathematical Operations
What is the output of: print(48 == 18),False,True,Error,None,A) False,48 == 18 evaluates to False.,Python,Conditions
What is the output of: print(88 >= 71),Error,True,False,None,B) True,88 >= 71 evaluates to True.,Python,Conditions
What is the output of: print(43 - 42),-1,2,0,1,D) 1,"In Python, 43 - 42 evaluates to 1.",Python,Mathematical Operations
What is the output of: print(63 < 47),True,Error,False,None,C) False,63 < 47 evaluates to False.,Python,Conditions
What is the output of: print(12 % 44),10,8,12,9,C) 12,"In Python, 12 % 44 evaluates to 12.",Python,Mathematical Operations
What is the output of: print(57 > 19),None,Error,True,False,C) True,57 > 19 evaluates to True.,Python,Conditions
What is the output of: print(6 >= 19),True,None,Error,False,D) False,6 >= 19 evaluates to False.,Python,Conditions
What is the output of: print(89 < 39),None,False,Error,True,B) False,89 < 39 evaluates to False.,Python,Conditions
What is the output of: print(34 % 27),8,7,9,6,B) 7,"In Python, 34 % 27 evaluates to 7.",Python,Mathematical Operations
What is the output of: print(28 + 15),31,42,47,43,D) 43,"In Python, 28 + 15 evaluates to 43.",Python,Mathematical Operations
What is the output of: print(40 // 29),3,-1,0,1,D) 1,"In Python, 40 // 29 evaluates to 1.",Python,Mathematical Operations
What is the output of: print(17 > 75),None,False,Error,True,B) False,17 > 75 evaluates to False.,Python,Conditions
What is the output of: print(99 <= 79),False,None,True,Error,A) False,99 <= 79 evaluates to False.,Python,Conditions
What is the output of: print(94 <= 24),Error,True,False,None,C) False,94 <= 24 evaluates to False.,Python,Conditions
What is the output of: print(9 % 39),7,11,5,9,D) 9,"In Python, 9 % 39 evaluates to 9.",Python,Mathematical Operations
What is the output of: print(27 - 3),28,24,29,31,B) 24,"In Python, 27 - 3 evaluates to 24.",Python,Mathematical Operations
What is the output of: print(1 == 85),True,False,None,Error,B) False,1 == 85 evaluates to False.,Python,Conditions
What is the output of: print(91 <= 38),True,False,Error,None,B) False,91 <= 38 evaluates to False.,Python,Conditions
What is the output of: print(23 - 42),-19,-14,-24,-23,A) -19,"In Python, 23 - 42 evaluates to -19.",Python,Mathematical Operations
What is the output of: print(46 - 37),7,9,10,12,B) 9,"In Python, 46 - 37 evaluates to 9.",Python,Mathematical Operations
What is the output of: print(92 <= 92),None,Error,True,False,C) True,92 <= 92 evaluates to True.,Python,Conditions
What is the output of: print(71 < 28),None,True,Error,False,D) False,71 < 28 evaluates to False.,Python,Conditions
What is the output of: print(39 // 26),0,1,2,-1,B) 1,"In Python, 39 // 26 evaluates to 1.",Python,Mathematical Operations
What is the output of: print(27 == 15),True,False,None,Error,B) False,27 == 15 evaluates to False.,Python,Conditions
What is the output of: print(94 == 45),Error,None,True,False,D) False,94 == 45 evaluates to False.,Python,Conditions
What is the output of: print(27 % 13),1,2,-1,3,A) 1,"In Python, 27 % 13 evaluates to 1.",Python,Mathematical Operations
What is the output of: print(49 * 48),2941,2352,2741,2565,B) 2352,"In Python, 49 * 48 evaluates to 2352.",Python,Mathematical Operations
What is the output of: print(85 == 5),False,True,Error,None,A) False,85 == 5 evaluates to False.,Python,Conditions
What is the output of: print(70 != 47),False,None,True,Error,C) True,70 != 47 evaluates to True.,Python,Conditions
What is the output of: print(75 > 30),Error,True,False,None,B) True,75 > 30 evaluates to True.,Python,Conditions
What is the output of: print(68 == 8),True,None,False,Error,C) False,68 == 8 evaluates to False.,Python,Conditions
What is the output of: print(43 * 46),1773,1978,2428,1538,B) 1978,"In Python, 43 * 46 evaluates to 1978.",Python,Mathematical Operations
What is the output of: print(38 * 43),1634,1339,1881,1331,A) 1634,"In Python, 38 * 43 evaluates to 1634.",Python,Mathematical Operations
What is the output of: print(72 > 84),None,False,Error,True,B) False,72 > 84 evaluates to False.,Python,Conditions
What is the output of: print(62 < 48),False,True,Error,None,A) False,62 < 48 evaluates to False.,Python,Conditions
What is the output of: print(28 - 43),-16,-20,-18,-15,D) -15,"In Python, 28 - 43 evaluates to -15.",Python,Mathematical Operations
What is the output of: print(42 // 15),4,2,3,0,B) 2,"In Python, 42 // 15 evaluates to 2.",Python,Mathematical Operations
What is the output of: print(2 != 72),False,None,True,Error,C) True,2 != 72 evaluates to True.,Python,Conditions
What is the output of: print(41 - 34),4,7,9,5,B) 7,"In Python, 41 - 34 evaluates to 7.",Python,Mathematical Operations
What is the output of: print(8 + 5),10,9,13,18,C) 13,"In Python, 8 + 5 evaluates to 13.",Python,Mathematical Operations
What is the output of: print(25 + 38),63,46,65,52,A) 63,"In Python, 25 + 38 evaluates to 63.",Python,Mathematical Operations
What is the output of: print(46 % 38),8,9,5,11,A) 8,"In Python, 46 % 38 evaluates to 8.",Python,Mathematical Operations
What is the output of: print(25 > 80),None,False,Error,True,B) False,25 > 80 evaluates to False.,Python,Conditions
What is the output of: print(36 % 37),44,36,26,42,B) 36,"In Python, 36 % 37 evaluates to 36.",Python,Mathematical Operations
What is the output of: print(68 <= 13),None,True,Error,False,D) False,68 <= 13 evaluates to False.,Python,Conditions
"What is the output of this code?
total = 0
for i in range(5):
    total += i
print(total)",12,7,8,10,D) 10,"This loop sums integers from 0 to 4, giving 10.",Python,Loops
What is the output of: print(1 <= 55),None,False,True,Error,C) True,1 <= 55 evaluates to True.,Python,Conditions
What is the output of: print(93 == 98),True,False,None,Error,B) False,93 == 98 evaluates to False.,Python,Conditions
What is the output of: print(93 == 49),True,None,Error,False,D) False,93 == 49 evaluates to False.,Python,Conditions
What is the output of: print(51 != 11),True,False,Error,None,A) True,51 != 11 evaluates to True.,Python,Conditions
What is the output of: print(17 - 1),15,16,11,18,B) 16,"In Python, 17 - 1 evaluates to 16.",Python,Mathematical Operations
"What is the output of: print(""Py"" + ""Yes"")",GoHi,PyYes,HiAI,OkGo,B) PyYes,"The + operator concatenates strings, so ""Py"" + ""Yes"" gives ""PyYes"".",Python,Data Types
What is the output of: print(42 == 92),None,False,True,Error,B) False,42 == 92 evaluates to False.,Python,Conditions
What is the output of: print(43 % 31),12,8,11,16,A) 12,"In Python, 43 % 31 evaluates to 12.",Python,Mathematical Operations
What is range()?,An instance of a class,A mechanism where a class derives properties from another class,"An ordered, immutable collection of items in Python",A built-in function that generates a sequence of numbers,D) A built-in function that generates a sequence of numbers,"The range() function generates a sequence of numbers, often used to control the number of iterations in a for loop.",Python,Loops
What is the output of: print(84 >= 45),True,None,Error,False,A) True,84 >= 45 evaluates to True.,Python,Conditions
What is the output of: print(35 % 4),4,2,3,5,C) 3,"In Python, 35 % 4 evaluates to 3.",Python,Mathematical Operations
What is the output of: print(36 != 39),Error,None,True,False,C) True,36 != 39 evaluates to True.,Python,Conditions
What is the output of: print(48 // 33),0,3,1,2,C) 1,"In Python, 48 // 33 evaluates to 1.",Python,Mathematical Operations
What is the output of: print(57 <= 26),True,Error,None,False,D) False,57 <= 26 evaluates to False.,Python,Conditions
What is the output of: print(31 * 31),1080,961,932,835,B) 961,"In Python, 31 * 31 evaluates to 961.",Python,Mathematical Operations
What is the output of: print(42 < 62),None,Error,True,False,C) True,42 < 62 evaluates to True.,Python,Conditions
What is the output of: print(44 // 10),2,1,3,4,D) 4,"In Python, 44 // 10 evaluates to 4.",Python,Mathematical Operations
What is the output of: print(8 % 49),10,8,11,5,B) 8,"In Python, 8 % 49 evaluates to 8.",Python,Mathematical Operations
What is the output of: print(26 * 14),354,364,281,360,B) 364,"In Python, 26 * 14 evaluates to 364.",Python,Mathematical Operations
What is the output of: print(25 % 4),1,2,-1,0,A) 1,"In Python, 25 % 4 evaluates to 1.",Python,Mathematical Operations
What is the output of: print(14 % 12),3,1,0,2,D) 2,"In Python, 14 % 12 evaluates to 2.",Python,Mathematical Operations
What is the output of: print(41 > 47),False,True,None,Error,A) False,41 > 47 evaluates to False.,Python,Conditions
What is the output of: print(47 <= 28),None,True,Error,False,D) False,47 <= 28 evaluates to False.,Python,Conditions
What is the output of: print(50 <= 53),None,Error,False,True,D) True,50 <= 53 evaluates to True.,Python,Conditions
What is the output of: print(32 % 32),-1,2,-2,0,D) 0,"In Python, 32 % 32 evaluates to 0.",Python,Mathematical Operations
What is the output of: print(35 > 83),None,False,Error,True,B) False,35 > 83 evaluates to False.,Python,Conditions
What is the output of: print(9 != 60),Error,False,None,True,D) True,9 != 60 evaluates to True.,Python,Conditions
What is the output of: print(1 != 75),Error,None,False,True,D) True,1 != 75 evaluates to True.,Python,Conditions
What is the output of: print(55 == 68),True,None,False,Error,C) False,55 == 68 evaluates to False.,Python,Conditions
What is the output of: print(44 != 14),Error,None,True,False,C) True,44 != 14 evaluates to True.,Python,Conditions
What is the output of: print(43 >= 77),False,Error,True,None,A) False,43 >= 77 evaluates to False.,Python,Conditions
What is the output of: print(64 >= 92),Error,None,False,True,C) False,64 >= 92 evaluates to False.,Python,Conditions
What is the output of: print(35 % 16),1,2,5,3,D) 3,"In Python, 35 % 16 evaluates to 3.",Python,Mathematical Operations
What is the output of: print(55 > 26),True,False,Error,None,A) True,55 > 26 evaluates to True.,Python,Conditions
What is the output of: print(96 == 87),Error,False,None,True,B) False,96 == 87 evaluates to False.,Python,Conditions
What is the output of: print(95 < 52),False,True,None,Error,A) False,95 < 52 evaluates to False.,Python,Conditions
What is the output of: print(14 == 9),True,None,False,Error,C) False,14 == 9 evaluates to False.,Python,Conditions
"What is the output of: print(""Hi"" + ""AI"")",OkHi,HiAI,GoPy,PyYes,B) HiAI,"The + operator concatenates strings, so ""Hi"" + ""AI"" gives ""HiAI"".",Python,Data Types
What is the output of: print(32 >= 100),None,False,True,Error,B) False,32 >= 100 evaluates to False.,Python,Conditions
What is the output of: print(66 <= 16),Error,None,True,False,D) False,66 <= 16 evaluates to False.,Python,Conditions
What is the output of: print(49 <= 65),True,False,None,Error,A) True,49 <= 65 evaluates to True.,Python,Conditions
What is the output of: print(96 >= 42),None,Error,False,True,D) True,96 >= 42 evaluates to True.,Python,Conditions
What is the output of: print(35 == 12),False,True,Error,None,A) False,35 == 12 evaluates to False.,Python,Conditions
What is the output of: print(25 // 49),1,2,0,-2,C) 0,"In Python, 25 // 49 evaluates to 0.",Python,Mathematical Operations
What is the output of: print(4 + 48),41,52,50,57,B) 52,"In Python, 4 + 48 evaluates to 52.",Python,Mathematical Operations
What is the output of: print(15 * 30),417,450,390,484,B) 450,"In Python, 15 * 30 evaluates to 450.",Python,Mathematical Operations
What is the output of: print(73 != 44),True,None,False,Error,A) True,73 != 44 evaluates to True.,Python,Conditions
What is the output of: print(3 == 2),Error,True,None,False,D) False,3 == 2 evaluates to False.,Python,Conditions
What is the output of: print(45 > 53),None,False,True,Error,B) False,45 > 53 evaluates to False.,Python,Conditions
What is the output of: print(33 // 2),14,21,10,16,D) 16,"In Python, 33 // 2 evaluates to 16.",Python,Mathematical Operations
What is the output of: print(30 <= 74),True,None,False,Error,A) True,30 <= 74 evaluates to True.,Python,Conditions
What is the output of: print(60 < 57),True,False,None,Error,B) False,60 < 57 evaluates to False.,Python,Conditions
What is the output of: print(48 > 56),False,Error,True,None,A) False,48 > 56 evaluates to False.,Python,Conditions
What is the output of: print(36 > 35),True,None,False,Error,A) True,36 > 35 evaluates to True.,Python,Conditions
What is the output of: print(19 - 20),-2,0,-3,-1,D) -1,"In Python, 19 - 20 evaluates to -1.",Python,Mathematical Operations
What is the output of: print(15 <= 88),True,None,False,Error,A) True,15 <= 88 evaluates to True.,Python,Conditions
What is the output of: print(48 // 18),3,2,0,4,B) 2,"In Python, 48 // 18 evaluates to 2.",Python,Mathematical Operations
What is the output of: print(25 + 23),52,47,61,48,D) 48,"In Python, 25 + 23 evaluates to 48.",Python,Mathematical Operations
What is the output of: print(16 % 29),22,21,12,16,D) 16,"In Python, 16 % 29 evaluates to 16.",Python,Mathematical Operations
What is the output of: print(100 == 71),None,False,Error,True,B) False,100 == 71 evaluates to False.,Python,Conditions
What is the output of: print(2 // 50),-2,0,2,1,B) 0,"In Python, 2 // 50 evaluates to 0.",Python,Mathematical Operations
What is the output of: print(30 * 50),1789,1821,1500,1282,C) 1500,"In Python, 30 * 50 evaluates to 1500.",Python,Mathematical Operations
What is the output of: print(16 + 37),59,68,40,53,D) 53,"In Python, 16 + 37 evaluates to 53.",Python,Mathematical Operations
What is the output of: print(41 - 5),36,43,39,45,A) 36,"In Python, 41 - 5 evaluates to 36.",Python,Mathematical Operations
What is the output of: print(3 == 3),False,None,Error,True,D) True,3 == 3 evaluates to True.,Python,Conditions
What is the output of: print(23 > 1),False,True,None,Error,B) True,23 > 1 evaluates to True.,Python,Conditions
What is the output of: print(40 * 9),360,331,373,429,A) 360,"In Python, 40 * 9 evaluates to 360.",Python,Mathematical Operations
What is the output of: print(39 // 1),29,46,33,39,D) 39,"In Python, 39 // 1 evaluates to 39.",Python,Mathematical Operations
What is the output of: print(42 % 18),7,6,4,5,B) 6,"In Python, 42 % 18 evaluates to 6.",Python,Mathematical Operations
What is the output of: print(1 >= 48),Error,None,False,True,C) False,1 >= 48 evaluates to False.,Python,Conditions
What is the output of: print(49 // 34),-1,1,2,0,B) 1,"In Python, 49 // 34 evaluates to 1.",Python,Mathematical Operations
What is the output of: print(83 == 86),Error,False,True,None,B) False,83 == 86 evaluates to False.,Python,Conditions
What is the output of: print(21 + 40),54,73,68,61,D) 61,"In Python, 21 + 40 evaluates to 61.",Python,Mathematical Operations
What is the output of: print(33 != 76),Error,None,True,False,C) True,33 != 76 evaluates to True.,Python,Conditions
What is the output of: print(45 // 50),0,-2,1,2,A) 0,"In Python, 45 // 50 evaluates to 0.",Python,Mathematical Operations
What is the output of: print(61 == 57),False,Error,True,None,A) False,61 == 57 evaluates to False.,Python,Conditions
What is the output of: print(24 + 31),70,61,64,55,D) 55,"In Python, 24 + 31 evaluates to 55.",Python,Mathematical Operations
What is the output of: print(15 > 58),False,True,Error,None,A) False,15 > 58 evaluates to False.,Python,Conditions
What is the output of: print(41 * 31),1519,1271,1386,1080,B) 1271,"In Python, 41 * 31 evaluates to 1271.",Python,Mathematical Operations
What is the output of: print(7 == 48),False,None,Error,True,A) False,7 == 48 evaluates to False.,Python,Conditions
What is the output of: print(22 % 29),22,19,21,27,A) 22,"In Python, 22 % 29 evaluates to 22.",Python,Mathematical Operations
What is the output of: print(2 % 23),1,4,2,0,C) 2,"In Python, 2 % 23 evaluates to 2.",Python,Mathematical Operations
What is the output of: print(1 >= 51),True,None,Error,False,D) False,1 >= 51 evaluates to False.,Python,Conditions
What is the output of: print(75 == 3),True,None,Error,False,D) False,75 == 3 evaluates to False.,Python,Conditions
What is the output of: print(37 - 31),9,6,3,7,B) 6,"In Python, 37 - 31 evaluates to 6.",Python,Mathematical Operations
What is the output of: print(15 % 44),14,15,12,20,B) 15,"In Python, 15 % 44 evaluates to 15.",Python,Mathematical Operations
What is the output of: print(16 % 45),12,11,17,16,D) 16,"In Python, 16 % 45 evaluates to 16.",Python,Mathematical Operations
What is the output of: print(42 // 2),25,17,21,20,C) 21,"In Python, 42 // 2 evaluates to 21.",Python,Mathematical Operations
What is the output of: print(20 - 6),13,16,14,17,C) 14,"In Python, 20 - 6 evaluates to 14.",Python,Mathematical Operations
What is the output of: print(1 * 28),21,29,33,28,D) 28,"In Python, 1 * 28 evaluates to 28.",Python,Mathematical Operations
What is the output of: print(64 == 85),True,False,Error,None,B) False,64 == 85 evaluates to False.,Python,Conditions
What is the output of: print(18 * 11),197,178,174,198,D) 198,"In Python, 18 * 11 evaluates to 198.",Python,Mathematical Operations
What is the output of: print(33 * 5),176,183,179,165,D) 165,"In Python, 33 * 5 evaluates to 165.",Python,Mathematical Operations
What is the output of: print(55 == 32),None,Error,False,True,C) False,55 == 32 evaluates to False.,Python,Conditions
What is the output of: print(13 * 34),442,544,491,535,A) 442,"In Python, 13 * 34 evaluates to 442.",Python,Mathematical Operations
What is the output of: print(54 < 14),Error,False,None,True,B) False,54 < 14 evaluates to False.,Python,Conditions
What is the output of: print(34 == 11),None,False,True,Error,B) False,34 == 11 evaluates to False.,Python,Conditions
What is the output of: print(75 > 25),Error,False,None,True,D) True,75 > 25 evaluates to True.,Python,Conditions
What is the output of: print(36 > 33),None,True,Error,False,B) True,36 > 33 evaluates to True.,Python,Conditions
What is the output of: print(99 > 56),False,True,Error,None,B) True,99 > 56 evaluates to True.,Python,Conditions
What is the output of: print(71 <= 30),True,Error,None,False,D) False,71 <= 30 evaluates to False.,Python,Conditions
What is the output of: print(40 > 15),None,Error,False,True,D) True,40 > 15 evaluates to True.,Python,Conditions
What is the output of: print(31 - 26),5,8,6,4,A) 5,"In Python, 31 - 26 evaluates to 5.",Python,Mathematical Operations
What is the output of: print(18 <= 56),Error,False,None,True,D) True,18 <= 56 evaluates to True.,Python,Conditions
What is the output of: print(65 >= 90),Error,False,None,True,B) False,65 >= 90 evaluates to False.,Python,Conditions
What is the output of: print(80 <= 6),True,None,Error,False,D) False,80 <= 6 evaluates to False.,Python,Conditions
What is the output of: print(79 < 55),False,Error,None,True,A) False,79 < 55 evaluates to False.,Python,Conditions
What is the output of: print(46 > 74),True,None,False,Error,C) False,46 > 74 evaluates to False.,Python,Conditions
"What is the output of this code?
total = 0
for i in range(7):
    total += i
print(total)",15,21,25,14,B) 21,"This loop sums integers from 0 to 6, giving 21.",Python,Loops
What is the output of: print(28 // 7),6,4,3,7,B) 4,"In Python, 28 // 7 evaluates to 4.",Python,Mathematical Operations
What is the output of: print(27 // 37),0,1,-1,2,A) 0,"In Python, 27 // 37 evaluates to 0.",Python,Mathematical Operations
What is the output of: print(2 % 8),0,1,4,2,D) 2,"In Python, 2 % 8 evaluates to 2.",Python,Mathematical Operations
What is the output of: print(31 - 7),24,23,19,25,A) 24,"In Python, 31 - 7 evaluates to 24.",Python,Mathematical Operations
What is the output of: print(43 * 1),43,37,50,54,A) 43,"In Python, 43 * 1 evaluates to 43.",Python,Mathematical Operations
"What is the output of: print(len([0, 1, 2, 3, 4, 5, 6, 7, 8, 9, 10, 11, 12, 13]))",14,13,10,15,A) 14,"The list [0, 1, 2, 3, 4, 5, 6, 7, 8, 9, 10, 11, 12, 13] has 14 elements, so len() returns 14.",Python,Lists & Tuples
What is the output of: print(48 // 10),1,3,4,5,C) 4,"In Python, 48 // 10 evaluates to 4.",Python,Mathematical Operations
What is the output of: print(62 != 33),Error,None,True,False,C) True,62 != 33 evaluates to True.,Python,Conditions
"What is the output of: print(""Py"" + ""No"")",HiPy,OkSun,GoOk,PyNo,D) PyNo,"The + operator concatenates strings, so ""Py"" + ""No"" gives ""PyNo"".",Python,Data Types
What is the output of: print(80 != 59),None,False,True,Error,C) True,80 != 59 evaluates to True.,Python,Conditions
What is the output of: print(24 < 81),True,False,None,Error,A) True,24 < 81 evaluates to True.,Python,Conditions
What is the output of: print(43 < 74),None,Error,True,False,C) True,43 < 74 evaluates to True.,Python,Conditions
What is the output of: print(64 <= 45),False,True,None,Error,A) False,64 <= 45 evaluates to False.,Python,Conditions
What is the output of: print(30 >= 53),False,None,True,Error,A) False,30 >= 53 evaluates to False.,Python,Conditions
What is the output of: print(32 - 14),20,18,15,19,B) 18,"In Python, 32 - 14 evaluates to 18.",Python,Mathematical Operations
What is the output of: print(13 <= 22),Error,True,False,None,B) True,13 <= 22 evaluates to True.,Python,Conditions
What is the output of: print(26 - 34),-6,-5,-10,-8,D) -8,"In Python, 26 - 34 evaluates to -8.",Python,Mathematical Operations
What is the output of: print(96 == 26),False,Error,None,True,A) False,96 == 26 evaluates to False.,Python,Conditions
What is the output of: print(8 > 46),None,Error,True,False,D) False,8 > 46 evaluates to False.,Python,Conditions
What is the output of: print(55 < 42),None,True,False,Error,C) False,55 < 42 evaluates to False.,Python,Conditions
What is the output of: print(32 % 3),1,4,0,2,D) 2,"In Python, 32 % 3 evaluates to 2.",Python,Mathematical Operations
What is the output of: print(9 * 34),326,308,265,306,D) 306,"In Python, 9 * 34 evaluates to 306.",Python,Mathematical Operations
What is the output of: print(42 // 45),0,-2,-1,1,A) 0,"In Python, 42 // 45 evaluates to 0.",Python,Mathematical Operations
What is the output of: print(5 + 15),15,20,22,23,B) 20,"In Python, 5 + 15 evaluates to 20.",Python,Mathematical Operations
What is the output of: print(14 * 42),497,567,588,584,C) 588,"In Python, 14 * 42 evaluates to 588.",Python,Mathematical Operations
What is the output of: print(48 < 88),None,False,True,Error,C) True,48 < 88 evaluates to True.,Python,Conditions
What is the output of: print(27 == 36),None,True,False,Error,C) False,27 == 36 evaluates to False.,Python,Conditions
What is the output of: print(40 >= 92),Error,True,False,None,C) False,40 >= 92 evaluates to False.,Python,Conditions
What is the output of: print(22 // 3),6,7,9,10,B) 7,"In Python, 22 // 3 evaluates to 7.",Python,Mathematical Operations
What is the output of: print(39 // 29),-1,1,3,0,B) 1,"In Python, 39 // 29 evaluates to 1.",Python,Mathematical Operations
What is the output of: print(68 < 8),False,None,True,Error,A) False,68 < 8 evaluates to False.,Python,Conditions
What is the output of: print(24 * 1),24,25,20,16,A) 24,"In Python, 24 * 1 evaluates to 24.",Python,Mathematical Operations
What is the output of: print(16 // 1),16,21,20,17,A) 16,"In Python, 16 // 1 evaluates to 16.",Python,Mathematical Operations
What is the output of: print(21 != 48),False,Error,None,True,D) True,21 != 48 evaluates to True.,Python,Conditions
What is the output of: print(74 != 68),False,Error,None,True,D) True,74 != 68 evaluates to True.,Python,Conditions
What is the output of: print(8 + 16),30,24,27,29,B) 24,"In Python, 8 + 16 evaluates to 24.",Python,Mathematical Operations
What is the output of: print(9 + 18),29,31,27,19,C) 27,"In Python, 9 + 18 evaluates to 27.",Python,Mathematical Operations
What is the output of: print(91 < 91),None,Error,False,True,C) False,91 < 91 evaluates to False.,Python,Conditions
What is the output of: print(33 < 20),Error,False,True,None,B) False,33 < 20 evaluates to False.,Python,Conditions
What is the output of: print(73 != 7),False,True,Error,None,B) True,73 != 7 evaluates to True.,Python,Conditions
What is the output of: print(40 == 11),Error,True,False,None,C) False,40 == 11 evaluates to False.,Python,Conditions
What is the output of: print(34 - 5),36,20,29,37,C) 29,"In Python, 34 - 5 evaluates to 29.",Python,Mathematical Operations
What is the output of: print(53 > 51),False,Error,None,True,D) True,53 > 51 evaluates to True.,Python,Conditions
What is the output of: print(39 // 3),14,10,17,13,D) 13,"In Python, 39 // 3 evaluates to 13.",Python,Mathematical Operations
What is the output of: print(47 // 44),-1,1,3,0,B) 1,"In Python, 47 // 44 evaluates to 1.",Python,Mathematical Operations
What is the output of: print(99 < 46),True,None,False,Error,C) False,99 < 46 evaluates to False.,Python,Conditions
What is the output of: print(96 < 75),Error,False,None,True,B) False,96 < 75 evaluates to False.,Python,Conditions
What is the output of: print(14 + 15),23,30,29,26,C) 29,"In Python, 14 + 15 evaluates to 29.",Python,Mathematical Operations
What is the output of: print(26 + 11),32,26,37,33,C) 37,"In Python, 26 + 11 evaluates to 37.",Python,Mathematical Operations
What is the output of: print(18 % 10),11,8,10,5,B) 8,"In Python, 18 % 10 evaluates to 8.",Python,Mathematical Operations
What is the output of: print(43 + 11),46,63,54,57,C) 54,"In Python, 43 + 11 evaluates to 54.",Python,Mathematical Operations
What is the output of: print(49 == 8),False,None,True,Error,A) False,49 == 8 evaluates to False.,Python,Conditions
Which of the following best describes a variable (in Python)?,"An ordered, mutable collection of items in Python",A file containing Python code that can be imported and reused,An unordered collection of unique items in Python,A named location used to store a value in memory,D) A named location used to store a value in memory,A variable in Python is a named reference used to store and refer to a value in memory.,Python,Variables
"What is the output of: print(len([0, 1, 2, 3, 4, 5, 6, 7, 8]))",12,6,9,7,C) 9,"The list [0, 1, 2, 3, 4, 5, 6, 7, 8] has 9 elements, so len() returns 9.",Python,Lists & Tuples
What is the output of: print(26 % 18),8,6,5,7,A) 8,"In Python, 26 % 18 evaluates to 8.",Python,Mathematical Operations
What is the output of: print(4 - 50),-46,-38,-52,-37,A) -46,"In Python, 4 - 50 evaluates to -46.",Python,Mathematical Operations
What is the output of: print(66 < 92),False,True,Error,None,B) True,66 < 92 evaluates to True.,Python,Conditions
What is the output of: print(19 - 3),17,13,12,16,D) 16,"In Python, 19 - 3 evaluates to 16.",Python,Mathematical Operations
What is the output of: print(90 == 99),None,True,Error,False,D) False,90 == 99 evaluates to False.,Python,Conditions
What is the output of: print(27 * 40),1171,995,1294,1080,D) 1080,"In Python, 27 * 40 evaluates to 1080.",Python,Mathematical Operations
What is the output of: print(61 == 6),False,Error,True,None,A) False,61 == 6 evaluates to False.,Python,Conditions
What is the output of: print(68 == 4),True,False,None,Error,B) False,68 == 4 evaluates to False.,Python,Conditions
What is the output of: print(39 != 14),None,False,Error,True,D) True,39 != 14 evaluates to True.,Python,Conditions
What is the output of: print(43 % 35),8,12,9,6,A) 8,"In Python, 43 % 35 evaluates to 8.",Python,Mathematical Operations
What is the output of: print(4 >= 56),Error,True,False,None,C) False,4 >= 56 evaluates to False.,Python,Conditions
What is the output of: print(27 < 70),Error,None,False,True,D) True,27 < 70 evaluates to True.,Python,Conditions
What is the output of: print(67 == 84),True,None,Error,False,D) False,67 == 84 evaluates to False.,Python,Conditions
What is the output of: print(21 < 99),True,False,None,Error,A) True,21 < 99 evaluates to True.,Python,Conditions
What is the output of: print(28 - 50),-22,-23,-16,-28,A) -22,"In Python, 28 - 50 evaluates to -22.",Python,Mathematical Operations
What is the output of: print(32 * 3),106,103,102,96,D) 96,"In Python, 32 * 3 evaluates to 96.",Python,Mathematical Operations
What is the output of: print(6 == 1),False,Error,None,True,A) False,6 == 1 evaluates to False.,Python,Conditions
What is the output of: print(35 != 14),False,None,Error,True,D) True,35 != 14 evaluates to True.,Python,Conditions
What is the output of: print(48 // 24),3,1,2,0,C) 2,"In Python, 48 // 24 evaluates to 2.",Python,Mathematical Operations
What is the output of: print(3 // 35),0,1,-2,2,A) 0,"In Python, 3 // 35 evaluates to 0.",Python,Mathematical Operations
What is the output of: print(58 >= 31),True,False,None,Error,A) True,58 >= 31 evaluates to True.,Python,Conditions
What is the output of: print(42 % 7),-1,0,-2,1,B) 0,"In Python, 42 % 7 evaluates to 0.",Python,Mathematical Operations
What is the output of: print(7 > 82),Error,False,None,True,B) False,7 > 82 evaluates to False.,Python,Conditions
What is the output of: print(1 % 50),1,2,3,0,A) 1,"In Python, 1 % 50 evaluates to 1.",Python,Mathematical Operations
What is the output of: print(33 - 39),-5,-4,-6,-8,C) -6,"In Python, 33 - 39 evaluates to -6.",Python,Mathematical Operations
What is the output of: print(41 * 45),1845,2272,1750,1516,A) 1845,"In Python, 41 * 45 evaluates to 1845.",Python,Mathematical Operations
What is the output of: print(96 == 84),Error,None,True,False,D) False,96 == 84 evaluates to False.,Python,Conditions
What is the output of: print(87 >= 44),None,Error,True,False,C) True,87 >= 44 evaluates to True.,Python,Conditions
What is the output of: print(56 < 63),True,Error,False,None,A) True,56 < 63 evaluates to True.,Python,Conditions
What is the output of: print(64 < 34),False,None,True,Error,A) False,64 < 34 evaluates to False.,Python,Conditions
What is the output of: print(40 // 22),0,-1,2,1,D) 1,"In Python, 40 // 22 evaluates to 1.",Python,Mathematical Operations
What is the output of: print(5 + 10),15,16,10,19,A) 15,"In Python, 5 + 10 evaluates to 15.",Python,Mathematical Operations
What is the output of: print(67 < 95),None,False,Error,True,D) True,67 < 95 evaluates to True.,Python,Conditions
"What is the output of: print(""Sun"" + ""Sky"")",PyFun,HiPy,GoSky,SunSky,D) SunSky,"The + operator concatenates strings, so ""Sun"" + ""Sky"" gives ""SunSky"".",Python,Data Types
"What is the output of: print(""Yes"" + ""Sun"")",PyOk,GoFun,YesSun,HiGo,C) YesSun,"The + operator concatenates strings, so ""Yes"" + ""Sun"" gives ""YesSun"".",Python,Data Types
What is the output of: print(85 > 84),True,None,False,Error,A) True,85 > 84 evaluates to True.,Python,Conditions
What is the output of: print(19 == 42),Error,False,None,True,B) False,19 == 42 evaluates to False.,Python,Conditions
What is the output of: print(20 + 33),46,43,53,44,C) 53,"In Python, 20 + 33 evaluates to 53.",Python,Mathematical Operations
What is the output of: print(56 <= 25),None,False,True,Error,B) False,56 <= 25 evaluates to False.,Python,Conditions
What is the output of: print(24 >= 5),False,Error,None,True,D) True,24 >= 5 evaluates to True.,Python,Conditions
What is the output of: print(55 != 59),False,True,Error,None,B) True,55 != 59 evaluates to True.,Python,Conditions
What is the output of: print(14 * 25),293,390,266,350,D) 350,"In Python, 14 * 25 evaluates to 350.",Python,Mathematical Operations
What is the output of: print(76 == 74),False,True,Error,None,A) False,76 == 74 evaluates to False.,Python,Conditions
What is the output of: print(40 > 69),True,None,Error,False,D) False,40 > 69 evaluates to False.,Python,Conditions
What is the output of: print(48 < 83),Error,True,False,None,B) True,48 < 83 evaluates to True.,Python,Conditions
"What is the output of: print(""Py"" + ""Py"")",PyPy,GoYes,OkPy,HiAI,A) PyPy,"The + operator concatenates strings, so ""Py"" + ""Py"" gives ""PyPy"".",Python,Data Types
"What is the output of: print(""Sky"" + ""Py"")",HiHi,GoFun,PyFun,SkyPy,D) SkyPy,"The + operator concatenates strings, so ""Sky"" + ""Py"" gives ""SkyPy"".",Python,Data Types
What is the output of: print(48 + 19),57,49,67,76,C) 67,"In Python, 48 + 19 evaluates to 67.",Python,Mathematical Operations
What is the output of: print(74 > 53),False,Error,True,None,C) True,74 > 53 evaluates to True.,Python,Conditions
What is the output of: print(70 == 13),True,Error,False,None,C) False,70 == 13 evaluates to False.,Python,Conditions
What is the output of: print(6 - 18),-11,-8,-13,-12,D) -12,"In Python, 6 - 18 evaluates to -12.",Python,Mathematical Operations
What is the output of: print(99 > 80),True,False,None,Error,A) True,99 > 80 evaluates to True.,Python,Conditions
What is the output of: print(11 - 46),-34,-45,-35,-43,C) -35,"In Python, 11 - 46 evaluates to -35.",Python,Mathematical Operations
What is the output of: print(72 >= 58),Error,None,False,True,D) True,72 >= 58 evaluates to True.,Python,Conditions
What is the output of: print(70 < 12),Error,False,True,None,B) False,70 < 12 evaluates to False.,Python,Conditions
What is the output of: print(22 - 39),-12,-21,-15,-17,D) -17,"In Python, 22 - 39 evaluates to -17.",Python,Mathematical Operations
What is the output of: print(41 % 34),4,8,7,5,C) 7,"In Python, 41 % 34 evaluates to 7.",Python,Mathematical Operations
What is the output of: print(44 == 72),True,Error,None,False,D) False,44 == 72 evaluates to False.,Python,Conditions
What is the output of: print(4 < 53),True,Error,None,False,A) True,4 < 53 evaluates to True.,Python,Conditions
What is the output of: print(67 > 66),False,Error,True,None,C) True,67 > 66 evaluates to True.,Python,Conditions
What is the output of: print(39 + 16),41,55,61,51,B) 55,"In Python, 39 + 16 evaluates to 55.",Python,Mathematical Operations
What is the output of: print(26 * 24),596,624,513,598,B) 624,"In Python, 26 * 24 evaluates to 624.",Python,Mathematical Operations
What is the output of: print(19 > 21),False,True,None,Error,A) False,19 > 21 evaluates to False.,Python,Conditions
What is the output of: print(7 >= 40),None,Error,True,False,D) False,7 >= 40 evaluates to False.,Python,Conditions
What is the output of: print(48 // 1),38,50,42,48,D) 48,"In Python, 48 // 1 evaluates to 48.",Python,Mathematical Operations
What is the output of: print(71 < 77),Error,True,None,False,B) True,71 < 77 evaluates to True.,Python,Conditions
What is the output of: print(3 == 48),True,None,False,Error,C) False,3 == 48 evaluates to False.,Python,Conditions
What is the output of: print(50 <= 81),True,False,None,Error,A) True,50 <= 81 evaluates to True.,Python,Conditions
What is the output of: print(81 >= 61),True,None,Error,False,A) True,81 >= 61 evaluates to True.,Python,Conditions
What is the output of: print(41 // 46),1,0,2,-2,B) 0,"In Python, 41 // 46 evaluates to 0.",Python,Mathematical Operations
Which of the following best describes range()?,A mechanism where a class derives properties from another class,"A high-level, general-purpose interpreted programming language",A data type representing True or False values,A built-in function that generates a sequence of numbers,D) A built-in function that generates a sequence of numbers,"The range() function generates a sequence of numbers, often used to control the number of iterations in a for loop.",Python,Loops
What is the output of: print(11 != 46),True,Error,None,False,A) True,11 != 46 evaluates to True.,Python,Conditions
What is the output of: print(42 + 23),64,77,65,57,C) 65,"In Python, 42 + 23 evaluates to 65.",Python,Mathematical Operations
"What is the output of: print(""Ok"" + ""Sky"")",PySun,GoFun,HiPy,OkSky,D) OkSky,"The + operator concatenates strings, so ""Ok"" + ""Sky"" gives ""OkSky"".",Python,Data Types
What is the output of: print(59 < 4),Error,False,True,None,B) False,59 < 4 evaluates to False.,Python,Conditions
What is the output of: print(91 != 89),Error,True,False,None,B) True,91 != 89 evaluates to True.,Python,Conditions
What is the output of: print(21 + 41),68,62,65,69,B) 62,"In Python, 21 + 41 evaluates to 62.",Python,Mathematical Operations
What is the output of: print(38 >= 76),None,Error,False,True,C) False,38 >= 76 evaluates to False.,Python,Conditions
What is the output of: print(24 - 29),-7,-4,-5,-3,C) -5,"In Python, 24 - 29 evaluates to -5.",Python,Mathematical Operations
What is the output of: print(2 + 26),28,21,33,36,A) 28,"In Python, 2 + 26 evaluates to 28.",Python,Mathematical Operations
What is the output of: print(47 + 15),54,62,73,78,B) 62,"In Python, 47 + 15 evaluates to 62.",Python,Mathematical Operations
What is the output of: print(13 // 43),0,-2,-1,2,A) 0,"In Python, 13 // 43 evaluates to 0.",Python,Mathematical Operations
"What is the output of: print(""AI"" + ""Py"")",GoAI,HiSun,PyNo,AIPy,D) AIPy,"The + operator concatenates strings, so ""AI"" + ""Py"" gives ""AIPy"".",Python,Data Types
What is the output of: print(27 > 24),False,None,True,Error,C) True,27 > 24 evaluates to True.,Python,Conditions
What is the output of: print(46 // 8),6,8,5,3,C) 5,"In Python, 46 // 8 evaluates to 5.",Python,Mathematical Operations
"What is the output of: print(""AI"" + ""Fun"")",HiHi,PySun,AIFun,GoSun,C) AIFun,"The + operator concatenates strings, so ""AI"" + ""Fun"" gives ""AIFun"".",Python,Data Types
What is the output of: print(35 != 70),Error,None,False,True,D) True,35 != 70 evaluates to True.,Python,Conditions
What is the output of: print(23 <= 59),Error,True,False,None,B) True,23 <= 59 evaluates to True.,Python,Conditions
What is the output of: print(5 // 25),2,0,-1,-2,B) 0,"In Python, 5 // 25 evaluates to 0.",Python,Mathematical Operations
What is the output of: print(26 % 34),22,27,19,26,D) 26,"In Python, 26 % 34 evaluates to 26.",Python,Mathematical Operations
What is the output of: print(8 >= 86),Error,True,False,None,C) False,8 >= 86 evaluates to False.,Python,Conditions
What is the output of: print(50 <= 45),Error,True,False,None,C) False,50 <= 45 evaluates to False.,Python,Conditions
What is the output of: print(32 + 49),81,61,74,68,A) 81,"In Python, 32 + 49 evaluates to 81.",Python,Mathematical Operations
What is the output of: print(97 == 57),Error,True,None,False,D) False,97 == 57 evaluates to False.,Python,Conditions
What is the output of: print(21 - 2),19,22,25,16,A) 19,"In Python, 21 - 2 evaluates to 19.",Python,Mathematical Operations
"What is the output of: print(""No"" + ""Py"")",PySky,NoPy,GoGo,HiPy,B) NoPy,"The + operator concatenates strings, so ""No"" + ""Py"" gives ""NoPy"".",Python,Data Types
What is the output of: print(88 < 65),Error,True,None,False,D) False,88 < 65 evaluates to False.,Python,Conditions
What is the output of: print(70 != 28),None,True,False,Error,B) True,70 != 28 evaluates to True.,Python,Conditions
What is the output of: print(6 - 22),-14,-17,-20,-16,D) -16,"In Python, 6 - 22 evaluates to -16.",Python,Mathematical Operations
What is the output of: print(12 != 70),False,None,Error,True,D) True,12 != 70 evaluates to True.,Python,Conditions
What is the output of: print(61 >= 90),None,False,Error,True,B) False,61 >= 90 evaluates to False.,Python,Conditions
What is the output of: print(28 < 67),False,None,Error,True,D) True,28 < 67 evaluates to True.,Python,Conditions
What is the output of: print(96 <= 57),Error,False,True,None,B) False,96 <= 57 evaluates to False.,Python,Conditions
What is the output of: print(43 - 25),17,14,18,12,C) 18,"In Python, 43 - 25 evaluates to 18.",Python,Mathematical Operations
What is the output of: print(39 * 42),1529,1407,1757,1638,D) 1638,"In Python, 39 * 42 evaluates to 1638.",Python,Mathematical Operations
What is the output of: print(23 < 93),Error,False,True,None,C) True,23 < 93 evaluates to True.,Python,Conditions
What is the output of: print(54 <= 76),Error,True,None,False,B) True,54 <= 76 evaluates to True.,Python,Conditions
What is the output of: print(41 + 17),58,56,64,71,A) 58,"In Python, 41 + 17 evaluates to 58.",Python,Mathematical Operations
What is the output of: print(35 % 5),-2,2,1,0,D) 0,"In Python, 35 % 5 evaluates to 0.",Python,Mathematical Operations
What is the output of: print(91 < 13),True,None,Error,False,D) False,91 < 13 evaluates to False.,Python,Conditions
What is the output of: print(35 == 49),False,None,Error,True,A) False,35 == 49 evaluates to False.,Python,Conditions
What is the output of: print(41 != 30),True,Error,False,None,A) True,41 != 30 evaluates to True.,Python,Conditions
What is the output of: print(12 // 43),-2,-1,0,2,C) 0,"In Python, 12 // 43 evaluates to 0.",Python,Mathematical Operations
What is the output of: print(65 <= 4),True,Error,None,False,D) False,65 <= 4 evaluates to False.,Python,Conditions
What is the output of: print(24 // 20),3,1,2,0,B) 1,"In Python, 24 // 20 evaluates to 1.",Python,Mathematical Operations
What is the output of: print(26 + 10),44,40,36,35,C) 36,"In Python, 26 + 10 evaluates to 36.",Python,Mathematical Operations
What is the output of: print(40 * 4),149,180,161,160,D) 160,"In Python, 40 * 4 evaluates to 160.",Python,Mathematical Operations
What is the output of: print(6 > 73),True,False,Error,None,B) False,6 > 73 evaluates to False.,Python,Conditions
What is the output of: print(20 > 70),None,Error,True,False,D) False,20 > 70 evaluates to False.,Python,Conditions
What is a comparison operator?,A symbol used to perform operations on variables and values,"An ordered, immutable collection of items in Python",An operator used to compare two values,A loop that iterates over a sequence a defined number of times,C) An operator used to compare two values,"Comparison operators, like == and !=, are used to compare two values and return a boolean result.",Python,Operators
What is the output of: print(33 != 61),True,None,Error,False,A) True,33 != 61 evaluates to True.,Python,Conditions
What is the output of: print(4 - 1),3,4,2,5,A) 3,"In Python, 4 - 1 evaluates to 3.",Python,Mathematical Operations
What is the output of: print(25 // 4),8,4,6,7,C) 6,"In Python, 25 // 4 evaluates to 6.",Python,Mathematical Operations
What is the output of: print(30 * 2),55,60,52,48,B) 60,"In Python, 30 * 2 evaluates to 60.",Python,Mathematical Operations
"What is the output of: print(""Sky"" + ""Sky"")",PyPy,HiNo,SkySky,GoNo,C) SkySky,"The + operator concatenates strings, so ""Sky"" + ""Sky"" gives ""SkySky"".",Python,Data Types
What is the output of: print(79 <= 40),None,False,True,Error,B) False,79 <= 40 evaluates to False.,Python,Conditions
What is the output of: print(38 + 47),77,104,85,87,C) 85,"In Python, 38 + 47 evaluates to 85.",Python,Mathematical Operations
What is the output of: print(36 // 38),2,1,0,-2,C) 0,"In Python, 36 // 38 evaluates to 0.",Python,Mathematical Operations
What is the output of: print(20 < 92),None,False,Error,True,D) True,20 < 92 evaluates to True.,Python,Conditions
What is the output of: print(8 <= 92),Error,None,False,True,D) True,8 <= 92 evaluates to True.,Python,Conditions
What is the output of: print(33 <= 100),None,Error,True,False,C) True,33 <= 100 evaluates to True.,Python,Conditions
What is the output of: print(53 < 86),Error,False,None,True,D) True,53 < 86 evaluates to True.,Python,Conditions
What is the output of: print(1 - 26),-25,-26,-29,-32,A) -25,"In Python, 1 - 26 evaluates to -25.",Python,Mathematical Operations
What is the output of: print(89 == 96),True,None,Error,False,D) False,89 == 96 evaluates to False.,Python,Conditions
Which of the following best describes a float?,A data type representing decimal (floating-point) numbers,A loop that continues executing as long as a condition is true,A data type representing a sequence of characters,"An ordered, immutable collection of items in Python",A) A data type representing decimal (floating-point) numbers,A float is a Python data type used to represent numbers with a decimal point.,Python,Data Types
What is the output of: print(2 - 36),-28,-36,-41,-34,D) -34,"In Python, 2 - 36 evaluates to -34.",Python,Mathematical Operations
What is the output of: print(31 < 38),None,False,True,Error,C) True,31 < 38 evaluates to True.,Python,Conditions
What is the output of: print(97 != 15),None,True,Error,False,B) True,97 != 15 evaluates to True.,Python,Conditions
What is the output of: print(96 > 36),False,True,Error,None,B) True,96 > 36 evaluates to True.,Python,Conditions
"What is the output of: print(""Yes"" + ""Fun"")",HiAI,YesFun,PyFun,GoNo,B) YesFun,"The + operator concatenates strings, so ""Yes"" + ""Fun"" gives ""YesFun"".",Python,Data Types
What is the output of: print(65 != 22),None,False,Error,True,D) True,65 != 22 evaluates to True.,Python,Conditions
What is the output of: print(7 - 29),-16,-23,-22,-20,C) -22,"In Python, 7 - 29 evaluates to -22.",Python,Mathematical Operations
What is the output of: print(96 == 19),False,Error,None,True,A) False,96 == 19 evaluates to False.,Python,Conditions
What is the output of: print(9 % 46),5,6,13,9,D) 9,"In Python, 9 % 46 evaluates to 9.",Python,Mathematical Operations
What is the output of: print(96 <= 23),True,False,None,Error,B) False,96 <= 23 evaluates to False.,Python,Conditions
What is the output of: print(34 % 31),2,3,4,5,B) 3,"In Python, 34 % 31 evaluates to 3.",Python,Mathematical Operations
What is the output of: print(58 > 85),False,True,Error,None,A) False,58 > 85 evaluates to False.,Python,Conditions
What is the output of: print(49 < 50),Error,True,None,False,B) True,49 < 50 evaluates to True.,Python,Conditions
What is the output of: print(45 + 19),50,64,55,68,B) 64,"In Python, 45 + 19 evaluates to 64.",Python,Mathematical Operations
What is the output of: print(29 - 40),-9,-7,-12,-11,D) -11,"In Python, 29 - 40 evaluates to -11.",Python,Mathematical Operations
What is the output of: print(6 - 4),4,1,3,2,D) 2,"In Python, 6 - 4 evaluates to 2.",Python,Mathematical Operations
What is the output of: print(3 != 40),False,True,None,Error,B) True,3 != 40 evaluates to True.,Python,Conditions
What is the output of: print(14 > 33),Error,False,True,None,B) False,14 > 33 evaluates to False.,Python,Conditions
What is the output of: print(25 != 66),Error,False,None,True,D) True,25 != 66 evaluates to True.,Python,Conditions
What is the output of: print(86 != 92),None,False,True,Error,C) True,86 != 92 evaluates to True.,Python,Conditions
What is the output of: print(75 >= 22),True,False,None,Error,A) True,75 >= 22 evaluates to True.,Python,Conditions
What is the output of: print(10 == 1),True,Error,False,None,C) False,10 == 1 evaluates to False.,Python,Conditions
What is the output of: print(10 >= 38),Error,False,None,True,B) False,10 >= 38 evaluates to False.,Python,Conditions
What is the output of: print(91 != 66),False,Error,None,True,D) True,91 != 66 evaluates to True.,Python,Conditions
What is the output of: print(22 - 19),1,2,3,5,C) 3,"In Python, 22 - 19 evaluates to 3.",Python,Mathematical Operations
What is the output of: print(15 % 7),1,0,3,-1,A) 1,"In Python, 15 % 7 evaluates to 1.",Python,Mathematical Operations
What is the output of: print(84 == 26),Error,None,False,True,C) False,84 == 26 evaluates to False.,Python,Conditions
What is the output of: print(66 < 75),False,True,None,Error,B) True,66 < 75 evaluates to True.,Python,Conditions
What is the output of: print(64 <= 44),False,None,Error,True,A) False,64 <= 44 evaluates to False.,Python,Conditions
What is the output of: print(67 == 6),None,False,Error,True,B) False,67 == 6 evaluates to False.,Python,Conditions
What is the output of: print(9 + 37),46,45,40,36,A) 46,"In Python, 9 + 37 evaluates to 46.",Python,Mathematical Operations
What is the output of: print(27 >= 67),Error,True,False,None,C) False,27 >= 67 evaluates to False.,Python,Conditions
What is the output of: print(49 - 21),33,23,28,31,C) 28,"In Python, 49 - 21 evaluates to 28.",Python,Mathematical Operations
What is the output of: print(34 + 48),82,81,75,69,A) 82,"In Python, 34 + 48 evaluates to 82.",Python,Mathematical Operations
What is the output of: print(13 < 47),True,None,Error,False,A) True,13 < 47 evaluates to True.,Python,Conditions
What is the output of: print(11 + 33),57,44,46,56,B) 44,"In Python, 11 + 33 evaluates to 44.",Python,Mathematical Operations
What is the output of: print(41 % 9),6,8,7,5,D) 5,"In Python, 41 % 9 evaluates to 5.",Python,Mathematical Operations
What is the output of: print(42 % 14),-1,1,-2,0,D) 0,"In Python, 42 % 14 evaluates to 0.",Python,Mathematical Operations
What is the output of: print(96 > 22),Error,True,None,False,B) True,96 > 22 evaluates to True.,Python,Conditions
What is the output of: print(88 > 91),Error,False,None,True,B) False,88 > 91 evaluates to False.,Python,Conditions
What is the output of: print(18 > 28),None,False,Error,True,B) False,18 > 28 evaluates to False.,Python,Conditions
What is the output of: print(38 - 7),35,22,31,40,C) 31,"In Python, 38 - 7 evaluates to 31.",Python,Mathematical Operations
What is the output of: print(16 * 36),495,576,463,651,B) 576,"In Python, 16 * 36 evaluates to 576.",Python,Mathematical Operations
What is the output of: print(6 <= 12),Error,False,True,None,C) True,6 <= 12 evaluates to True.,Python,Conditions
What is the output of: print(5 - 23),-16,-21,-18,-20,C) -18,"In Python, 5 - 23 evaluates to -18.",Python,Mathematical Operations
What is the output of: print(19 * 45),959,1021,922,855,D) 855,"In Python, 19 * 45 evaluates to 855.",Python,Mathematical Operations
What is the output of: print(23 * 16),368,443,307,366,A) 368,"In Python, 23 * 16 evaluates to 368.",Python,Mathematical Operations
What is the output of: print(2 - 29),-21,-24,-33,-27,D) -27,"In Python, 2 - 29 evaluates to -27.",Python,Mathematical Operations
What is the output of: print(33 % 40),33,38,36,43,A) 33,"In Python, 33 % 40 evaluates to 33.",Python,Mathematical Operations
What is the output of: print(46 == 48),False,True,None,Error,A) False,46 == 48 evaluates to False.,Python,Conditions
"What is the output of: print(""Hi"" + ""Py"")",GoSky,HiPy,OkPy,PySky,B) HiPy,"The + operator concatenates strings, so ""Hi"" + ""Py"" gives ""HiPy"".",Python,Data Types
What is the output of: print(22 % 45),24,27,28,22,D) 22,"In Python, 22 % 45 evaluates to 22.",Python,Mathematical Operations
What is the output of: print(58 > 70),Error,None,True,False,D) False,58 > 70 evaluates to False.,Python,Conditions
What is the output of: print(69 < 46),True,None,False,Error,C) False,69 < 46 evaluates to False.,Python,Conditions
What is the output of: print(30 % 7),2,4,3,0,A) 2,"In Python, 30 % 7 evaluates to 2.",Python,Mathematical Operations
What is the output of: print(39 <= 1),False,True,Error,None,A) False,39 <= 1 evaluates to False.,Python,Conditions
What is the output of: print(20 // 30),0,1,2,-2,A) 0,"In Python, 20 // 30 evaluates to 0.",Python,Mathematical Operations
"What is the output of: print(""Ok"" + ""Go"")",GoPy,PySky,HiPy,OkGo,D) OkGo,"The + operator concatenates strings, so ""Ok"" + ""Go"" gives ""OkGo"".",Python,Data Types
What is the output of: print(76 < 78),None,Error,False,True,D) True,76 < 78 evaluates to True.,Python,Conditions
What is the output of: print(30 // 20),0,3,1,2,C) 1,"In Python, 30 // 20 evaluates to 1.",Python,Mathematical Operations
What is the output of: print(24 % 21),3,2,5,1,A) 3,"In Python, 24 % 21 evaluates to 3.",Python,Mathematical Operations
What is the output of: print(2 >= 15),None,True,Error,False,D) False,2 >= 15 evaluates to False.,Python,Conditions
What is the output of: print(38 * 34),1527,1077,1292,1216,C) 1292,"In Python, 38 * 34 evaluates to 1292.",Python,Mathematical Operations
What is the output of: print(32 <= 8),False,Error,True,None,A) False,32 <= 8 evaluates to False.,Python,Conditions
What is the output of: print(78 != 62),Error,False,True,None,C) True,78 != 62 evaluates to True.,Python,Conditions
What is the output of: print(56 < 93),True,False,None,Error,A) True,56 < 93 evaluates to True.,Python,Conditions
What is a Python comment?,An instance of a class,"Text in code ignored by the interpreter, used for explanations","A blueprint for creating objects, defining their properties and behavior",Whitespace used to define code blocks instead of braces,"B) Text in code ignored by the interpreter, used for explanations","A comment, marked with #, is text in Python code that is ignored by the interpreter and used to explain the code.",Python,Python Basics
What is the output of: print(88 != 19),False,None,True,Error,C) True,88 != 19 evaluates to True.,Python,Conditions
What is the output of: print(27 <= 25),None,True,Error,False,D) False,27 <= 25 evaluates to False.,Python,Conditions
"What is the output of: print(""Hi"" + ""Yes"")",OkFun,HiYes,PyNo,GoAI,B) HiYes,"The + operator concatenates strings, so ""Hi"" + ""Yes"" gives ""HiYes"".",Python,Data Types
What is the output of: print(11 - 20),-9,-10,-7,-13,A) -9,"In Python, 11 - 20 evaluates to -9.",Python,Mathematical Operations
What is the output of: print(56 != 86),None,Error,False,True,D) True,56 != 86 evaluates to True.,Python,Conditions
What is the output of: print(30 == 92),False,Error,None,True,A) False,30 == 92 evaluates to False.,Python,Conditions
What is the output of: print(24 <= 85),True,None,Error,False,A) True,24 <= 85 evaluates to True.,Python,Conditions
What is the output of: print(86 == 24),True,False,Error,None,B) False,86 == 24 evaluates to False.,Python,Conditions
What is the output of: print(50 + 38),68,78,74,88,D) 88,"In Python, 50 + 38 evaluates to 88.",Python,Mathematical Operations
What is the output of: print(25 == 60),True,False,Error,None,B) False,25 == 60 evaluates to False.,Python,Conditions
What is the output of: print(22 + 12),43,38,40,34,D) 34,"In Python, 22 + 12 evaluates to 34.",Python,Mathematical Operations
What is the output of: print(70 == 78),Error,None,True,False,D) False,70 == 78 evaluates to False.,Python,Conditions
What is the output of: print(34 % 36),24,41,34,26,C) 34,"In Python, 34 % 36 evaluates to 34.",Python,Mathematical Operations
What is the output of: print(98 >= 83),True,None,False,Error,A) True,98 >= 83 evaluates to True.,Python,Conditions
What is the output of: print(27 * 42),1142,1090,1134,1015,C) 1134,"In Python, 27 * 42 evaluates to 1134.",Python,Mathematical Operations
What is the output of: print(1 % 7),1,2,-1,0,A) 1,"In Python, 1 % 7 evaluates to 1.",Python,Mathematical Operations
What is the output of: print(12 * 31),372,291,321,314,A) 372,"In Python, 12 * 31 evaluates to 372.",Python,Mathematical Operations
What is the output of: print(41 < 61),None,Error,False,True,D) True,41 < 61 evaluates to True.,Python,Conditions
What is the output of: print(88 < 38),True,False,None,Error,B) False,88 < 38 evaluates to False.,Python,Conditions
What is the output of: print(13 * 4),49,48,51,52,D) 52,"In Python, 13 * 4 evaluates to 52.",Python,Mathematical Operations
What is the output of: print(80 <= 24),None,False,True,Error,B) False,80 <= 24 evaluates to False.,Python,Conditions
What is the output of: print(24 // 43),0,2,-2,-1,A) 0,"In Python, 24 // 43 evaluates to 0.",Python,Mathematical Operations
What is the output of: print(12 * 39),557,468,528,511,B) 468,"In Python, 12 * 39 evaluates to 468.",Python,Mathematical Operations
What is the output of: print(17 == 85),Error,None,False,True,C) False,17 == 85 evaluates to False.,Python,Conditions
What is the output of: print(4 // 25),2,-2,0,1,C) 0,"In Python, 4 // 25 evaluates to 0.",Python,Mathematical Operations
What is the output of: print(40 - 16),22,24,26,17,B) 24,"In Python, 40 - 16 evaluates to 24.",Python,Mathematical Operations
What is the output of: print(5 == 36),Error,False,None,True,B) False,5 == 36 evaluates to False.,Python,Conditions
What is the output of: print(2 * 48),86,89,96,114,C) 96,"In Python, 2 * 48 evaluates to 96.",Python,Mathematical Operations
What is the output of: print(23 >= 28),None,False,Error,True,B) False,23 >= 28 evaluates to False.,Python,Conditions
"What is the output of: print(len([0, 1]))",2,4,1,0,A) 2,"The list [0, 1] has 2 elements, so len() returns 2.",Python,Lists & Tuples
What is the output of: print(19 * 5),95,113,118,114,A) 95,"In Python, 19 * 5 evaluates to 95.",Python,Mathematical Operations
What is the output of: print(84 >= 6),True,None,False,Error,A) True,84 >= 6 evaluates to True.,Python,Conditions
What is the output of: print(17 * 27),459,526,377,472,A) 459,"In Python, 17 * 27 evaluates to 459.",Python,Mathematical Operations
What is the output of: print(67 < 17),Error,None,False,True,C) False,67 < 17 evaluates to False.,Python,Conditions
What is the output of: print(35 <= 83),None,Error,False,True,D) True,35 <= 83 evaluates to True.,Python,Conditions
What is the output of: print(6 == 28),False,None,True,Error,A) False,6 == 28 evaluates to False.,Python,Conditions
What is the output of: print(33 == 21),True,Error,False,None,C) False,33 == 21 evaluates to False.,Python,Conditions
What is the output of: print(7 - 9),-3,0,-1,-2,D) -2,"In Python, 7 - 9 evaluates to -2.",Python,Mathematical Operations
What is the output of: print(22 % 38),19,22,27,21,B) 22,"In Python, 22 % 38 evaluates to 22.",Python,Mathematical Operations
What is the output of: print(99 > 89),Error,True,None,False,B) True,99 > 89 evaluates to True.,Python,Conditions
What is the output of: print(2 + 36),31,49,38,39,C) 38,"In Python, 2 + 36 evaluates to 38.",Python,Mathematical Operations
What is the output of: print(21 * 24),379,554,504,555,C) 504,"In Python, 21 * 24 evaluates to 504.",Python,Mathematical Operations
What is the output of: print(30 + 45),85,75,63,64,B) 75,"In Python, 30 + 45 evaluates to 75.",Python,Mathematical Operations
What is the output of: print(9 * 48),432,470,481,538,A) 432,"In Python, 9 * 48 evaluates to 432.",Python,Mathematical Operations
What is the output of: print(20 <= 17),False,None,Error,True,A) False,20 <= 17 evaluates to False.,Python,Conditions
What is the output of: print(84 > 95),True,None,Error,False,D) False,84 > 95 evaluates to False.,Python,Conditions
What is the output of: print(32 - 45),-15,-16,-13,-14,C) -13,"In Python, 32 - 45 evaluates to -13.",Python,Mathematical Operations
What is the output of: print(19 != 3),Error,True,False,None,B) True,19 != 3 evaluates to True.,Python,Conditions
What is the output of: print(49 * 30),1545,1596,1362,1470,D) 1470,"In Python, 49 * 30 evaluates to 1470.",Python,Mathematical Operations
What is the output of: print(12 // 45),-2,0,2,-1,B) 0,"In Python, 12 // 45 evaluates to 0.",Python,Mathematical Operations
What is the output of: print(13 % 21),13,11,16,9,A) 13,"In Python, 13 % 21 evaluates to 13.",Python,Mathematical Operations
What is the output of: print(95 <= 83),False,True,Error,None,A) False,95 <= 83 evaluates to False.,Python,Conditions
What is the output of: print(5 % 28),7,4,5,6,C) 5,"In Python, 5 % 28 evaluates to 5.",Python,Mathematical Operations
What is the output of: print(3 // 24),0,1,2,-1,A) 0,"In Python, 3 // 24 evaluates to 0.",Python,Mathematical Operations
What is the output of: print(35 + 15),60,44,50,54,C) 50,"In Python, 35 + 15 evaluates to 50.",Python,Mathematical Operations
What is the output of: print(2 + 21),21,20,23,29,C) 23,"In Python, 2 + 21 evaluates to 23.",Python,Mathematical Operations
What is the output of: print(24 <= 6),False,Error,True,None,A) False,24 <= 6 evaluates to False.,Python,Conditions
What is the output of: print(31 != 52),Error,True,False,None,B) True,31 != 52 evaluates to True.,Python,Conditions
What is the output of: print(37 >= 3),None,Error,False,True,D) True,37 >= 3 evaluates to True.,Python,Conditions
What is the output of: print(15 // 2),5,7,4,6,B) 7,"In Python, 15 // 2 evaluates to 7.",Python,Mathematical Operations
What is the output of: print(21 == 4),Error,True,None,False,D) False,21 == 4 evaluates to False.,Python,Conditions
What is the output of: print(4 % 23),7,4,6,3,B) 4,"In Python, 4 % 23 evaluates to 4.",Python,Mathematical Operations
What is the output of: print(1 // 42),2,-2,-1,0,D) 0,"In Python, 1 // 42 evaluates to 0.",Python,Mathematical Operations
What is the output of: print(22 <= 17),False,True,None,Error,A) False,22 <= 17 evaluates to False.,Python,Conditions
What is the output of: print(29 // 4),7,8,6,4,A) 7,"In Python, 29 // 4 evaluates to 7.",Python,Mathematical Operations
What is the output of: print(13 != 79),True,False,Error,None,A) True,13 != 79 evaluates to True.,Python,Conditions
What is the output of: print(14 + 44),72,66,58,63,C) 58,"In Python, 14 + 44 evaluates to 58.",Python,Mathematical Operations
What is the output of: print(31 + 17),47,60,48,52,C) 48,"In Python, 31 + 17 evaluates to 48.",Python,Mathematical Operations
What is the output of: print(65 <= 83),None,Error,True,False,C) True,65 <= 83 evaluates to True.,Python,Conditions
What is the output of: print(17 % 40),17,20,16,18,A) 17,"In Python, 17 % 40 evaluates to 17.",Python,Mathematical Operations
What is the output of: print(32 > 67),Error,False,None,True,B) False,32 > 67 evaluates to False.,Python,Conditions
What is the output of: print(63 >= 48),None,False,True,Error,C) True,63 >= 48 evaluates to True.,Python,Conditions
What is the output of: print(45 != 72),None,Error,True,False,C) True,45 != 72 evaluates to True.,Python,Conditions
What is the output of: print(46 == 25),False,Error,True,None,A) False,46 == 25 evaluates to False.,Python,Conditions
What is the output of: print(31 * 45),1321,1395,1336,1100,B) 1395,"In Python, 31 * 45 evaluates to 1395.",Python,Mathematical Operations
What is the output of: print(40 % 45),40,35,31,48,A) 40,"In Python, 40 % 45 evaluates to 40.",Python,Mathematical Operations
What is the output of: print(72 <= 53),True,False,None,Error,B) False,72 <= 53 evaluates to False.,Python,Conditions
What is the output of: print(36 <= 77),None,Error,False,True,D) True,36 <= 77 evaluates to True.,Python,Conditions
What is the output of: print(9 * 46),414,330,502,317,A) 414,"In Python, 9 * 46 evaluates to 414.",Python,Mathematical Operations
What is the output of: print(1 % 21),1,3,-1,2,A) 1,"In Python, 1 % 21 evaluates to 1.",Python,Mathematical Operations
What is the output of: print(48 + 9),51,46,57,69,C) 57,"In Python, 48 + 9 evaluates to 57.",Python,Mathematical Operations
What is the output of: print(9 == 87),Error,None,True,False,D) False,9 == 87 evaluates to False.,Python,Conditions
What is the output of: print(10 > 7),Error,False,None,True,D) True,10 > 7 evaluates to True.,Python,Conditions
What is the output of: print(32 // 5),3,6,5,4,B) 6,"In Python, 32 // 5 evaluates to 6.",Python,Mathematical Operations
What is the output of: print(36 <= 84),None,Error,True,False,C) True,36 <= 84 evaluates to True.,Python,Conditions
What is the output of: print(41 % 18),8,3,5,7,C) 5,"In Python, 41 % 18 evaluates to 5.",Python,Mathematical Operations
What is the output of: print(4 - 43),-39,-41,-40,-32,A) -39,"In Python, 4 - 43 evaluates to -39.",Python,Mathematical Operations
What is the output of: print(75 == 13),Error,False,None,True,B) False,75 == 13 evaluates to False.,Python,Conditions
What is the output of: print(16 % 49),10,19,16,14,C) 16,"In Python, 16 % 49 evaluates to 16.",Python,Mathematical Operations
What is the output of: print(37 + 30),82,67,80,62,B) 67,"In Python, 37 + 30 evaluates to 67.",Python,Mathematical Operations
Which of the following best describes a data type?,A mechanism where a class derives properties from another class,A classification that specifies what kind of value a variable holds,An unordered collection of unique items in Python,"A high-level, general-purpose interpreted programming language",B) A classification that specifies what kind of value a variable holds,"A data type specifies what kind of value a variable can hold, such as int, float, or string.",Python,Data Types
What is the output of: print(47 <= 95),Error,True,False,None,B) True,47 <= 95 evaluates to True.,Python,Conditions
What is the output of: print(26 // 10),3,1,2,0,C) 2,"In Python, 26 // 10 evaluates to 2.",Python,Mathematical Operations
What is the output of: print(42 == 24),None,False,Error,True,B) False,42 == 24 evaluates to False.,Python,Conditions
What is the output of: print(35 + 10),35,47,55,45,D) 45,"In Python, 35 + 10 evaluates to 45.",Python,Mathematical Operations
What is an arithmetic operator?,A data type representing whole numbers,An operator used to perform mathematical calculations,An unordered collection of unique items in Python,"An ordered, mutable collection of items in Python",B) An operator used to perform mathematical calculations,"Arithmetic operators, like +, -, *, and /, are used to perform mathematical calculations in Python.",Python,Operators
What is the output of: print(35 * 16),560,559,571,667,A) 560,"In Python, 35 * 16 evaluates to 560.",Python,Mathematical Operations
What is the output of: print(2 // 20),0,-1,2,-2,A) 0,"In Python, 2 // 20 evaluates to 0.",Python,Mathematical Operations
What is the output of: print(31 < 20),Error,False,None,True,B) False,31 < 20 evaluates to False.,Python,Conditions
What is the output of: print(18 == 87),None,False,True,Error,B) False,18 == 87 evaluates to False.,Python,Conditions
What is the output of: print(20 // 38),1,0,2,-1,B) 0,"In Python, 20 // 38 evaluates to 0.",Python,Mathematical Operations
"What is the output of: print(""AI"" + ""Hi"")",AIHi,HiNo,GoAI,PySun,A) AIHi,"The + operator concatenates strings, so ""AI"" + ""Hi"" gives ""AIHi"".",Python,Data Types
What is the output of: print(32 // 26),0,2,3,1,D) 1,"In Python, 32 // 26 evaluates to 1.",Python,Mathematical Operations
What is the output of: print(33 <= 36),False,True,None,Error,B) True,33 <= 36 evaluates to True.,Python,Conditions
What is the output of: print(29 // 35),-2,0,-1,1,B) 0,"In Python, 29 // 35 evaluates to 0.",Python,Mathematical Operations
What is the output of: print(6 % 43),8,4,6,7,C) 6,"In Python, 6 % 43 evaluates to 6.",Python,Mathematical Operations
What is the output of: print(60 == 53),True,False,None,Error,B) False,60 == 53 evaluates to False.,Python,Conditions
What is the output of: print(42 < 95),False,True,None,Error,B) True,42 < 95 evaluates to True.,Python,Conditions
What is the output of: print(20 >= 100),False,True,Error,None,A) False,20 >= 100 evaluates to False.,Python,Conditions
What is the output of: print(70 < 98),True,False,None,Error,A) True,70 < 98 evaluates to True.,Python,Conditions
What is the output of: print(37 < 67),None,False,True,Error,C) True,37 < 67 evaluates to True.,Python,Conditions
What is the output of: print(14 % 30),19,14,18,13,B) 14,"In Python, 14 % 30 evaluates to 14.",Python,Mathematical Operations
What is the output of: print(78 > 41),True,False,None,Error,A) True,78 > 41 evaluates to True.,Python,Conditions
What is the output of: print(17 > 65),None,False,Error,True,B) False,17 > 65 evaluates to False.,Python,Conditions
What is the output of: print(12 < 12),None,False,True,Error,B) False,12 < 12 evaluates to False.,Python,Conditions
What is the output of: print(22 // 32),1,-1,-2,0,D) 0,"In Python, 22 // 32 evaluates to 0.",Python,Mathematical Operations
What is the output of: print(19 == 50),Error,None,False,True,C) False,19 == 50 evaluates to False.,Python,Conditions
What is the output of: print(46 != 98),False,True,Error,None,B) True,46 != 98 evaluates to True.,Python,Conditions
What is the output of: print(81 == 33),Error,True,False,None,C) False,81 == 33 evaluates to False.,Python,Conditions
What is the output of: print(38 - 6),40,36,32,34,C) 32,"In Python, 38 - 6 evaluates to 32.",Python,Mathematical Operations
What is the output of: print(31 < 42),False,None,Error,True,D) True,31 < 42 evaluates to True.,Python,Conditions
What is the output of: print(49 == 20),False,None,True,Error,A) False,49 == 20 evaluates to False.,Python,Conditions
What is the output of: print(60 < 85),True,False,None,Error,A) True,60 < 85 evaluates to True.,Python,Conditions
What is the output of: print(99 > 44),None,False,True,Error,C) True,99 > 44 evaluates to True.,Python,Conditions
What is the output of: print(49 == 4),True,False,None,Error,B) False,49 == 4 evaluates to False.,Python,Conditions
What is the output of: print(42 <= 83),None,False,True,Error,C) True,42 <= 83 evaluates to True.,Python,Conditions
What is the output of: print(38 * 22),779,836,923,667,B) 836,"In Python, 38 * 22 evaluates to 836.",Python,Mathematical Operations
What is the output of: print(49 == 28),Error,True,None,False,D) False,49 == 28 evaluates to False.,Python,Conditions
What is the output of: print(72 == 38),Error,True,False,None,C) False,72 == 38 evaluates to False.,Python,Conditions
What is the output of: print(40 + 40),93,80,59,74,B) 80,"In Python, 40 + 40 evaluates to 80.",Python,Mathematical Operations
What is the output of: print(6 // 40),-2,2,1,0,D) 0,"In Python, 6 // 40 evaluates to 0.",Python,Mathematical Operations
What is the output of: print(77 >= 22),None,Error,False,True,D) True,77 >= 22 evaluates to True.,Python,Conditions
What is the output of: print(76 >= 49),None,True,Error,False,B) True,76 >= 49 evaluates to True.,Python,Conditions
What is the output of: print(43 * 32),1117,1478,1376,1075,C) 1376,"In Python, 43 * 32 evaluates to 1376.",Python,Mathematical Operations
What is the output of: print(77 <= 73),Error,False,None,True,B) False,77 <= 73 evaluates to False.,Python,Conditions
What is the output of: print(3 > 95),None,True,False,Error,C) False,3 > 95 evaluates to False.,Python,Conditions
What is the output of: print(88 >= 5),Error,False,None,True,D) True,88 >= 5 evaluates to True.,Python,Conditions
What is the output of: print(72 != 71),True,False,None,Error,A) True,72 != 71 evaluates to True.,Python,Conditions
What is the output of: print(25 + 45),51,70,69,80,B) 70,"In Python, 25 + 45 evaluates to 70.",Python,Mathematical Operations
What is the output of: print(85 > 92),True,False,None,Error,B) False,85 > 92 evaluates to False.,Python,Conditions
What is the output of: print(20 > 87),True,False,None,Error,B) False,20 > 87 evaluates to False.,Python,Conditions
What is the output of: print(50 % 27),23,25,27,30,A) 23,"In Python, 50 % 27 evaluates to 23.",Python,Mathematical Operations
What is the output of: print(16 // 28),1,-2,2,0,D) 0,"In Python, 16 // 28 evaluates to 0.",Python,Mathematical Operations
What is the output of: print(50 * 3),175,161,150,149,C) 150,"In Python, 50 * 3 evaluates to 150.",Python,Mathematical Operations
What is the output of: print(16 * 28),495,461,403,448,D) 448,"In Python, 16 * 28 evaluates to 448.",Python,Mathematical Operations
What is the output of: print(4 < 32),True,False,Error,None,A) True,4 < 32 evaluates to True.,Python,Conditions
What is the output of: print(15 - 25),-6,-10,-14,-9,B) -10,"In Python, 15 - 25 evaluates to -10.",Python,Mathematical Operations
What is the output of: print(21 + 28),35,49,61,44,B) 49,"In Python, 21 + 28 evaluates to 49.",Python,Mathematical Operations
What is the output of: print(63 == 16),True,False,None,Error,B) False,63 == 16 evaluates to False.,Python,Conditions
What is the output of: print(23 <= 9),True,False,None,Error,B) False,23 <= 9 evaluates to False.,Python,Conditions
What is the output of: print(32 - 18),12,18,14,15,C) 14,"In Python, 32 - 18 evaluates to 14.",Python,Mathematical Operations
What is the output of: print(26 % 16),11,7,9,10,D) 10,"In Python, 26 % 16 evaluates to 10.",Python,Mathematical Operations
What is the output of: print(74 <= 93),Error,True,False,None,B) True,74 <= 93 evaluates to True.,Python,Conditions
What is the output of: print(22 * 42),924,820,1083,852,A) 924,"In Python, 22 * 42 evaluates to 924.",Python,Mathematical Operations
What is the output of: print(80 < 29),True,Error,None,False,D) False,80 < 29 evaluates to False.,Python,Conditions
What is the output of: print(14 - 8),6,4,5,7,A) 6,"In Python, 14 - 8 evaluates to 6.",Python,Mathematical Operations
What is the output of: print(4 // 27),0,-2,2,1,A) 0,"In Python, 4 // 27 evaluates to 0.",Python,Mathematical Operations
What is the output of: print(19 % 26),23,16,19,25,C) 19,"In Python, 19 % 26 evaluates to 19.",Python,Mathematical Operations
What is the output of: print(47 + 12),73,59,48,52,B) 59,"In Python, 47 + 12 evaluates to 59.",Python,Mathematical Operations
What is the output of: print(9 >= 25),True,None,Error,False,D) False,9 >= 25 evaluates to False.,Python,Conditions
What is the output of: print(17 % 15),2,4,1,3,A) 2,"In Python, 17 % 15 evaluates to 2.",Python,Mathematical Operations
What is a dictionary?,A data type representing whole numbers,A built-in function that returns the number of items in an object,A data type representing a sequence of characters,A collection of key-value pairs in Python,D) A collection of key-value pairs in Python,"A dictionary in Python stores data as key-value pairs, defined using curly braces.",Python,Dictionaries & Sets
What is the output of: print(50 + 48),120,98,92,93,B) 98,"In Python, 50 + 48 evaluates to 98.",Python,Mathematical Operations
What is the output of: print(19 % 28),19,24,17,22,A) 19,"In Python, 19 % 28 evaluates to 19.",Python,Mathematical Operations
What is the output of: print(89 == 77),True,Error,False,None,C) False,89 == 77 evaluates to False.,Python,Conditions
What is the output of: print(43 + 45),89,88,85,77,B) 88,"In Python, 43 + 45 evaluates to 88.",Python,Mathematical Operations
What is the output of: print(27 >= 80),Error,False,True,None,B) False,27 >= 80 evaluates to False.,Python,Conditions
What is the output of: print(28 > 26),False,None,True,Error,C) True,28 > 26 evaluates to True.,Python,Conditions
What is the output of: print(12 != 43),None,True,Error,False,B) True,12 != 43 evaluates to True.,Python,Conditions
What is the output of: print(57 != 34),False,Error,None,True,D) True,57 != 34 evaluates to True.,Python,Conditions
What is the output of: print(17 < 71),None,False,Error,True,D) True,17 < 71 evaluates to True.,Python,Conditions
What is the output of: print(45 - 34),8,11,13,14,B) 11,"In Python, 45 - 34 evaluates to 11.",Python,Mathematical Operations
What is the output of: print(60 <= 13),Error,True,False,None,C) False,60 <= 13 evaluates to False.,Python,Conditions
What is the output of: print(12 < 72),True,False,None,Error,A) True,12 < 72 evaluates to True.,Python,Conditions
What is the output of: print(13 * 15),155,224,195,178,C) 195,"In Python, 13 * 15 evaluates to 195.",Python,Mathematical Operations
What is the output of: print(13 * 41),593,437,480,533,D) 533,"In Python, 13 * 41 evaluates to 533.",Python,Mathematical Operations
What is the output of: print(19 >= 83),True,None,False,Error,C) False,19 >= 83 evaluates to False.,Python,Conditions
What is the output of: print(15 // 33),0,1,-2,2,A) 0,"In Python, 15 // 33 evaluates to 0.",Python,Mathematical Operations
What is the output of: print(2 // 46),2,1,0,-2,C) 0,"In Python, 2 // 46 evaluates to 0.",Python,Mathematical Operations
What is the output of: print(12 + 32),32,51,47,44,D) 44,"In Python, 12 + 32 evaluates to 44.",Python,Mathematical Operations
What is the output of: print(60 == 37),Error,None,True,False,D) False,60 == 37 evaluates to False.,Python,Conditions
What is the output of: print(49 - 5),33,44,37,45,B) 44,"In Python, 49 - 5 evaluates to 44.",Python,Mathematical Operations
What is the output of: print(63 == 100),False,None,Error,True,A) False,63 == 100 evaluates to False.,Python,Conditions
What is the output of: print(23 - 1),20,22,25,15,B) 22,"In Python, 23 - 1 evaluates to 22.",Python,Mathematical Operations
What is the output of: print(36 + 41),86,65,61,77,D) 77,"In Python, 36 + 41 evaluates to 77.",Python,Mathematical Operations
What is the output of: print(62 != 41),None,False,True,Error,C) True,62 != 41 evaluates to True.,Python,Conditions
What is the output of: print(1 <= 94),True,Error,False,None,A) True,1 <= 94 evaluates to True.,Python,Conditions
What is the output of: print(15 <= 62),True,False,Error,None,A) True,15 <= 62 evaluates to True.,Python,Conditions
What is the output of: print(5 - 40),-40,-35,-43,-33,B) -35,"In Python, 5 - 40 evaluates to -35.",Python,Mathematical Operations
What is the output of: print(48 * 38),1682,1824,1410,1388,B) 1824,"In Python, 48 * 38 evaluates to 1824.",Python,Mathematical Operations
What is the output of: print(7 - 7),0,-2,-1,1,A) 0,"In Python, 7 - 7 evaluates to 0.",Python,Mathematical Operations
What is a string?,"Text in code ignored by the interpreter, used for explanations","A reusable block of code that performs a specific task, defined with 'def'",A data type representing a sequence of characters,"A blueprint for creating objects, defining their properties and behavior",C) A data type representing a sequence of characters,"A string in Python is a sequence of characters, typically enclosed in single or double quotes.",Python,Data Types
What is the output of: print(14 >= 78),Error,True,None,False,D) False,14 >= 78 evaluates to False.,Python,Conditions
What is the output of: print(27 == 17),Error,True,None,False,D) False,27 == 17 evaluates to False.,Python,Conditions
What is the output of: print(29 * 2),58,56,42,49,A) 58,"In Python, 29 * 2 evaluates to 58.",Python,Mathematical Operations
What is the output of: print(37 > 5),None,False,True,Error,C) True,37 > 5 evaluates to True.,Python,Conditions
What is the output of: print(29 // 11),4,2,1,0,B) 2,"In Python, 29 // 11 evaluates to 2.",Python,Mathematical Operations
What is the output of: print(13 // 4),3,5,1,4,A) 3,"In Python, 13 // 4 evaluates to 3.",Python,Mathematical Operations
What is the output of: print(11 + 49),67,62,60,50,C) 60,"In Python, 11 + 49 evaluates to 60.",Python,Mathematical Operations
What is the output of: print(32 // 16),0,3,2,4,C) 2,"In Python, 32 // 16 evaluates to 2.",Python,Mathematical Operations
What is the output of: print(1 != 99),None,True,Error,False,B) True,1 != 99 evaluates to True.,Python,Conditions
What is the output of: print(3 % 11),3,1,2,5,A) 3,"In Python, 3 % 11 evaluates to 3.",Python,Mathematical Operations
What is the output of: print(48 < 48),False,True,Error,None,A) False,48 < 48 evaluates to False.,Python,Conditions
What is the output of: print(43 % 15),10,13,11,15,B) 13,"In Python, 43 % 15 evaluates to 13.",Python,Mathematical Operations
What is the output of: print(15 <= 70),None,True,Error,False,B) True,15 <= 70 evaluates to True.,Python,Conditions
What is the output of: print(13 // 18),1,0,-2,-1,B) 0,"In Python, 13 // 18 evaluates to 0.",Python,Mathematical Operations
What is the output of: print(10 - 48),-29,-38,-47,-30,B) -38,"In Python, 10 - 48 evaluates to -38.",Python,Mathematical Operations
What is the output of: print(54 <= 93),Error,None,False,True,D) True,54 <= 93 evaluates to True.,Python,Conditions
What is the output of: print(19 == 15),True,Error,False,None,C) False,19 == 15 evaluates to False.,Python,Conditions
What is the output of: print(14 % 11),4,5,2,3,D) 3,"In Python, 14 % 11 evaluates to 3.",Python,Mathematical Operations
What is the output of: print(19 == 57),None,False,True,Error,B) False,19 == 57 evaluates to False.,Python,Conditions
What is the output of: print(80 == 3),Error,True,None,False,D) False,80 == 3 evaluates to False.,Python,Conditions
What is the output of: print(11 >= 20),False,Error,True,None,A) False,11 >= 20 evaluates to False.,Python,Conditions
What is the output of: print(41 - 47),-9,-7,-6,-3,C) -6,"In Python, 41 - 47 evaluates to -6.",Python,Mathematical Operations
What is the output of: print(5 // 6),1,0,-1,2,B) 0,"In Python, 5 // 6 evaluates to 0.",Python,Mathematical Operations
What is the output of: print(32 * 44),1516,1183,1408,1494,C) 1408,"In Python, 32 * 44 evaluates to 1408.",Python,Mathematical Operations
What is the output of: print(47 * 48),2375,2708,2484,2256,D) 2256,"In Python, 47 * 48 evaluates to 2256.",Python,Mathematical Operations
What is the output of: print(40 * 17),822,844,680,698,C) 680,"In Python, 40 * 17 evaluates to 680.",Python,Mathematical Operations
What is the output of: print(76 >= 48),Error,True,None,False,B) True,76 >= 48 evaluates to True.,Python,Conditions
What is the output of: print(82 < 32),Error,True,None,False,D) False,82 < 32 evaluates to False.,Python,Conditions
What is the output of: print(46 % 13),6,4,5,7,D) 7,"In Python, 46 % 13 evaluates to 7.",Python,Mathematical Operations
What is the output of: print(49 + 29),78,58,65,80,A) 78,"In Python, 49 + 29 evaluates to 78.",Python,Mathematical Operations
Which of the following best describes an if statement?,A data type representing decimal (floating-point) numbers,A conditional statement that executes code only if a condition is true,A classification that specifies what kind of value a variable holds,"A blueprint for creating objects, defining their properties and behavior",B) A conditional statement that executes code only if a condition is true,An if statement executes a block of code only when its specified condition evaluates to True.,Python,Conditions
What is the output of: print(70 != 71),False,None,True,Error,C) True,70 != 71 evaluates to True.,Python,Conditions
What is the output of: print(81 < 55),None,False,True,Error,B) False,81 < 55 evaluates to False.,Python,Conditions
What is the output of: print(11 % 37),12,9,15,11,D) 11,"In Python, 11 % 37 evaluates to 11.",Python,Mathematical Operations
What is the output of: print(88 != 17),None,Error,True,False,C) True,88 != 17 evaluates to True.,Python,Conditions
What is the output of: print(28 - 24),4,1,3,2,A) 4,"In Python, 28 - 24 evaluates to 4.",Python,Mathematical Operations
What is the output of: print(23 % 19),5,4,3,6,B) 4,"In Python, 23 % 19 evaluates to 4.",Python,Mathematical Operations
What is the output of: print(3 + 14),18,17,21,19,B) 17,"In Python, 3 + 14 evaluates to 17.",Python,Mathematical Operations
What is the output of: print(28 - 23),3,5,2,8,B) 5,"In Python, 28 - 23 evaluates to 5.",Python,Mathematical Operations
What is the output of: print(99 == 47),False,None,True,Error,A) False,99 == 47 evaluates to False.,Python,Conditions
What is the output of: print(23 * 26),598,723,668,595,A) 598,"In Python, 23 * 26 evaluates to 598.",Python,Mathematical Operations
What is the output of: print(20 * 10),213,174,214,200,D) 200,"In Python, 20 * 10 evaluates to 200.",Python,Mathematical Operations
What is the output of: print(54 == 50),False,None,True,Error,A) False,54 == 50 evaluates to False.,Python,Conditions
What is the output of: print(19 != 18),Error,True,None,False,B) True,19 != 18 evaluates to True.,Python,Conditions
What is the output of: print(11 != 86),True,False,None,Error,A) True,11 != 86 evaluates to True.,Python,Conditions
What is the output of: print(17 % 24),22,13,12,17,D) 17,"In Python, 17 % 24 evaluates to 17.",Python,Mathematical Operations
What is the output of: print(26 // 3),8,7,5,9,A) 8,"In Python, 26 // 3 evaluates to 8.",Python,Mathematical Operations
What is the output of: print(48 + 47),95,79,98,109,A) 95,"In Python, 48 + 47 evaluates to 95.",Python,Mathematical Operations
What is the output of: print(47 <= 21),False,Error,None,True,A) False,47 <= 21 evaluates to False.,Python,Conditions
What is the output of: print(29 - 33),-4,-5,-3,-7,A) -4,"In Python, 29 - 33 evaluates to -4.",Python,Mathematical Operations
What is the output of: print(28 == 99),False,True,None,Error,A) False,28 == 99 evaluates to False.,Python,Conditions
What is the output of: print(44 % 40),6,3,1,4,D) 4,"In Python, 44 % 40 evaluates to 4.",Python,Mathematical Operations
What is the output of: print(27 == 76),False,True,Error,None,A) False,27 == 76 evaluates to False.,Python,Conditions
What is the output of: print(50 >= 56),False,None,Error,True,A) False,50 >= 56 evaluates to False.,Python,Conditions
What is the output of: print(57 > 95),False,None,Error,True,A) False,57 > 95 evaluates to False.,Python,Conditions
What is the output of: print(2 == 18),Error,False,True,None,B) False,2 == 18 evaluates to False.,Python,Conditions
What is the output of: print(30 + 18),42,51,59,48,D) 48,"In Python, 30 + 18 evaluates to 48.",Python,Mathematical Operations
What is the output of: print(95 <= 89),False,Error,True,None,A) False,95 <= 89 evaluates to False.,Python,Conditions
What is the output of: print(1 - 46),-45,-33,-40,-35,A) -45,"In Python, 1 - 46 evaluates to -45.",Python,Mathematical Operations
What is the output of: print(21 % 25),26,14,21,16,C) 21,"In Python, 21 % 25 evaluates to 21.",Python,Mathematical Operations
What is the output of: print(5 < 46),True,False,None,Error,A) True,5 < 46 evaluates to True.,Python,Conditions
What is the output of: print(88 < 10),True,None,False,Error,C) False,88 < 10 evaluates to False.,Python,Conditions
What is the output of: print(16 % 1),-2,0,2,1,B) 0,"In Python, 16 % 1 evaluates to 0.",Python,Mathematical Operations
What is the output of: print(35 + 9),54,41,44,36,C) 44,"In Python, 35 + 9 evaluates to 44.",Python,Mathematical Operations
What is the output of: print(15 % 47),15,13,19,17,A) 15,"In Python, 15 % 47 evaluates to 15.",Python,Mathematical Operations
What is the output of: print(2 * 36),65,72,83,57,B) 72,"In Python, 2 * 36 evaluates to 72.",Python,Mathematical Operations
What is the output of: print(91 >= 35),True,Error,False,None,A) True,91 >= 35 evaluates to True.,Python,Conditions
What is the output of: print(17 % 26),21,17,23,22,B) 17,"In Python, 17 % 26 evaluates to 17.",Python,Mathematical Operations
What is the output of: print(16 < 25),None,False,True,Error,C) True,16 < 25 evaluates to True.,Python,Conditions
What is the output of: print(5 < 11),Error,None,False,True,D) True,5 < 11 evaluates to True.,Python,Conditions
"What is the output of: print(""Ok"" + ""Fun"")",GoPy,HiNo,PyPy,OkFun,D) OkFun,"The + operator concatenates strings, so ""Ok"" + ""Fun"" gives ""OkFun"".",Python,Data Types
What is the output of: print(99 != 57),Error,None,False,True,D) True,99 != 57 evaluates to True.,Python,Conditions
What is the output of: print(45 + 14),59,46,56,74,A) 59,"In Python, 45 + 14 evaluates to 59.",Python,Mathematical Operations
What is the output of: print(49 + 2),51,59,37,44,A) 51,"In Python, 49 + 2 evaluates to 51.",Python,Mathematical Operations
What is the output of: print(83 <= 54),True,Error,None,False,D) False,83 <= 54 evaluates to False.,Python,Conditions
"What is the output of: print(""Sun"" + ""No"")",SunNo,PyHi,HiGo,GoSky,A) SunNo,"The + operator concatenates strings, so ""Sun"" + ""No"" gives ""SunNo"".",Python,Data Types
What is the output of: print(27 % 10),4,7,10,9,B) 7,"In Python, 27 % 10 evaluates to 7.",Python,Mathematical Operations
What is the output of: print(44 == 69),False,True,None,Error,A) False,44 == 69 evaluates to False.,Python,Conditions
What is the output of: print(25 % 3),3,-1,1,0,C) 1,"In Python, 25 % 3 evaluates to 1.",Python,Mathematical Operations
What is the output of: print(74 > 59),False,None,True,Error,C) True,74 > 59 evaluates to True.,Python,Conditions
What is the output of: print(100 != 54),Error,None,False,True,D) True,100 != 54 evaluates to True.,Python,Conditions
What is the output of: print(27 <= 100),None,False,Error,True,D) True,27 <= 100 evaluates to True.,Python,Conditions
What is the output of: print(96 < 45),False,Error,True,None,A) False,96 < 45 evaluates to False.,Python,Conditions
What is the output of: print(30 // 43),1,-1,-2,0,D) 0,"In Python, 30 // 43 evaluates to 0.",Python,Mathematical Operations
What is the output of: print(4 >= 14),True,False,None,Error,B) False,4 >= 14 evaluates to False.,Python,Conditions
What is the output of: print(26 * 10),274,294,260,303,C) 260,"In Python, 26 * 10 evaluates to 260.",Python,Mathematical Operations
What is the output of: print(42 + 26),55,68,64,56,B) 68,"In Python, 42 + 26 evaluates to 68.",Python,Mathematical Operations
What is the output of: print(14 <= 60),None,True,False,Error,B) True,14 <= 60 evaluates to True.,Python,Conditions
What is the output of: print(45 < 49),False,None,Error,True,D) True,45 < 49 evaluates to True.,Python,Conditions
What is the output of: print(8 % 10),8,9,6,10,A) 8,"In Python, 8 % 10 evaluates to 8.",Python,Mathematical Operations
What is the output of: print(1 <= 48),Error,False,None,True,D) True,1 <= 48 evaluates to True.,Python,Conditions
What is the output of: print(53 <= 55),True,False,Error,None,A) True,53 <= 55 evaluates to True.,Python,Conditions
What is the output of: print(31 > 44),None,Error,True,False,D) False,31 > 44 evaluates to False.,Python,Conditions
What is the output of: print(92 == 41),False,True,Error,None,A) False,92 == 41 evaluates to False.,Python,Conditions
What is the output of: print(65 != 2),Error,True,None,False,B) True,65 != 2 evaluates to True.,Python,Conditions
What is the output of: print(48 % 4),-1,0,-2,1,B) 0,"In Python, 48 % 4 evaluates to 0.",Python,Mathematical Operations
What is the output of: print(25 // 40),0,1,-1,2,A) 0,"In Python, 25 // 40 evaluates to 0.",Python,Mathematical Operations
What is the output of: print(77 == 46),True,None,Error,False,D) False,77 == 46 evaluates to False.,Python,Conditions
"What is the output of: print(len(""tuple""))",8,4,6,5,D) 5,"The string ""tuple"" has 5 characters, so len() returns 5.",Python,Data Types
What is the output of: print(57 > 76),False,Error,None,True,A) False,57 > 76 evaluates to False.,Python,Conditions
Which of the following best describes Python?,An unordered collection of unique items in Python,A data type representing True or False values,"An ordered, mutable collection of items in Python","A high-level, general-purpose interpreted programming language","D) A high-level, general-purpose interpreted programming language","Python is a high-level, interpreted, general-purpose programming language known for its readability.",Python,Python Basics
What is the output of: print(6 % 8),3,8,6,7,C) 6,"In Python, 6 % 8 evaluates to 6.",Python,Mathematical Operations
"What is the output of this code?
total = 0
for i in range(18):
    total += i
print(total)",185,190,153,192,C) 153,"This loop sums integers from 0 to 17, giving 153.",Python,Loops
What is the output of: print(100 != 30),None,False,Error,True,D) True,100 != 30 evaluates to True.,Python,Conditions
What is the output of: print(46 <= 11),False,None,True,Error,A) False,46 <= 11 evaluates to False.,Python,Conditions
What is the output of: print(3 % 16),1,4,2,3,D) 3,"In Python, 3 % 16 evaluates to 3.",Python,Mathematical Operations
What is the output of: print(68 < 53),False,True,Error,None,A) False,68 < 53 evaluates to False.,Python,Conditions
What is the output of: print(26 <= 37),False,None,Error,True,D) True,26 <= 37 evaluates to True.,Python,Conditions
What is the output of: print(16 - 20),-1,-7,-3,-4,D) -4,"In Python, 16 - 20 evaluates to -4.",Python,Mathematical Operations
What is the output of: print(49 <= 52),Error,None,False,True,D) True,49 <= 52 evaluates to True.,Python,Conditions
What is the output of: print(15 // 43),-2,-1,2,0,D) 0,"In Python, 15 // 43 evaluates to 0.",Python,Mathematical Operations
What is the output of: print(47 == 21),False,None,True,Error,A) False,47 == 21 evaluates to False.,Python,Conditions
What is the output of: print(42 + 12),41,54,43,57,B) 54,"In Python, 42 + 12 evaluates to 54.",Python,Mathematical Operations
What is the output of: print(19 == 78),True,False,Error,None,B) False,19 == 78 evaluates to False.,Python,Conditions
What is the output of: print(18 < 77),False,Error,None,True,D) True,18 < 77 evaluates to True.,Python,Conditions
What is the output of: print(28 >= 80),None,Error,False,True,C) False,28 >= 80 evaluates to False.,Python,Conditions
"What is the output of: print(len([0, 1, 2, 3, 4]))",4,8,3,5,D) 5,"The list [0, 1, 2, 3, 4] has 5 elements, so len() returns 5.",Python,Lists & Tuples
What is the output of: print(54 == 92),Error,True,False,None,C) False,54 == 92 evaluates to False.,Python,Conditions
What is the output of: print(43 + 30),74,73,58,64,B) 73,"In Python, 43 + 30 evaluates to 73.",Python,Mathematical Operations
What is the output of: print(79 >= 19),None,True,Error,False,B) True,79 >= 19 evaluates to True.,Python,Conditions
What is the output of: print(9 * 9),82,79,81,68,C) 81,"In Python, 9 * 9 evaluates to 81.",Python,Mathematical Operations
What is the output of: print(39 * 47),2004,1769,1833,1647,C) 1833,"In Python, 39 * 47 evaluates to 1833.",Python,Mathematical Operations
What is the output of: print(90 >= 8),Error,True,False,None,B) True,90 >= 8 evaluates to True.,Python,Conditions
What is the output of: print(16 - 46),-24,-30,-33,-35,B) -30,"In Python, 16 - 46 evaluates to -30.",Python,Mathematical Operations
What is the output of: print(2 % 46),3,0,4,2,D) 2,"In Python, 2 % 46 evaluates to 2.",Python,Mathematical Operations
What is the output of: print(47 % 33),17,9,16,14,D) 14,"In Python, 47 % 33 evaluates to 14.",Python,Mathematical Operations
What is the output of: print(47 * 5),266,278,235,182,C) 235,"In Python, 47 * 5 evaluates to 235.",Python,Mathematical Operations
What is the output of: print(20 > 3),Error,None,False,True,D) True,20 > 3 evaluates to True.,Python,Conditions
What is the output of: print(2 * 33),66,56,62,67,A) 66,"In Python, 2 * 33 evaluates to 66.",Python,Mathematical Operations
What is the output of: print(5 * 1),2,5,7,3,B) 5,"In Python, 5 * 1 evaluates to 5.",Python,Mathematical Operations
What is the output of: print(76 >= 4),None,True,False,Error,B) True,76 >= 4 evaluates to True.,Python,Conditions
What is the output of: print(26 // 43),-2,1,0,-1,C) 0,"In Python, 26 // 43 evaluates to 0.",Python,Mathematical Operations
What is the output of: print(55 >= 16),None,False,Error,True,D) True,55 >= 16 evaluates to True.,Python,Conditions
What is the output of: print(37 < 53),True,False,None,Error,A) True,37 < 53 evaluates to True.,Python,Conditions
What is the output of: print(31 // 40),1,0,2,-2,B) 0,"In Python, 31 // 40 evaluates to 0.",Python,Mathematical Operations
What is the output of: print(40 // 20),4,3,1,2,D) 2,"In Python, 40 // 20 evaluates to 2.",Python,Mathematical Operations
What is the output of: print(34 % 12),6,8,11,10,D) 10,"In Python, 34 % 12 evaluates to 10.",Python,Mathematical Operations
What is the output of: print(67 > 85),None,Error,False,True,C) False,67 > 85 evaluates to False.,Python,Conditions
What is the output of: print(14 > 37),None,True,Error,False,D) False,14 > 37 evaluates to False.,Python,Conditions
What is the output of: print(10 - 39),-30,-29,-37,-21,B) -29,"In Python, 10 - 39 evaluates to -29.",Python,Mathematical Operations
What is the output of: print(28 % 38),25,30,33,28,D) 28,"In Python, 28 % 38 evaluates to 28.",Python,Mathematical Operations
What is the output of: print(45 - 16),29,30,24,21,A) 29,"In Python, 45 - 16 evaluates to 29.",Python,Mathematical Operations
What is the output of: print(51 == 83),False,None,True,Error,A) False,51 == 83 evaluates to False.,Python,Conditions
What is the output of: print(35 // 26),2,0,-1,1,D) 1,"In Python, 35 // 26 evaluates to 1.",Python,Mathematical Operations
What is the output of: print(43 != 49),Error,True,None,False,B) True,43 != 49 evaluates to True.,Python,Conditions
What is the output of: print(9 % 49),9,11,12,8,A) 9,"In Python, 9 % 49 evaluates to 9.",Python,Mathematical Operations
What is the output of: print(27 == 81),False,True,Error,None,A) False,27 == 81 evaluates to False.,Python,Conditions
What is the output of: print(29 > 11),True,Error,False,None,A) True,29 > 11 evaluates to True.,Python,Conditions
What is the output of: print(42 - 5),39,37,33,32,B) 37,"In Python, 42 - 5 evaluates to 37.",Python,Mathematical Operations
What is the output of: print(69 < 8),Error,True,False,None,C) False,69 < 8 evaluates to False.,Python,Conditions
What is the output of: print(7 + 37),50,32,31,44,D) 44,"In Python, 7 + 37 evaluates to 44.",Python,Mathematical Operations
What is the output of: print(36 + 48),84,70,67,97,A) 84,"In Python, 36 + 48 evaluates to 84.",Python,Mathematical Operations
What is the output of: print(2 < 17),True,None,False,Error,A) True,2 < 17 evaluates to True.,Python,Conditions
What is the output of: print(45 <= 96),False,True,None,Error,B) True,45 <= 96 evaluates to True.,Python,Conditions
What is the output of: print(29 % 31),26,25,36,29,D) 29,"In Python, 29 % 31 evaluates to 29.",Python,Mathematical Operations
"What is the output of: print(""Sky"" + ""Hi"")",PySky,GoPy,HiAI,SkyHi,D) SkyHi,"The + operator concatenates strings, so ""Sky"" + ""Hi"" gives ""SkyHi"".",Python,Data Types
What is the output of: print(64 == 53),True,None,False,Error,C) False,64 == 53 evaluates to False.,Python,Conditions
What is the output of: print(5 - 22),-18,-17,-14,-20,B) -17,"In Python, 5 - 22 evaluates to -17.",Python,Mathematical Operations
What is the output of: print(4 * 37),138,148,177,181,B) 148,"In Python, 4 * 37 evaluates to 148.",Python,Mathematical Operations
What is the output of: print(76 < 84),True,False,Error,None,A) True,76 < 84 evaluates to True.,Python,Conditions
What is the output of: print(19 > 50),True,False,None,Error,B) False,19 > 50 evaluates to False.,Python,Conditions
What is the output of: print(14 // 40),0,-1,-2,1,A) 0,"In Python, 14 // 40 evaluates to 0.",Python,Mathematical Operations
What is the output of: print(47 > 33),Error,False,True,None,C) True,47 > 33 evaluates to True.,Python,Conditions
What is the output of: print(6 * 8),41,48,46,38,B) 48,"In Python, 6 * 8 evaluates to 48.",Python,Mathematical Operations
"What is the output of: print(""Fun"" + ""Go"")",FunGo,HiSun,GoPy,PySun,A) FunGo,"The + operator concatenates strings, so ""Fun"" + ""Go"" gives ""FunGo"".",Python,Data Types
What is the output of: print(23 % 7),2,0,1,3,A) 2,"In Python, 23 % 7 evaluates to 2.",Python,Mathematical Operations
What is the output of: print(50 * 7),343,288,350,300,C) 350,"In Python, 50 * 7 evaluates to 350.",Python,Mathematical Operations
What is the output of: print(41 // 3),13,16,8,11,A) 13,"In Python, 41 // 3 evaluates to 13.",Python,Mathematical Operations
What is the output of: print(45 // 32),3,0,2,1,D) 1,"In Python, 45 // 32 evaluates to 1.",Python,Mathematical Operations
What is the output of: print(21 < 29),False,None,True,Error,C) True,21 < 29 evaluates to True.,Python,Conditions
What is the output of: print(40 - 34),8,7,6,4,C) 6,"In Python, 40 - 34 evaluates to 6.",Python,Mathematical Operations
What is the output of: print(97 == 73),True,False,None,Error,B) False,97 == 73 evaluates to False.,Python,Conditions
What is the output of: print(62 <= 10),False,True,None,Error,A) False,62 <= 10 evaluates to False.,Python,Conditions
What is the output of: print(3 <= 35),None,True,Error,False,B) True,3 <= 35 evaluates to True.,Python,Conditions
What is the output of: print(87 > 80),False,None,True,Error,C) True,87 > 80 evaluates to True.,Python,Conditions
What is the output of: print(28 == 24),True,None,Error,False,D) False,28 == 24 evaluates to False.,Python,Conditions
What is the output of: print(15 * 8),116,138,91,120,D) 120,"In Python, 15 * 8 evaluates to 120.",Python,Mathematical Operations
What is the output of: print(58 < 56),False,True,None,Error,A) False,58 < 56 evaluates to False.,Python,Conditions
What is the output of: print(12 * 18),238,207,268,216,D) 216,"In Python, 12 * 18 evaluates to 216.",Python,Mathematical Operations
What is the output of: print(13 > 20),Error,False,None,True,B) False,13 > 20 evaluates to False.,Python,Conditions
What is the output of: print(32 - 41),-11,-10,-8,-9,D) -9,"In Python, 32 - 41 evaluates to -9.",Python,Mathematical Operations
What is the output of: print(20 % 14),4,9,6,5,C) 6,"In Python, 20 % 14 evaluates to 6.",Python,Mathematical Operations
What is the output of: print(47 >= 51),Error,True,None,False,D) False,47 >= 51 evaluates to False.,Python,Conditions
What is the output of: print(22 * 16),279,377,352,369,C) 352,"In Python, 22 * 16 evaluates to 352.",Python,Mathematical Operations
What is the output of: print(15 % 5),-2,2,1,0,D) 0,"In Python, 15 % 5 evaluates to 0.",Python,Mathematical Operations
What is the output of: print(10 > 60),False,True,Error,None,A) False,10 > 60 evaluates to False.,Python,Conditions
What is the output of: print(48 + 44),101,68,92,69,C) 92,"In Python, 48 + 44 evaluates to 92.",Python,Mathematical Operations
What is the output of: print(52 < 83),None,True,False,Error,B) True,52 < 83 evaluates to True.,Python,Conditions
What is the output of: print(31 - 17),16,14,10,12,B) 14,"In Python, 31 - 17 evaluates to 14.",Python,Mathematical Operations
What is the output of: print(85 != 28),False,True,Error,None,B) True,85 != 28 evaluates to True.,Python,Conditions
What is the output of: print(7 // 4),-1,2,1,0,C) 1,"In Python, 7 // 4 evaluates to 1.",Python,Mathematical Operations
What is the output of: print(98 == 56),False,True,Error,None,A) False,98 == 56 evaluates to False.,Python,Conditions
What is the output of: print(43 + 4),47,54,60,44,A) 47,"In Python, 43 + 4 evaluates to 47.",Python,Mathematical Operations
What is the output of: print(39 > 51),True,None,False,Error,C) False,39 > 51 evaluates to False.,Python,Conditions
What is the output of: print(48 == 53),Error,True,False,None,C) False,48 == 53 evaluates to False.,Python,Conditions
What is the output of: print(4 < 85),None,True,False,Error,B) True,4 < 85 evaluates to True.,Python,Conditions
What is the output of: print(66 != 41),True,False,Error,None,A) True,66 != 41 evaluates to True.,Python,Conditions
What is the output of: print(81 >= 78),None,False,True,Error,C) True,81 >= 78 evaluates to True.,Python,Conditions
What is the output of: print(15 % 2),1,-1,3,0,A) 1,"In Python, 15 % 2 evaluates to 1.",Python,Mathematical Operations
What is the output of: print(21 + 38),57,59,63,55,B) 59,"In Python, 21 + 38 evaluates to 59.",Python,Mathematical Operations
What is the output of: print(18 * 7),122,135,110,126,D) 126,"In Python, 18 * 7 evaluates to 126.",Python,Mathematical Operations
What is the output of: print(36 == 75),Error,None,True,False,D) False,36 == 75 evaluates to False.,Python,Conditions
What is the output of: print(49 % 6),2,-1,3,1,D) 1,"In Python, 49 % 6 evaluates to 1.",Python,Mathematical Operations
What is the output of: print(29 % 7),0,1,2,3,B) 1,"In Python, 29 % 7 evaluates to 1.",Python,Mathematical Operations
What is the output of: print(45 == 35),None,Error,True,False,D) False,45 == 35 evaluates to False.,Python,Conditions
What is the output of: print(90 > 81),Error,None,False,True,D) True,90 > 81 evaluates to True.,Python,Conditions
What is the output of: print(98 == 93),Error,False,None,True,B) False,98 == 93 evaluates to False.,Python,Conditions
What is the output of: print(24 // 23),0,1,3,2,B) 1,"In Python, 24 // 23 evaluates to 1.",Python,Mathematical Operations
What is the output of: print(36 != 24),True,Error,False,None,A) True,36 != 24 evaluates to True.,Python,Conditions
What is the output of: print(53 == 54),True,Error,None,False,D) False,53 == 54 evaluates to False.,Python,Conditions
What is the output of: print(20 // 5),4,1,5,6,A) 4,"In Python, 20 // 5 evaluates to 4.",Python,Mathematical Operations
What is the output of: print(8 == 95),None,Error,False,True,C) False,8 == 95 evaluates to False.,Python,Conditions
What is the output of: print(41 * 50),2050,2281,1746,2081,A) 2050,"In Python, 41 * 50 evaluates to 2050.",Python,Mathematical Operations
What is the output of: print(20 + 2),22,29,24,25,A) 22,"In Python, 20 + 2 evaluates to 22.",Python,Mathematical Operations
What is the output of: print(3 % 48),4,3,1,5,B) 3,"In Python, 3 % 48 evaluates to 3.",Python,Mathematical Operations
What is the output of: print(27 % 8),3,1,4,5,A) 3,"In Python, 27 % 8 evaluates to 3.",Python,Mathematical Operations
What is the output of: print(83 >= 2),False,Error,None,True,D) True,83 >= 2 evaluates to True.,Python,Conditions
What is the output of: print(17 + 12),28,23,29,31,C) 29,"In Python, 17 + 12 evaluates to 29.",Python,Mathematical Operations
What is a while loop?,A loop that continues executing as long as a condition is true,A data type representing decimal (floating-point) numbers,A symbol used to perform operations on variables and values,A collection of key-value pairs in Python,A) A loop that continues executing as long as a condition is true,A while loop repeatedly executes a block of code as long as its condition remains True.,Python,Loops
What is the output of: print(15 >= 41),True,None,Error,False,D) False,15 >= 41 evaluates to False.,Python,Conditions
What is the output of: print(53 <= 72),None,False,Error,True,D) True,53 <= 72 evaluates to True.,Python,Conditions
What is the output of: print(57 != 94),True,None,False,Error,A) True,57 != 94 evaluates to True.,Python,Conditions
What is the output of: print(59 > 49),None,True,Error,False,B) True,59 > 49 evaluates to True.,Python,Conditions
What is the output of: print(87 <= 67),False,True,None,Error,A) False,87 <= 67 evaluates to False.,Python,Conditions
What is the output of: print(29 % 50),29,35,25,23,A) 29,"In Python, 29 % 50 evaluates to 29.",Python,Mathematical Operations
What is the output of: print(41 - 33),12,6,8,7,C) 8,"In Python, 41 - 33 evaluates to 8.",Python,Mathematical Operations
What is the output of: print(28 != 19),True,Error,False,None,A) True,28 != 19 evaluates to True.,Python,Conditions
What is the output of: print(29 > 8),False,True,Error,None,B) True,29 > 8 evaluates to True.,Python,Conditions
What is the output of: print(86 == 32),True,None,False,Error,C) False,86 == 32 evaluates to False.,Python,Conditions
"What is the output of: print(""AI"" + ""Sun"")",PyYes,HiNo,GoYes,AISun,D) AISun,"The + operator concatenates strings, so ""AI"" + ""Sun"" gives ""AISun"".",Python,Data Types
What is the output of: print(48 * 17),836,816,954,616,B) 816,"In Python, 48 * 17 evaluates to 816.",Python,Mathematical Operations
What is the output of: print(71 <= 24),True,None,False,Error,C) False,71 <= 24 evaluates to False.,Python,Conditions
What is the output of: print(72 < 96),True,False,Error,None,A) True,72 < 96 evaluates to True.,Python,Conditions
What is the output of: print(28 <= 91),True,None,False,Error,A) True,28 <= 91 evaluates to True.,Python,Conditions
Which of the following best describes a class (in Python)?,"A blueprint for creating objects, defining their properties and behavior","An ordered, immutable collection of items in Python",A loop that continues executing as long as a condition is true,A loop that iterates over a sequence a defined number of times,"A) A blueprint for creating objects, defining their properties and behavior","A class in Python is a blueprint used to create objects, defining their attributes and methods.",Python,Object-Oriented Programming
What is the output of: print(73 < 2),False,None,Error,True,A) False,73 < 2 evaluates to False.,Python,Conditions
What is the output of: print(3 * 50),186,116,117,150,D) 150,"In Python, 3 * 50 evaluates to 150.",Python,Mathematical Operations
What is the output of: print(73 != 78),True,Error,None,False,A) True,73 != 78 evaluates to True.,Python,Conditions
What is the output of: print(25 // 42),-2,0,2,1,B) 0,"In Python, 25 // 42 evaluates to 0.",Python,Mathematical Operations
What is the output of: print(8 + 45),57,54,53,62,C) 53,"In Python, 8 + 45 evaluates to 53.",Python,Mathematical Operations
What is the output of: print(49 * 47),2221,2148,2716,2303,D) 2303,"In Python, 49 * 47 evaluates to 2303.",Python,Mathematical Operations
What is the output of: print(59 != 25),Error,False,True,None,C) True,59 != 25 evaluates to True.,Python,Conditions
What is the output of: print(26 - 18),10,8,7,4,B) 8,"In Python, 26 - 18 evaluates to 8.",Python,Mathematical Operations
What is the output of: print(50 * 11),611,648,418,550,D) 550,"In Python, 50 * 11 evaluates to 550.",Python,Mathematical Operations
What is the output of: print(27 % 14),8,13,10,17,B) 13,"In Python, 27 % 14 evaluates to 13.",Python,Mathematical Operations
What is the output of: print(34 != 17),Error,False,None,True,D) True,34 != 17 evaluates to True.,Python,Conditions
What is the output of: print(29 % 3),3,1,2,4,C) 2,"In Python, 29 % 3 evaluates to 2.",Python,Mathematical Operations
What is the output of: print(21 - 28),-9,-7,-6,-10,B) -7,"In Python, 21 - 28 evaluates to -7.",Python,Mathematical Operations
What is the output of: print(27 == 30),True,Error,None,False,D) False,27 == 30 evaluates to False.,Python,Conditions
What is the output of: print(83 != 5),True,False,Error,None,A) True,83 != 5 evaluates to True.,Python,Conditions
What is the output of: print(23 % 6),5,2,8,7,A) 5,"In Python, 23 % 6 evaluates to 5.",Python,Mathematical Operations
What is the output of: print(81 <= 60),True,None,False,Error,C) False,81 <= 60 evaluates to False.,Python,Conditions
What is the output of: print(99 == 92),Error,False,None,True,B) False,99 == 92 evaluates to False.,Python,Conditions
What is the output of: print(83 != 9),Error,None,False,True,D) True,83 != 9 evaluates to True.,Python,Conditions
What is the output of: print(15 - 4),11,9,10,7,A) 11,"In Python, 15 - 4 evaluates to 11.",Python,Mathematical Operations
What is the output of: print(81 <= 30),False,True,None,Error,A) False,81 <= 30 evaluates to False.,Python,Conditions
What is the output of: print(17 - 2),17,13,18,15,D) 15,"In Python, 17 - 2 evaluates to 15.",Python,Mathematical Operations
What is the output of: print(58 == 32),False,True,None,Error,A) False,58 == 32 evaluates to False.,Python,Conditions
What is the output of: print(52 >= 15),Error,None,True,False,C) True,52 >= 15 evaluates to True.,Python,Conditions
What is the output of: print(30 + 33),58,57,63,75,C) 63,"In Python, 30 + 33 evaluates to 63.",Python,Mathematical Operations
What is the output of: print(24 == 86),None,True,False,Error,C) False,24 == 86 evaluates to False.,Python,Conditions
What is the output of: print(44 > 54),True,None,False,Error,C) False,44 > 54 evaluates to False.,Python,Conditions
What is the output of: print(7 * 37),196,204,247,259,D) 259,"In Python, 7 * 37 evaluates to 259.",Python,Mathematical Operations
What is the output of: print(46 % 3),2,1,0,-1,B) 1,"In Python, 46 % 3 evaluates to 1.",Python,Mathematical Operations
What is the output of: print(36 + 36),76,69,72,66,C) 72,"In Python, 36 + 36 evaluates to 72.",Python,Mathematical Operations
What is the output of: print(83 < 95),True,None,Error,False,A) True,83 < 95 evaluates to True.,Python,Conditions
What is the output of: print(21 % 26),24,22,19,21,D) 21,"In Python, 21 % 26 evaluates to 21.",Python,Mathematical Operations
What is the output of: print(43 * 10),363,449,430,419,C) 430,"In Python, 43 * 10 evaluates to 430.",Python,Mathematical Operations
What is the output of: print(43 < 94),Error,True,None,False,B) True,43 < 94 evaluates to True.,Python,Conditions
What is the output of: print(32 < 38),Error,False,True,None,C) True,32 < 38 evaluates to True.,Python,Conditions
What is the output of: print(16 == 13),None,False,True,Error,B) False,16 == 13 evaluates to False.,Python,Conditions
What is the output of: print(44 // 7),6,8,9,4,A) 6,"In Python, 44 // 7 evaluates to 6.",Python,Mathematical Operations
What is the output of: print(62 < 44),Error,False,True,None,B) False,62 < 44 evaluates to False.,Python,Conditions
What is the output of: print(88 > 94),True,Error,False,None,C) False,88 > 94 evaluates to False.,Python,Conditions
What is the output of: print(98 <= 17),Error,None,False,True,C) False,98 <= 17 evaluates to False.,Python,Conditions
What is the output of: print(16 % 24),17,16,13,11,B) 16,"In Python, 16 % 24 evaluates to 16.",Python,Mathematical Operations
What is the output of: print(3 * 26),72,78,68,96,B) 78,"In Python, 3 * 26 evaluates to 78.",Python,Mathematical Operations
What is the output of: print(43 != 61),False,None,Error,True,D) True,43 != 61 evaluates to True.,Python,Conditions
What is the output of: print(17 // 16),0,2,1,3,C) 1,"In Python, 17 // 16 evaluates to 1.",Python,Mathematical Operations
What is the output of: print(13 % 12),1,2,-1,3,A) 1,"In Python, 13 % 12 evaluates to 1.",Python,Mathematical Operations
What is the output of: print(69 != 95),True,None,False,Error,A) True,69 != 95 evaluates to True.,Python,Conditions
What is the output of: print(32 * 24),734,671,768,820,C) 768,"In Python, 32 * 24 evaluates to 768.",Python,Mathematical Operations
What is the output of: print(36 // 34),0,2,1,-1,C) 1,"In Python, 36 // 34 evaluates to 1.",Python,Mathematical Operations
What is the output of: print(26 // 9),0,1,2,3,C) 2,"In Python, 26 // 9 evaluates to 2.",Python,Mathematical Operations
What is the output of: print(14 // 23),-1,1,0,2,C) 0,"In Python, 14 // 23 evaluates to 0.",Python,Mathematical Operations
What is the output of: print(22 + 17),32,48,38,39,D) 39,"In Python, 22 + 17 evaluates to 39.",Python,Mathematical Operations
What is the output of: print(43 % 7),-1,1,2,3,B) 1,"In Python, 43 % 7 evaluates to 1.",Python,Mathematical Operations
What is the output of: print(11 < 7),Error,True,False,None,C) False,11 < 7 evaluates to False.,Python,Conditions
What is the output of: print(43 <= 88),False,Error,None,True,D) True,43 <= 88 evaluates to True.,Python,Conditions
What is the output of: print(97 < 97),Error,True,False,None,C) False,97 < 97 evaluates to False.,Python,Conditions
What is the output of: print(15 >= 31),Error,True,None,False,D) False,15 >= 31 evaluates to False.,Python,Conditions
What is the output of: print(8 - 42),-36,-37,-29,-34,D) -34,"In Python, 8 - 42 evaluates to -34.",Python,Mathematical Operations
What is the output of: print(22 >= 87),False,None,True,Error,A) False,22 >= 87 evaluates to False.,Python,Conditions
What is the output of: print(7 == 45),Error,True,False,None,C) False,7 == 45 evaluates to False.,Python,Conditions
What is the output of: print(82 <= 57),Error,None,False,True,C) False,82 <= 57 evaluates to False.,Python,Conditions
What is the output of: print(84 == 67),True,False,Error,None,B) False,84 == 67 evaluates to False.,Python,Conditions
What is the output of: print(7 % 50),7,9,6,10,A) 7,"In Python, 7 % 50 evaluates to 7.",Python,Mathematical Operations
What is the output of: print(73 != 62),None,True,Error,False,B) True,73 != 62 evaluates to True.,Python,Conditions
Which of the following best describes a comparison operator?,A conditional statement that executes code only if a condition is true,A file containing Python code that can be imported and reused,An operator used to compare two values,An instance of a class,C) An operator used to compare two values,"Comparison operators, like == and !=, are used to compare two values and return a boolean result.",Python,Operators
What is the output of: print(39 // 33),3,1,-1,0,B) 1,"In Python, 39 // 33 evaluates to 1.",Python,Mathematical Operations
What is the output of: print(70 <= 53),False,None,True,Error,A) False,70 <= 53 evaluates to False.,Python,Conditions
What is the output of: print(88 == 80),None,True,Error,False,D) False,88 == 80 evaluates to False.,Python,Conditions
What is the output of: print(42 <= 24),Error,False,None,True,B) False,42 <= 24 evaluates to False.,Python,Conditions
What is the output of: print(5 % 42),8,4,5,6,C) 5,"In Python, 5 % 42 evaluates to 5.",Python,Mathematical Operations
What is the output of: print(34 * 49),1870,1666,1904,1714,B) 1666,"In Python, 34 * 49 evaluates to 1666.",Python,Mathematical Operations
What is the output of: print(27 + 7),24,44,26,34,D) 34,"In Python, 27 + 7 evaluates to 34.",Python,Mathematical Operations
What is the output of: print(4 % 49),7,4,6,3,B) 4,"In Python, 4 % 49 evaluates to 4.",Python,Mathematical Operations
What is an operator (in Python)?,A conditional statement that executes code only if a condition is true,A loop that iterates over a sequence a defined number of times,A symbol used to perform operations on variables and values,A mechanism where a class derives properties from another class,C) A symbol used to perform operations on variables and values,"An operator is a symbol, like + or -, used to perform an operation on one or more values in Python.",Python,Operators
What is the output of: print(8 // 17),1,-1,0,2,C) 0,"In Python, 8 // 17 evaluates to 0.",Python,Mathematical Operations
What is the output of: print(44 + 44),88,101,93,72,A) 88,"In Python, 44 + 44 evaluates to 88.",Python,Mathematical Operations
What is the output of: print(86 <= 36),True,False,None,Error,B) False,86 <= 36 evaluates to False.,Python,Conditions
What is the output of: print(55 != 91),None,Error,True,False,C) True,55 != 91 evaluates to True.,Python,Conditions
What is the output of: print(67 >= 53),True,False,Error,None,A) True,67 >= 53 evaluates to True.,Python,Conditions
What is the output of: print(99 != 63),Error,False,None,True,D) True,99 != 63 evaluates to True.,Python,Conditions
What is the output of: print(77 >= 65),False,True,Error,None,B) True,77 >= 65 evaluates to True.,Python,Conditions
"What is the output of: print(""Fun"" + ""Sky"")",FunSky,HiSky,GoFun,PyGo,A) FunSky,"The + operator concatenates strings, so ""Fun"" + ""Sky"" gives ""FunSky"".",Python,Data Types
What is the output of: print(24 - 44),-22,-16,-20,-15,C) -20,"In Python, 24 - 44 evaluates to -20.",Python,Mathematical Operations
What is the output of: print(29 * 18),440,442,485,522,D) 522,"In Python, 29 * 18 evaluates to 522.",Python,Mathematical Operations
What is the output of: print(7 * 45),318,315,341,313,B) 315,"In Python, 7 * 45 evaluates to 315.",Python,Mathematical Operations
What is the output of: print(14 * 22),275,308,337,376,B) 308,"In Python, 14 * 22 evaluates to 308.",Python,Mathematical Operations
"What is the output of: print(""Ok"" + ""AI"")",HiOk,PyNo,OkAI,GoAI,C) OkAI,"The + operator concatenates strings, so ""Ok"" + ""AI"" gives ""OkAI"".",Python,Data Types
What is the output of: print(35 - 50),-15,-20,-10,-17,A) -15,"In Python, 35 - 50 evaluates to -15.",Python,Mathematical Operations
What is the output of: print(49 % 21),7,9,5,8,A) 7,"In Python, 49 % 21 evaluates to 7.",Python,Mathematical Operations
What is the output of: print(99 >= 65),True,False,Error,None,A) True,99 >= 65 evaluates to True.,Python,Conditions
What is the output of: print(1 % 40),0,1,2,-1,B) 1,"In Python, 1 % 40 evaluates to 1.",Python,Mathematical Operations
What is a for loop?,A loop that iterates over a sequence a defined number of times,An operator used to perform mathematical calculations,A data type representing True or False values,A conditional statement that executes code only if a condition is true,A) A loop that iterates over a sequence a defined number of times,"A for loop iterates over the elements of a sequence, such as a list or range, executing code for each element.",Python,Loops
What is the output of: print(83 > 42),False,Error,True,None,C) True,83 > 42 evaluates to True.,Python,Conditions
What is the output of: print(73 < 4),False,True,None,Error,A) False,73 < 4 evaluates to False.,Python,Conditions
What is the output of: print(31 * 20),646,647,620,722,C) 620,"In Python, 31 * 20 evaluates to 620.",Python,Mathematical Operations
What is the output of: print(84 < 84),Error,True,None,False,D) False,84 < 84 evaluates to False.,Python,Conditions
What is the output of: print(50 == 2),Error,None,True,False,D) False,50 == 2 evaluates to False.,Python,Conditions
What is the output of: print(16 * 14),247,224,175,281,B) 224,"In Python, 16 * 14 evaluates to 224.",Python,Mathematical Operations
What is the output of: print(20 == 3),Error,True,None,False,D) False,20 == 3 evaluates to False.,Python,Conditions
What is the output of: print(9 > 53),Error,False,True,None,B) False,9 > 53 evaluates to False.,Python,Conditions
What is the output of: print(42 % 26),14,11,15,16,D) 16,"In Python, 42 % 26 evaluates to 16.",Python,Mathematical Operations
What is the output of: print(40 == 100),True,Error,False,None,C) False,40 == 100 evaluates to False.,Python,Conditions
What is the output of: print(85 > 44),Error,False,None,True,D) True,85 > 44 evaluates to True.,Python,Conditions
What is the output of: print(9 >= 8),True,False,None,Error,A) True,9 >= 8 evaluates to True.,Python,Conditions
What is the output of: print(51 <= 21),Error,True,False,None,C) False,51 <= 21 evaluates to False.,Python,Conditions
What is the output of: print(15 % 30),14,18,15,19,C) 15,"In Python, 15 % 30 evaluates to 15.",Python,Mathematical Operations
What is the output of: print(87 <= 86),None,True,False,Error,C) False,87 <= 86 evaluates to False.,Python,Conditions
What is the output of: print(47 // 45),3,-1,2,1,D) 1,"In Python, 47 // 45 evaluates to 1.",Python,Mathematical Operations
What is the output of: print(45 != 90),False,True,Error,None,B) True,45 != 90 evaluates to True.,Python,Conditions
What is the output of: print(21 * 23),483,576,365,423,A) 483,"In Python, 21 * 23 evaluates to 483.",Python,Mathematical Operations
What is the output of: print(19 > 95),None,True,False,Error,C) False,19 > 95 evaluates to False.,Python,Conditions
"What is the output of this code?
total = 0
for i in range(16):
    total += i
print(total)",120,94,92,97,A) 120,"This loop sums integers from 0 to 15, giving 120.",Python,Loops
What is the output of: print(50 - 7),47,43,38,42,B) 43,"In Python, 50 - 7 evaluates to 43.",Python,Mathematical Operations
"What is the output of: print(""Sky"" + ""Yes"")",HiNo,PyNo,GoOk,SkyYes,D) SkyYes,"The + operator concatenates strings, so ""Sky"" + ""Yes"" gives ""SkyYes"".",Python,Data Types
What is the output of: print(66 != 80),False,Error,True,None,C) True,66 != 80 evaluates to True.,Python,Conditions
What is the output of: print(28 - 17),11,14,13,9,A) 11,"In Python, 28 - 17 evaluates to 11.",Python,Mathematical Operations
What is the output of: print(6 + 50),55,53,56,49,C) 56,"In Python, 6 + 50 evaluates to 56.",Python,Mathematical Operations
What is the output of: print(9 < 12),False,Error,True,None,C) True,9 < 12 evaluates to True.,Python,Conditions
What is the output of: print(13 != 8),None,True,Error,False,B) True,13 != 8 evaluates to True.,Python,Conditions
What is the output of: print(9 // 37),0,1,-2,-1,A) 0,"In Python, 9 // 37 evaluates to 0.",Python,Mathematical Operations
What is the output of: print(98 != 45),False,Error,True,None,C) True,98 != 45 evaluates to True.,Python,Conditions
What is the output of: print(100 <= 34),None,False,True,Error,B) False,100 <= 34 evaluates to False.,Python,Conditions
What is the output of: print(67 >= 75),Error,True,None,False,D) False,67 >= 75 evaluates to False.,Python,Conditions
What is the output of: print(30 - 35),-4,-3,-5,-8,C) -5,"In Python, 30 - 35 evaluates to -5.",Python,Mathematical Operations
What is the output of: print(30 * 14),420,487,338,418,A) 420,"In Python, 30 * 14 evaluates to 420.",Python,Mathematical Operations
What is the output of: print(45 // 48),-2,0,-1,2,B) 0,"In Python, 45 // 48 evaluates to 0.",Python,Mathematical Operations
What is the output of: print(62 != 52),False,Error,True,None,C) True,62 != 52 evaluates to True.,Python,Conditions
What is the output of: print(22 + 10),41,36,27,32,D) 32,"In Python, 22 + 10 evaluates to 32.",Python,Mathematical Operations
What is the output of: print(70 <= 69),True,Error,False,None,C) False,70 <= 69 evaluates to False.,Python,Conditions
What is the output of: print(30 - 9),21,25,27,23,A) 21,"In Python, 30 - 9 evaluates to 21.",Python,Mathematical Operations
What is the output of: print(33 <= 12),False,True,None,Error,A) False,33 <= 12 evaluates to False.,Python,Conditions
What is the output of: print(16 * 41),656,613,750,608,A) 656,"In Python, 16 * 41 evaluates to 656.",Python,Mathematical Operations
What is the output of: print(11 % 21),15,11,7,14,B) 11,"In Python, 11 % 21 evaluates to 11.",Python,Mathematical Operations
What is the output of: print(84 <= 18),None,True,False,Error,C) False,84 <= 18 evaluates to False.,Python,Conditions
What is the output of: print(14 * 4),49,56,47,62,B) 56,"In Python, 14 * 4 evaluates to 56.",Python,Mathematical Operations
What is the output of: print(38 - 35),1,3,5,4,B) 3,"In Python, 38 - 35 evaluates to 3.",Python,Mathematical Operations
What is the output of: print(30 - 48),-20,-12,-18,-15,C) -18,"In Python, 30 - 48 evaluates to -18.",Python,Mathematical Operations
What is the output of: print(81 < 32),None,Error,True,False,D) False,81 < 32 evaluates to False.,Python,Conditions
What is the output of: print(8 > 99),True,Error,False,None,C) False,8 > 99 evaluates to False.,Python,Conditions
What is the output of: print(40 // 10),7,5,4,3,C) 4,"In Python, 40 // 10 evaluates to 4.",Python,Mathematical Operations
What is the output of: print(48 > 84),False,Error,True,None,A) False,48 > 84 evaluates to False.,Python,Conditions
What is the output of: print(32 > 99),Error,True,None,False,D) False,32 > 99 evaluates to False.,Python,Conditions
What is the output of: print(6 < 90),Error,True,False,None,B) True,6 < 90 evaluates to True.,Python,Conditions
What is the output of: print(29 * 38),1213,1327,919,1102,D) 1102,"In Python, 29 * 38 evaluates to 1102.",Python,Mathematical Operations
What is the output of: print(12 + 13),25,20,27,32,A) 25,"In Python, 12 + 13 evaluates to 25.",Python,Mathematical Operations
What is the output of: print(92 != 23),True,Error,False,None,A) True,92 != 23 evaluates to True.,Python,Conditions
What is the output of: print(43 - 9),34,30,24,31,A) 34,"In Python, 43 - 9 evaluates to 34.",Python,Mathematical Operations
What is the output of: print(44 % 1),2,0,-1,1,B) 0,"In Python, 44 % 1 evaluates to 0.",Python,Mathematical Operations
What is the output of: print(27 % 25),2,1,3,4,A) 2,"In Python, 27 % 25 evaluates to 2.",Python,Mathematical Operations
What is the output of: print(44 > 63),False,None,Error,True,A) False,44 > 63 evaluates to False.,Python,Conditions
What is the output of: print(12 - 14),-2,-1,-4,-3,A) -2,"In Python, 12 - 14 evaluates to -2.",Python,Mathematical Operations
What is the output of: print(25 > 29),None,Error,True,False,D) False,25 > 29 evaluates to False.,Python,Conditions
What is the output of: print(39 < 3),False,True,None,Error,A) False,39 < 3 evaluates to False.,Python,Conditions
What is the output of: print(6 // 22),-2,0,2,1,B) 0,"In Python, 6 // 22 evaluates to 0.",Python,Mathematical Operations
What is the output of: print(54 < 58),True,Error,None,False,A) True,54 < 58 evaluates to True.,Python,Conditions
What is the output of: print(11 % 30),10,8,15,11,D) 11,"In Python, 11 % 30 evaluates to 11.",Python,Mathematical Operations
"What is the output of: print(""Sun"" + ""Sun"")",PyYes,SunSun,GoFun,HiAI,B) SunSun,"The + operator concatenates strings, so ""Sun"" + ""Sun"" gives ""SunSun"".",Python,Data Types
What is the output of: print(50 - 34),16,12,14,18,A) 16,"In Python, 50 - 34 evaluates to 16.",Python,Mathematical Operations
What is the output of: print(31 // 36),1,0,-2,-1,B) 0,"In Python, 31 // 36 evaluates to 0.",Python,Mathematical Operations
What is the output of: print(49 - 43),7,5,6,9,C) 6,"In Python, 49 - 43 evaluates to 6.",Python,Mathematical Operations
What is the output of: print(41 // 15),2,0,1,4,A) 2,"In Python, 41 // 15 evaluates to 2.",Python,Mathematical Operations
What is the output of: print(24 + 45),78,81,84,69,D) 69,"In Python, 24 + 45 evaluates to 69.",Python,Mathematical Operations
What is the output of: print(6 * 21),113,143,126,133,C) 126,"In Python, 6 * 21 evaluates to 126.",Python,Mathematical Operations
What is the output of: print(99 >= 20),False,Error,None,True,D) True,99 >= 20 evaluates to True.,Python,Conditions
What is the output of: print(50 >= 48),False,True,None,Error,B) True,50 >= 48 evaluates to True.,Python,Conditions
What is the output of: print(36 // 15),2,0,4,1,A) 2,"In Python, 36 // 15 evaluates to 2.",Python,Mathematical Operations
What is the output of: print(50 != 65),True,False,None,Error,A) True,50 != 65 evaluates to True.,Python,Conditions
What is the output of: print(68 > 63),Error,True,False,None,B) True,68 > 63 evaluates to True.,Python,Conditions
What is the output of: print(6 % 35),3,8,5,6,D) 6,"In Python, 6 % 35 evaluates to 6.",Python,Mathematical Operations
What is the output of: print(31 >= 95),True,None,Error,False,D) False,31 >= 95 evaluates to False.,Python,Conditions
What is the output of: print(44 // 46),-1,0,2,1,B) 0,"In Python, 44 // 46 evaluates to 0.",Python,Mathematical Operations
What is the output of: print(57 <= 49),None,False,True,Error,B) False,57 <= 49 evaluates to False.,Python,Conditions
What is the output of: print(20 - 29),-12,-9,-8,-5,B) -9,"In Python, 20 - 29 evaluates to -9.",Python,Mathematical Operations
What is the output of: print(10 < 43),False,Error,True,None,C) True,10 < 43 evaluates to True.,Python,Conditions
What is the output of: print(33 != 33),None,True,False,Error,C) False,33 != 33 evaluates to False.,Python,Conditions
What is the output of: print(43 // 30),0,3,1,2,C) 1,"In Python, 43 // 30 evaluates to 1.",Python,Mathematical Operations
What is the output of: print(34 - 37),-1,-2,-3,-4,C) -3,"In Python, 34 - 37 evaluates to -3.",Python,Mathematical Operations
What is the output of: print(80 > 6),False,None,True,Error,C) True,80 > 6 evaluates to True.,Python,Conditions
What is the output of: print(43 % 3),-1,2,1,0,C) 1,"In Python, 43 % 3 evaluates to 1.",Python,Mathematical Operations
What is the output of: print(23 * 38),978,874,1022,924,B) 874,"In Python, 23 * 38 evaluates to 874.",Python,Mathematical Operations
What is the output of: print(44 > 30),None,False,True,Error,C) True,44 > 30 evaluates to True.,Python,Conditions
What is the output of: print(43 == 36),Error,False,True,None,B) False,43 == 36 evaluates to False.,Python,Conditions
What is the output of: print(43 <= 90),None,True,Error,False,B) True,43 <= 90 evaluates to True.,Python,Conditions
What is the output of: print(35 // 46),-1,1,-2,0,D) 0,"In Python, 35 // 46 evaluates to 0.",Python,Mathematical Operations
What is the output of: print(42 // 36),0,1,3,2,B) 1,"In Python, 42 // 36 evaluates to 1.",Python,Mathematical Operations
"What is the output of: print(len(""boolean""))",7,5,4,10,A) 7,"The string ""boolean"" has 7 characters, so len() returns 7.",Python,Data Types
What is the output of: print(38 <= 28),Error,False,True,None,B) False,38 <= 28 evaluates to False.,Python,Conditions
What is the output of: print(5 >= 37),False,None,True,Error,A) False,5 >= 37 evaluates to False.,Python,Conditions
What is the output of: print(24 * 41),1076,1112,984,1129,C) 984,"In Python, 24 * 41 evaluates to 984.",Python,Mathematical Operations
What is the output of: print(14 + 17),31,37,32,26,A) 31,"In Python, 14 + 17 evaluates to 31.",Python,Mathematical Operations
What is the output of: print(7 // 12),2,-1,0,1,C) 0,"In Python, 7 // 12 evaluates to 0.",Python,Mathematical Operations
What is the output of: print(55 == 2),True,None,Error,False,D) False,55 == 2 evaluates to False.,Python,Conditions
What is the output of: print(13 < 80),None,True,False,Error,B) True,13 < 80 evaluates to True.,Python,Conditions
What is len()?,A named location used to store a value in memory,A built-in function that returns the number of items in an object,An unordered collection of unique items in Python,A data type representing whole numbers,B) A built-in function that returns the number of items in an object,"The len() function returns the number of items in a Python object, such as a list or string.",Python,Python Basics
What is the output of: print(14 + 37),61,44,49,51,D) 51,"In Python, 14 + 37 evaluates to 51.",Python,Mathematical Operations
What is the output of: print(8 > 9),True,None,Error,False,D) False,8 > 9 evaluates to False.,Python,Conditions
What is the output of: print(20 <= 13),True,None,Error,False,D) False,20 <= 13 evaluates to False.,Python,Conditions
What is the output of: print(55 < 50),Error,True,None,False,D) False,55 < 50 evaluates to False.,Python,Conditions
What is the output of: print(16 % 9),10,7,6,4,B) 7,"In Python, 16 % 9 evaluates to 7.",Python,Mathematical Operations
What is the output of: print(99 != 86),None,Error,True,False,C) True,99 != 86 evaluates to True.,Python,Conditions
What is the output of: print(24 % 26),24,25,28,17,A) 24,"In Python, 24 % 26 evaluates to 24.",Python,Mathematical Operations
What is the output of: print(84 > 13),None,False,True,Error,C) True,84 > 13 evaluates to True.,Python,Conditions
What is the output of: print(38 // 2),19,17,14,15,A) 19,"In Python, 38 // 2 evaluates to 19.",Python,Mathematical Operations
What is the output of: print(93 <= 65),Error,True,False,None,C) False,93 <= 65 evaluates to False.,Python,Conditions
What is the output of: print(37 > 87),True,Error,False,None,C) False,37 > 87 evaluates to False.,Python,Conditions
What is the output of: print(87 <= 26),True,False,None,Error,B) False,87 <= 26 evaluates to False.,Python,Conditions
What is the output of: print(56 >= 85),True,Error,None,False,D) False,56 >= 85 evaluates to False.,Python,Conditions
What is the output of: print(51 != 51),Error,False,True,None,B) False,51 != 51 evaluates to False.,Python,Conditions
What is the output of: print(70 >= 81),False,Error,True,None,A) False,70 >= 81 evaluates to False.,Python,Conditions
What is the output of: print(76 < 57),True,Error,None,False,D) False,76 < 57 evaluates to False.,Python,Conditions
"What is the output of: print(""Go"" + ""AI"")",GoAI,HiHi,PyFun,OkNo,A) GoAI,"The + operator concatenates strings, so ""Go"" + ""AI"" gives ""GoAI"".",Python,Data Types
"What is the output of: print(""Fun"" + ""Hi"")",FunHi,GoNo,HiSun,PySky,A) FunHi,"The + operator concatenates strings, so ""Fun"" + ""Hi"" gives ""FunHi"".",Python,Data Types
What is the output of: print(27 % 11),7,5,6,4,B) 5,"In Python, 27 % 11 evaluates to 5.",Python,Mathematical Operations
What is a set?,"A reusable block of code that performs a specific task, defined with 'def'",An operator used to perform mathematical calculations,An unordered collection of unique items in Python,A mechanism where a class derives properties from another class,C) An unordered collection of unique items in Python,"A set is an unordered collection of unique items in Python, defined using curly braces.",Python,Dictionaries & Sets
"What is the output of: print(""Ok"" + ""Py"")",HiGo,OkPy,PyYes,GoSun,B) OkPy,"The + operator concatenates strings, so ""Ok"" + ""Py"" gives ""OkPy"".",Python,Data Types
What is the output of: print(30 * 10),338,300,283,229,B) 300,"In Python, 30 * 10 evaluates to 300.",Python,Mathematical Operations
What is the output of: print(12 * 43),440,516,582,471,B) 516,"In Python, 12 * 43 evaluates to 516.",Python,Mathematical Operations
What is the output of: print(74 >= 27),Error,False,None,True,D) True,74 >= 27 evaluates to True.,Python,Conditions
What is the output of: print(12 * 49),667,558,630,588,D) 588,"In Python, 12 * 49 evaluates to 588.",Python,Mathematical Operations
What is the output of: print(34 * 16),665,544,556,499,B) 544,"In Python, 34 * 16 evaluates to 544.",Python,Mathematical Operations
What is the output of: print(2 == 94),False,Error,None,True,A) False,2 == 94 evaluates to False.,Python,Conditions
What is the output of: print(86 > 98),False,None,Error,True,A) False,86 > 98 evaluates to False.,Python,Conditions
What is the output of: print(22 - 37),-15,-10,-13,-16,A) -15,"In Python, 22 - 37 evaluates to -15.",Python,Mathematical Operations
What is the output of: print(90 > 26),True,False,Error,None,A) True,90 > 26 evaluates to True.,Python,Conditions
What is the output of: print(52 != 73),None,Error,True,False,C) True,52 != 73 evaluates to True.,Python,Conditions
What is the output of: print(89 != 85),False,None,True,Error,C) True,89 != 85 evaluates to True.,Python,Conditions
What is the output of: print(10 * 16),138,174,167,160,D) 160,"In Python, 10 * 16 evaluates to 160.",Python,Mathematical Operations
What is the output of: print(36 % 43),37,36,46,47,B) 36,"In Python, 36 % 43 evaluates to 36.",Python,Mathematical Operations
What is the output of: print(6 >= 28),True,False,None,Error,B) False,6 >= 28 evaluates to False.,Python,Conditions
What is the output of: print(12 % 3),0,1,2,-1,A) 0,"In Python, 12 % 3 evaluates to 0.",Python,Mathematical Operations
What is the output of: print(48 + 45),104,93,107,85,B) 93,"In Python, 48 + 45 evaluates to 93.",Python,Mathematical Operations
What is the output of: print(1 + 21),22,17,19,21,A) 22,"In Python, 1 + 21 evaluates to 22.",Python,Mathematical Operations
What is the output of: print(37 // 34),3,1,0,2,B) 1,"In Python, 37 // 34 evaluates to 1.",Python,Mathematical Operations
What is the output of: print(88 < 26),True,Error,None,False,D) False,88 < 26 evaluates to False.,Python,Conditions
What is the output of: print(49 % 35),15,14,17,9,B) 14,"In Python, 49 % 35 evaluates to 14.",Python,Mathematical Operations
What is the output of: print(55 != 21),False,None,True,Error,C) True,55 != 21 evaluates to True.,Python,Conditions
What is the output of: print(76 != 93),False,True,None,Error,B) True,76 != 93 evaluates to True.,Python,Conditions
What is the output of: print(41 // 23),0,1,-1,3,B) 1,"In Python, 41 // 23 evaluates to 1.",Python,Mathematical Operations
What is the output of: print(94 < 60),None,False,Error,True,B) False,94 < 60 evaluates to False.,Python,Conditions
What is the output of: print(6 // 12),1,-1,2,0,D) 0,"In Python, 6 // 12 evaluates to 0.",Python,Mathematical Operations
What is the output of: print(24 >= 6),True,None,Error,False,A) True,24 >= 6 evaluates to True.,Python,Conditions
What is the output of: print(20 * 16),250,318,296,320,D) 320,"In Python, 20 * 16 evaluates to 320.",Python,Mathematical Operations
What is the output of: print(59 != 64),None,False,True,Error,C) True,59 != 64 evaluates to True.,Python,Conditions
What is the output of: print(52 == 62),True,Error,False,None,C) False,52 == 62 evaluates to False.,Python,Conditions
What is the output of: print(50 - 20),28,26,21,30,D) 30,"In Python, 50 - 20 evaluates to 30.",Python,Mathematical Operations
What is the output of: print(60 < 39),Error,False,None,True,B) False,60 < 39 evaluates to False.,Python,Conditions
"What is the output of: print(""Fun"" + ""Yes"")",GoGo,PyYes,FunYes,HiHi,C) FunYes,"The + operator concatenates strings, so ""Fun"" + ""Yes"" gives ""FunYes"".",Python,Data Types
What is the output of: print(57 <= 23),True,False,None,Error,B) False,57 <= 23 evaluates to False.,Python,Conditions
What is the output of: print(50 % 4),1,0,4,2,D) 2,"In Python, 50 % 4 evaluates to 2.",Python,Mathematical Operations
What is the output of: print(21 > 71),True,False,Error,None,B) False,21 > 71 evaluates to False.,Python,Conditions
What is the output of: print(42 < 67),Error,False,True,None,C) True,42 < 67 evaluates to True.,Python,Conditions
What is the output of: print(53 >= 3),Error,True,None,False,B) True,53 >= 3 evaluates to True.,Python,Conditions
What is the output of: print(48 >= 81),True,False,None,Error,B) False,48 >= 81 evaluates to False.,Python,Conditions
What is the output of: print(23 // 43),0,-2,2,1,A) 0,"In Python, 23 // 43 evaluates to 0.",Python,Mathematical Operations
What is the output of: print(98 >= 20),True,None,False,Error,A) True,98 >= 20 evaluates to True.,Python,Conditions
What is the output of: print(18 // 50),2,-2,0,1,C) 0,"In Python, 18 // 50 evaluates to 0.",Python,Mathematical Operations
What is the output of: print(20 > 23),False,Error,True,None,A) False,20 > 23 evaluates to False.,Python,Conditions
What is the output of: print(10 + 32),41,42,38,51,B) 42,"In Python, 10 + 32 evaluates to 42.",Python,Mathematical Operations
What is the output of: print(40 // 37),2,0,3,1,D) 1,"In Python, 40 // 37 evaluates to 1.",Python,Mathematical Operations
What is the output of: print(23 + 45),72,69,49,68,D) 68,"In Python, 23 + 45 evaluates to 68.",Python,Mathematical Operations
What is the output of: print(3 // 36),0,-1,-2,2,A) 0,"In Python, 3 // 36 evaluates to 0.",Python,Mathematical Operations
What is the output of: print(76 >= 12),Error,None,False,True,D) True,76 >= 12 evaluates to True.,Python,Conditions
What is the output of: print(47 <= 82),Error,None,False,True,D) True,47 <= 82 evaluates to True.,Python,Conditions
"What is the output of: print(""Yes"" + ""Go"")",GoNo,PySky,HiGo,YesGo,D) YesGo,"The + operator concatenates strings, so ""Yes"" + ""Go"" gives ""YesGo"".",Python,Data Types
What is the output of: print(80 <= 36),False,True,None,Error,A) False,80 <= 36 evaluates to False.,Python,Conditions
What is the output of: print(17 * 11),187,216,185,139,A) 187,"In Python, 17 * 11 evaluates to 187.",Python,Mathematical Operations
What is the output of: print(29 == 76),True,Error,None,False,D) False,29 == 76 evaluates to False.,Python,Conditions
What is the output of: print(3 < 69),Error,False,None,True,D) True,3 < 69 evaluates to True.,Python,Conditions
What is the output of: print(49 < 21),Error,False,True,None,B) False,49 < 21 evaluates to False.,Python,Conditions
What is the output of: print(23 < 77),None,True,Error,False,B) True,23 < 77 evaluates to True.,Python,Conditions
What is the output of: print(82 < 97),Error,None,False,True,D) True,82 < 97 evaluates to True.,Python,Conditions
What is the output of: print(89 < 66),False,True,Error,None,A) False,89 < 66 evaluates to False.,Python,Conditions
What is the output of: print(74 > 73),None,False,Error,True,D) True,74 > 73 evaluates to True.,Python,Conditions
What is the output of: print(47 + 4),64,51,63,50,B) 51,"In Python, 47 + 4 evaluates to 51.",Python,Mathematical Operations
Which of the following best describes an arithmetic operator?,An operator used to perform mathematical calculations,A data type representing whole numbers,A conditional statement that executes code only if a condition is true,"A blueprint for creating objects, defining their properties and behavior",A) An operator used to perform mathematical calculations,"Arithmetic operators, like +, -, *, and /, are used to perform mathematical calculations in Python.",Python,Operators
What is the output of: print(94 != 30),False,None,Error,True,D) True,94 != 30 evaluates to True.,Python,Conditions
