Question,Option A,Option B,Option C,Option D,Correct Answer,Solution/Explanation,Category,Subcategory
Choose the correct answer: Who is credited with formulating the laws of motion and universal gravitation?,Rachel Carson,Alan Turing,Vikram Sarabhai,Isaac Newton,D) Isaac Newton,"Sir Isaac Newton formulated the laws of motion and the law of universal gravitation, foundational to classical physics.",Scientists,Physicists
Choose the correct answer: Who is known for pioneering contributions to genetics through experiments with pea plants?,James Watson,Homi J. Bhabha,Louis Pasteur,Gregor Mendel,D) Gregor Mendel,Gregor Mendel conducted pioneering experiments with pea plants that laid the foundation for the modern science of genetics.,Scientists,Biologists
"Which option correctly answers this: Who is credited as a pioneer of rocketry and space science in India, associated with early sounding rocket launches?",C. V. Raman,Vikram Sarabhai,Alexander Graham Bell,Charles Darwin,B) Vikram Sarabhai,"Vikram Sarabhai pioneered India's early rocketry and space science efforts, leading to the founding of ISRO.",Scientists,Space Scientists
Quiz question: Who is known as the father of the Indian space programme?,Albert Einstein,Vikram Sarabhai,Marie Curie,Edward Jenner,B) Vikram Sarabhai,"Vikram Sarabhai is widely regarded as the father of the Indian space programme, founding what became ISRO.",Scientists,Indian Scientists
Which option correctly answers this: Who developed the heliocentric model placing the Sun at the center of the Solar System?,Nicolaus Copernicus,Jagadish Chandra Bose,Marie Curie,James Watt,A) Nicolaus Copernicus,"Nicolaus Copernicus proposed the heliocentric model, which placed the Sun, rather than the Earth, at the center of the Solar System.",Scientists,Astronomers
"Choose the correct answer: Who is regarded as a founding figure of modern computer science, known for his work on computation and code-breaking during WWII?",Isaac Newton,James Watt,Homi J. Bhabha,Alan Turing,D) Alan Turing,"Alan Turing is regarded as a founding figure of computer science, known for his theoretical work and code-breaking during World War II.",Scientists,Computer Scientists
"Who is known for pioneering research in electricity and magnetism, with the SI unit of capacitance named after him?",Tim Berners-Lee,Michael Faraday,Homi J. Bhabha,Aryabhata,B) Michael Faraday,"Michael Faraday made pioneering contributions to the study of electromagnetism, and the SI unit of capacitance, the farad, is named after him.",Scientists,Physicists
"Choose the correct answer: Who is known for environmental scientific contributions and advocacy that led to a global ban on the pesticide DDT, through her writing?",Charles Darwin,Nicolaus Copernicus,Rachel Carson,Marie Curie,C) Rachel Carson,"Rachel Carson's writing, particularly 'Silent Spring', raised awareness about pesticide dangers and contributed to environmental policy changes, including DDT restrictions.",Scientists,Environmental Scientists
Which option correctly answers this: Who discovered penicillin?,Rachel Carson,Alan Turing,Albert Einstein,Alexander Fleming,D) Alexander Fleming,"Alexander Fleming discovered penicillin in 1928, leading to the development of antibiotics.",Scientists,Medical Scientists
Who developed the theory of general relativity?,C. V. Raman,Albert Einstein,Rachel Carson,Alan Turing,B) Albert Einstein,"Albert Einstein developed the theory of general relativity, revolutionizing the understanding of gravity, space, and time.",Scientists,World Scientists
Quiz question: Who discovered penicillin?,Alfred Wegener,Charles Darwin,Louis Pasteur,Alexander Fleming,D) Alexander Fleming,"Alexander Fleming discovered penicillin in 1928, leading to the development of antibiotics.",Scientists,Medical Scientists
Who developed the first successful vaccine against rabies?,Louis Pasteur,Galileo Galilei,Nicolaus Copernicus,Michael Faraday,A) Louis Pasteur,"Louis Pasteur developed the first successful vaccine against rabies, among his many other contributions to microbiology.",Scientists,Medical Scientists
Which option correctly answers this: Who is known as the father of the Indian space programme?,Jonas Salk,Vikram Sarabhai,Nicolaus Copernicus,Dmitri Mendeleev,B) Vikram Sarabhai,"Vikram Sarabhai is widely regarded as the father of the Indian space programme, founding what became ISRO.",Scientists,Indian Scientists
Choose the correct answer: Who developed the theory of general relativity?,Albert Einstein,Alan Turing,Alexander Fleming,Charles Darwin,A) Albert Einstein,"Albert Einstein developed the theory of general relativity, revolutionizing the understanding of gravity, space, and time.",Scientists,World Scientists
"Choose the correct answer: Who was the first woman to win a Nobel Prize, and the only person to win Nobel Prizes in two different sciences?",Edward Jenner,Vikram Sarabhai,Marie Curie,Homi J. Bhabha,C) Marie Curie,Marie Curie was the first woman to win a Nobel Prize and remains the only person to win Nobel Prizes in two different scientific fields.,Scientists,Nobel Prize Scientists
"Who is credited with discovering the structure of DNA, along with Francis Crick?",James Watson,Marie Curie (along with Pierre Curie and Henri Becquerel),Rachel Carson,Edward Jenner,A) James Watson,"James Watson, along with Francis Crick, is credited with discovering the double-helix structure of DNA in 1953.",Scientists,Biologists
Which option correctly answers this: Who is known for developing the theory of continental drift?,Jagadish Chandra Bose,Alfred Wegener,Isaac Newton,Homi J. Bhabha,B) Alfred Wegener,"Alfred Wegener proposed the theory of continental drift, suggesting that continents were once joined and have since drifted apart.",Scientists,World Scientists
Who invented the World Wide Web?,Jonas Salk,Dmitri Mendeleev,Tim Berners-Lee,Marie Curie,C) Tim Berners-Lee,Tim Berners-Lee invented the World Wide Web in 1989 while working at CERN.,Scientists,Computer Scientists
Choose the correct answer: Who is famous for his observations supporting the heliocentric model using an early telescope?,Rachel Carson,Dmitri Mendeleev,Galileo Galilei,Gregor Mendel,C) Galileo Galilei,"Galileo Galilei made key astronomical observations using an early telescope, providing evidence supporting the heliocentric model.",Scientists,Astronomers
"Who discovered radioactivity, sharing a Nobel Prize for the work?",Gregor Mendel,Alan Turing,J. J. Thomson,Marie Curie (along with Pierre Curie and Henri Becquerel),D) Marie Curie (along with Pierre Curie and Henri Becquerel),"Marie Curie, along with Pierre Curie and Henri Becquerel, is credited with pioneering research on radioactivity.",Scientists,Women Scientists
Who is known for pioneering contributions to genetics through experiments with pea plants?,Gregor Mendel,James Watt,Alexander Graham Bell,Edward Jenner,A) Gregor Mendel,Gregor Mendel conducted pioneering experiments with pea plants that laid the foundation for the modern science of genetics.,Scientists,Biologists
"Quiz question: Who is known for pioneering research in electricity and magnetism, with the SI unit of capacitance named after him?",Aryabhata,Tim Berners-Lee,Michael Faraday,Albert Einstein,C) Michael Faraday,"Michael Faraday made pioneering contributions to the study of electromagnetism, and the SI unit of capacitance, the farad, is named after him.",Scientists,Physicists
"Choose the correct answer: Who is credited as a pioneer of rocketry and space science in India, associated with early sounding rocket launches?",Homi J. Bhabha,Marie Curie (along with Pierre Curie and Henri Becquerel),Stephen Hawking,Vikram Sarabhai,D) Vikram Sarabhai,"Vikram Sarabhai pioneered India's early rocketry and space science efforts, leading to the founding of ISRO.",Scientists,Space Scientists
"Who is credited with discovering the structure of DNA, along with Francis Crick?",Gregor Mendel,Louis Pasteur,James Watson,C. V. Raman,C) James Watson,"James Watson, along with Francis Crick, is credited with discovering the double-helix structure of DNA in 1953.",Scientists,Biologists
Choose the correct answer: Who is credited with inventing the telephone?,C. V. Raman,Louis Pasteur,Alexander Graham Bell,Jagadish Chandra Bose,C) Alexander Graham Bell,Alexander Graham Bell is credited with inventing the first practical telephone in 1876.,Scientists,World Scientists
Choose the correct answer: Who discovered the law of buoyancy while reportedly in a bathtub?,Rachel Carson,Alexander Graham Bell,Archimedes,Alfred Wegener,C) Archimedes,"Archimedes is credited with discovering the principle of buoyancy, famously said to have realized it while in his bath.",Scientists,Mathematicians
"Choose the correct answer: Who discovered radioactivity, sharing a Nobel Prize for the work?",Rachel Carson,Aryabhata,Marie Curie (along with Pierre Curie and Henri Becquerel),Jagadish Chandra Bose,C) Marie Curie (along with Pierre Curie and Henri Becquerel),"Marie Curie, along with Pierre Curie and Henri Becquerel, is credited with pioneering research on radioactivity.",Scientists,Women Scientists
Quiz question: Who developed the theory of general relativity's application in understanding black holes and co-authored influential works on space-time?,Jagadish Chandra Bose,Stephen Hawking,James Watt,Aryabhata,B) Stephen Hawking,Stephen Hawking made significant contributions to the understanding of black holes and cosmology within the framework of general relativity.,Scientists,Physicists
"Which option correctly answers this: Who is regarded as a founding figure of modern computer science, known for his work on computation and code-breaking during WWII?",Homi J. Bhabha,James Watson,Alan Turing,Jagadish Chandra Bose,C) Alan Turing,"Alan Turing is regarded as a founding figure of computer science, known for his theoretical work and code-breaking during World War II.",Scientists,Computer Scientists
Which option correctly answers this: Who is known for pioneering contributions to genetics through experiments with pea plants?,Isaac Newton,Jagadish Chandra Bose,Gregor Mendel,Marie Curie (along with Pierre Curie and Henri Becquerel),C) Gregor Mendel,Gregor Mendel conducted pioneering experiments with pea plants that laid the foundation for the modern science of genetics.,Scientists,Biologists
Choose the correct answer: Who is known as the father of the Indian space programme?,James Watt,Vikram Sarabhai,Galileo Galilei,J. J. Thomson,B) Vikram Sarabhai,"Vikram Sarabhai is widely regarded as the father of the Indian space programme, founding what became ISRO.",Scientists,Indian Scientists
"Which option correctly answers this: Which Indian scientist is known for his experiments demonstrating that plants have life-like responses, using an instrument called the crescograph?",Alexander Graham Bell,Tim Berners-Lee,Jagadish Chandra Bose,James Watson,C) Jagadish Chandra Bose,"Jagadish Chandra Bose conducted pioneering experiments showing life-like responses in plants using his invented instrument, the crescograph.",Scientists,Indian Scientists
Quiz question: Who is known for pioneering contributions to genetics through experiments with pea plants?,Gregor Mendel,Alan Turing,Tim Berners-Lee,Archimedes,A) Gregor Mendel,Gregor Mendel conducted pioneering experiments with pea plants that laid the foundation for the modern science of genetics.,Scientists,Biologists
"Which option correctly answers this: Which Indian scientist is known for his experiments demonstrating that plants have life-like responses, using an instrument called the crescograph?",Jagadish Chandra Bose,Alexander Graham Bell,Marie Curie,Jonas Salk,A) Jagadish Chandra Bose,"Jagadish Chandra Bose conducted pioneering experiments showing life-like responses in plants using his invented instrument, the crescograph.",Scientists,Indian Scientists
"Choose the correct answer: Who is credited with discovering the structure of DNA, along with Francis Crick?",Albert Einstein,James Watson,Jagadish Chandra Bose,Dmitri Mendeleev,B) James Watson,"James Watson, along with Francis Crick, is credited with discovering the double-helix structure of DNA in 1953.",Scientists,Biologists
Who is credited with discovering the electron?,Michael Faraday,Nicolaus Copernicus,J. J. Thomson,Gregor Mendel,C) J. J. Thomson,"J. J. Thomson is credited with discovering the electron in 1897, a foundational discovery in atomic physics.",Scientists,Physicists
Choose the correct answer: Who developed the heliocentric model placing the Sun at the center of the Solar System?,Nicolaus Copernicus,Jonas Salk,Stephen Hawking,James Watson,A) Nicolaus Copernicus,"Nicolaus Copernicus proposed the heliocentric model, which placed the Sun, rather than the Earth, at the center of the Solar System.",Scientists,Astronomers
Choose the correct answer: Who is known for developing the theory of continental drift?,Archimedes,Marie Curie,Gregor Mendel,Alfred Wegener,D) Alfred Wegener,"Alfred Wegener proposed the theory of continental drift, suggesting that continents were once joined and have since drifted apart.",Scientists,World Scientists
Choose the correct answer: Who is known for developing the theory of continental drift?,Alfred Wegener,Alexander Graham Bell,Jagadish Chandra Bose,Marie Curie,A) Alfred Wegener,"Alfred Wegener proposed the theory of continental drift, suggesting that continents were once joined and have since drifted apart.",Scientists,World Scientists
Which option correctly answers this: Who is regarded as the father of India's nuclear programme?,James Watt,C. V. Raman,Marie Curie,Homi J. Bhabha,D) Homi J. Bhabha,Homi J. Bhabha is regarded as the father of India's nuclear programme and founded the Tata Institute of Fundamental Research.,Scientists,Indian Scientists
Who discovered the law of buoyancy while reportedly in a bathtub?,James Watt,Archimedes,Charles Darwin,Gregor Mendel,B) Archimedes,"Archimedes is credited with discovering the principle of buoyancy, famously said to have realized it while in his bath.",Scientists,Mathematicians
Quiz question: Who invented the World Wide Web?,Tim Berners-Lee,Alexander Graham Bell,Marie Curie (along with Pierre Curie and Henri Becquerel),Louis Pasteur,A) Tim Berners-Lee,Tim Berners-Lee invented the World Wide Web in 1989 while working at CERN.,Scientists,Computer Scientists
"Quiz question: Who is credited with discovering the structure of DNA, along with Francis Crick?",Marie Curie,Jagadish Chandra Bose,Aryabhata,James Watson,D) James Watson,"James Watson, along with Francis Crick, is credited with discovering the double-helix structure of DNA in 1953.",Scientists,Biologists
Who proposed the theory of evolution by natural selection?,Marie Curie,Charles Darwin,Vikram Sarabhai,Aryabhata,B) Charles Darwin,Charles Darwin proposed the theory of evolution by natural selection in his book 'On the Origin of Species'.,Scientists,Biologists
"Quiz question: Who is credited with discovering the structure of DNA, along with Francis Crick?",James Watson,Nicolaus Copernicus,Edward Jenner,Vikram Sarabhai,A) James Watson,"James Watson, along with Francis Crick, is credited with discovering the double-helix structure of DNA in 1953.",Scientists,Biologists
"Choose the correct answer: Who is credited as a pioneer of rocketry and space science in India, associated with early sounding rocket launches?",Vikram Sarabhai,J. J. Thomson,Galileo Galilei,C. V. Raman,A) Vikram Sarabhai,"Vikram Sarabhai pioneered India's early rocketry and space science efforts, leading to the founding of ISRO.",Scientists,Space Scientists
"Choose the correct answer: Who is credited with discovering the structure of DNA, along with Francis Crick?",Alexander Fleming,Alfred Wegener,Edward Jenner,James Watson,D) James Watson,"James Watson, along with Francis Crick, is credited with discovering the double-helix structure of DNA in 1953.",Scientists,Biologists
"Choose the correct answer: Who is known for pioneering research in electricity and magnetism, with the SI unit of capacitance named after him?",Alexander Graham Bell,Michael Faraday,Galileo Galilei,Jagadish Chandra Bose,B) Michael Faraday,"Michael Faraday made pioneering contributions to the study of electromagnetism, and the SI unit of capacitance, the farad, is named after him.",Scientists,Physicists
"Choose the correct answer: Who was the first woman to win a Nobel Prize, and the only person to win Nobel Prizes in two different sciences?",Jagadish Chandra Bose,Alfred Wegener,Nicolaus Copernicus,Marie Curie,D) Marie Curie,Marie Curie was the first woman to win a Nobel Prize and remains the only person to win Nobel Prizes in two different scientific fields.,Scientists,Nobel Prize Scientists
Who is regarded as the father of India's nuclear programme?,J. J. Thomson,Edward Jenner,C. V. Raman,Homi J. Bhabha,D) Homi J. Bhabha,Homi J. Bhabha is regarded as the father of India's nuclear programme and founded the Tata Institute of Fundamental Research.,Scientists,Indian Scientists
"Choose the correct answer: Who developed the smallpox vaccine, a major milestone in the history of immunology?",Edward Jenner,Alfred Wegener,James Watt,Charles Darwin,A) Edward Jenner,"Edward Jenner developed the world's first successful smallpox vaccine in the late 18th century, a major milestone in immunology.",Scientists,Medical Scientists
Quiz question: Who is regarded as the father of India's nuclear programme?,Homi J. Bhabha,Charles Darwin,Aryabhata,J. J. Thomson,A) Homi J. Bhabha,Homi J. Bhabha is regarded as the father of India's nuclear programme and founded the Tata Institute of Fundamental Research.,Scientists,Indian Scientists
"Quiz question: Who is credited with discovering the structure of DNA, along with Francis Crick?",James Watt,Jagadish Chandra Bose,James Watson,Tim Berners-Lee,C) James Watson,"James Watson, along with Francis Crick, is credited with discovering the double-helix structure of DNA in 1953.",Scientists,Biologists
"Which option correctly answers this: Who is known for environmental scientific contributions and advocacy that led to a global ban on the pesticide DDT, through her writing?",Charles Darwin,J. J. Thomson,Vikram Sarabhai,Rachel Carson,D) Rachel Carson,"Rachel Carson's writing, particularly 'Silent Spring', raised awareness about pesticide dangers and contributed to environmental policy changes, including DDT restrictions.",Scientists,Environmental Scientists
Quiz question: Who proposed the theory of evolution by natural selection?,Alan Turing,Michael Faraday,Charles Darwin,Louis Pasteur,C) Charles Darwin,Charles Darwin proposed the theory of evolution by natural selection in his book 'On the Origin of Species'.,Scientists,Biologists
Quiz question: Who is known for pioneering contributions to genetics through experiments with pea plants?,Aryabhata,Tim Berners-Lee,Gregor Mendel,Marie Curie,C) Gregor Mendel,Gregor Mendel conducted pioneering experiments with pea plants that laid the foundation for the modern science of genetics.,Scientists,Biologists
"Who was the first woman to win a Nobel Prize, and the only person to win Nobel Prizes in two different sciences?",C. V. Raman,Vikram Sarabhai,Marie Curie,Isaac Newton,C) Marie Curie,Marie Curie was the first woman to win a Nobel Prize and remains the only person to win Nobel Prizes in two different scientific fields.,Scientists,Nobel Prize Scientists
Who is known as the father of the Indian space programme?,Vikram Sarabhai,Tim Berners-Lee,Dmitri Mendeleev,Alexander Fleming,A) Vikram Sarabhai,"Vikram Sarabhai is widely regarded as the father of the Indian space programme, founding what became ISRO.",Scientists,Indian Scientists
Choose the correct answer: Who is credited with inventing the telephone?,Alexander Graham Bell,Rachel Carson,Louis Pasteur,Dmitri Mendeleev,A) Alexander Graham Bell,Alexander Graham Bell is credited with inventing the first practical telephone in 1876.,Scientists,World Scientists
Quiz question: Who is credited with formulating the laws of motion and universal gravitation?,Isaac Newton,Jagadish Chandra Bose,Charles Darwin,Albert Einstein,A) Isaac Newton,"Sir Isaac Newton formulated the laws of motion and the law of universal gravitation, foundational to classical physics.",Scientists,Physicists
Choose the correct answer: Who developed the theory of general relativity's application in understanding black holes and co-authored influential works on space-time?,Isaac Newton,Rachel Carson,Vikram Sarabhai,Stephen Hawking,D) Stephen Hawking,Stephen Hawking made significant contributions to the understanding of black holes and cosmology within the framework of general relativity.,Scientists,Physicists
Who developed the polio vaccine widely used in the 1950s?,Edward Jenner,Jonas Salk,Alan Turing,Charles Darwin,B) Jonas Salk,"Jonas Salk developed one of the first successful and widely used polio vaccines, introduced in 1955.",Scientists,Medical Scientists
Who developed the mathematical concept of zero as a number and made major contributions to Indian mathematics and astronomy?,J. J. Thomson,Homi J. Bhabha,Alexander Fleming,Aryabhata,D) Aryabhata,"Aryabhata, an ancient Indian mathematician and astronomer, made significant contributions to mathematics, including work related to the concept of zero.",Scientists,Mathematicians
Which option correctly answers this: Who is credited with developing the first practical steam engine widely used in industry?,Homi J. Bhabha,James Watt,Alfred Wegener,Jagadish Chandra Bose,B) James Watt,"James Watt significantly improved the steam engine, making it far more efficient and practical for widespread industrial use.",Scientists,World Scientists
Who is known for pioneering contributions to genetics through experiments with pea plants?,Aryabhata,Homi J. Bhabha,Gregor Mendel,Alfred Wegener,C) Gregor Mendel,Gregor Mendel conducted pioneering experiments with pea plants that laid the foundation for the modern science of genetics.,Scientists,Biologists
"Choose the correct answer: Who discovered radioactivity, sharing a Nobel Prize for the work?",J. J. Thomson,Edward Jenner,Marie Curie (along with Pierre Curie and Henri Becquerel),Marie Curie,C) Marie Curie (along with Pierre Curie and Henri Becquerel),"Marie Curie, along with Pierre Curie and Henri Becquerel, is credited with pioneering research on radioactivity.",Scientists,Women Scientists
Who is known as the father of the Indian space programme?,Vikram Sarabhai,Charles Darwin,Tim Berners-Lee,Alexander Fleming,A) Vikram Sarabhai,"Vikram Sarabhai is widely regarded as the father of the Indian space programme, founding what became ISRO.",Scientists,Indian Scientists
Which option correctly answers this: Who invented the World Wide Web?,Alexander Fleming,Tim Berners-Lee,James Watt,Gregor Mendel,B) Tim Berners-Lee,Tim Berners-Lee invented the World Wide Web in 1989 while working at CERN.,Scientists,Computer Scientists
Choose the correct answer: Who is credited with developing the first practical steam engine widely used in industry?,Nicolaus Copernicus,Louis Pasteur,Marie Curie,James Watt,D) James Watt,"James Watt significantly improved the steam engine, making it far more efficient and practical for widespread industrial use.",Scientists,World Scientists
"Which option correctly answers this: Who is regarded as a founding figure of modern computer science, known for his work on computation and code-breaking during WWII?",James Watson,J. J. Thomson,Alan Turing,Alexander Graham Bell,C) Alan Turing,"Alan Turing is regarded as a founding figure of computer science, known for his theoretical work and code-breaking during World War II.",Scientists,Computer Scientists
"Which option correctly answers this: Who is known for environmental scientific contributions and advocacy that led to a global ban on the pesticide DDT, through her writing?",Isaac Newton,Rachel Carson,Galileo Galilei,Jonas Salk,B) Rachel Carson,"Rachel Carson's writing, particularly 'Silent Spring', raised awareness about pesticide dangers and contributed to environmental policy changes, including DDT restrictions.",Scientists,Environmental Scientists
Choose the correct answer: Who discovered the law of buoyancy while reportedly in a bathtub?,C. V. Raman,Aryabhata,J. J. Thomson,Archimedes,D) Archimedes,"Archimedes is credited with discovering the principle of buoyancy, famously said to have realized it while in his bath.",Scientists,Mathematicians
Quiz question: Who is known for developing the theory of continental drift?,Alfred Wegener,Jonas Salk,Alexander Graham Bell,James Watt,A) Alfred Wegener,"Alfred Wegener proposed the theory of continental drift, suggesting that continents were once joined and have since drifted apart.",Scientists,World Scientists
"Who discovered radioactivity, sharing a Nobel Prize for the work?",Marie Curie (along with Pierre Curie and Henri Becquerel),Gregor Mendel,J. J. Thomson,Tim Berners-Lee,A) Marie Curie (along with Pierre Curie and Henri Becquerel),"Marie Curie, along with Pierre Curie and Henri Becquerel, is credited with pioneering research on radioactivity.",Scientists,Women Scientists
Who is credited with formulating the laws of motion and universal gravitation?,Albert Einstein,Isaac Newton,Homi J. Bhabha,Louis Pasteur,B) Isaac Newton,"Sir Isaac Newton formulated the laws of motion and the law of universal gravitation, foundational to classical physics.",Scientists,Physicists
Which option correctly answers this: Who developed the polio vaccine widely used in the 1950s?,Jonas Salk,Isaac Newton,Jagadish Chandra Bose,J. J. Thomson,A) Jonas Salk,"Jonas Salk developed one of the first successful and widely used polio vaccines, introduced in 1955.",Scientists,Medical Scientists
Choose the correct answer: Who discovered the law of buoyancy while reportedly in a bathtub?,C. V. Raman,Archimedes,Marie Curie (along with Pierre Curie and Henri Becquerel),Gregor Mendel,B) Archimedes,"Archimedes is credited with discovering the principle of buoyancy, famously said to have realized it while in his bath.",Scientists,Mathematicians
Choose the correct answer: Who developed the theory of general relativity's application in understanding black holes and co-authored influential works on space-time?,Stephen Hawking,Louis Pasteur,Michael Faraday,Albert Einstein,A) Stephen Hawking,Stephen Hawking made significant contributions to the understanding of black holes and cosmology within the framework of general relativity.,Scientists,Physicists
Choose the correct answer: Who developed the first successful vaccine against rabies?,Louis Pasteur,Dmitri Mendeleev,Jonas Salk,Vikram Sarabhai,A) Louis Pasteur,"Louis Pasteur developed the first successful vaccine against rabies, among his many other contributions to microbiology.",Scientists,Medical Scientists
"Which option correctly answers this: Who was the first Indian to win a Nobel Prize in Science, for his work on the scattering of light?",C. V. Raman,Alfred Wegener,James Watson,Vikram Sarabhai,A) C. V. Raman,"C. V. Raman won the Nobel Prize in Physics in 1930 for his discovery of the Raman effect, related to the scattering of light.",Scientists,Indian Scientists
Choose the correct answer: Who developed the mathematical concept of zero as a number and made major contributions to Indian mathematics and astronomy?,Alan Turing,Edward Jenner,Aryabhata,Jonas Salk,C) Aryabhata,"Aryabhata, an ancient Indian mathematician and astronomer, made significant contributions to mathematics, including work related to the concept of zero.",Scientists,Mathematicians
Choose the correct answer: Who developed the heliocentric model placing the Sun at the center of the Solar System?,Edward Jenner,Rachel Carson,Nicolaus Copernicus,Michael Faraday,C) Nicolaus Copernicus,"Nicolaus Copernicus proposed the heliocentric model, which placed the Sun, rather than the Earth, at the center of the Solar System.",Scientists,Astronomers
Which option correctly answers this: Who is regarded as the father of India's nuclear programme?,Alexander Graham Bell,James Watson,Homi J. Bhabha,Jagadish Chandra Bose,C) Homi J. Bhabha,Homi J. Bhabha is regarded as the father of India's nuclear programme and founded the Tata Institute of Fundamental Research.,Scientists,Indian Scientists
Which option correctly answers this: Who is credited with developing the first practical steam engine widely used in industry?,James Watt,Rachel Carson,Alexander Fleming,Michael Faraday,A) James Watt,"James Watt significantly improved the steam engine, making it far more efficient and practical for widespread industrial use.",Scientists,World Scientists
"Which option correctly answers this: Who is known for pioneering research in electricity and magnetism, with the SI unit of capacitance named after him?",Vikram Sarabhai,Michael Faraday,C. V. Raman,Aryabhata,B) Michael Faraday,"Michael Faraday made pioneering contributions to the study of electromagnetism, and the SI unit of capacitance, the farad, is named after him.",Scientists,Physicists
"Who is credited with discovering the structure of DNA, along with Francis Crick?",Alan Turing,Stephen Hawking,Michael Faraday,James Watson,D) James Watson,"James Watson, along with Francis Crick, is credited with discovering the double-helix structure of DNA in 1953.",Scientists,Biologists
Choose the correct answer: Who is known as the father of the Indian space programme?,Albert Einstein,Archimedes,Vikram Sarabhai,Marie Curie,C) Vikram Sarabhai,"Vikram Sarabhai is widely regarded as the father of the Indian space programme, founding what became ISRO.",Scientists,Indian Scientists
Which option correctly answers this: Who is regarded as the father of India's nuclear programme?,Homi J. Bhabha,Marie Curie,Charles Darwin,James Watson,A) Homi J. Bhabha,Homi J. Bhabha is regarded as the father of India's nuclear programme and founded the Tata Institute of Fundamental Research.,Scientists,Indian Scientists
"Which option correctly answers this: Which Indian scientist is known for his experiments demonstrating that plants have life-like responses, using an instrument called the crescograph?",Jagadish Chandra Bose,Michael Faraday,Louis Pasteur,Homi J. Bhabha,A) Jagadish Chandra Bose,"Jagadish Chandra Bose conducted pioneering experiments showing life-like responses in plants using his invented instrument, the crescograph.",Scientists,Indian Scientists
Choose the correct answer: Who developed the heliocentric model placing the Sun at the center of the Solar System?,Alan Turing,Gregor Mendel,Nicolaus Copernicus,Rachel Carson,C) Nicolaus Copernicus,"Nicolaus Copernicus proposed the heliocentric model, which placed the Sun, rather than the Earth, at the center of the Solar System.",Scientists,Astronomers
Quiz question: Who developed the polio vaccine widely used in the 1950s?,Aryabhata,Rachel Carson,Jonas Salk,Archimedes,C) Jonas Salk,"Jonas Salk developed one of the first successful and widely used polio vaccines, introduced in 1955.",Scientists,Medical Scientists
"Quiz question: Who is known for environmental scientific contributions and advocacy that led to a global ban on the pesticide DDT, through her writing?",Vikram Sarabhai,Rachel Carson,Marie Curie (along with Pierre Curie and Henri Becquerel),Gregor Mendel,B) Rachel Carson,"Rachel Carson's writing, particularly 'Silent Spring', raised awareness about pesticide dangers and contributed to environmental policy changes, including DDT restrictions.",Scientists,Environmental Scientists
"Which option correctly answers this: Who is credited as a pioneer of rocketry and space science in India, associated with early sounding rocket launches?",Vikram Sarabhai,Jagadish Chandra Bose,Dmitri Mendeleev,Isaac Newton,A) Vikram Sarabhai,"Vikram Sarabhai pioneered India's early rocketry and space science efforts, leading to the founding of ISRO.",Scientists,Space Scientists
"Quiz question: Who was the first woman to win a Nobel Prize, and the only person to win Nobel Prizes in two different sciences?",Aryabhata,Marie Curie,Dmitri Mendeleev,Tim Berners-Lee,B) Marie Curie,Marie Curie was the first woman to win a Nobel Prize and remains the only person to win Nobel Prizes in two different scientific fields.,Scientists,Nobel Prize Scientists
Quiz question: Who developed the theory of general relativity's application in understanding black holes and co-authored influential works on space-time?,Jonas Salk,Marie Curie (along with Pierre Curie and Henri Becquerel),Stephen Hawking,Alan Turing,C) Stephen Hawking,Stephen Hawking made significant contributions to the understanding of black holes and cosmology within the framework of general relativity.,Scientists,Physicists
"Choose the correct answer: Who is known for environmental scientific contributions and advocacy that led to a global ban on the pesticide DDT, through her writing?",Rachel Carson,C. V. Raman,Gregor Mendel,Vikram Sarabhai,A) Rachel Carson,"Rachel Carson's writing, particularly 'Silent Spring', raised awareness about pesticide dangers and contributed to environmental policy changes, including DDT restrictions.",Scientists,Environmental Scientists
"Who is known for environmental scientific contributions and advocacy that led to a global ban on the pesticide DDT, through her writing?",Nicolaus Copernicus,Albert Einstein,Jagadish Chandra Bose,Rachel Carson,D) Rachel Carson,"Rachel Carson's writing, particularly 'Silent Spring', raised awareness about pesticide dangers and contributed to environmental policy changes, including DDT restrictions.",Scientists,Environmental Scientists
Which option correctly answers this: Who is credited with inventing the telephone?,Alexander Graham Bell,J. J. Thomson,Gregor Mendel,Galileo Galilei,A) Alexander Graham Bell,Alexander Graham Bell is credited with inventing the first practical telephone in 1876.,Scientists,World Scientists
Quiz question: Who is credited with formulating the laws of motion and universal gravitation?,Marie Curie (along with Pierre Curie and Henri Becquerel),Isaac Newton,James Watson,Archimedes,B) Isaac Newton,"Sir Isaac Newton formulated the laws of motion and the law of universal gravitation, foundational to classical physics.",Scientists,Physicists
Which option correctly answers this: Who developed the theory of general relativity's application in understanding black holes and co-authored influential works on space-time?,Louis Pasteur,J. J. Thomson,Michael Faraday,Stephen Hawking,D) Stephen Hawking,Stephen Hawking made significant contributions to the understanding of black holes and cosmology within the framework of general relativity.,Scientists,Physicists
Quiz question: Who developed the theory of general relativity's application in understanding black holes and co-authored influential works on space-time?,Edward Jenner,Stephen Hawking,James Watson,Galileo Galilei,B) Stephen Hawking,Stephen Hawking made significant contributions to the understanding of black holes and cosmology within the framework of general relativity.,Scientists,Physicists
"Who is known for pioneering research in electricity and magnetism, with the SI unit of capacitance named after him?",Michael Faraday,Homi J. Bhabha,Stephen Hawking,Albert Einstein,A) Michael Faraday,"Michael Faraday made pioneering contributions to the study of electromagnetism, and the SI unit of capacitance, the farad, is named after him.",Scientists,Physicists
"Which option correctly answers this: Who was the first Indian to win a Nobel Prize in Science, for his work on the scattering of light?",J. J. Thomson,C. V. Raman,Isaac Newton,Archimedes,B) C. V. Raman,"C. V. Raman won the Nobel Prize in Physics in 1930 for his discovery of the Raman effect, related to the scattering of light.",Scientists,Indian Scientists
Who is credited with formulating the laws of motion and universal gravitation?,Marie Curie (along with Pierre Curie and Henri Becquerel),James Watson,Rachel Carson,Isaac Newton,D) Isaac Newton,"Sir Isaac Newton formulated the laws of motion and the law of universal gravitation, foundational to classical physics.",Scientists,Physicists
"Which option correctly answers this: Who is known for environmental scientific contributions and advocacy that led to a global ban on the pesticide DDT, through her writing?",Rachel Carson,C. V. Raman,Albert Einstein,Louis Pasteur,A) Rachel Carson,"Rachel Carson's writing, particularly 'Silent Spring', raised awareness about pesticide dangers and contributed to environmental policy changes, including DDT restrictions.",Scientists,Environmental Scientists
Choose the correct answer: Who is credited with inventing the telephone?,Rachel Carson,Michael Faraday,Vikram Sarabhai,Alexander Graham Bell,D) Alexander Graham Bell,Alexander Graham Bell is credited with inventing the first practical telephone in 1876.,Scientists,World Scientists
Who is known for developing the theory of continental drift?,Jagadish Chandra Bose,C. V. Raman,Alfred Wegener,Rachel Carson,C) Alfred Wegener,"Alfred Wegener proposed the theory of continental drift, suggesting that continents were once joined and have since drifted apart.",Scientists,World Scientists
Which option correctly answers this: Who developed the heliocentric model placing the Sun at the center of the Solar System?,Dmitri Mendeleev,James Watt,Tim Berners-Lee,Nicolaus Copernicus,D) Nicolaus Copernicus,"Nicolaus Copernicus proposed the heliocentric model, which placed the Sun, rather than the Earth, at the center of the Solar System.",Scientists,Astronomers
"Choose the correct answer: Who is known for pioneering research in electricity and magnetism, with the SI unit of capacitance named after him?",Homi J. Bhabha,Jonas Salk,Marie Curie (along with Pierre Curie and Henri Becquerel),Michael Faraday,D) Michael Faraday,"Michael Faraday made pioneering contributions to the study of electromagnetism, and the SI unit of capacitance, the farad, is named after him.",Scientists,Physicists
"Choose the correct answer: Who discovered radioactivity, sharing a Nobel Prize for the work?",Marie Curie (along with Pierre Curie and Henri Becquerel),J. J. Thomson,James Watt,Aryabhata,A) Marie Curie (along with Pierre Curie and Henri Becquerel),"Marie Curie, along with Pierre Curie and Henri Becquerel, is credited with pioneering research on radioactivity.",Scientists,Women Scientists
Choose the correct answer: Who discovered penicillin?,Rachel Carson,Alexander Fleming,Louis Pasteur,Homi J. Bhabha,B) Alexander Fleming,"Alexander Fleming discovered penicillin in 1928, leading to the development of antibiotics.",Scientists,Medical Scientists
"Who is known for environmental scientific contributions and advocacy that led to a global ban on the pesticide DDT, through her writing?",Rachel Carson,Stephen Hawking,Marie Curie (along with Pierre Curie and Henri Becquerel),Gregor Mendel,A) Rachel Carson,"Rachel Carson's writing, particularly 'Silent Spring', raised awareness about pesticide dangers and contributed to environmental policy changes, including DDT restrictions.",Scientists,Environmental Scientists
Who discovered penicillin?,Tim Berners-Lee,Alexander Fleming,Marie Curie,Aryabhata,B) Alexander Fleming,"Alexander Fleming discovered penicillin in 1928, leading to the development of antibiotics.",Scientists,Medical Scientists
Who is known for developing the theory of continental drift?,Alfred Wegener,James Watt,Dmitri Mendeleev,Jonas Salk,A) Alfred Wegener,"Alfred Wegener proposed the theory of continental drift, suggesting that continents were once joined and have since drifted apart.",Scientists,World Scientists
Which option correctly answers this: Who developed the theory of general relativity?,Alexander Graham Bell,Albert Einstein,James Watt,Alexander Fleming,B) Albert Einstein,"Albert Einstein developed the theory of general relativity, revolutionizing the understanding of gravity, space, and time.",Scientists,World Scientists
"Who developed the smallpox vaccine, a major milestone in the history of immunology?",Tim Berners-Lee,Vikram Sarabhai,Edward Jenner,Charles Darwin,C) Edward Jenner,"Edward Jenner developed the world's first successful smallpox vaccine in the late 18th century, a major milestone in immunology.",Scientists,Medical Scientists
Quiz question: Who is known for pioneering contributions to genetics through experiments with pea plants?,Gregor Mendel,James Watson,C. V. Raman,Vikram Sarabhai,A) Gregor Mendel,Gregor Mendel conducted pioneering experiments with pea plants that laid the foundation for the modern science of genetics.,Scientists,Biologists
Who is credited with formulating the laws of motion and universal gravitation?,Isaac Newton,Alfred Wegener,Michael Faraday,Alexander Fleming,A) Isaac Newton,"Sir Isaac Newton formulated the laws of motion and the law of universal gravitation, foundational to classical physics.",Scientists,Physicists
Choose the correct answer: Who developed the mathematical concept of zero as a number and made major contributions to Indian mathematics and astronomy?,James Watt,Aryabhata,Stephen Hawking,Jagadish Chandra Bose,B) Aryabhata,"Aryabhata, an ancient Indian mathematician and astronomer, made significant contributions to mathematics, including work related to the concept of zero.",Scientists,Mathematicians
Quiz question: Who is known as the father of the Indian space programme?,James Watson,Vikram Sarabhai,Jagadish Chandra Bose,Dmitri Mendeleev,B) Vikram Sarabhai,"Vikram Sarabhai is widely regarded as the father of the Indian space programme, founding what became ISRO.",Scientists,Indian Scientists
"Which option correctly answers this: Who is known for pioneering research in electricity and magnetism, with the SI unit of capacitance named after him?",Louis Pasteur,Michael Faraday,Charles Darwin,Alexander Fleming,B) Michael Faraday,"Michael Faraday made pioneering contributions to the study of electromagnetism, and the SI unit of capacitance, the farad, is named after him.",Scientists,Physicists
Who is known for pioneering contributions to genetics through experiments with pea plants?,Rachel Carson,Michael Faraday,Isaac Newton,Gregor Mendel,D) Gregor Mendel,Gregor Mendel conducted pioneering experiments with pea plants that laid the foundation for the modern science of genetics.,Scientists,Biologists
Quiz question: Who is credited with developing the first practical steam engine widely used in industry?,Stephen Hawking,C. V. Raman,James Watt,Rachel Carson,C) James Watt,"James Watt significantly improved the steam engine, making it far more efficient and practical for widespread industrial use.",Scientists,World Scientists
Choose the correct answer: Who discovered penicillin?,Albert Einstein,James Watson,Alexander Fleming,Homi J. Bhabha,C) Alexander Fleming,"Alexander Fleming discovered penicillin in 1928, leading to the development of antibiotics.",Scientists,Medical Scientists
"Quiz question: Who discovered radioactivity, sharing a Nobel Prize for the work?",Marie Curie (along with Pierre Curie and Henri Becquerel),Archimedes,Gregor Mendel,Tim Berners-Lee,A) Marie Curie (along with Pierre Curie and Henri Becquerel),"Marie Curie, along with Pierre Curie and Henri Becquerel, is credited with pioneering research on radioactivity.",Scientists,Women Scientists
Choose the correct answer: Who developed the heliocentric model placing the Sun at the center of the Solar System?,Charles Darwin,Aryabhata,C. V. Raman,Nicolaus Copernicus,D) Nicolaus Copernicus,"Nicolaus Copernicus proposed the heliocentric model, which placed the Sun, rather than the Earth, at the center of the Solar System.",Scientists,Astronomers
Quiz question: Who is known for pioneering contributions to genetics through experiments with pea plants?,Rachel Carson,Jagadish Chandra Bose,Gregor Mendel,Vikram Sarabhai,C) Gregor Mendel,Gregor Mendel conducted pioneering experiments with pea plants that laid the foundation for the modern science of genetics.,Scientists,Biologists
Choose the correct answer: Who is famous for his observations supporting the heliocentric model using an early telescope?,Stephen Hawking,Homi J. Bhabha,Alfred Wegener,Galileo Galilei,D) Galileo Galilei,"Galileo Galilei made key astronomical observations using an early telescope, providing evidence supporting the heliocentric model.",Scientists,Astronomers
Who is credited with formulating the laws of motion and universal gravitation?,Alfred Wegener,Isaac Newton,Vikram Sarabhai,James Watt,B) Isaac Newton,"Sir Isaac Newton formulated the laws of motion and the law of universal gravitation, foundational to classical physics.",Scientists,Physicists
Quiz question: Who is known for pioneering contributions to genetics through experiments with pea plants?,Gregor Mendel,Rachel Carson,Tim Berners-Lee,Alexander Fleming,A) Gregor Mendel,Gregor Mendel conducted pioneering experiments with pea plants that laid the foundation for the modern science of genetics.,Scientists,Biologists
Who invented the World Wide Web?,Alexander Graham Bell,J. J. Thomson,Tim Berners-Lee,Archimedes,C) Tim Berners-Lee,Tim Berners-Lee invented the World Wide Web in 1989 while working at CERN.,Scientists,Computer Scientists
"Choose the correct answer: Who discovered radioactivity, sharing a Nobel Prize for the work?",Albert Einstein,Marie Curie (along with Pierre Curie and Henri Becquerel),Jonas Salk,Charles Darwin,B) Marie Curie (along with Pierre Curie and Henri Becquerel),"Marie Curie, along with Pierre Curie and Henri Becquerel, is credited with pioneering research on radioactivity.",Scientists,Women Scientists
"Choose the correct answer: Who is known for pioneering research in electricity and magnetism, with the SI unit of capacitance named after him?",Aryabhata,Galileo Galilei,Michael Faraday,Albert Einstein,C) Michael Faraday,"Michael Faraday made pioneering contributions to the study of electromagnetism, and the SI unit of capacitance, the farad, is named after him.",Scientists,Physicists
Which option correctly answers this: Who developed the theory of general relativity?,Louis Pasteur,Stephen Hawking,C. V. Raman,Albert Einstein,D) Albert Einstein,"Albert Einstein developed the theory of general relativity, revolutionizing the understanding of gravity, space, and time.",Scientists,World Scientists
Quiz question: Who invented the World Wide Web?,Rachel Carson,Isaac Newton,Tim Berners-Lee,Aryabhata,C) Tim Berners-Lee,Tim Berners-Lee invented the World Wide Web in 1989 while working at CERN.,Scientists,Computer Scientists
"Who is credited as a pioneer of rocketry and space science in India, associated with early sounding rocket launches?",Nicolaus Copernicus,Aryabhata,Archimedes,Vikram Sarabhai,D) Vikram Sarabhai,"Vikram Sarabhai pioneered India's early rocketry and space science efforts, leading to the founding of ISRO.",Scientists,Space Scientists
Quiz question: Who developed the theory of general relativity's application in understanding black holes and co-authored influential works on space-time?,Michael Faraday,James Watt,Alexander Graham Bell,Stephen Hawking,D) Stephen Hawking,Stephen Hawking made significant contributions to the understanding of black holes and cosmology within the framework of general relativity.,Scientists,Physicists
Who developed the heliocentric model placing the Sun at the center of the Solar System?,Nicolaus Copernicus,James Watt,Edward Jenner,Marie Curie,A) Nicolaus Copernicus,"Nicolaus Copernicus proposed the heliocentric model, which placed the Sun, rather than the Earth, at the center of the Solar System.",Scientists,Astronomers
Choose the correct answer: Who developed the polio vaccine widely used in the 1950s?,James Watt,Marie Curie (along with Pierre Curie and Henri Becquerel),Jonas Salk,Vikram Sarabhai,C) Jonas Salk,"Jonas Salk developed one of the first successful and widely used polio vaccines, introduced in 1955.",Scientists,Medical Scientists
Which option correctly answers this: Who is famous for his observations supporting the heliocentric model using an early telescope?,Alfred Wegener,Galileo Galilei,Alan Turing,Charles Darwin,B) Galileo Galilei,"Galileo Galilei made key astronomical observations using an early telescope, providing evidence supporting the heliocentric model.",Scientists,Astronomers
"Who is credited as a pioneer of rocketry and space science in India, associated with early sounding rocket launches?",Vikram Sarabhai,Archimedes,Albert Einstein,James Watson,A) Vikram Sarabhai,"Vikram Sarabhai pioneered India's early rocketry and space science efforts, leading to the founding of ISRO.",Scientists,Space Scientists
"Which option correctly answers this: Who developed the smallpox vaccine, a major milestone in the history of immunology?",Rachel Carson,Edward Jenner,James Watson,Tim Berners-Lee,B) Edward Jenner,"Edward Jenner developed the world's first successful smallpox vaccine in the late 18th century, a major milestone in immunology.",Scientists,Medical Scientists
Which option correctly answers this: Who developed the mathematical concept of zero as a number and made major contributions to Indian mathematics and astronomy?,Aryabhata,Charles Darwin,James Watson,Isaac Newton,A) Aryabhata,"Aryabhata, an ancient Indian mathematician and astronomer, made significant contributions to mathematics, including work related to the concept of zero.",Scientists,Mathematicians
Who developed the theory of general relativity's application in understanding black holes and co-authored influential works on space-time?,Alexander Graham Bell,Stephen Hawking,Edward Jenner,Vikram Sarabhai,B) Stephen Hawking,Stephen Hawking made significant contributions to the understanding of black holes and cosmology within the framework of general relativity.,Scientists,Physicists
Who developed the theory of general relativity?,Albert Einstein,Nicolaus Copernicus,Stephen Hawking,Aryabhata,A) Albert Einstein,"Albert Einstein developed the theory of general relativity, revolutionizing the understanding of gravity, space, and time.",Scientists,World Scientists
Who is credited with discovering the electron?,Homi J. Bhabha,J. J. Thomson,James Watt,Jagadish Chandra Bose,B) J. J. Thomson,"J. J. Thomson is credited with discovering the electron in 1897, a foundational discovery in atomic physics.",Scientists,Physicists
Which option correctly answers this: Who is known for pioneering contributions to genetics through experiments with pea plants?,Alexander Fleming,Alfred Wegener,Homi J. Bhabha,Gregor Mendel,D) Gregor Mendel,Gregor Mendel conducted pioneering experiments with pea plants that laid the foundation for the modern science of genetics.,Scientists,Biologists
Quiz question: Who is famous for his observations supporting the heliocentric model using an early telescope?,Edward Jenner,Aryabhata,Galileo Galilei,Nicolaus Copernicus,C) Galileo Galilei,"Galileo Galilei made key astronomical observations using an early telescope, providing evidence supporting the heliocentric model.",Scientists,Astronomers
Quiz question: Who is credited with developing the first practical steam engine widely used in industry?,Nicolaus Copernicus,Marie Curie (along with Pierre Curie and Henri Becquerel),Jagadish Chandra Bose,James Watt,D) James Watt,"James Watt significantly improved the steam engine, making it far more efficient and practical for widespread industrial use.",Scientists,World Scientists
Choose the correct answer: Who invented the World Wide Web?,Michael Faraday,Alan Turing,Isaac Newton,Tim Berners-Lee,D) Tim Berners-Lee,Tim Berners-Lee invented the World Wide Web in 1989 while working at CERN.,Scientists,Computer Scientists
Choose the correct answer: Who invented the World Wide Web?,Vikram Sarabhai,Tim Berners-Lee,Gregor Mendel,Isaac Newton,B) Tim Berners-Lee,Tim Berners-Lee invented the World Wide Web in 1989 while working at CERN.,Scientists,Computer Scientists
"Choose the correct answer: Who is credited with discovering the structure of DNA, along with Francis Crick?",Tim Berners-Lee,Alexander Graham Bell,James Watson,Aryabhata,C) James Watson,"James Watson, along with Francis Crick, is credited with discovering the double-helix structure of DNA in 1953.",Scientists,Biologists
"Quiz question: Who is known for pioneering research in electricity and magnetism, with the SI unit of capacitance named after him?",James Watt,Alan Turing,Michael Faraday,Edward Jenner,C) Michael Faraday,"Michael Faraday made pioneering contributions to the study of electromagnetism, and the SI unit of capacitance, the farad, is named after him.",Scientists,Physicists
"Which option correctly answers this: Who is credited with discovering the structure of DNA, along with Francis Crick?",Alfred Wegener,Aryabhata,Jagadish Chandra Bose,James Watson,D) James Watson,"James Watson, along with Francis Crick, is credited with discovering the double-helix structure of DNA in 1953.",Scientists,Biologists
"Which option correctly answers this: Who was the first woman to win a Nobel Prize, and the only person to win Nobel Prizes in two different sciences?",Vikram Sarabhai,Marie Curie,Isaac Newton,Jonas Salk,B) Marie Curie,Marie Curie was the first woman to win a Nobel Prize and remains the only person to win Nobel Prizes in two different scientific fields.,Scientists,Nobel Prize Scientists
Choose the correct answer: Who is credited with developing the first practical steam engine widely used in industry?,James Watt,Gregor Mendel,Charles Darwin,Alan Turing,A) James Watt,"James Watt significantly improved the steam engine, making it far more efficient and practical for widespread industrial use.",Scientists,World Scientists
Quiz question: Who developed the first successful vaccine against rabies?,Tim Berners-Lee,Rachel Carson,Jagadish Chandra Bose,Louis Pasteur,D) Louis Pasteur,"Louis Pasteur developed the first successful vaccine against rabies, among his many other contributions to microbiology.",Scientists,Medical Scientists
"Which option correctly answers this: Which Indian scientist is known for his experiments demonstrating that plants have life-like responses, using an instrument called the crescograph?",C. V. Raman,Alexander Graham Bell,Jagadish Chandra Bose,Dmitri Mendeleev,C) Jagadish Chandra Bose,"Jagadish Chandra Bose conducted pioneering experiments showing life-like responses in plants using his invented instrument, the crescograph.",Scientists,Indian Scientists
Quiz question: Who proposed the theory of evolution by natural selection?,Charles Darwin,Jagadish Chandra Bose,Alexander Graham Bell,Marie Curie (along with Pierre Curie and Henri Becquerel),A) Charles Darwin,Charles Darwin proposed the theory of evolution by natural selection in his book 'On the Origin of Species'.,Scientists,Biologists
Which option correctly answers this: Who developed the theory of general relativity?,James Watson,Marie Curie,Homi J. Bhabha,Albert Einstein,D) Albert Einstein,"Albert Einstein developed the theory of general relativity, revolutionizing the understanding of gravity, space, and time.",Scientists,World Scientists
Choose the correct answer: Who developed the polio vaccine widely used in the 1950s?,Nicolaus Copernicus,Archimedes,Jonas Salk,J. J. Thomson,C) Jonas Salk,"Jonas Salk developed one of the first successful and widely used polio vaccines, introduced in 1955.",Scientists,Medical Scientists
Choose the correct answer: Who discovered penicillin?,Rachel Carson,James Watt,Alexander Fleming,Jonas Salk,C) Alexander Fleming,"Alexander Fleming discovered penicillin in 1928, leading to the development of antibiotics.",Scientists,Medical Scientists
Who is credited with discovering the electron?,Galileo Galilei,Michael Faraday,J. J. Thomson,Aryabhata,C) J. J. Thomson,"J. J. Thomson is credited with discovering the electron in 1897, a foundational discovery in atomic physics.",Scientists,Physicists
Which option correctly answers this: Who is credited with discovering the electron?,James Watt,J. J. Thomson,Jonas Salk,Albert Einstein,B) J. J. Thomson,"J. J. Thomson is credited with discovering the electron in 1897, a foundational discovery in atomic physics.",Scientists,Physicists
"Who was the first woman to win a Nobel Prize, and the only person to win Nobel Prizes in two different sciences?",Rachel Carson,Marie Curie,Jagadish Chandra Bose,Alan Turing,B) Marie Curie,Marie Curie was the first woman to win a Nobel Prize and remains the only person to win Nobel Prizes in two different scientific fields.,Scientists,Nobel Prize Scientists
Which option correctly answers this: Who discovered the law of buoyancy while reportedly in a bathtub?,Albert Einstein,Rachel Carson,Archimedes,Nicolaus Copernicus,C) Archimedes,"Archimedes is credited with discovering the principle of buoyancy, famously said to have realized it while in his bath.",Scientists,Mathematicians
"Choose the correct answer: Who discovered radioactivity, sharing a Nobel Prize for the work?",Marie Curie (along with Pierre Curie and Henri Becquerel),Edward Jenner,C. V. Raman,Archimedes,A) Marie Curie (along with Pierre Curie and Henri Becquerel),"Marie Curie, along with Pierre Curie and Henri Becquerel, is credited with pioneering research on radioactivity.",Scientists,Women Scientists
"Who was the first Indian to win a Nobel Prize in Science, for his work on the scattering of light?",Jagadish Chandra Bose,Gregor Mendel,Alfred Wegener,C. V. Raman,D) C. V. Raman,"C. V. Raman won the Nobel Prize in Physics in 1930 for his discovery of the Raman effect, related to the scattering of light.",Scientists,Indian Scientists
"Choose the correct answer: Who discovered radioactivity, sharing a Nobel Prize for the work?",James Watson,Marie Curie (along with Pierre Curie and Henri Becquerel),Aryabhata,Rachel Carson,B) Marie Curie (along with Pierre Curie and Henri Becquerel),"Marie Curie, along with Pierre Curie and Henri Becquerel, is credited with pioneering research on radioactivity.",Scientists,Women Scientists
"Choose the correct answer: Who was the first Indian to win a Nobel Prize in Science, for his work on the scattering of light?",Jonas Salk,C. V. Raman,Marie Curie,Gregor Mendel,B) C. V. Raman,"C. V. Raman won the Nobel Prize in Physics in 1930 for his discovery of the Raman effect, related to the scattering of light.",Scientists,Indian Scientists
"Which option correctly answers this: Who was the first Indian to win a Nobel Prize in Science, for his work on the scattering of light?",J. J. Thomson,C. V. Raman,Homi J. Bhabha,Nicolaus Copernicus,B) C. V. Raman,"C. V. Raman won the Nobel Prize in Physics in 1930 for his discovery of the Raman effect, related to the scattering of light.",Scientists,Indian Scientists
"Who was the first Indian to win a Nobel Prize in Science, for his work on the scattering of light?",Alexander Fleming,C. V. Raman,Homi J. Bhabha,Louis Pasteur,B) C. V. Raman,"C. V. Raman won the Nobel Prize in Physics in 1930 for his discovery of the Raman effect, related to the scattering of light.",Scientists,Indian Scientists
Who is credited with formulating the laws of motion and universal gravitation?,J. J. Thomson,Alfred Wegener,Jonas Salk,Isaac Newton,D) Isaac Newton,"Sir Isaac Newton formulated the laws of motion and the law of universal gravitation, foundational to classical physics.",Scientists,Physicists
"Which option correctly answers this: Who was the first woman to win a Nobel Prize, and the only person to win Nobel Prizes in two different sciences?",Michael Faraday,Aryabhata,Marie Curie,Jonas Salk,C) Marie Curie,Marie Curie was the first woman to win a Nobel Prize and remains the only person to win Nobel Prizes in two different scientific fields.,Scientists,Nobel Prize Scientists
Which option correctly answers this: Who developed the polio vaccine widely used in the 1950s?,Alexander Graham Bell,Jonas Salk,Nicolaus Copernicus,Marie Curie,B) Jonas Salk,"Jonas Salk developed one of the first successful and widely used polio vaccines, introduced in 1955.",Scientists,Medical Scientists
Which option correctly answers this: Who developed the polio vaccine widely used in the 1950s?,Jonas Salk,Galileo Galilei,Alexander Fleming,Archimedes,A) Jonas Salk,"Jonas Salk developed one of the first successful and widely used polio vaccines, introduced in 1955.",Scientists,Medical Scientists
Who developed the polio vaccine widely used in the 1950s?,Jonas Salk,Alan Turing,Marie Curie,Nicolaus Copernicus,A) Jonas Salk,"Jonas Salk developed one of the first successful and widely used polio vaccines, introduced in 1955.",Scientists,Medical Scientists
Quiz question: Who discovered the law of buoyancy while reportedly in a bathtub?,Charles Darwin,Homi J. Bhabha,Stephen Hawking,Archimedes,D) Archimedes,"Archimedes is credited with discovering the principle of buoyancy, famously said to have realized it while in his bath.",Scientists,Mathematicians
Quiz question: Who is credited with inventing the telephone?,Nicolaus Copernicus,Isaac Newton,James Watt,Alexander Graham Bell,D) Alexander Graham Bell,Alexander Graham Bell is credited with inventing the first practical telephone in 1876.,Scientists,World Scientists
"Who was the first Indian to win a Nobel Prize in Science, for his work on the scattering of light?",C. V. Raman,Albert Einstein,Charles Darwin,Louis Pasteur,A) C. V. Raman,"C. V. Raman won the Nobel Prize in Physics in 1930 for his discovery of the Raman effect, related to the scattering of light.",Scientists,Indian Scientists
Choose the correct answer: Who invented the World Wide Web?,Marie Curie (along with Pierre Curie and Henri Becquerel),Vikram Sarabhai,Tim Berners-Lee,J. J. Thomson,C) Tim Berners-Lee,Tim Berners-Lee invented the World Wide Web in 1989 while working at CERN.,Scientists,Computer Scientists
Quiz question: Who is known as the father of the Indian space programme?,Michael Faraday,Homi J. Bhabha,Vikram Sarabhai,Isaac Newton,C) Vikram Sarabhai,"Vikram Sarabhai is widely regarded as the father of the Indian space programme, founding what became ISRO.",Scientists,Indian Scientists
Quiz question: Who is famous for his observations supporting the heliocentric model using an early telescope?,Charles Darwin,James Watson,Galileo Galilei,Homi J. Bhabha,C) Galileo Galilei,"Galileo Galilei made key astronomical observations using an early telescope, providing evidence supporting the heliocentric model.",Scientists,Astronomers
Choose the correct answer: Who developed the polio vaccine widely used in the 1950s?,Tim Berners-Lee,Alexander Graham Bell,Archimedes,Jonas Salk,D) Jonas Salk,"Jonas Salk developed one of the first successful and widely used polio vaccines, introduced in 1955.",Scientists,Medical Scientists
Which option correctly answers this: Who developed the first successful vaccine against rabies?,Edward Jenner,Louis Pasteur,Gregor Mendel,Aryabhata,B) Louis Pasteur,"Louis Pasteur developed the first successful vaccine against rabies, among his many other contributions to microbiology.",Scientists,Medical Scientists
Who developed the mathematical concept of zero as a number and made major contributions to Indian mathematics and astronomy?,Louis Pasteur,Isaac Newton,James Watt,Aryabhata,D) Aryabhata,"Aryabhata, an ancient Indian mathematician and astronomer, made significant contributions to mathematics, including work related to the concept of zero.",Scientists,Mathematicians
Who developed the theory of general relativity's application in understanding black holes and co-authored influential works on space-time?,Stephen Hawking,Michael Faraday,Homi J. Bhabha,Alfred Wegener,A) Stephen Hawking,Stephen Hawking made significant contributions to the understanding of black holes and cosmology within the framework of general relativity.,Scientists,Physicists
"Choose the correct answer: Who was the first woman to win a Nobel Prize, and the only person to win Nobel Prizes in two different sciences?",Homi J. Bhabha,Marie Curie,Archimedes,J. J. Thomson,B) Marie Curie,Marie Curie was the first woman to win a Nobel Prize and remains the only person to win Nobel Prizes in two different scientific fields.,Scientists,Nobel Prize Scientists
"Who is regarded as a founding figure of modern computer science, known for his work on computation and code-breaking during WWII?",Alan Turing,Galileo Galilei,Jagadish Chandra Bose,Marie Curie (along with Pierre Curie and Henri Becquerel),A) Alan Turing,"Alan Turing is regarded as a founding figure of computer science, known for his theoretical work and code-breaking during World War II.",Scientists,Computer Scientists
Who developed the polio vaccine widely used in the 1950s?,Dmitri Mendeleev,Jonas Salk,Nicolaus Copernicus,James Watson,B) Jonas Salk,"Jonas Salk developed one of the first successful and widely used polio vaccines, introduced in 1955.",Scientists,Medical Scientists
Choose the correct answer: Who is credited with developing the first practical steam engine widely used in industry?,James Watt,Edward Jenner,Homi J. Bhabha,Tim Berners-Lee,A) James Watt,"James Watt significantly improved the steam engine, making it far more efficient and practical for widespread industrial use.",Scientists,World Scientists
"Choose the correct answer: Who developed the smallpox vaccine, a major milestone in the history of immunology?",Edward Jenner,Charles Darwin,Tim Berners-Lee,Michael Faraday,A) Edward Jenner,"Edward Jenner developed the world's first successful smallpox vaccine in the late 18th century, a major milestone in immunology.",Scientists,Medical Scientists
Which option correctly answers this: Who is known as the father of the Indian space programme?,Stephen Hawking,Dmitri Mendeleev,J. J. Thomson,Vikram Sarabhai,D) Vikram Sarabhai,"Vikram Sarabhai is widely regarded as the father of the Indian space programme, founding what became ISRO.",Scientists,Indian Scientists
Who is regarded as the father of India's nuclear programme?,Aryabhata,James Watson,Homi J. Bhabha,Michael Faraday,C) Homi J. Bhabha,Homi J. Bhabha is regarded as the father of India's nuclear programme and founded the Tata Institute of Fundamental Research.,Scientists,Indian Scientists
Which option correctly answers this: Who developed the theory of general relativity's application in understanding black holes and co-authored influential works on space-time?,C. V. Raman,Isaac Newton,J. J. Thomson,Stephen Hawking,D) Stephen Hawking,Stephen Hawking made significant contributions to the understanding of black holes and cosmology within the framework of general relativity.,Scientists,Physicists
"Which option correctly answers this: Who is credited as a pioneer of rocketry and space science in India, associated with early sounding rocket launches?",Vikram Sarabhai,Michael Faraday,Alexander Graham Bell,James Watt,A) Vikram Sarabhai,"Vikram Sarabhai pioneered India's early rocketry and space science efforts, leading to the founding of ISRO.",Scientists,Space Scientists
"Which option correctly answers this: Who is regarded as a founding figure of modern computer science, known for his work on computation and code-breaking during WWII?",Aryabhata,Jagadish Chandra Bose,Alan Turing,Louis Pasteur,C) Alan Turing,"Alan Turing is regarded as a founding figure of computer science, known for his theoretical work and code-breaking during World War II.",Scientists,Computer Scientists
"Choose the correct answer: Who is regarded as a founding figure of modern computer science, known for his work on computation and code-breaking during WWII?",Alan Turing,Albert Einstein,Alexander Graham Bell,Gregor Mendel,A) Alan Turing,"Alan Turing is regarded as a founding figure of computer science, known for his theoretical work and code-breaking during World War II.",Scientists,Computer Scientists
Which option correctly answers this: Who discovered penicillin?,Charles Darwin,Gregor Mendel,Rachel Carson,Alexander Fleming,D) Alexander Fleming,"Alexander Fleming discovered penicillin in 1928, leading to the development of antibiotics.",Scientists,Medical Scientists
Who proposed the theory of evolution by natural selection?,Charles Darwin,Tim Berners-Lee,Edward Jenner,Marie Curie,A) Charles Darwin,Charles Darwin proposed the theory of evolution by natural selection in his book 'On the Origin of Species'.,Scientists,Biologists
Who developed the first successful vaccine against rabies?,Nicolaus Copernicus,Aryabhata,Archimedes,Louis Pasteur,D) Louis Pasteur,"Louis Pasteur developed the first successful vaccine against rabies, among his many other contributions to microbiology.",Scientists,Medical Scientists
Quiz question: Who developed the first successful vaccine against rabies?,Archimedes,Louis Pasteur,Tim Berners-Lee,Jagadish Chandra Bose,B) Louis Pasteur,"Louis Pasteur developed the first successful vaccine against rabies, among his many other contributions to microbiology.",Scientists,Medical Scientists
"Who was the first Indian to win a Nobel Prize in Science, for his work on the scattering of light?",Louis Pasteur,C. V. Raman,Charles Darwin,Vikram Sarabhai,B) C. V. Raman,"C. V. Raman won the Nobel Prize in Physics in 1930 for his discovery of the Raman effect, related to the scattering of light.",Scientists,Indian Scientists
Which option correctly answers this: Who developed the theory of general relativity?,Galileo Galilei,Archimedes,Albert Einstein,Gregor Mendel,C) Albert Einstein,"Albert Einstein developed the theory of general relativity, revolutionizing the understanding of gravity, space, and time.",Scientists,World Scientists
Which option correctly answers this: Who is credited with developing the first practical steam engine widely used in industry?,C. V. Raman,Nicolaus Copernicus,James Watt,Michael Faraday,C) James Watt,"James Watt significantly improved the steam engine, making it far more efficient and practical for widespread industrial use.",Scientists,World Scientists
Who developed the heliocentric model placing the Sun at the center of the Solar System?,Jagadish Chandra Bose,J. J. Thomson,Jonas Salk,Nicolaus Copernicus,D) Nicolaus Copernicus,"Nicolaus Copernicus proposed the heliocentric model, which placed the Sun, rather than the Earth, at the center of the Solar System.",Scientists,Astronomers
Choose the correct answer: Who developed the mathematical concept of zero as a number and made major contributions to Indian mathematics and astronomy?,C. V. Raman,Gregor Mendel,Aryabhata,James Watt,C) Aryabhata,"Aryabhata, an ancient Indian mathematician and astronomer, made significant contributions to mathematics, including work related to the concept of zero.",Scientists,Mathematicians
Choose the correct answer: Who is regarded as the father of India's nuclear programme?,Nicolaus Copernicus,Homi J. Bhabha,Archimedes,Aryabhata,B) Homi J. Bhabha,Homi J. Bhabha is regarded as the father of India's nuclear programme and founded the Tata Institute of Fundamental Research.,Scientists,Indian Scientists
"Who is credited with discovering the structure of DNA, along with Francis Crick?",James Watson,Gregor Mendel,Marie Curie,Alexander Graham Bell,A) James Watson,"James Watson, along with Francis Crick, is credited with discovering the double-helix structure of DNA in 1953.",Scientists,Biologists
Choose the correct answer: Who is famous for his observations supporting the heliocentric model using an early telescope?,Galileo Galilei,Vikram Sarabhai,J. J. Thomson,Alan Turing,A) Galileo Galilei,"Galileo Galilei made key astronomical observations using an early telescope, providing evidence supporting the heliocentric model.",Scientists,Astronomers
Who is famous for his observations supporting the heliocentric model using an early telescope?,Marie Curie,Charles Darwin,Jonas Salk,Galileo Galilei,D) Galileo Galilei,"Galileo Galilei made key astronomical observations using an early telescope, providing evidence supporting the heliocentric model.",Scientists,Astronomers
Choose the correct answer: Who discovered the law of buoyancy while reportedly in a bathtub?,Marie Curie,James Watt,Tim Berners-Lee,Archimedes,D) Archimedes,"Archimedes is credited with discovering the principle of buoyancy, famously said to have realized it while in his bath.",Scientists,Mathematicians
Choose the correct answer: Who developed the theory of general relativity?,Alan Turing,Alexander Graham Bell,Rachel Carson,Albert Einstein,D) Albert Einstein,"Albert Einstein developed the theory of general relativity, revolutionizing the understanding of gravity, space, and time.",Scientists,World Scientists
"Which option correctly answers this: Who was the first Indian to win a Nobel Prize in Science, for his work on the scattering of light?",Vikram Sarabhai,Nicolaus Copernicus,C. V. Raman,James Watt,C) C. V. Raman,"C. V. Raman won the Nobel Prize in Physics in 1930 for his discovery of the Raman effect, related to the scattering of light.",Scientists,Indian Scientists
"Quiz question: Who developed the smallpox vaccine, a major milestone in the history of immunology?",Galileo Galilei,Nicolaus Copernicus,Marie Curie,Edward Jenner,D) Edward Jenner,"Edward Jenner developed the world's first successful smallpox vaccine in the late 18th century, a major milestone in immunology.",Scientists,Medical Scientists
Which option correctly answers this: Who developed the heliocentric model placing the Sun at the center of the Solar System?,Edward Jenner,Stephen Hawking,Alan Turing,Nicolaus Copernicus,D) Nicolaus Copernicus,"Nicolaus Copernicus proposed the heliocentric model, which placed the Sun, rather than the Earth, at the center of the Solar System.",Scientists,Astronomers
Choose the correct answer: Who developed the polio vaccine widely used in the 1950s?,Stephen Hawking,Archimedes,Jonas Salk,Isaac Newton,C) Jonas Salk,"Jonas Salk developed one of the first successful and widely used polio vaccines, introduced in 1955.",Scientists,Medical Scientists
"Which option correctly answers this: Who is regarded as a founding figure of modern computer science, known for his work on computation and code-breaking during WWII?",Alan Turing,Aryabhata,Homi J. Bhabha,Archimedes,A) Alan Turing,"Alan Turing is regarded as a founding figure of computer science, known for his theoretical work and code-breaking during World War II.",Scientists,Computer Scientists
Which option correctly answers this: Who is credited with discovering the electron?,Michael Faraday,Louis Pasteur,J. J. Thomson,Rachel Carson,C) J. J. Thomson,"J. J. Thomson is credited with discovering the electron in 1897, a foundational discovery in atomic physics.",Scientists,Physicists
"Quiz question: Who discovered radioactivity, sharing a Nobel Prize for the work?",Charles Darwin,J. J. Thomson,James Watson,Marie Curie (along with Pierre Curie and Henri Becquerel),D) Marie Curie (along with Pierre Curie and Henri Becquerel),"Marie Curie, along with Pierre Curie and Henri Becquerel, is credited with pioneering research on radioactivity.",Scientists,Women Scientists
Quiz question: Who is credited with developing the first practical steam engine widely used in industry?,Homi J. Bhabha,James Watt,Marie Curie (along with Pierre Curie and Henri Becquerel),Edward Jenner,B) James Watt,"James Watt significantly improved the steam engine, making it far more efficient and practical for widespread industrial use.",Scientists,World Scientists
Who discovered penicillin?,Alexander Fleming,C. V. Raman,Albert Einstein,Alexander Graham Bell,A) Alexander Fleming,"Alexander Fleming discovered penicillin in 1928, leading to the development of antibiotics.",Scientists,Medical Scientists
Which option correctly answers this: Who developed the polio vaccine widely used in the 1950s?,Nicolaus Copernicus,Jonas Salk,Louis Pasteur,Alfred Wegener,B) Jonas Salk,"Jonas Salk developed one of the first successful and widely used polio vaccines, introduced in 1955.",Scientists,Medical Scientists
"Which option correctly answers this: Who was the first woman to win a Nobel Prize, and the only person to win Nobel Prizes in two different sciences?",Rachel Carson,Marie Curie,Charles Darwin,Marie Curie (along with Pierre Curie and Henri Becquerel),B) Marie Curie,Marie Curie was the first woman to win a Nobel Prize and remains the only person to win Nobel Prizes in two different scientific fields.,Scientists,Nobel Prize Scientists
"Who is known for environmental scientific contributions and advocacy that led to a global ban on the pesticide DDT, through her writing?",Alfred Wegener,Michael Faraday,Albert Einstein,Rachel Carson,D) Rachel Carson,"Rachel Carson's writing, particularly 'Silent Spring', raised awareness about pesticide dangers and contributed to environmental policy changes, including DDT restrictions.",Scientists,Environmental Scientists
Which option correctly answers this: Who developed the periodic table of elements?,Dmitri Mendeleev,Alexander Fleming,Aryabhata,Marie Curie (along with Pierre Curie and Henri Becquerel),A) Dmitri Mendeleev,"Dmitri Mendeleev developed an early version of the periodic table, organizing elements by atomic weight and properties.",Scientists,Chemists
Which option correctly answers this: Who developed the theory of general relativity?,Albert Einstein,Stephen Hawking,Archimedes,Alan Turing,A) Albert Einstein,"Albert Einstein developed the theory of general relativity, revolutionizing the understanding of gravity, space, and time.",Scientists,World Scientists
Quiz question: Who is regarded as the father of India's nuclear programme?,Marie Curie (along with Pierre Curie and Henri Becquerel),James Watson,C. V. Raman,Homi J. Bhabha,D) Homi J. Bhabha,Homi J. Bhabha is regarded as the father of India's nuclear programme and founded the Tata Institute of Fundamental Research.,Scientists,Indian Scientists
Choose the correct answer: Who developed the polio vaccine widely used in the 1950s?,Marie Curie,C. V. Raman,Edward Jenner,Jonas Salk,D) Jonas Salk,"Jonas Salk developed one of the first successful and widely used polio vaccines, introduced in 1955.",Scientists,Medical Scientists
"Who developed the smallpox vaccine, a major milestone in the history of immunology?",J. J. Thomson,Edward Jenner,Michael Faraday,Isaac Newton,B) Edward Jenner,"Edward Jenner developed the world's first successful smallpox vaccine in the late 18th century, a major milestone in immunology.",Scientists,Medical Scientists
Which option correctly answers this: Who is credited with inventing the telephone?,Alexander Graham Bell,C. V. Raman,James Watt,Gregor Mendel,A) Alexander Graham Bell,Alexander Graham Bell is credited with inventing the first practical telephone in 1876.,Scientists,World Scientists
"Choose the correct answer: Who is known for environmental scientific contributions and advocacy that led to a global ban on the pesticide DDT, through her writing?",Jagadish Chandra Bose,Rachel Carson,Isaac Newton,Nicolaus Copernicus,B) Rachel Carson,"Rachel Carson's writing, particularly 'Silent Spring', raised awareness about pesticide dangers and contributed to environmental policy changes, including DDT restrictions.",Scientists,Environmental Scientists
Choose the correct answer: Who is known for developing the theory of continental drift?,Aryabhata,Stephen Hawking,C. V. Raman,Alfred Wegener,D) Alfred Wegener,"Alfred Wegener proposed the theory of continental drift, suggesting that continents were once joined and have since drifted apart.",Scientists,World Scientists
Which option correctly answers this: Who is credited with inventing the telephone?,Homi J. Bhabha,Alexander Fleming,Alexander Graham Bell,Albert Einstein,C) Alexander Graham Bell,Alexander Graham Bell is credited with inventing the first practical telephone in 1876.,Scientists,World Scientists
Which option correctly answers this: Who is known for developing the theory of continental drift?,Rachel Carson,Homi J. Bhabha,Alfred Wegener,Stephen Hawking,C) Alfred Wegener,"Alfred Wegener proposed the theory of continental drift, suggesting that continents were once joined and have since drifted apart.",Scientists,World Scientists
"Quiz question: Who was the first woman to win a Nobel Prize, and the only person to win Nobel Prizes in two different sciences?",Marie Curie,Tim Berners-Lee,Jonas Salk,Charles Darwin,A) Marie Curie,Marie Curie was the first woman to win a Nobel Prize and remains the only person to win Nobel Prizes in two different scientific fields.,Scientists,Nobel Prize Scientists
Quiz question: Who developed the theory of general relativity?,Marie Curie (along with Pierre Curie and Henri Becquerel),Edward Jenner,Albert Einstein,Louis Pasteur,C) Albert Einstein,"Albert Einstein developed the theory of general relativity, revolutionizing the understanding of gravity, space, and time.",Scientists,World Scientists
Who is famous for his observations supporting the heliocentric model using an early telescope?,Nicolaus Copernicus,Rachel Carson,Galileo Galilei,Homi J. Bhabha,C) Galileo Galilei,"Galileo Galilei made key astronomical observations using an early telescope, providing evidence supporting the heliocentric model.",Scientists,Astronomers
Quiz question: Who is known for pioneering contributions to genetics through experiments with pea plants?,Gregor Mendel,Dmitri Mendeleev,James Watson,Isaac Newton,A) Gregor Mendel,Gregor Mendel conducted pioneering experiments with pea plants that laid the foundation for the modern science of genetics.,Scientists,Biologists
"Which option correctly answers this: Who was the first woman to win a Nobel Prize, and the only person to win Nobel Prizes in two different sciences?",C. V. Raman,Jonas Salk,James Watt,Marie Curie,D) Marie Curie,Marie Curie was the first woman to win a Nobel Prize and remains the only person to win Nobel Prizes in two different scientific fields.,Scientists,Nobel Prize Scientists
Choose the correct answer: Who is known for pioneering contributions to genetics through experiments with pea plants?,Gregor Mendel,J. J. Thomson,Rachel Carson,Michael Faraday,A) Gregor Mendel,Gregor Mendel conducted pioneering experiments with pea plants that laid the foundation for the modern science of genetics.,Scientists,Biologists
Which option correctly answers this: Who is credited with developing the first practical steam engine widely used in industry?,Louis Pasteur,James Watt,Aryabhata,James Watson,B) James Watt,"James Watt significantly improved the steam engine, making it far more efficient and practical for widespread industrial use.",Scientists,World Scientists
"Which Indian scientist is known for his experiments demonstrating that plants have life-like responses, using an instrument called the crescograph?",Jagadish Chandra Bose,Marie Curie,Marie Curie (along with Pierre Curie and Henri Becquerel),Albert Einstein,A) Jagadish Chandra Bose,"Jagadish Chandra Bose conducted pioneering experiments showing life-like responses in plants using his invented instrument, the crescograph.",Scientists,Indian Scientists
Quiz question: Who discovered the law of buoyancy while reportedly in a bathtub?,Alexander Fleming,Alfred Wegener,Archimedes,James Watson,C) Archimedes,"Archimedes is credited with discovering the principle of buoyancy, famously said to have realized it while in his bath.",Scientists,Mathematicians
Choose the correct answer: Who discovered penicillin?,Alexander Fleming,Jagadish Chandra Bose,Jonas Salk,Aryabhata,A) Alexander Fleming,"Alexander Fleming discovered penicillin in 1928, leading to the development of antibiotics.",Scientists,Medical Scientists
Which option correctly answers this: Who developed the heliocentric model placing the Sun at the center of the Solar System?,Nicolaus Copernicus,J. J. Thomson,Marie Curie,Marie Curie (along with Pierre Curie and Henri Becquerel),A) Nicolaus Copernicus,"Nicolaus Copernicus proposed the heliocentric model, which placed the Sun, rather than the Earth, at the center of the Solar System.",Scientists,Astronomers
"Who was the first woman to win a Nobel Prize, and the only person to win Nobel Prizes in two different sciences?",Alfred Wegener,Marie Curie,Michael Faraday,Vikram Sarabhai,B) Marie Curie,Marie Curie was the first woman to win a Nobel Prize and remains the only person to win Nobel Prizes in two different scientific fields.,Scientists,Nobel Prize Scientists
Who developed the theory of general relativity's application in understanding black holes and co-authored influential works on space-time?,Louis Pasteur,C. V. Raman,Stephen Hawking,Jonas Salk,C) Stephen Hawking,Stephen Hawking made significant contributions to the understanding of black holes and cosmology within the framework of general relativity.,Scientists,Physicists
Which option correctly answers this: Who discovered penicillin?,Alexander Fleming,James Watt,Nicolaus Copernicus,Dmitri Mendeleev,A) Alexander Fleming,"Alexander Fleming discovered penicillin in 1928, leading to the development of antibiotics.",Scientists,Medical Scientists
Choose the correct answer: Who is credited with inventing the telephone?,Alexander Graham Bell,Alexander Fleming,Albert Einstein,Tim Berners-Lee,A) Alexander Graham Bell,Alexander Graham Bell is credited with inventing the first practical telephone in 1876.,Scientists,World Scientists
Quiz question: Who developed the polio vaccine widely used in the 1950s?,James Watt,Michael Faraday,Jonas Salk,Edward Jenner,C) Jonas Salk,"Jonas Salk developed one of the first successful and widely used polio vaccines, introduced in 1955.",Scientists,Medical Scientists
Which option correctly answers this: Who is famous for his observations supporting the heliocentric model using an early telescope?,Galileo Galilei,Alfred Wegener,Alexander Graham Bell,Jonas Salk,A) Galileo Galilei,"Galileo Galilei made key astronomical observations using an early telescope, providing evidence supporting the heliocentric model.",Scientists,Astronomers
"Who discovered radioactivity, sharing a Nobel Prize for the work?",Marie Curie (along with Pierre Curie and Henri Becquerel),Alexander Graham Bell,Jagadish Chandra Bose,Aryabhata,A) Marie Curie (along with Pierre Curie and Henri Becquerel),"Marie Curie, along with Pierre Curie and Henri Becquerel, is credited with pioneering research on radioactivity.",Scientists,Women Scientists
Choose the correct answer: Who is credited with developing the first practical steam engine widely used in industry?,Homi J. Bhabha,Michael Faraday,Marie Curie (along with Pierre Curie and Henri Becquerel),James Watt,D) James Watt,"James Watt significantly improved the steam engine, making it far more efficient and practical for widespread industrial use.",Scientists,World Scientists
Quiz question: Who developed the polio vaccine widely used in the 1950s?,Jagadish Chandra Bose,James Watt,Homi J. Bhabha,Jonas Salk,D) Jonas Salk,"Jonas Salk developed one of the first successful and widely used polio vaccines, introduced in 1955.",Scientists,Medical Scientists
Who is famous for his observations supporting the heliocentric model using an early telescope?,Galileo Galilei,Tim Berners-Lee,Michael Faraday,Isaac Newton,A) Galileo Galilei,"Galileo Galilei made key astronomical observations using an early telescope, providing evidence supporting the heliocentric model.",Scientists,Astronomers
Who developed the mathematical concept of zero as a number and made major contributions to Indian mathematics and astronomy?,Aryabhata,Isaac Newton,Rachel Carson,Michael Faraday,A) Aryabhata,"Aryabhata, an ancient Indian mathematician and astronomer, made significant contributions to mathematics, including work related to the concept of zero.",Scientists,Mathematicians
Who developed the heliocentric model placing the Sun at the center of the Solar System?,Nicolaus Copernicus,Marie Curie (along with Pierre Curie and Henri Becquerel),Alfred Wegener,Isaac Newton,A) Nicolaus Copernicus,"Nicolaus Copernicus proposed the heliocentric model, which placed the Sun, rather than the Earth, at the center of the Solar System.",Scientists,Astronomers
"Choose the correct answer: Who is known for environmental scientific contributions and advocacy that led to a global ban on the pesticide DDT, through her writing?",Rachel Carson,Jagadish Chandra Bose,Alan Turing,James Watson,A) Rachel Carson,"Rachel Carson's writing, particularly 'Silent Spring', raised awareness about pesticide dangers and contributed to environmental policy changes, including DDT restrictions.",Scientists,Environmental Scientists
Who developed the theory of general relativity?,Alfred Wegener,J. J. Thomson,Alexander Graham Bell,Albert Einstein,D) Albert Einstein,"Albert Einstein developed the theory of general relativity, revolutionizing the understanding of gravity, space, and time.",Scientists,World Scientists
Quiz question: Who is known as the father of the Indian space programme?,C. V. Raman,Vikram Sarabhai,Isaac Newton,Marie Curie (along with Pierre Curie and Henri Becquerel),B) Vikram Sarabhai,"Vikram Sarabhai is widely regarded as the father of the Indian space programme, founding what became ISRO.",Scientists,Indian Scientists
"Choose the correct answer: Who is known for environmental scientific contributions and advocacy that led to a global ban on the pesticide DDT, through her writing?",Gregor Mendel,Rachel Carson,Jonas Salk,Dmitri Mendeleev,B) Rachel Carson,"Rachel Carson's writing, particularly 'Silent Spring', raised awareness about pesticide dangers and contributed to environmental policy changes, including DDT restrictions.",Scientists,Environmental Scientists
Which option correctly answers this: Who developed the polio vaccine widely used in the 1950s?,Alexander Graham Bell,Alexander Fleming,Jonas Salk,Alfred Wegener,C) Jonas Salk,"Jonas Salk developed one of the first successful and widely used polio vaccines, introduced in 1955.",Scientists,Medical Scientists
Choose the correct answer: Who proposed the theory of evolution by natural selection?,Nicolaus Copernicus,Tim Berners-Lee,Rachel Carson,Charles Darwin,D) Charles Darwin,Charles Darwin proposed the theory of evolution by natural selection in his book 'On the Origin of Species'.,Scientists,Biologists
Quiz question: Who is credited with inventing the telephone?,Alexander Graham Bell,Marie Curie (along with Pierre Curie and Henri Becquerel),Archimedes,Vikram Sarabhai,A) Alexander Graham Bell,Alexander Graham Bell is credited with inventing the first practical telephone in 1876.,Scientists,World Scientists
Who discovered penicillin?,Alexander Graham Bell,Alexander Fleming,Nicolaus Copernicus,Edward Jenner,B) Alexander Fleming,"Alexander Fleming discovered penicillin in 1928, leading to the development of antibiotics.",Scientists,Medical Scientists
"Who discovered radioactivity, sharing a Nobel Prize for the work?",Nicolaus Copernicus,Homi J. Bhabha,Marie Curie (along with Pierre Curie and Henri Becquerel),Gregor Mendel,C) Marie Curie (along with Pierre Curie and Henri Becquerel),"Marie Curie, along with Pierre Curie and Henri Becquerel, is credited with pioneering research on radioactivity.",Scientists,Women Scientists
Who developed the polio vaccine widely used in the 1950s?,Archimedes,Dmitri Mendeleev,Jonas Salk,Albert Einstein,C) Jonas Salk,"Jonas Salk developed one of the first successful and widely used polio vaccines, introduced in 1955.",Scientists,Medical Scientists
Choose the correct answer: Who is known as the father of the Indian space programme?,Albert Einstein,Vikram Sarabhai,Alfred Wegener,Michael Faraday,B) Vikram Sarabhai,"Vikram Sarabhai is widely regarded as the father of the Indian space programme, founding what became ISRO.",Scientists,Indian Scientists
Choose the correct answer: Who developed the mathematical concept of zero as a number and made major contributions to Indian mathematics and astronomy?,Alan Turing,Aryabhata,Galileo Galilei,Isaac Newton,B) Aryabhata,"Aryabhata, an ancient Indian mathematician and astronomer, made significant contributions to mathematics, including work related to the concept of zero.",Scientists,Mathematicians
Choose the correct answer: Who is famous for his observations supporting the heliocentric model using an early telescope?,Galileo Galilei,Marie Curie,Michael Faraday,J. J. Thomson,A) Galileo Galilei,"Galileo Galilei made key astronomical observations using an early telescope, providing evidence supporting the heliocentric model.",Scientists,Astronomers
"Who developed the smallpox vaccine, a major milestone in the history of immunology?",Alfred Wegener,Edward Jenner,Dmitri Mendeleev,Marie Curie,B) Edward Jenner,"Edward Jenner developed the world's first successful smallpox vaccine in the late 18th century, a major milestone in immunology.",Scientists,Medical Scientists
Which option correctly answers this: Who is famous for his observations supporting the heliocentric model using an early telescope?,Galileo Galilei,J. J. Thomson,Homi J. Bhabha,Archimedes,A) Galileo Galilei,"Galileo Galilei made key astronomical observations using an early telescope, providing evidence supporting the heliocentric model.",Scientists,Astronomers
Which option correctly answers this: Who is famous for his observations supporting the heliocentric model using an early telescope?,Tim Berners-Lee,Galileo Galilei,Michael Faraday,Homi J. Bhabha,B) Galileo Galilei,"Galileo Galilei made key astronomical observations using an early telescope, providing evidence supporting the heliocentric model.",Scientists,Astronomers
Choose the correct answer: Who discovered the law of buoyancy while reportedly in a bathtub?,Alfred Wegener,Charles Darwin,J. J. Thomson,Archimedes,D) Archimedes,"Archimedes is credited with discovering the principle of buoyancy, famously said to have realized it while in his bath.",Scientists,Mathematicians
Which option correctly answers this: Who is known for developing the theory of continental drift?,Alexander Graham Bell,James Watson,Alfred Wegener,J. J. Thomson,C) Alfred Wegener,"Alfred Wegener proposed the theory of continental drift, suggesting that continents were once joined and have since drifted apart.",Scientists,World Scientists
Quiz question: Who discovered penicillin?,Alfred Wegener,Marie Curie,Alexander Fleming,Aryabhata,C) Alexander Fleming,"Alexander Fleming discovered penicillin in 1928, leading to the development of antibiotics.",Scientists,Medical Scientists
Which option correctly answers this: Who is credited with inventing the telephone?,Gregor Mendel,Aryabhata,Alexander Graham Bell,Jonas Salk,C) Alexander Graham Bell,Alexander Graham Bell is credited with inventing the first practical telephone in 1876.,Scientists,World Scientists
Which option correctly answers this: Who invented the World Wide Web?,Jonas Salk,Tim Berners-Lee,Isaac Newton,Albert Einstein,B) Tim Berners-Lee,Tim Berners-Lee invented the World Wide Web in 1989 while working at CERN.,Scientists,Computer Scientists
Which option correctly answers this: Who is credited with developing the first practical steam engine widely used in industry?,Jagadish Chandra Bose,James Watt,Nicolaus Copernicus,Marie Curie,B) James Watt,"James Watt significantly improved the steam engine, making it far more efficient and practical for widespread industrial use.",Scientists,World Scientists
Choose the correct answer: Who is credited with formulating the laws of motion and universal gravitation?,Isaac Newton,Alexander Graham Bell,Gregor Mendel,Marie Curie,A) Isaac Newton,"Sir Isaac Newton formulated the laws of motion and the law of universal gravitation, foundational to classical physics.",Scientists,Physicists
"Quiz question: Which Indian scientist is known for his experiments demonstrating that plants have life-like responses, using an instrument called the crescograph?",Marie Curie (along with Pierre Curie and Henri Becquerel),Jagadish Chandra Bose,Michael Faraday,Homi J. Bhabha,B) Jagadish Chandra Bose,"Jagadish Chandra Bose conducted pioneering experiments showing life-like responses in plants using his invented instrument, the crescograph.",Scientists,Indian Scientists
Choose the correct answer: Who is known for pioneering contributions to genetics through experiments with pea plants?,Gregor Mendel,Homi J. Bhabha,Jonas Salk,J. J. Thomson,A) Gregor Mendel,Gregor Mendel conducted pioneering experiments with pea plants that laid the foundation for the modern science of genetics.,Scientists,Biologists
Which option correctly answers this: Who is known for developing the theory of continental drift?,Isaac Newton,Tim Berners-Lee,Marie Curie,Alfred Wegener,D) Alfred Wegener,"Alfred Wegener proposed the theory of continental drift, suggesting that continents were once joined and have since drifted apart.",Scientists,World Scientists
"Which option correctly answers this: Who is credited as a pioneer of rocketry and space science in India, associated with early sounding rocket launches?",Stephen Hawking,Vikram Sarabhai,Rachel Carson,Albert Einstein,B) Vikram Sarabhai,"Vikram Sarabhai pioneered India's early rocketry and space science efforts, leading to the founding of ISRO.",Scientists,Space Scientists
Who invented the World Wide Web?,Aryabhata,Alfred Wegener,James Watt,Tim Berners-Lee,D) Tim Berners-Lee,Tim Berners-Lee invented the World Wide Web in 1989 while working at CERN.,Scientists,Computer Scientists
Choose the correct answer: Who is known for developing the theory of continental drift?,Alfred Wegener,Dmitri Mendeleev,J. J. Thomson,Edward Jenner,A) Alfred Wegener,"Alfred Wegener proposed the theory of continental drift, suggesting that continents were once joined and have since drifted apart.",Scientists,World Scientists
Choose the correct answer: Who is famous for his observations supporting the heliocentric model using an early telescope?,Alan Turing,Rachel Carson,Galileo Galilei,C. V. Raman,C) Galileo Galilei,"Galileo Galilei made key astronomical observations using an early telescope, providing evidence supporting the heliocentric model.",Scientists,Astronomers
"Choose the correct answer: Which Indian scientist is known for his experiments demonstrating that plants have life-like responses, using an instrument called the crescograph?",J. J. Thomson,James Watt,Edward Jenner,Jagadish Chandra Bose,D) Jagadish Chandra Bose,"Jagadish Chandra Bose conducted pioneering experiments showing life-like responses in plants using his invented instrument, the crescograph.",Scientists,Indian Scientists
"Who is credited as a pioneer of rocketry and space science in India, associated with early sounding rocket launches?",Albert Einstein,Dmitri Mendeleev,Rachel Carson,Vikram Sarabhai,D) Vikram Sarabhai,"Vikram Sarabhai pioneered India's early rocketry and space science efforts, leading to the founding of ISRO.",Scientists,Space Scientists
Which option correctly answers this: Who is credited with formulating the laws of motion and universal gravitation?,Gregor Mendel,Isaac Newton,J. J. Thomson,Nicolaus Copernicus,B) Isaac Newton,"Sir Isaac Newton formulated the laws of motion and the law of universal gravitation, foundational to classical physics.",Scientists,Physicists
Which option correctly answers this: Who is credited with formulating the laws of motion and universal gravitation?,Isaac Newton,Stephen Hawking,Jagadish Chandra Bose,James Watson,A) Isaac Newton,"Sir Isaac Newton formulated the laws of motion and the law of universal gravitation, foundational to classical physics.",Scientists,Physicists
Quiz question: Who is credited with discovering the electron?,Gregor Mendel,Aryabhata,James Watt,J. J. Thomson,D) J. J. Thomson,"J. J. Thomson is credited with discovering the electron in 1897, a foundational discovery in atomic physics.",Scientists,Physicists
Who invented the World Wide Web?,Aryabhata,Alfred Wegener,Tim Berners-Lee,Jonas Salk,C) Tim Berners-Lee,Tim Berners-Lee invented the World Wide Web in 1989 while working at CERN.,Scientists,Computer Scientists
Choose the correct answer: Who is credited with developing the first practical steam engine widely used in industry?,Homi J. Bhabha,Jonas Salk,J. J. Thomson,James Watt,D) James Watt,"James Watt significantly improved the steam engine, making it far more efficient and practical for widespread industrial use.",Scientists,World Scientists
Quiz question: Who is known for developing the theory of continental drift?,Alfred Wegener,Alexander Fleming,James Watson,Edward Jenner,A) Alfred Wegener,"Alfred Wegener proposed the theory of continental drift, suggesting that continents were once joined and have since drifted apart.",Scientists,World Scientists
Which option correctly answers this: Who developed the theory of general relativity's application in understanding black holes and co-authored influential works on space-time?,Rachel Carson,Stephen Hawking,Alexander Graham Bell,Louis Pasteur,B) Stephen Hawking,Stephen Hawking made significant contributions to the understanding of black holes and cosmology within the framework of general relativity.,Scientists,Physicists
Quiz question: Who developed the theory of general relativity's application in understanding black holes and co-authored influential works on space-time?,Stephen Hawking,Isaac Newton,Alan Turing,Archimedes,A) Stephen Hawking,Stephen Hawking made significant contributions to the understanding of black holes and cosmology within the framework of general relativity.,Scientists,Physicists
Choose the correct answer: Who developed the theory of general relativity's application in understanding black holes and co-authored influential works on space-time?,Jonas Salk,Homi J. Bhabha,Stephen Hawking,Dmitri Mendeleev,C) Stephen Hawking,Stephen Hawking made significant contributions to the understanding of black holes and cosmology within the framework of general relativity.,Scientists,Physicists
Which option correctly answers this: Who developed the theory of general relativity?,Albert Einstein,Vikram Sarabhai,Alexander Fleming,Alexander Graham Bell,A) Albert Einstein,"Albert Einstein developed the theory of general relativity, revolutionizing the understanding of gravity, space, and time.",Scientists,World Scientists
"Quiz question: Who was the first woman to win a Nobel Prize, and the only person to win Nobel Prizes in two different sciences?",Alexander Fleming,Marie Curie,Isaac Newton,James Watson,B) Marie Curie,Marie Curie was the first woman to win a Nobel Prize and remains the only person to win Nobel Prizes in two different scientific fields.,Scientists,Nobel Prize Scientists
Quiz question: Who is known for pioneering contributions to genetics through experiments with pea plants?,James Watt,Alexander Graham Bell,James Watson,Gregor Mendel,D) Gregor Mendel,Gregor Mendel conducted pioneering experiments with pea plants that laid the foundation for the modern science of genetics.,Scientists,Biologists
"Choose the correct answer: Who is known for pioneering research in electricity and magnetism, with the SI unit of capacitance named after him?",Michael Faraday,Stephen Hawking,Jonas Salk,Gregor Mendel,A) Michael Faraday,"Michael Faraday made pioneering contributions to the study of electromagnetism, and the SI unit of capacitance, the farad, is named after him.",Scientists,Physicists
Which option correctly answers this: Who proposed the theory of evolution by natural selection?,Charles Darwin,C. V. Raman,Alexander Fleming,Albert Einstein,A) Charles Darwin,Charles Darwin proposed the theory of evolution by natural selection in his book 'On the Origin of Species'.,Scientists,Biologists
Quiz question: Who is regarded as the father of India's nuclear programme?,Homi J. Bhabha,Gregor Mendel,James Watson,Marie Curie,A) Homi J. Bhabha,Homi J. Bhabha is regarded as the father of India's nuclear programme and founded the Tata Institute of Fundamental Research.,Scientists,Indian Scientists
Quiz question: Who is known for pioneering contributions to genetics through experiments with pea plants?,Gregor Mendel,Rachel Carson,C. V. Raman,Alexander Fleming,A) Gregor Mendel,Gregor Mendel conducted pioneering experiments with pea plants that laid the foundation for the modern science of genetics.,Scientists,Biologists
"Choose the correct answer: Who is known for pioneering research in electricity and magnetism, with the SI unit of capacitance named after him?",Louis Pasteur,James Watt,Vikram Sarabhai,Michael Faraday,D) Michael Faraday,"Michael Faraday made pioneering contributions to the study of electromagnetism, and the SI unit of capacitance, the farad, is named after him.",Scientists,Physicists
Which option correctly answers this: Who discovered penicillin?,J. J. Thomson,Vikram Sarabhai,Alexander Fleming,Alfred Wegener,C) Alexander Fleming,"Alexander Fleming discovered penicillin in 1928, leading to the development of antibiotics.",Scientists,Medical Scientists
Which option correctly answers this: Who is credited with inventing the telephone?,Homi J. Bhabha,Alexander Graham Bell,Charles Darwin,Nicolaus Copernicus,B) Alexander Graham Bell,Alexander Graham Bell is credited with inventing the first practical telephone in 1876.,Scientists,World Scientists
"Who is credited with discovering the structure of DNA, along with Francis Crick?",James Watson,Galileo Galilei,Gregor Mendel,Louis Pasteur,A) James Watson,"James Watson, along with Francis Crick, is credited with discovering the double-helix structure of DNA in 1953.",Scientists,Biologists
Which option correctly answers this: Who is known for developing the theory of continental drift?,Alexander Graham Bell,Archimedes,Aryabhata,Alfred Wegener,D) Alfred Wegener,"Alfred Wegener proposed the theory of continental drift, suggesting that continents were once joined and have since drifted apart.",Scientists,World Scientists
Quiz question: Who is credited with inventing the telephone?,Alan Turing,James Watson,Dmitri Mendeleev,Alexander Graham Bell,D) Alexander Graham Bell,Alexander Graham Bell is credited with inventing the first practical telephone in 1876.,Scientists,World Scientists
"Who discovered radioactivity, sharing a Nobel Prize for the work?",James Watson,Galileo Galilei,Marie Curie (along with Pierre Curie and Henri Becquerel),Albert Einstein,C) Marie Curie (along with Pierre Curie and Henri Becquerel),"Marie Curie, along with Pierre Curie and Henri Becquerel, is credited with pioneering research on radioactivity.",Scientists,Women Scientists
Choose the correct answer: Who discovered the law of buoyancy while reportedly in a bathtub?,C. V. Raman,Archimedes,James Watt,James Watson,B) Archimedes,"Archimedes is credited with discovering the principle of buoyancy, famously said to have realized it while in his bath.",Scientists,Mathematicians
Which option correctly answers this: Who developed the theory of general relativity?,Tim Berners-Lee,Nicolaus Copernicus,Albert Einstein,Stephen Hawking,C) Albert Einstein,"Albert Einstein developed the theory of general relativity, revolutionizing the understanding of gravity, space, and time.",Scientists,World Scientists
"Which option correctly answers this: Which Indian scientist is known for his experiments demonstrating that plants have life-like responses, using an instrument called the crescograph?",Tim Berners-Lee,Jagadish Chandra Bose,Alexander Graham Bell,Vikram Sarabhai,B) Jagadish Chandra Bose,"Jagadish Chandra Bose conducted pioneering experiments showing life-like responses in plants using his invented instrument, the crescograph.",Scientists,Indian Scientists
Who is credited with discovering the electron?,J. J. Thomson,Homi J. Bhabha,Michael Faraday,Alan Turing,A) J. J. Thomson,"J. J. Thomson is credited with discovering the electron in 1897, a foundational discovery in atomic physics.",Scientists,Physicists
"Which option correctly answers this: Who is credited as a pioneer of rocketry and space science in India, associated with early sounding rocket launches?",Edward Jenner,James Watt,Alexander Graham Bell,Vikram Sarabhai,D) Vikram Sarabhai,"Vikram Sarabhai pioneered India's early rocketry and space science efforts, leading to the founding of ISRO.",Scientists,Space Scientists
Choose the correct answer: Who developed the first successful vaccine against rabies?,Louis Pasteur,Dmitri Mendeleev,Vikram Sarabhai,Isaac Newton,A) Louis Pasteur,"Louis Pasteur developed the first successful vaccine against rabies, among his many other contributions to microbiology.",Scientists,Medical Scientists
"Who is known for environmental scientific contributions and advocacy that led to a global ban on the pesticide DDT, through her writing?",James Watt,Aryabhata,Vikram Sarabhai,Rachel Carson,D) Rachel Carson,"Rachel Carson's writing, particularly 'Silent Spring', raised awareness about pesticide dangers and contributed to environmental policy changes, including DDT restrictions.",Scientists,Environmental Scientists
Which option correctly answers this: Who developed the first successful vaccine against rabies?,Dmitri Mendeleev,Louis Pasteur,Jonas Salk,Marie Curie,B) Louis Pasteur,"Louis Pasteur developed the first successful vaccine against rabies, among his many other contributions to microbiology.",Scientists,Medical Scientists
Quiz question: Who proposed the theory of evolution by natural selection?,Marie Curie,Albert Einstein,Charles Darwin,Rachel Carson,C) Charles Darwin,Charles Darwin proposed the theory of evolution by natural selection in his book 'On the Origin of Species'.,Scientists,Biologists
Quiz question: Who proposed the theory of evolution by natural selection?,Marie Curie,Charles Darwin,Marie Curie (along with Pierre Curie and Henri Becquerel),Vikram Sarabhai,B) Charles Darwin,Charles Darwin proposed the theory of evolution by natural selection in his book 'On the Origin of Species'.,Scientists,Biologists
Quiz question: Who developed the heliocentric model placing the Sun at the center of the Solar System?,Alfred Wegener,Vikram Sarabhai,Nicolaus Copernicus,J. J. Thomson,C) Nicolaus Copernicus,"Nicolaus Copernicus proposed the heliocentric model, which placed the Sun, rather than the Earth, at the center of the Solar System.",Scientists,Astronomers
"Quiz question: Who discovered radioactivity, sharing a Nobel Prize for the work?",Homi J. Bhabha,Alexander Graham Bell,Marie Curie (along with Pierre Curie and Henri Becquerel),Aryabhata,C) Marie Curie (along with Pierre Curie and Henri Becquerel),"Marie Curie, along with Pierre Curie and Henri Becquerel, is credited with pioneering research on radioactivity.",Scientists,Women Scientists
Who is known for pioneering contributions to genetics through experiments with pea plants?,Gregor Mendel,Vikram Sarabhai,J. J. Thomson,Aryabhata,A) Gregor Mendel,Gregor Mendel conducted pioneering experiments with pea plants that laid the foundation for the modern science of genetics.,Scientists,Biologists
"Which option correctly answers this: Who is known for environmental scientific contributions and advocacy that led to a global ban on the pesticide DDT, through her writing?",Rachel Carson,Stephen Hawking,Albert Einstein,Dmitri Mendeleev,A) Rachel Carson,"Rachel Carson's writing, particularly 'Silent Spring', raised awareness about pesticide dangers and contributed to environmental policy changes, including DDT restrictions.",Scientists,Environmental Scientists
Which option correctly answers this: Who discovered penicillin?,Albert Einstein,Alexander Fleming,Jonas Salk,Archimedes,B) Alexander Fleming,"Alexander Fleming discovered penicillin in 1928, leading to the development of antibiotics.",Scientists,Medical Scientists
Which option correctly answers this: Who is credited with developing the first practical steam engine widely used in industry?,Dmitri Mendeleev,Jagadish Chandra Bose,James Watt,Alexander Graham Bell,C) James Watt,"James Watt significantly improved the steam engine, making it far more efficient and practical for widespread industrial use.",Scientists,World Scientists
"Which option correctly answers this: Who is regarded as a founding figure of modern computer science, known for his work on computation and code-breaking during WWII?",James Watson,Alan Turing,Stephen Hawking,Alfred Wegener,B) Alan Turing,"Alan Turing is regarded as a founding figure of computer science, known for his theoretical work and code-breaking during World War II.",Scientists,Computer Scientists
Choose the correct answer: Who is known for developing the theory of continental drift?,Alfred Wegener,Marie Curie,Nicolaus Copernicus,Edward Jenner,A) Alfred Wegener,"Alfred Wegener proposed the theory of continental drift, suggesting that continents were once joined and have since drifted apart.",Scientists,World Scientists
Who developed the periodic table of elements?,Alan Turing,Aryabhata,Alexander Graham Bell,Dmitri Mendeleev,D) Dmitri Mendeleev,"Dmitri Mendeleev developed an early version of the periodic table, organizing elements by atomic weight and properties.",Scientists,Chemists
Which option correctly answers this: Who developed the polio vaccine widely used in the 1950s?,Dmitri Mendeleev,Jonas Salk,Louis Pasteur,Homi J. Bhabha,B) Jonas Salk,"Jonas Salk developed one of the first successful and widely used polio vaccines, introduced in 1955.",Scientists,Medical Scientists
Quiz question: Who is credited with developing the first practical steam engine widely used in industry?,Aryabhata,James Watt,Edward Jenner,C. V. Raman,B) James Watt,"James Watt significantly improved the steam engine, making it far more efficient and practical for widespread industrial use.",Scientists,World Scientists
Quiz question: Who is known as the father of the Indian space programme?,Aryabhata,Vikram Sarabhai,C. V. Raman,Alexander Graham Bell,B) Vikram Sarabhai,"Vikram Sarabhai is widely regarded as the father of the Indian space programme, founding what became ISRO.",Scientists,Indian Scientists
"Who was the first woman to win a Nobel Prize, and the only person to win Nobel Prizes in two different sciences?",Tim Berners-Lee,Archimedes,Gregor Mendel,Marie Curie,D) Marie Curie,Marie Curie was the first woman to win a Nobel Prize and remains the only person to win Nobel Prizes in two different scientific fields.,Scientists,Nobel Prize Scientists
Who is credited with inventing the telephone?,Michael Faraday,Isaac Newton,Alexander Graham Bell,Charles Darwin,C) Alexander Graham Bell,Alexander Graham Bell is credited with inventing the first practical telephone in 1876.,Scientists,World Scientists
Who is credited with developing the first practical steam engine widely used in industry?,James Watt,Isaac Newton,Archimedes,James Watson,A) James Watt,"James Watt significantly improved the steam engine, making it far more efficient and practical for widespread industrial use.",Scientists,World Scientists
"Quiz question: Which Indian scientist is known for his experiments demonstrating that plants have life-like responses, using an instrument called the crescograph?",Dmitri Mendeleev,C. V. Raman,Albert Einstein,Jagadish Chandra Bose,D) Jagadish Chandra Bose,"Jagadish Chandra Bose conducted pioneering experiments showing life-like responses in plants using his invented instrument, the crescograph.",Scientists,Indian Scientists
"Quiz question: Who is regarded as a founding figure of modern computer science, known for his work on computation and code-breaking during WWII?",Alan Turing,Galileo Galilei,C. V. Raman,Isaac Newton,A) Alan Turing,"Alan Turing is regarded as a founding figure of computer science, known for his theoretical work and code-breaking during World War II.",Scientists,Computer Scientists
"Who discovered radioactivity, sharing a Nobel Prize for the work?",Marie Curie (along with Pierre Curie and Henri Becquerel),Alexander Fleming,Jonas Salk,Rachel Carson,A) Marie Curie (along with Pierre Curie and Henri Becquerel),"Marie Curie, along with Pierre Curie and Henri Becquerel, is credited with pioneering research on radioactivity.",Scientists,Women Scientists
Quiz question: Who is credited with discovering the electron?,Homi J. Bhabha,J. J. Thomson,Nicolaus Copernicus,Marie Curie,B) J. J. Thomson,"J. J. Thomson is credited with discovering the electron in 1897, a foundational discovery in atomic physics.",Scientists,Physicists
Choose the correct answer: Who is known for pioneering contributions to genetics through experiments with pea plants?,Gregor Mendel,Michael Faraday,C. V. Raman,James Watt,A) Gregor Mendel,Gregor Mendel conducted pioneering experiments with pea plants that laid the foundation for the modern science of genetics.,Scientists,Biologists
Which option correctly answers this: Who developed the mathematical concept of zero as a number and made major contributions to Indian mathematics and astronomy?,Aryabhata,Stephen Hawking,Gregor Mendel,Alexander Fleming,A) Aryabhata,"Aryabhata, an ancient Indian mathematician and astronomer, made significant contributions to mathematics, including work related to the concept of zero.",Scientists,Mathematicians
Quiz question: Who developed the theory of general relativity?,Edward Jenner,Albert Einstein,Charles Darwin,Rachel Carson,B) Albert Einstein,"Albert Einstein developed the theory of general relativity, revolutionizing the understanding of gravity, space, and time.",Scientists,World Scientists
Choose the correct answer: Who developed the first successful vaccine against rabies?,Dmitri Mendeleev,Vikram Sarabhai,Louis Pasteur,Alexander Fleming,C) Louis Pasteur,"Louis Pasteur developed the first successful vaccine against rabies, among his many other contributions to microbiology.",Scientists,Medical Scientists
Choose the correct answer: Who is credited with formulating the laws of motion and universal gravitation?,Rachel Carson,Jagadish Chandra Bose,Isaac Newton,Galileo Galilei,C) Isaac Newton,"Sir Isaac Newton formulated the laws of motion and the law of universal gravitation, foundational to classical physics.",Scientists,Physicists
"Quiz question: Who is known for pioneering research in electricity and magnetism, with the SI unit of capacitance named after him?",Gregor Mendel,Edward Jenner,Michael Faraday,Homi J. Bhabha,C) Michael Faraday,"Michael Faraday made pioneering contributions to the study of electromagnetism, and the SI unit of capacitance, the farad, is named after him.",Scientists,Physicists
"Which option correctly answers this: Who is known for environmental scientific contributions and advocacy that led to a global ban on the pesticide DDT, through her writing?",J. J. Thomson,Rachel Carson,Albert Einstein,James Watt,B) Rachel Carson,"Rachel Carson's writing, particularly 'Silent Spring', raised awareness about pesticide dangers and contributed to environmental policy changes, including DDT restrictions.",Scientists,Environmental Scientists
Quiz question: Who developed the heliocentric model placing the Sun at the center of the Solar System?,Alfred Wegener,Edward Jenner,Nicolaus Copernicus,Tim Berners-Lee,C) Nicolaus Copernicus,"Nicolaus Copernicus proposed the heliocentric model, which placed the Sun, rather than the Earth, at the center of the Solar System.",Scientists,Astronomers
"Quiz question: Who is regarded as a founding figure of modern computer science, known for his work on computation and code-breaking during WWII?",Alexander Fleming,Alan Turing,Albert Einstein,Tim Berners-Lee,B) Alan Turing,"Alan Turing is regarded as a founding figure of computer science, known for his theoretical work and code-breaking during World War II.",Scientists,Computer Scientists
Who developed the mathematical concept of zero as a number and made major contributions to Indian mathematics and astronomy?,Alexander Graham Bell,Marie Curie,Aryabhata,Marie Curie (along with Pierre Curie and Henri Becquerel),C) Aryabhata,"Aryabhata, an ancient Indian mathematician and astronomer, made significant contributions to mathematics, including work related to the concept of zero.",Scientists,Mathematicians
Which option correctly answers this: Who developed the periodic table of elements?,Albert Einstein,Archimedes,James Watson,Dmitri Mendeleev,D) Dmitri Mendeleev,"Dmitri Mendeleev developed an early version of the periodic table, organizing elements by atomic weight and properties.",Scientists,Chemists
"Which option correctly answers this: Who is credited as a pioneer of rocketry and space science in India, associated with early sounding rocket launches?",Stephen Hawking,Albert Einstein,Homi J. Bhabha,Vikram Sarabhai,D) Vikram Sarabhai,"Vikram Sarabhai pioneered India's early rocketry and space science efforts, leading to the founding of ISRO.",Scientists,Space Scientists
Quiz question: Who is credited with inventing the telephone?,Louis Pasteur,Tim Berners-Lee,Alexander Graham Bell,Gregor Mendel,C) Alexander Graham Bell,Alexander Graham Bell is credited with inventing the first practical telephone in 1876.,Scientists,World Scientists
Quiz question: Who invented the World Wide Web?,Galileo Galilei,Tim Berners-Lee,Jagadish Chandra Bose,Homi J. Bhabha,B) Tim Berners-Lee,Tim Berners-Lee invented the World Wide Web in 1989 while working at CERN.,Scientists,Computer Scientists
"Who discovered radioactivity, sharing a Nobel Prize for the work?",Jonas Salk,Marie Curie (along with Pierre Curie and Henri Becquerel),Alan Turing,Alexander Graham Bell,B) Marie Curie (along with Pierre Curie and Henri Becquerel),"Marie Curie, along with Pierre Curie and Henri Becquerel, is credited with pioneering research on radioactivity.",Scientists,Women Scientists
Choose the correct answer: Who is known for pioneering contributions to genetics through experiments with pea plants?,Albert Einstein,Gregor Mendel,Stephen Hawking,Louis Pasteur,B) Gregor Mendel,Gregor Mendel conducted pioneering experiments with pea plants that laid the foundation for the modern science of genetics.,Scientists,Biologists
Who is known as the father of the Indian space programme?,C. V. Raman,Isaac Newton,Vikram Sarabhai,Galileo Galilei,C) Vikram Sarabhai,"Vikram Sarabhai is widely regarded as the father of the Indian space programme, founding what became ISRO.",Scientists,Indian Scientists
"Which option correctly answers this: Who is known for environmental scientific contributions and advocacy that led to a global ban on the pesticide DDT, through her writing?",Rachel Carson,Marie Curie,Louis Pasteur,Dmitri Mendeleev,A) Rachel Carson,"Rachel Carson's writing, particularly 'Silent Spring', raised awareness about pesticide dangers and contributed to environmental policy changes, including DDT restrictions.",Scientists,Environmental Scientists
Quiz question: Who discovered the law of buoyancy while reportedly in a bathtub?,Charles Darwin,Archimedes,Alan Turing,Tim Berners-Lee,B) Archimedes,"Archimedes is credited with discovering the principle of buoyancy, famously said to have realized it while in his bath.",Scientists,Mathematicians
Choose the correct answer: Who developed the periodic table of elements?,Dmitri Mendeleev,Charles Darwin,Marie Curie (along with Pierre Curie and Henri Becquerel),Albert Einstein,A) Dmitri Mendeleev,"Dmitri Mendeleev developed an early version of the periodic table, organizing elements by atomic weight and properties.",Scientists,Chemists
"Quiz question: Who is known for pioneering research in electricity and magnetism, with the SI unit of capacitance named after him?",Rachel Carson,Dmitri Mendeleev,Michael Faraday,J. J. Thomson,C) Michael Faraday,"Michael Faraday made pioneering contributions to the study of electromagnetism, and the SI unit of capacitance, the farad, is named after him.",Scientists,Physicists
Who is known for developing the theory of continental drift?,Albert Einstein,Jagadish Chandra Bose,Alfred Wegener,Marie Curie (along with Pierre Curie and Henri Becquerel),C) Alfred Wegener,"Alfred Wegener proposed the theory of continental drift, suggesting that continents were once joined and have since drifted apart.",Scientists,World Scientists
Who is credited with inventing the telephone?,Dmitri Mendeleev,Alexander Fleming,Alexander Graham Bell,Marie Curie,C) Alexander Graham Bell,Alexander Graham Bell is credited with inventing the first practical telephone in 1876.,Scientists,World Scientists
"Choose the correct answer: Who discovered radioactivity, sharing a Nobel Prize for the work?",Jagadish Chandra Bose,Gregor Mendel,Marie Curie,Marie Curie (along with Pierre Curie and Henri Becquerel),D) Marie Curie (along with Pierre Curie and Henri Becquerel),"Marie Curie, along with Pierre Curie and Henri Becquerel, is credited with pioneering research on radioactivity.",Scientists,Women Scientists
Choose the correct answer: Who developed the first successful vaccine against rabies?,Jagadish Chandra Bose,Tim Berners-Lee,Isaac Newton,Louis Pasteur,D) Louis Pasteur,"Louis Pasteur developed the first successful vaccine against rabies, among his many other contributions to microbiology.",Scientists,Medical Scientists
Choose the correct answer: Who is credited with developing the first practical steam engine widely used in industry?,Alexander Graham Bell,Alan Turing,James Watt,Charles Darwin,C) James Watt,"James Watt significantly improved the steam engine, making it far more efficient and practical for widespread industrial use.",Scientists,World Scientists
Choose the correct answer: Who is credited with inventing the telephone?,Alexander Graham Bell,Isaac Newton,Vikram Sarabhai,Louis Pasteur,A) Alexander Graham Bell,Alexander Graham Bell is credited with inventing the first practical telephone in 1876.,Scientists,World Scientists
Choose the correct answer: Who is credited with formulating the laws of motion and universal gravitation?,Jagadish Chandra Bose,Alexander Graham Bell,Edward Jenner,Isaac Newton,D) Isaac Newton,"Sir Isaac Newton formulated the laws of motion and the law of universal gravitation, foundational to classical physics.",Scientists,Physicists
Which option correctly answers this: Who is credited with developing the first practical steam engine widely used in industry?,Michael Faraday,Vikram Sarabhai,James Watt,Alan Turing,C) James Watt,"James Watt significantly improved the steam engine, making it far more efficient and practical for widespread industrial use.",Scientists,World Scientists
Who is famous for his observations supporting the heliocentric model using an early telescope?,Galileo Galilei,Albert Einstein,Jagadish Chandra Bose,Stephen Hawking,A) Galileo Galilei,"Galileo Galilei made key astronomical observations using an early telescope, providing evidence supporting the heliocentric model.",Scientists,Astronomers
"Quiz question: Who discovered radioactivity, sharing a Nobel Prize for the work?",Marie Curie (along with Pierre Curie and Henri Becquerel),Albert Einstein,James Watson,Homi J. Bhabha,A) Marie Curie (along with Pierre Curie and Henri Becquerel),"Marie Curie, along with Pierre Curie and Henri Becquerel, is credited with pioneering research on radioactivity.",Scientists,Women Scientists
"Which option correctly answers this: Who is known for pioneering research in electricity and magnetism, with the SI unit of capacitance named after him?",Aryabhata,Stephen Hawking,Jonas Salk,Michael Faraday,D) Michael Faraday,"Michael Faraday made pioneering contributions to the study of electromagnetism, and the SI unit of capacitance, the farad, is named after him.",Scientists,Physicists
"Quiz question: Which Indian scientist is known for his experiments demonstrating that plants have life-like responses, using an instrument called the crescograph?",Jagadish Chandra Bose,Aryabhata,Michael Faraday,Louis Pasteur,A) Jagadish Chandra Bose,"Jagadish Chandra Bose conducted pioneering experiments showing life-like responses in plants using his invented instrument, the crescograph.",Scientists,Indian Scientists
Who is credited with formulating the laws of motion and universal gravitation?,Michael Faraday,Isaac Newton,J. J. Thomson,Edward Jenner,B) Isaac Newton,"Sir Isaac Newton formulated the laws of motion and the law of universal gravitation, foundational to classical physics.",Scientists,Physicists
Which option correctly answers this: Who developed the mathematical concept of zero as a number and made major contributions to Indian mathematics and astronomy?,Jagadish Chandra Bose,Aryabhata,J. J. Thomson,Galileo Galilei,B) Aryabhata,"Aryabhata, an ancient Indian mathematician and astronomer, made significant contributions to mathematics, including work related to the concept of zero.",Scientists,Mathematicians
Quiz question: Who is famous for his observations supporting the heliocentric model using an early telescope?,Louis Pasteur,Alexander Graham Bell,Galileo Galilei,Dmitri Mendeleev,C) Galileo Galilei,"Galileo Galilei made key astronomical observations using an early telescope, providing evidence supporting the heliocentric model.",Scientists,Astronomers
"Quiz question: Which Indian scientist is known for his experiments demonstrating that plants have life-like responses, using an instrument called the crescograph?",Stephen Hawking,Edward Jenner,Isaac Newton,Jagadish Chandra Bose,D) Jagadish Chandra Bose,"Jagadish Chandra Bose conducted pioneering experiments showing life-like responses in plants using his invented instrument, the crescograph.",Scientists,Indian Scientists
"Which option correctly answers this: Who is credited with discovering the structure of DNA, along with Francis Crick?",Jonas Salk,Galileo Galilei,Charles Darwin,James Watson,D) James Watson,"James Watson, along with Francis Crick, is credited with discovering the double-helix structure of DNA in 1953.",Scientists,Biologists
Who is credited with inventing the telephone?,James Watson,Alfred Wegener,Alexander Graham Bell,Charles Darwin,C) Alexander Graham Bell,Alexander Graham Bell is credited with inventing the first practical telephone in 1876.,Scientists,World Scientists
Choose the correct answer: Who developed the periodic table of elements?,Dmitri Mendeleev,Gregor Mendel,Jagadish Chandra Bose,Isaac Newton,A) Dmitri Mendeleev,"Dmitri Mendeleev developed an early version of the periodic table, organizing elements by atomic weight and properties.",Scientists,Chemists
"Quiz question: Who was the first Indian to win a Nobel Prize in Science, for his work on the scattering of light?",Alexander Graham Bell,Edward Jenner,C. V. Raman,Archimedes,C) C. V. Raman,"C. V. Raman won the Nobel Prize in Physics in 1930 for his discovery of the Raman effect, related to the scattering of light.",Scientists,Indian Scientists
Who developed the mathematical concept of zero as a number and made major contributions to Indian mathematics and astronomy?,Vikram Sarabhai,Homi J. Bhabha,Aryabhata,Albert Einstein,C) Aryabhata,"Aryabhata, an ancient Indian mathematician and astronomer, made significant contributions to mathematics, including work related to the concept of zero.",Scientists,Mathematicians
Quiz question: Who is credited with formulating the laws of motion and universal gravitation?,Isaac Newton,Rachel Carson,Homi J. Bhabha,Alexander Fleming,A) Isaac Newton,"Sir Isaac Newton formulated the laws of motion and the law of universal gravitation, foundational to classical physics.",Scientists,Physicists
"Quiz question: Which Indian scientist is known for his experiments demonstrating that plants have life-like responses, using an instrument called the crescograph?",Jagadish Chandra Bose,C. V. Raman,Jonas Salk,Alexander Fleming,A) Jagadish Chandra Bose,"Jagadish Chandra Bose conducted pioneering experiments showing life-like responses in plants using his invented instrument, the crescograph.",Scientists,Indian Scientists
Choose the correct answer: Who is known as the father of the Indian space programme?,Galileo Galilei,Archimedes,Vikram Sarabhai,Alexander Fleming,C) Vikram Sarabhai,"Vikram Sarabhai is widely regarded as the father of the Indian space programme, founding what became ISRO.",Scientists,Indian Scientists
Quiz question: Who is known for developing the theory of continental drift?,Marie Curie,Galileo Galilei,Nicolaus Copernicus,Alfred Wegener,D) Alfred Wegener,"Alfred Wegener proposed the theory of continental drift, suggesting that continents were once joined and have since drifted apart.",Scientists,World Scientists
Which option correctly answers this: Who developed the periodic table of elements?,Galileo Galilei,Isaac Newton,James Watson,Dmitri Mendeleev,D) Dmitri Mendeleev,"Dmitri Mendeleev developed an early version of the periodic table, organizing elements by atomic weight and properties.",Scientists,Chemists
"Choose the correct answer: Who is known for environmental scientific contributions and advocacy that led to a global ban on the pesticide DDT, through her writing?",Gregor Mendel,Rachel Carson,Archimedes,Tim Berners-Lee,B) Rachel Carson,"Rachel Carson's writing, particularly 'Silent Spring', raised awareness about pesticide dangers and contributed to environmental policy changes, including DDT restrictions.",Scientists,Environmental Scientists
Which option correctly answers this: Who is known as the father of the Indian space programme?,Alexander Graham Bell,Stephen Hawking,Louis Pasteur,Vikram Sarabhai,D) Vikram Sarabhai,"Vikram Sarabhai is widely regarded as the father of the Indian space programme, founding what became ISRO.",Scientists,Indian Scientists
Who developed the periodic table of elements?,Aryabhata,Dmitri Mendeleev,Tim Berners-Lee,James Watson,B) Dmitri Mendeleev,"Dmitri Mendeleev developed an early version of the periodic table, organizing elements by atomic weight and properties.",Scientists,Chemists
Which option correctly answers this: Who discovered penicillin?,Alexander Fleming,J. J. Thomson,James Watson,Nicolaus Copernicus,A) Alexander Fleming,"Alexander Fleming discovered penicillin in 1928, leading to the development of antibiotics.",Scientists,Medical Scientists
Quiz question: Who is credited with formulating the laws of motion and universal gravitation?,James Watson,Isaac Newton,Gregor Mendel,Dmitri Mendeleev,B) Isaac Newton,"Sir Isaac Newton formulated the laws of motion and the law of universal gravitation, foundational to classical physics.",Scientists,Physicists
Who is regarded as the father of India's nuclear programme?,Galileo Galilei,Charles Darwin,Albert Einstein,Homi J. Bhabha,D) Homi J. Bhabha,Homi J. Bhabha is regarded as the father of India's nuclear programme and founded the Tata Institute of Fundamental Research.,Scientists,Indian Scientists
"Choose the correct answer: Who is regarded as a founding figure of modern computer science, known for his work on computation and code-breaking during WWII?",James Watt,Jonas Salk,Alan Turing,Galileo Galilei,C) Alan Turing,"Alan Turing is regarded as a founding figure of computer science, known for his theoretical work and code-breaking during World War II.",Scientists,Computer Scientists
Quiz question: Who is credited with discovering the electron?,Gregor Mendel,Alfred Wegener,Michael Faraday,J. J. Thomson,D) J. J. Thomson,"J. J. Thomson is credited with discovering the electron in 1897, a foundational discovery in atomic physics.",Scientists,Physicists
Choose the correct answer: Who is famous for his observations supporting the heliocentric model using an early telescope?,James Watt,Galileo Galilei,Archimedes,Dmitri Mendeleev,B) Galileo Galilei,"Galileo Galilei made key astronomical observations using an early telescope, providing evidence supporting the heliocentric model.",Scientists,Astronomers
Quiz question: Who proposed the theory of evolution by natural selection?,James Watt,Charles Darwin,Marie Curie (along with Pierre Curie and Henri Becquerel),Aryabhata,B) Charles Darwin,Charles Darwin proposed the theory of evolution by natural selection in his book 'On the Origin of Species'.,Scientists,Biologists
Choose the correct answer: Who developed the theory of general relativity's application in understanding black holes and co-authored influential works on space-time?,J. J. Thomson,Homi J. Bhabha,Stephen Hawking,Michael Faraday,C) Stephen Hawking,Stephen Hawking made significant contributions to the understanding of black holes and cosmology within the framework of general relativity.,Scientists,Physicists
Who developed the polio vaccine widely used in the 1950s?,Isaac Newton,Jonas Salk,Alexander Fleming,Stephen Hawking,B) Jonas Salk,"Jonas Salk developed one of the first successful and widely used polio vaccines, introduced in 1955.",Scientists,Medical Scientists
Who proposed the theory of evolution by natural selection?,C. V. Raman,Charles Darwin,Alfred Wegener,Jagadish Chandra Bose,B) Charles Darwin,Charles Darwin proposed the theory of evolution by natural selection in his book 'On the Origin of Species'.,Scientists,Biologists
"Quiz question: Who was the first Indian to win a Nobel Prize in Science, for his work on the scattering of light?",Charles Darwin,C. V. Raman,Homi J. Bhabha,Marie Curie,B) C. V. Raman,"C. V. Raman won the Nobel Prize in Physics in 1930 for his discovery of the Raman effect, related to the scattering of light.",Scientists,Indian Scientists
"Quiz question: Who developed the smallpox vaccine, a major milestone in the history of immunology?",Michael Faraday,Nicolaus Copernicus,Edward Jenner,Aryabhata,C) Edward Jenner,"Edward Jenner developed the world's first successful smallpox vaccine in the late 18th century, a major milestone in immunology.",Scientists,Medical Scientists
Choose the correct answer: Who is known for pioneering contributions to genetics through experiments with pea plants?,Jonas Salk,James Watson,Gregor Mendel,Charles Darwin,C) Gregor Mendel,Gregor Mendel conducted pioneering experiments with pea plants that laid the foundation for the modern science of genetics.,Scientists,Biologists
Quiz question: Who developed the periodic table of elements?,Louis Pasteur,Dmitri Mendeleev,Alfred Wegener,Isaac Newton,B) Dmitri Mendeleev,"Dmitri Mendeleev developed an early version of the periodic table, organizing elements by atomic weight and properties.",Scientists,Chemists
Which option correctly answers this: Who is credited with inventing the telephone?,Jagadish Chandra Bose,James Watt,Alexander Graham Bell,Gregor Mendel,C) Alexander Graham Bell,Alexander Graham Bell is credited with inventing the first practical telephone in 1876.,Scientists,World Scientists
Which option correctly answers this: Who proposed the theory of evolution by natural selection?,Vikram Sarabhai,Rachel Carson,Dmitri Mendeleev,Charles Darwin,D) Charles Darwin,Charles Darwin proposed the theory of evolution by natural selection in his book 'On the Origin of Species'.,Scientists,Biologists
"Who was the first woman to win a Nobel Prize, and the only person to win Nobel Prizes in two different sciences?",Alfred Wegener,Vikram Sarabhai,Alan Turing,Marie Curie,D) Marie Curie,Marie Curie was the first woman to win a Nobel Prize and remains the only person to win Nobel Prizes in two different scientific fields.,Scientists,Nobel Prize Scientists
Which option correctly answers this: Who is famous for his observations supporting the heliocentric model using an early telescope?,Archimedes,Nicolaus Copernicus,C. V. Raman,Galileo Galilei,D) Galileo Galilei,"Galileo Galilei made key astronomical observations using an early telescope, providing evidence supporting the heliocentric model.",Scientists,Astronomers
"Which option correctly answers this: Who was the first Indian to win a Nobel Prize in Science, for his work on the scattering of light?",Gregor Mendel,C. V. Raman,Dmitri Mendeleev,Galileo Galilei,B) C. V. Raman,"C. V. Raman won the Nobel Prize in Physics in 1930 for his discovery of the Raman effect, related to the scattering of light.",Scientists,Indian Scientists
"Choose the correct answer: Who is credited as a pioneer of rocketry and space science in India, associated with early sounding rocket launches?",Isaac Newton,Vikram Sarabhai,Gregor Mendel,Stephen Hawking,B) Vikram Sarabhai,"Vikram Sarabhai pioneered India's early rocketry and space science efforts, leading to the founding of ISRO.",Scientists,Space Scientists
Who developed the first successful vaccine against rabies?,Alan Turing,Alfred Wegener,Louis Pasteur,Michael Faraday,C) Louis Pasteur,"Louis Pasteur developed the first successful vaccine against rabies, among his many other contributions to microbiology.",Scientists,Medical Scientists
Quiz question: Who developed the theory of general relativity?,Marie Curie (along with Pierre Curie and Henri Becquerel),James Watson,Albert Einstein,Galileo Galilei,C) Albert Einstein,"Albert Einstein developed the theory of general relativity, revolutionizing the understanding of gravity, space, and time.",Scientists,World Scientists
Who is regarded as the father of India's nuclear programme?,Marie Curie (along with Pierre Curie and Henri Becquerel),Jagadish Chandra Bose,Stephen Hawking,Homi J. Bhabha,D) Homi J. Bhabha,Homi J. Bhabha is regarded as the father of India's nuclear programme and founded the Tata Institute of Fundamental Research.,Scientists,Indian Scientists
"Quiz question: Who is known for environmental scientific contributions and advocacy that led to a global ban on the pesticide DDT, through her writing?",Marie Curie (along with Pierre Curie and Henri Becquerel),James Watt,Rachel Carson,Tim Berners-Lee,C) Rachel Carson,"Rachel Carson's writing, particularly 'Silent Spring', raised awareness about pesticide dangers and contributed to environmental policy changes, including DDT restrictions.",Scientists,Environmental Scientists
Who is credited with developing the first practical steam engine widely used in industry?,Charles Darwin,Edward Jenner,James Watt,Rachel Carson,C) James Watt,"James Watt significantly improved the steam engine, making it far more efficient and practical for widespread industrial use.",Scientists,World Scientists
Choose the correct answer: Who is credited with formulating the laws of motion and universal gravitation?,Dmitri Mendeleev,Alan Turing,Homi J. Bhabha,Isaac Newton,D) Isaac Newton,"Sir Isaac Newton formulated the laws of motion and the law of universal gravitation, foundational to classical physics.",Scientists,Physicists
Choose the correct answer: Who developed the polio vaccine widely used in the 1950s?,Alan Turing,Jonas Salk,Aryabhata,Nicolaus Copernicus,B) Jonas Salk,"Jonas Salk developed one of the first successful and widely used polio vaccines, introduced in 1955.",Scientists,Medical Scientists
Quiz question: Who is credited with formulating the laws of motion and universal gravitation?,Alfred Wegener,J. J. Thomson,Marie Curie (along with Pierre Curie and Henri Becquerel),Isaac Newton,D) Isaac Newton,"Sir Isaac Newton formulated the laws of motion and the law of universal gravitation, foundational to classical physics.",Scientists,Physicists
Which option correctly answers this: Who developed the heliocentric model placing the Sun at the center of the Solar System?,Dmitri Mendeleev,Alexander Fleming,Vikram Sarabhai,Nicolaus Copernicus,D) Nicolaus Copernicus,"Nicolaus Copernicus proposed the heliocentric model, which placed the Sun, rather than the Earth, at the center of the Solar System.",Scientists,Astronomers
Who is credited with inventing the telephone?,Alexander Fleming,Charles Darwin,Alexander Graham Bell,Aryabhata,C) Alexander Graham Bell,Alexander Graham Bell is credited with inventing the first practical telephone in 1876.,Scientists,World Scientists
"Which option correctly answers this: Who is credited with discovering the structure of DNA, along with Francis Crick?",Jonas Salk,James Watt,James Watson,Albert Einstein,C) James Watson,"James Watson, along with Francis Crick, is credited with discovering the double-helix structure of DNA in 1953.",Scientists,Biologists
"Choose the correct answer: Who is known for environmental scientific contributions and advocacy that led to a global ban on the pesticide DDT, through her writing?",J. J. Thomson,Louis Pasteur,Homi J. Bhabha,Rachel Carson,D) Rachel Carson,"Rachel Carson's writing, particularly 'Silent Spring', raised awareness about pesticide dangers and contributed to environmental policy changes, including DDT restrictions.",Scientists,Environmental Scientists
Choose the correct answer: Who developed the mathematical concept of zero as a number and made major contributions to Indian mathematics and astronomy?,Homi J. Bhabha,Aryabhata,C. V. Raman,Vikram Sarabhai,B) Aryabhata,"Aryabhata, an ancient Indian mathematician and astronomer, made significant contributions to mathematics, including work related to the concept of zero.",Scientists,Mathematicians
"Choose the correct answer: Who developed the smallpox vaccine, a major milestone in the history of immunology?",Vikram Sarabhai,Rachel Carson,James Watson,Edward Jenner,D) Edward Jenner,"Edward Jenner developed the world's first successful smallpox vaccine in the late 18th century, a major milestone in immunology.",Scientists,Medical Scientists
"Quiz question: Who developed the smallpox vaccine, a major milestone in the history of immunology?",Stephen Hawking,Edward Jenner,C. V. Raman,Michael Faraday,B) Edward Jenner,"Edward Jenner developed the world's first successful smallpox vaccine in the late 18th century, a major milestone in immunology.",Scientists,Medical Scientists
"Which option correctly answers this: Who is regarded as a founding figure of modern computer science, known for his work on computation and code-breaking during WWII?",Alan Turing,James Watt,Isaac Newton,James Watson,A) Alan Turing,"Alan Turing is regarded as a founding figure of computer science, known for his theoretical work and code-breaking during World War II.",Scientists,Computer Scientists
Choose the correct answer: Who developed the heliocentric model placing the Sun at the center of the Solar System?,Louis Pasteur,Nicolaus Copernicus,Homi J. Bhabha,Alfred Wegener,B) Nicolaus Copernicus,"Nicolaus Copernicus proposed the heliocentric model, which placed the Sun, rather than the Earth, at the center of the Solar System.",Scientists,Astronomers
Choose the correct answer: Who is known for developing the theory of continental drift?,Jonas Salk,Alfred Wegener,J. J. Thomson,Alexander Fleming,B) Alfred Wegener,"Alfred Wegener proposed the theory of continental drift, suggesting that continents were once joined and have since drifted apart.",Scientists,World Scientists
Which option correctly answers this: Who is credited with formulating the laws of motion and universal gravitation?,Galileo Galilei,Alexander Fleming,Jonas Salk,Isaac Newton,D) Isaac Newton,"Sir Isaac Newton formulated the laws of motion and the law of universal gravitation, foundational to classical physics.",Scientists,Physicists
"Which option correctly answers this: Who discovered radioactivity, sharing a Nobel Prize for the work?",Louis Pasteur,Rachel Carson,Edward Jenner,Marie Curie (along with Pierre Curie and Henri Becquerel),D) Marie Curie (along with Pierre Curie and Henri Becquerel),"Marie Curie, along with Pierre Curie and Henri Becquerel, is credited with pioneering research on radioactivity.",Scientists,Women Scientists
Choose the correct answer: Who invented the World Wide Web?,Marie Curie (along with Pierre Curie and Henri Becquerel),Alexander Graham Bell,Tim Berners-Lee,Gregor Mendel,C) Tim Berners-Lee,Tim Berners-Lee invented the World Wide Web in 1989 while working at CERN.,Scientists,Computer Scientists
"Who was the first woman to win a Nobel Prize, and the only person to win Nobel Prizes in two different sciences?",Marie Curie,Jagadish Chandra Bose,Alan Turing,James Watt,A) Marie Curie,Marie Curie was the first woman to win a Nobel Prize and remains the only person to win Nobel Prizes in two different scientific fields.,Scientists,Nobel Prize Scientists
"Which option correctly answers this: Who is credited with discovering the structure of DNA, along with Francis Crick?",Alexander Graham Bell,James Watson,C. V. Raman,Michael Faraday,B) James Watson,"James Watson, along with Francis Crick, is credited with discovering the double-helix structure of DNA in 1953.",Scientists,Biologists
"Who is credited with discovering the structure of DNA, along with Francis Crick?",James Watson,Jagadish Chandra Bose,C. V. Raman,Charles Darwin,A) James Watson,"James Watson, along with Francis Crick, is credited with discovering the double-helix structure of DNA in 1953.",Scientists,Biologists
Quiz question: Who invented the World Wide Web?,Dmitri Mendeleev,Alexander Fleming,Tim Berners-Lee,J. J. Thomson,C) Tim Berners-Lee,Tim Berners-Lee invented the World Wide Web in 1989 while working at CERN.,Scientists,Computer Scientists
Which option correctly answers this: Who invented the World Wide Web?,Tim Berners-Lee,Edward Jenner,Isaac Newton,C. V. Raman,A) Tim Berners-Lee,Tim Berners-Lee invented the World Wide Web in 1989 while working at CERN.,Scientists,Computer Scientists
Quiz question: Who is credited with developing the first practical steam engine widely used in industry?,Edward Jenner,Marie Curie,James Watt,Jonas Salk,C) James Watt,"James Watt significantly improved the steam engine, making it far more efficient and practical for widespread industrial use.",Scientists,World Scientists
Quiz question: Who developed the first successful vaccine against rabies?,Louis Pasteur,Homi J. Bhabha,Isaac Newton,Alexander Graham Bell,A) Louis Pasteur,"Louis Pasteur developed the first successful vaccine against rabies, among his many other contributions to microbiology.",Scientists,Medical Scientists
"Which option correctly answers this: Who is known for pioneering research in electricity and magnetism, with the SI unit of capacitance named after him?",Archimedes,Isaac Newton,Charles Darwin,Michael Faraday,D) Michael Faraday,"Michael Faraday made pioneering contributions to the study of electromagnetism, and the SI unit of capacitance, the farad, is named after him.",Scientists,Physicists
"Who was the first Indian to win a Nobel Prize in Science, for his work on the scattering of light?",James Watt,Marie Curie (along with Pierre Curie and Henri Becquerel),Vikram Sarabhai,C. V. Raman,D) C. V. Raman,"C. V. Raman won the Nobel Prize in Physics in 1930 for his discovery of the Raman effect, related to the scattering of light.",Scientists,Indian Scientists
Which option correctly answers this: Who developed the theory of general relativity's application in understanding black holes and co-authored influential works on space-time?,Galileo Galilei,Isaac Newton,Dmitri Mendeleev,Stephen Hawking,D) Stephen Hawking,Stephen Hawking made significant contributions to the understanding of black holes and cosmology within the framework of general relativity.,Scientists,Physicists
Which option correctly answers this: Who is known as the father of the Indian space programme?,Jonas Salk,Charles Darwin,Vikram Sarabhai,James Watt,C) Vikram Sarabhai,"Vikram Sarabhai is widely regarded as the father of the Indian space programme, founding what became ISRO.",Scientists,Indian Scientists
"Who is credited with discovering the structure of DNA, along with Francis Crick?",Stephen Hawking,James Watson,Alexander Graham Bell,Marie Curie,B) James Watson,"James Watson, along with Francis Crick, is credited with discovering the double-helix structure of DNA in 1953.",Scientists,Biologists
Quiz question: Who is credited with formulating the laws of motion and universal gravitation?,Isaac Newton,Vikram Sarabhai,Jagadish Chandra Bose,Homi J. Bhabha,A) Isaac Newton,"Sir Isaac Newton formulated the laws of motion and the law of universal gravitation, foundational to classical physics.",Scientists,Physicists
"Who was the first Indian to win a Nobel Prize in Science, for his work on the scattering of light?",James Watt,Alfred Wegener,C. V. Raman,Gregor Mendel,C) C. V. Raman,"C. V. Raman won the Nobel Prize in Physics in 1930 for his discovery of the Raman effect, related to the scattering of light.",Scientists,Indian Scientists
Which option correctly answers this: Who is famous for his observations supporting the heliocentric model using an early telescope?,Archimedes,Galileo Galilei,Michael Faraday,Alexander Fleming,B) Galileo Galilei,"Galileo Galilei made key astronomical observations using an early telescope, providing evidence supporting the heliocentric model.",Scientists,Astronomers
Which option correctly answers this: Who is credited with inventing the telephone?,Alexander Graham Bell,Louis Pasteur,Nicolaus Copernicus,Charles Darwin,A) Alexander Graham Bell,Alexander Graham Bell is credited with inventing the first practical telephone in 1876.,Scientists,World Scientists
Choose the correct answer: Who developed the first successful vaccine against rabies?,James Watt,Jonas Salk,Louis Pasteur,Alfred Wegener,C) Louis Pasteur,"Louis Pasteur developed the first successful vaccine against rabies, among his many other contributions to microbiology.",Scientists,Medical Scientists
Choose the correct answer: Who is famous for his observations supporting the heliocentric model using an early telescope?,Michael Faraday,Jonas Salk,Galileo Galilei,Alexander Graham Bell,C) Galileo Galilei,"Galileo Galilei made key astronomical observations using an early telescope, providing evidence supporting the heliocentric model.",Scientists,Astronomers
Choose the correct answer: Who is credited with discovering the electron?,C. V. Raman,Galileo Galilei,Louis Pasteur,J. J. Thomson,D) J. J. Thomson,"J. J. Thomson is credited with discovering the electron in 1897, a foundational discovery in atomic physics.",Scientists,Physicists
"Quiz question: Who was the first woman to win a Nobel Prize, and the only person to win Nobel Prizes in two different sciences?",Isaac Newton,Michael Faraday,Stephen Hawking,Marie Curie,D) Marie Curie,Marie Curie was the first woman to win a Nobel Prize and remains the only person to win Nobel Prizes in two different scientific fields.,Scientists,Nobel Prize Scientists
"Which option correctly answers this: Who developed the smallpox vaccine, a major milestone in the history of immunology?",Albert Einstein,Jagadish Chandra Bose,Rachel Carson,Edward Jenner,D) Edward Jenner,"Edward Jenner developed the world's first successful smallpox vaccine in the late 18th century, a major milestone in immunology.",Scientists,Medical Scientists
Which option correctly answers this: Who developed the first successful vaccine against rabies?,Edward Jenner,Jonas Salk,Archimedes,Louis Pasteur,D) Louis Pasteur,"Louis Pasteur developed the first successful vaccine against rabies, among his many other contributions to microbiology.",Scientists,Medical Scientists
Quiz question: Who is known for developing the theory of continental drift?,Dmitri Mendeleev,Michael Faraday,Alfred Wegener,Archimedes,C) Alfred Wegener,"Alfred Wegener proposed the theory of continental drift, suggesting that continents were once joined and have since drifted apart.",Scientists,World Scientists
Who is regarded as the father of India's nuclear programme?,C. V. Raman,Albert Einstein,Homi J. Bhabha,Edward Jenner,C) Homi J. Bhabha,Homi J. Bhabha is regarded as the father of India's nuclear programme and founded the Tata Institute of Fundamental Research.,Scientists,Indian Scientists
Which option correctly answers this: Who is known for developing the theory of continental drift?,Charles Darwin,Alfred Wegener,James Watt,Jonas Salk,B) Alfred Wegener,"Alfred Wegener proposed the theory of continental drift, suggesting that continents were once joined and have since drifted apart.",Scientists,World Scientists
Which option correctly answers this: Who is known as the father of the Indian space programme?,Vikram Sarabhai,James Watt,Galileo Galilei,Alexander Graham Bell,A) Vikram Sarabhai,"Vikram Sarabhai is widely regarded as the father of the Indian space programme, founding what became ISRO.",Scientists,Indian Scientists
"Choose the correct answer: Who is known for environmental scientific contributions and advocacy that led to a global ban on the pesticide DDT, through her writing?",Tim Berners-Lee,Aryabhata,Rachel Carson,James Watt,C) Rachel Carson,"Rachel Carson's writing, particularly 'Silent Spring', raised awareness about pesticide dangers and contributed to environmental policy changes, including DDT restrictions.",Scientists,Environmental Scientists
"Quiz question: Who discovered radioactivity, sharing a Nobel Prize for the work?",Albert Einstein,Jonas Salk,Marie Curie (along with Pierre Curie and Henri Becquerel),Marie Curie,C) Marie Curie (along with Pierre Curie and Henri Becquerel),"Marie Curie, along with Pierre Curie and Henri Becquerel, is credited with pioneering research on radioactivity.",Scientists,Women Scientists
"Which option correctly answers this: Who discovered radioactivity, sharing a Nobel Prize for the work?",Albert Einstein,Charles Darwin,Marie Curie (along with Pierre Curie and Henri Becquerel),Marie Curie,C) Marie Curie (along with Pierre Curie and Henri Becquerel),"Marie Curie, along with Pierre Curie and Henri Becquerel, is credited with pioneering research on radioactivity.",Scientists,Women Scientists
Quiz question: Who is famous for his observations supporting the heliocentric model using an early telescope?,James Watt,J. J. Thomson,Marie Curie (along with Pierre Curie and Henri Becquerel),Galileo Galilei,D) Galileo Galilei,"Galileo Galilei made key astronomical observations using an early telescope, providing evidence supporting the heliocentric model.",Scientists,Astronomers
Quiz question: Who is known as the father of the Indian space programme?,Dmitri Mendeleev,Vikram Sarabhai,Aryabhata,Stephen Hawking,B) Vikram Sarabhai,"Vikram Sarabhai is widely regarded as the father of the Indian space programme, founding what became ISRO.",Scientists,Indian Scientists
Choose the correct answer: Who discovered penicillin?,James Watt,Tim Berners-Lee,Alexander Fleming,Jonas Salk,C) Alexander Fleming,"Alexander Fleming discovered penicillin in 1928, leading to the development of antibiotics.",Scientists,Medical Scientists
"Quiz question: Who is known for pioneering research in electricity and magnetism, with the SI unit of capacitance named after him?",James Watt,Michael Faraday,Marie Curie,Edward Jenner,B) Michael Faraday,"Michael Faraday made pioneering contributions to the study of electromagnetism, and the SI unit of capacitance, the farad, is named after him.",Scientists,Physicists
"Choose the correct answer: Who is known for pioneering research in electricity and magnetism, with the SI unit of capacitance named after him?",Michael Faraday,Gregor Mendel,Isaac Newton,Archimedes,A) Michael Faraday,"Michael Faraday made pioneering contributions to the study of electromagnetism, and the SI unit of capacitance, the farad, is named after him.",Scientists,Physicists
Quiz question: Who is credited with developing the first practical steam engine widely used in industry?,Stephen Hawking,James Watt,Rachel Carson,Marie Curie,B) James Watt,"James Watt significantly improved the steam engine, making it far more efficient and practical for widespread industrial use.",Scientists,World Scientists
"Quiz question: Who developed the smallpox vaccine, a major milestone in the history of immunology?",Alexander Fleming,Edward Jenner,Marie Curie (along with Pierre Curie and Henri Becquerel),C. V. Raman,B) Edward Jenner,"Edward Jenner developed the world's first successful smallpox vaccine in the late 18th century, a major milestone in immunology.",Scientists,Medical Scientists
Quiz question: Who is regarded as the father of India's nuclear programme?,Homi J. Bhabha,James Watson,James Watt,Alfred Wegener,A) Homi J. Bhabha,Homi J. Bhabha is regarded as the father of India's nuclear programme and founded the Tata Institute of Fundamental Research.,Scientists,Indian Scientists
Choose the correct answer: Who discovered penicillin?,Alexander Fleming,Charles Darwin,Rachel Carson,Alan Turing,A) Alexander Fleming,"Alexander Fleming discovered penicillin in 1928, leading to the development of antibiotics.",Scientists,Medical Scientists
Choose the correct answer: Who is credited with inventing the telephone?,Alexander Graham Bell,Dmitri Mendeleev,Marie Curie,Marie Curie (along with Pierre Curie and Henri Becquerel),A) Alexander Graham Bell,Alexander Graham Bell is credited with inventing the first practical telephone in 1876.,Scientists,World Scientists
"Who is known for pioneering research in electricity and magnetism, with the SI unit of capacitance named after him?",Alexander Graham Bell,Alexander Fleming,Nicolaus Copernicus,Michael Faraday,D) Michael Faraday,"Michael Faraday made pioneering contributions to the study of electromagnetism, and the SI unit of capacitance, the farad, is named after him.",Scientists,Physicists
"Choose the correct answer: Who is credited as a pioneer of rocketry and space science in India, associated with early sounding rocket launches?",James Watson,Louis Pasteur,James Watt,Vikram Sarabhai,D) Vikram Sarabhai,"Vikram Sarabhai pioneered India's early rocketry and space science efforts, leading to the founding of ISRO.",Scientists,Space Scientists
"Who developed the smallpox vaccine, a major milestone in the history of immunology?",Edward Jenner,Alfred Wegener,Jagadish Chandra Bose,Alexander Fleming,A) Edward Jenner,"Edward Jenner developed the world's first successful smallpox vaccine in the late 18th century, a major milestone in immunology.",Scientists,Medical Scientists
Choose the correct answer: Who is known for developing the theory of continental drift?,Alan Turing,Alfred Wegener,C. V. Raman,Charles Darwin,B) Alfred Wegener,"Alfred Wegener proposed the theory of continental drift, suggesting that continents were once joined and have since drifted apart.",Scientists,World Scientists
Which option correctly answers this: Who discovered penicillin?,J. J. Thomson,Alexander Fleming,Archimedes,Gregor Mendel,B) Alexander Fleming,"Alexander Fleming discovered penicillin in 1928, leading to the development of antibiotics.",Scientists,Medical Scientists
Quiz question: Who is credited with developing the first practical steam engine widely used in industry?,Marie Curie (along with Pierre Curie and Henri Becquerel),Charles Darwin,James Watt,J. J. Thomson,C) James Watt,"James Watt significantly improved the steam engine, making it far more efficient and practical for widespread industrial use.",Scientists,World Scientists
Which option correctly answers this: Who is famous for his observations supporting the heliocentric model using an early telescope?,James Watson,Tim Berners-Lee,Nicolaus Copernicus,Galileo Galilei,D) Galileo Galilei,"Galileo Galilei made key astronomical observations using an early telescope, providing evidence supporting the heliocentric model.",Scientists,Astronomers
Quiz question: Who developed the first successful vaccine against rabies?,Jagadish Chandra Bose,Isaac Newton,Louis Pasteur,Galileo Galilei,C) Louis Pasteur,"Louis Pasteur developed the first successful vaccine against rabies, among his many other contributions to microbiology.",Scientists,Medical Scientists
Which option correctly answers this: Who is regarded as the father of India's nuclear programme?,James Watt,Jonas Salk,Gregor Mendel,Homi J. Bhabha,D) Homi J. Bhabha,Homi J. Bhabha is regarded as the father of India's nuclear programme and founded the Tata Institute of Fundamental Research.,Scientists,Indian Scientists
"Quiz question: Who is credited as a pioneer of rocketry and space science in India, associated with early sounding rocket launches?",Galileo Galilei,Vikram Sarabhai,Jonas Salk,Alfred Wegener,B) Vikram Sarabhai,"Vikram Sarabhai pioneered India's early rocketry and space science efforts, leading to the founding of ISRO.",Scientists,Space Scientists
Choose the correct answer: Who discovered the law of buoyancy while reportedly in a bathtub?,Isaac Newton,Louis Pasteur,Archimedes,James Watt,C) Archimedes,"Archimedes is credited with discovering the principle of buoyancy, famously said to have realized it while in his bath.",Scientists,Mathematicians
Choose the correct answer: Who developed the polio vaccine widely used in the 1950s?,Jonas Salk,Gregor Mendel,Albert Einstein,Tim Berners-Lee,A) Jonas Salk,"Jonas Salk developed one of the first successful and widely used polio vaccines, introduced in 1955.",Scientists,Medical Scientists
Choose the correct answer: Who developed the polio vaccine widely used in the 1950s?,Marie Curie,Rachel Carson,Alexander Graham Bell,Jonas Salk,D) Jonas Salk,"Jonas Salk developed one of the first successful and widely used polio vaccines, introduced in 1955.",Scientists,Medical Scientists
Quiz question: Who developed the heliocentric model placing the Sun at the center of the Solar System?,Marie Curie,Nicolaus Copernicus,James Watt,Edward Jenner,B) Nicolaus Copernicus,"Nicolaus Copernicus proposed the heliocentric model, which placed the Sun, rather than the Earth, at the center of the Solar System.",Scientists,Astronomers
Who developed the mathematical concept of zero as a number and made major contributions to Indian mathematics and astronomy?,Edward Jenner,Aryabhata,Nicolaus Copernicus,Rachel Carson,B) Aryabhata,"Aryabhata, an ancient Indian mathematician and astronomer, made significant contributions to mathematics, including work related to the concept of zero.",Scientists,Mathematicians
Who developed the theory of general relativity's application in understanding black holes and co-authored influential works on space-time?,C. V. Raman,Stephen Hawking,Albert Einstein,Vikram Sarabhai,B) Stephen Hawking,Stephen Hawking made significant contributions to the understanding of black holes and cosmology within the framework of general relativity.,Scientists,Physicists
Which option correctly answers this: Who invented the World Wide Web?,Tim Berners-Lee,Alexander Graham Bell,Alan Turing,Nicolaus Copernicus,A) Tim Berners-Lee,Tim Berners-Lee invented the World Wide Web in 1989 while working at CERN.,Scientists,Computer Scientists
"Who discovered radioactivity, sharing a Nobel Prize for the work?",Archimedes,Marie Curie (along with Pierre Curie and Henri Becquerel),Dmitri Mendeleev,Galileo Galilei,B) Marie Curie (along with Pierre Curie and Henri Becquerel),"Marie Curie, along with Pierre Curie and Henri Becquerel, is credited with pioneering research on radioactivity.",Scientists,Women Scientists
Quiz question: Who discovered the law of buoyancy while reportedly in a bathtub?,Archimedes,Galileo Galilei,Alan Turing,James Watson,A) Archimedes,"Archimedes is credited with discovering the principle of buoyancy, famously said to have realized it while in his bath.",Scientists,Mathematicians
Which option correctly answers this: Who developed the theory of general relativity?,Albert Einstein,Charles Darwin,Alexander Fleming,Isaac Newton,A) Albert Einstein,"Albert Einstein developed the theory of general relativity, revolutionizing the understanding of gravity, space, and time.",Scientists,World Scientists
Choose the correct answer: Who discovered penicillin?,Alexander Fleming,Alan Turing,Jonas Salk,Michael Faraday,A) Alexander Fleming,"Alexander Fleming discovered penicillin in 1928, leading to the development of antibiotics.",Scientists,Medical Scientists
Quiz question: Who is known for developing the theory of continental drift?,Dmitri Mendeleev,Rachel Carson,Gregor Mendel,Alfred Wegener,D) Alfred Wegener,"Alfred Wegener proposed the theory of continental drift, suggesting that continents were once joined and have since drifted apart.",Scientists,World Scientists
Choose the correct answer: Who developed the theory of general relativity's application in understanding black holes and co-authored influential works on space-time?,Stephen Hawking,Alan Turing,Marie Curie (along with Pierre Curie and Henri Becquerel),J. J. Thomson,A) Stephen Hawking,Stephen Hawking made significant contributions to the understanding of black holes and cosmology within the framework of general relativity.,Scientists,Physicists
Choose the correct answer: Who is known for developing the theory of continental drift?,James Watt,Alfred Wegener,Aryabhata,Gregor Mendel,B) Alfred Wegener,"Alfred Wegener proposed the theory of continental drift, suggesting that continents were once joined and have since drifted apart.",Scientists,World Scientists
Which option correctly answers this: Who is credited with developing the first practical steam engine widely used in industry?,Vikram Sarabhai,James Watt,Alexander Graham Bell,Alfred Wegener,B) James Watt,"James Watt significantly improved the steam engine, making it far more efficient and practical for widespread industrial use.",Scientists,World Scientists
Quiz question: Who is credited with discovering the electron?,Aryabhata,J. J. Thomson,Edward Jenner,Alexander Graham Bell,B) J. J. Thomson,"J. J. Thomson is credited with discovering the electron in 1897, a foundational discovery in atomic physics.",Scientists,Physicists
Who is credited with inventing the telephone?,Alexander Graham Bell,Vikram Sarabhai,Archimedes,Rachel Carson,A) Alexander Graham Bell,Alexander Graham Bell is credited with inventing the first practical telephone in 1876.,Scientists,World Scientists
Who developed the theory of general relativity's application in understanding black holes and co-authored influential works on space-time?,Albert Einstein,Alan Turing,Alfred Wegener,Stephen Hawking,D) Stephen Hawking,Stephen Hawking made significant contributions to the understanding of black holes and cosmology within the framework of general relativity.,Scientists,Physicists
Who discovered the law of buoyancy while reportedly in a bathtub?,Gregor Mendel,James Watt,Archimedes,Alfred Wegener,C) Archimedes,"Archimedes is credited with discovering the principle of buoyancy, famously said to have realized it while in his bath.",Scientists,Mathematicians
Quiz question: Who developed the heliocentric model placing the Sun at the center of the Solar System?,Nicolaus Copernicus,Alexander Graham Bell,Dmitri Mendeleev,Galileo Galilei,A) Nicolaus Copernicus,"Nicolaus Copernicus proposed the heliocentric model, which placed the Sun, rather than the Earth, at the center of the Solar System.",Scientists,Astronomers
Who invented the World Wide Web?,Tim Berners-Lee,Stephen Hawking,Edward Jenner,Louis Pasteur,A) Tim Berners-Lee,Tim Berners-Lee invented the World Wide Web in 1989 while working at CERN.,Scientists,Computer Scientists
Who discovered the law of buoyancy while reportedly in a bathtub?,James Watt,Archimedes,Albert Einstein,Marie Curie,B) Archimedes,"Archimedes is credited with discovering the principle of buoyancy, famously said to have realized it while in his bath.",Scientists,Mathematicians
Choose the correct answer: Who is regarded as the father of India's nuclear programme?,Stephen Hawking,Homi J. Bhabha,Marie Curie,C. V. Raman,B) Homi J. Bhabha,Homi J. Bhabha is regarded as the father of India's nuclear programme and founded the Tata Institute of Fundamental Research.,Scientists,Indian Scientists
Which option correctly answers this: Who is credited with discovering the electron?,J. J. Thomson,Tim Berners-Lee,Jagadish Chandra Bose,James Watson,A) J. J. Thomson,"J. J. Thomson is credited with discovering the electron in 1897, a foundational discovery in atomic physics.",Scientists,Physicists
Choose the correct answer: Who is known as the father of the Indian space programme?,Homi J. Bhabha,Vikram Sarabhai,James Watson,Marie Curie (along with Pierre Curie and Henri Becquerel),B) Vikram Sarabhai,"Vikram Sarabhai is widely regarded as the father of the Indian space programme, founding what became ISRO.",Scientists,Indian Scientists
"Quiz question: Who was the first woman to win a Nobel Prize, and the only person to win Nobel Prizes in two different sciences?",Homi J. Bhabha,Nicolaus Copernicus,Marie Curie,Jonas Salk,C) Marie Curie,Marie Curie was the first woman to win a Nobel Prize and remains the only person to win Nobel Prizes in two different scientific fields.,Scientists,Nobel Prize Scientists
Who developed the periodic table of elements?,Dmitri Mendeleev,Isaac Newton,Michael Faraday,Gregor Mendel,A) Dmitri Mendeleev,"Dmitri Mendeleev developed an early version of the periodic table, organizing elements by atomic weight and properties.",Scientists,Chemists
Who developed the first successful vaccine against rabies?,Louis Pasteur,Alexander Fleming,Edward Jenner,Albert Einstein,A) Louis Pasteur,"Louis Pasteur developed the first successful vaccine against rabies, among his many other contributions to microbiology.",Scientists,Medical Scientists
"Which option correctly answers this: Who was the first woman to win a Nobel Prize, and the only person to win Nobel Prizes in two different sciences?",Jonas Salk,Rachel Carson,Charles Darwin,Marie Curie,D) Marie Curie,Marie Curie was the first woman to win a Nobel Prize and remains the only person to win Nobel Prizes in two different scientific fields.,Scientists,Nobel Prize Scientists
"Which option correctly answers this: Who is credited as a pioneer of rocketry and space science in India, associated with early sounding rocket launches?",Alexander Fleming,Marie Curie (along with Pierre Curie and Henri Becquerel),Albert Einstein,Vikram Sarabhai,D) Vikram Sarabhai,"Vikram Sarabhai pioneered India's early rocketry and space science efforts, leading to the founding of ISRO.",Scientists,Space Scientists
Quiz question: Who is known for developing the theory of continental drift?,Charles Darwin,Alfred Wegener,Albert Einstein,J. J. Thomson,B) Alfred Wegener,"Alfred Wegener proposed the theory of continental drift, suggesting that continents were once joined and have since drifted apart.",Scientists,World Scientists
Choose the correct answer: Who developed the polio vaccine widely used in the 1950s?,J. J. Thomson,Michael Faraday,Jonas Salk,Alexander Graham Bell,C) Jonas Salk,"Jonas Salk developed one of the first successful and widely used polio vaccines, introduced in 1955.",Scientists,Medical Scientists
"Quiz question: Who is credited as a pioneer of rocketry and space science in India, associated with early sounding rocket launches?",Vikram Sarabhai,Albert Einstein,Alexander Graham Bell,Michael Faraday,A) Vikram Sarabhai,"Vikram Sarabhai pioneered India's early rocketry and space science efforts, leading to the founding of ISRO.",Scientists,Space Scientists
"Which option correctly answers this: Who is credited with discovering the structure of DNA, along with Francis Crick?",James Watson,Rachel Carson,Alfred Wegener,Marie Curie,A) James Watson,"James Watson, along with Francis Crick, is credited with discovering the double-helix structure of DNA in 1953.",Scientists,Biologists
Choose the correct answer: Who is credited with developing the first practical steam engine widely used in industry?,Nicolaus Copernicus,Homi J. Bhabha,Tim Berners-Lee,James Watt,D) James Watt,"James Watt significantly improved the steam engine, making it far more efficient and practical for widespread industrial use.",Scientists,World Scientists
Choose the correct answer: Who is famous for his observations supporting the heliocentric model using an early telescope?,James Watson,Galileo Galilei,Louis Pasteur,Isaac Newton,B) Galileo Galilei,"Galileo Galilei made key astronomical observations using an early telescope, providing evidence supporting the heliocentric model.",Scientists,Astronomers
Choose the correct answer: Who invented the World Wide Web?,Edward Jenner,Charles Darwin,Jagadish Chandra Bose,Tim Berners-Lee,D) Tim Berners-Lee,Tim Berners-Lee invented the World Wide Web in 1989 while working at CERN.,Scientists,Computer Scientists
Choose the correct answer: Who developed the periodic table of elements?,Tim Berners-Lee,Dmitri Mendeleev,Gregor Mendel,C. V. Raman,B) Dmitri Mendeleev,"Dmitri Mendeleev developed an early version of the periodic table, organizing elements by atomic weight and properties.",Scientists,Chemists
Who discovered the law of buoyancy while reportedly in a bathtub?,James Watt,Aryabhata,Archimedes,Charles Darwin,C) Archimedes,"Archimedes is credited with discovering the principle of buoyancy, famously said to have realized it while in his bath.",Scientists,Mathematicians
Which option correctly answers this: Who discovered the law of buoyancy while reportedly in a bathtub?,Alexander Fleming,Aryabhata,Archimedes,C. V. Raman,C) Archimedes,"Archimedes is credited with discovering the principle of buoyancy, famously said to have realized it while in his bath.",Scientists,Mathematicians
Who is known for developing the theory of continental drift?,Aryabhata,Nicolaus Copernicus,Alfred Wegener,James Watt,C) Alfred Wegener,"Alfred Wegener proposed the theory of continental drift, suggesting that continents were once joined and have since drifted apart.",Scientists,World Scientists
Choose the correct answer: Who developed the first successful vaccine against rabies?,Stephen Hawking,Alexander Fleming,Louis Pasteur,Rachel Carson,C) Louis Pasteur,"Louis Pasteur developed the first successful vaccine against rabies, among his many other contributions to microbiology.",Scientists,Medical Scientists
Quiz question: Who is known for developing the theory of continental drift?,J. J. Thomson,Alexander Fleming,Alfred Wegener,James Watson,C) Alfred Wegener,"Alfred Wegener proposed the theory of continental drift, suggesting that continents were once joined and have since drifted apart.",Scientists,World Scientists
"Which option correctly answers this: Who discovered radioactivity, sharing a Nobel Prize for the work?",Gregor Mendel,Alexander Fleming,Marie Curie (along with Pierre Curie and Henri Becquerel),Galileo Galilei,C) Marie Curie (along with Pierre Curie and Henri Becquerel),"Marie Curie, along with Pierre Curie and Henri Becquerel, is credited with pioneering research on radioactivity.",Scientists,Women Scientists
Quiz question: Who is known as the father of the Indian space programme?,Alexander Graham Bell,Vikram Sarabhai,C. V. Raman,Charles Darwin,B) Vikram Sarabhai,"Vikram Sarabhai is widely regarded as the father of the Indian space programme, founding what became ISRO.",Scientists,Indian Scientists
Quiz question: Who developed the theory of general relativity?,Alexander Graham Bell,Nicolaus Copernicus,Alexander Fleming,Albert Einstein,D) Albert Einstein,"Albert Einstein developed the theory of general relativity, revolutionizing the understanding of gravity, space, and time.",Scientists,World Scientists
"Quiz question: Who is credited with discovering the structure of DNA, along with Francis Crick?",Jonas Salk,Albert Einstein,James Watson,Galileo Galilei,C) James Watson,"James Watson, along with Francis Crick, is credited with discovering the double-helix structure of DNA in 1953.",Scientists,Biologists
Quiz question: Who developed the periodic table of elements?,Archimedes,Tim Berners-Lee,Rachel Carson,Dmitri Mendeleev,D) Dmitri Mendeleev,"Dmitri Mendeleev developed an early version of the periodic table, organizing elements by atomic weight and properties.",Scientists,Chemists
"Who was the first woman to win a Nobel Prize, and the only person to win Nobel Prizes in two different sciences?",Albert Einstein,Marie Curie,Archimedes,Dmitri Mendeleev,B) Marie Curie,Marie Curie was the first woman to win a Nobel Prize and remains the only person to win Nobel Prizes in two different scientific fields.,Scientists,Nobel Prize Scientists
Who developed the theory of general relativity?,Albert Einstein,Charles Darwin,Alfred Wegener,James Watt,A) Albert Einstein,"Albert Einstein developed the theory of general relativity, revolutionizing the understanding of gravity, space, and time.",Scientists,World Scientists
Choose the correct answer: Who developed the first successful vaccine against rabies?,Michael Faraday,Louis Pasteur,Nicolaus Copernicus,Marie Curie,B) Louis Pasteur,"Louis Pasteur developed the first successful vaccine against rabies, among his many other contributions to microbiology.",Scientists,Medical Scientists
Quiz question: Who proposed the theory of evolution by natural selection?,Charles Darwin,Alan Turing,C. V. Raman,Dmitri Mendeleev,A) Charles Darwin,Charles Darwin proposed the theory of evolution by natural selection in his book 'On the Origin of Species'.,Scientists,Biologists
"Quiz question: Who is known for environmental scientific contributions and advocacy that led to a global ban on the pesticide DDT, through her writing?",Homi J. Bhabha,Galileo Galilei,Rachel Carson,Tim Berners-Lee,C) Rachel Carson,"Rachel Carson's writing, particularly 'Silent Spring', raised awareness about pesticide dangers and contributed to environmental policy changes, including DDT restrictions.",Scientists,Environmental Scientists
"Which option correctly answers this: Who developed the smallpox vaccine, a major milestone in the history of immunology?",Aryabhata,Edward Jenner,Rachel Carson,Alan Turing,B) Edward Jenner,"Edward Jenner developed the world's first successful smallpox vaccine in the late 18th century, a major milestone in immunology.",Scientists,Medical Scientists
"Who developed the smallpox vaccine, a major milestone in the history of immunology?",Edward Jenner,Michael Faraday,Archimedes,Alexander Graham Bell,A) Edward Jenner,"Edward Jenner developed the world's first successful smallpox vaccine in the late 18th century, a major milestone in immunology.",Scientists,Medical Scientists
Choose the correct answer: Who is known for pioneering contributions to genetics through experiments with pea plants?,Gregor Mendel,Nicolaus Copernicus,Marie Curie (along with Pierre Curie and Henri Becquerel),C. V. Raman,A) Gregor Mendel,Gregor Mendel conducted pioneering experiments with pea plants that laid the foundation for the modern science of genetics.,Scientists,Biologists
Who is known for developing the theory of continental drift?,J. J. Thomson,Alan Turing,Dmitri Mendeleev,Alfred Wegener,D) Alfred Wegener,"Alfred Wegener proposed the theory of continental drift, suggesting that continents were once joined and have since drifted apart.",Scientists,World Scientists
"Quiz question: Who is known for environmental scientific contributions and advocacy that led to a global ban on the pesticide DDT, through her writing?",Marie Curie,Rachel Carson,Alexander Graham Bell,Nicolaus Copernicus,B) Rachel Carson,"Rachel Carson's writing, particularly 'Silent Spring', raised awareness about pesticide dangers and contributed to environmental policy changes, including DDT restrictions.",Scientists,Environmental Scientists
"Quiz question: Who is known for pioneering research in electricity and magnetism, with the SI unit of capacitance named after him?",Galileo Galilei,J. J. Thomson,Michael Faraday,Dmitri Mendeleev,C) Michael Faraday,"Michael Faraday made pioneering contributions to the study of electromagnetism, and the SI unit of capacitance, the farad, is named after him.",Scientists,Physicists
Who discovered the law of buoyancy while reportedly in a bathtub?,Edward Jenner,Archimedes,James Watson,Jonas Salk,B) Archimedes,"Archimedes is credited with discovering the principle of buoyancy, famously said to have realized it while in his bath.",Scientists,Mathematicians
Choose the correct answer: Who is credited with inventing the telephone?,Alexander Graham Bell,J. J. Thomson,Marie Curie (along with Pierre Curie and Henri Becquerel),Edward Jenner,A) Alexander Graham Bell,Alexander Graham Bell is credited with inventing the first practical telephone in 1876.,Scientists,World Scientists
Who is famous for his observations supporting the heliocentric model using an early telescope?,Dmitri Mendeleev,Stephen Hawking,Marie Curie,Galileo Galilei,D) Galileo Galilei,"Galileo Galilei made key astronomical observations using an early telescope, providing evidence supporting the heliocentric model.",Scientists,Astronomers
Which option correctly answers this: Who is known for pioneering contributions to genetics through experiments with pea plants?,Stephen Hawking,Alexander Fleming,Rachel Carson,Gregor Mendel,D) Gregor Mendel,Gregor Mendel conducted pioneering experiments with pea plants that laid the foundation for the modern science of genetics.,Scientists,Biologists
"Quiz question: Who discovered radioactivity, sharing a Nobel Prize for the work?",Marie Curie (along with Pierre Curie and Henri Becquerel),Vikram Sarabhai,Homi J. Bhabha,Galileo Galilei,A) Marie Curie (along with Pierre Curie and Henri Becquerel),"Marie Curie, along with Pierre Curie and Henri Becquerel, is credited with pioneering research on radioactivity.",Scientists,Women Scientists
"Choose the correct answer: Who is regarded as a founding figure of modern computer science, known for his work on computation and code-breaking during WWII?",Alexander Graham Bell,Alan Turing,Gregor Mendel,C. V. Raman,B) Alan Turing,"Alan Turing is regarded as a founding figure of computer science, known for his theoretical work and code-breaking during World War II.",Scientists,Computer Scientists
Quiz question: Who is credited with developing the first practical steam engine widely used in industry?,Jonas Salk,Stephen Hawking,Jagadish Chandra Bose,James Watt,D) James Watt,"James Watt significantly improved the steam engine, making it far more efficient and practical for widespread industrial use.",Scientists,World Scientists
Choose the correct answer: Who developed the periodic table of elements?,Rachel Carson,Marie Curie (along with Pierre Curie and Henri Becquerel),Dmitri Mendeleev,Nicolaus Copernicus,C) Dmitri Mendeleev,"Dmitri Mendeleev developed an early version of the periodic table, organizing elements by atomic weight and properties.",Scientists,Chemists
"Choose the correct answer: Who was the first Indian to win a Nobel Prize in Science, for his work on the scattering of light?",Rachel Carson,Alan Turing,Charles Darwin,C. V. Raman,D) C. V. Raman,"C. V. Raman won the Nobel Prize in Physics in 1930 for his discovery of the Raman effect, related to the scattering of light.",Scientists,Indian Scientists
Which option correctly answers this: Who developed the first successful vaccine against rabies?,Michael Faraday,Alan Turing,Galileo Galilei,Louis Pasteur,D) Louis Pasteur,"Louis Pasteur developed the first successful vaccine against rabies, among his many other contributions to microbiology.",Scientists,Medical Scientists
Choose the correct answer: Who is credited with formulating the laws of motion and universal gravitation?,Nicolaus Copernicus,J. J. Thomson,Edward Jenner,Isaac Newton,D) Isaac Newton,"Sir Isaac Newton formulated the laws of motion and the law of universal gravitation, foundational to classical physics.",Scientists,Physicists
Quiz question: Who discovered penicillin?,Homi J. Bhabha,Alexander Fleming,Aryabhata,Stephen Hawking,B) Alexander Fleming,"Alexander Fleming discovered penicillin in 1928, leading to the development of antibiotics.",Scientists,Medical Scientists
Who developed the heliocentric model placing the Sun at the center of the Solar System?,Nicolaus Copernicus,Aryabhata,Archimedes,J. J. Thomson,A) Nicolaus Copernicus,"Nicolaus Copernicus proposed the heliocentric model, which placed the Sun, rather than the Earth, at the center of the Solar System.",Scientists,Astronomers
"Which option correctly answers this: Who is credited with discovering the structure of DNA, along with Francis Crick?",James Watson,Michael Faraday,James Watt,Galileo Galilei,A) James Watson,"James Watson, along with Francis Crick, is credited with discovering the double-helix structure of DNA in 1953.",Scientists,Biologists
Quiz question: Who developed the theory of general relativity's application in understanding black holes and co-authored influential works on space-time?,Stephen Hawking,Alan Turing,Edward Jenner,Alfred Wegener,A) Stephen Hawking,Stephen Hawking made significant contributions to the understanding of black holes and cosmology within the framework of general relativity.,Scientists,Physicists
"Quiz question: Who developed the smallpox vaccine, a major milestone in the history of immunology?",C. V. Raman,Edward Jenner,J. J. Thomson,Stephen Hawking,B) Edward Jenner,"Edward Jenner developed the world's first successful smallpox vaccine in the late 18th century, a major milestone in immunology.",Scientists,Medical Scientists
"Quiz question: Who developed the smallpox vaccine, a major milestone in the history of immunology?",Edward Jenner,Archimedes,Louis Pasteur,Marie Curie,A) Edward Jenner,"Edward Jenner developed the world's first successful smallpox vaccine in the late 18th century, a major milestone in immunology.",Scientists,Medical Scientists
Who developed the theory of general relativity's application in understanding black holes and co-authored influential works on space-time?,Stephen Hawking,Rachel Carson,Alexander Fleming,Gregor Mendel,A) Stephen Hawking,Stephen Hawking made significant contributions to the understanding of black holes and cosmology within the framework of general relativity.,Scientists,Physicists
"Who discovered radioactivity, sharing a Nobel Prize for the work?",Marie Curie (along with Pierre Curie and Henri Becquerel),Jagadish Chandra Bose,Dmitri Mendeleev,Marie Curie,A) Marie Curie (along with Pierre Curie and Henri Becquerel),"Marie Curie, along with Pierre Curie and Henri Becquerel, is credited with pioneering research on radioactivity.",Scientists,Women Scientists
"Quiz question: Which Indian scientist is known for his experiments demonstrating that plants have life-like responses, using an instrument called the crescograph?",Dmitri Mendeleev,Jagadish Chandra Bose,Alan Turing,Marie Curie (along with Pierre Curie and Henri Becquerel),B) Jagadish Chandra Bose,"Jagadish Chandra Bose conducted pioneering experiments showing life-like responses in plants using his invented instrument, the crescograph.",Scientists,Indian Scientists
Choose the correct answer: Who developed the periodic table of elements?,Archimedes,Alfred Wegener,Jonas Salk,Dmitri Mendeleev,D) Dmitri Mendeleev,"Dmitri Mendeleev developed an early version of the periodic table, organizing elements by atomic weight and properties.",Scientists,Chemists
Quiz question: Who developed the mathematical concept of zero as a number and made major contributions to Indian mathematics and astronomy?,Aryabhata,James Watson,Gregor Mendel,Michael Faraday,A) Aryabhata,"Aryabhata, an ancient Indian mathematician and astronomer, made significant contributions to mathematics, including work related to the concept of zero.",Scientists,Mathematicians
Which option correctly answers this: Who developed the periodic table of elements?,James Watt,Nicolaus Copernicus,J. J. Thomson,Dmitri Mendeleev,D) Dmitri Mendeleev,"Dmitri Mendeleev developed an early version of the periodic table, organizing elements by atomic weight and properties.",Scientists,Chemists
Which option correctly answers this: Who is famous for his observations supporting the heliocentric model using an early telescope?,Gregor Mendel,Alexander Fleming,Archimedes,Galileo Galilei,D) Galileo Galilei,"Galileo Galilei made key astronomical observations using an early telescope, providing evidence supporting the heliocentric model.",Scientists,Astronomers
Who is credited with developing the first practical steam engine widely used in industry?,Isaac Newton,Albert Einstein,James Watt,Edward Jenner,C) James Watt,"James Watt significantly improved the steam engine, making it far more efficient and practical for widespread industrial use.",Scientists,World Scientists
"Who is known for pioneering research in electricity and magnetism, with the SI unit of capacitance named after him?",Jonas Salk,Michael Faraday,Marie Curie,Charles Darwin,B) Michael Faraday,"Michael Faraday made pioneering contributions to the study of electromagnetism, and the SI unit of capacitance, the farad, is named after him.",Scientists,Physicists
"Quiz question: Who is credited with discovering the structure of DNA, along with Francis Crick?",J. J. Thomson,Marie Curie,James Watson,Louis Pasteur,C) James Watson,"James Watson, along with Francis Crick, is credited with discovering the double-helix structure of DNA in 1953.",Scientists,Biologists
Quiz question: Who developed the mathematical concept of zero as a number and made major contributions to Indian mathematics and astronomy?,Aryabhata,Alexander Fleming,Dmitri Mendeleev,Louis Pasteur,A) Aryabhata,"Aryabhata, an ancient Indian mathematician and astronomer, made significant contributions to mathematics, including work related to the concept of zero.",Scientists,Mathematicians
Quiz question: Who is credited with inventing the telephone?,Jagadish Chandra Bose,Galileo Galilei,Alexander Graham Bell,Alan Turing,C) Alexander Graham Bell,Alexander Graham Bell is credited with inventing the first practical telephone in 1876.,Scientists,World Scientists
Which option correctly answers this: Who discovered penicillin?,Archimedes,Alexander Fleming,Marie Curie,Louis Pasteur,B) Alexander Fleming,"Alexander Fleming discovered penicillin in 1928, leading to the development of antibiotics.",Scientists,Medical Scientists
Choose the correct answer: Who discovered the law of buoyancy while reportedly in a bathtub?,James Watson,Nicolaus Copernicus,Marie Curie,Archimedes,D) Archimedes,"Archimedes is credited with discovering the principle of buoyancy, famously said to have realized it while in his bath.",Scientists,Mathematicians
Who is known as the father of the Indian space programme?,Rachel Carson,Vikram Sarabhai,Alexander Fleming,James Watt,B) Vikram Sarabhai,"Vikram Sarabhai is widely regarded as the father of the Indian space programme, founding what became ISRO.",Scientists,Indian Scientists
"Quiz question: Who is credited with discovering the structure of DNA, along with Francis Crick?",Alfred Wegener,Vikram Sarabhai,James Watson,Archimedes,C) James Watson,"James Watson, along with Francis Crick, is credited with discovering the double-helix structure of DNA in 1953.",Scientists,Biologists
Which option correctly answers this: Who is credited with discovering the electron?,Galileo Galilei,J. J. Thomson,Gregor Mendel,Michael Faraday,B) J. J. Thomson,"J. J. Thomson is credited with discovering the electron in 1897, a foundational discovery in atomic physics.",Scientists,Physicists
Quiz question: Who discovered penicillin?,Archimedes,Alexander Graham Bell,Alexander Fleming,Dmitri Mendeleev,C) Alexander Fleming,"Alexander Fleming discovered penicillin in 1928, leading to the development of antibiotics.",Scientists,Medical Scientists
"Quiz question: Who discovered radioactivity, sharing a Nobel Prize for the work?",Homi J. Bhabha,Rachel Carson,Stephen Hawking,Marie Curie (along with Pierre Curie and Henri Becquerel),D) Marie Curie (along with Pierre Curie and Henri Becquerel),"Marie Curie, along with Pierre Curie and Henri Becquerel, is credited with pioneering research on radioactivity.",Scientists,Women Scientists
Quiz question: Who is known as the father of the Indian space programme?,Vikram Sarabhai,Rachel Carson,Louis Pasteur,Tim Berners-Lee,A) Vikram Sarabhai,"Vikram Sarabhai is widely regarded as the father of the Indian space programme, founding what became ISRO.",Scientists,Indian Scientists
Quiz question: Who is credited with inventing the telephone?,Albert Einstein,Alexander Graham Bell,Dmitri Mendeleev,Edward Jenner,B) Alexander Graham Bell,Alexander Graham Bell is credited with inventing the first practical telephone in 1876.,Scientists,World Scientists
Which option correctly answers this: Who invented the World Wide Web?,Archimedes,Michael Faraday,Rachel Carson,Tim Berners-Lee,D) Tim Berners-Lee,Tim Berners-Lee invented the World Wide Web in 1989 while working at CERN.,Scientists,Computer Scientists
Quiz question: Who discovered penicillin?,Albert Einstein,J. J. Thomson,Alexander Fleming,Dmitri Mendeleev,C) Alexander Fleming,"Alexander Fleming discovered penicillin in 1928, leading to the development of antibiotics.",Scientists,Medical Scientists
"Quiz question: Who is credited with discovering the structure of DNA, along with Francis Crick?",Nicolaus Copernicus,James Watson,Dmitri Mendeleev,Rachel Carson,B) James Watson,"James Watson, along with Francis Crick, is credited with discovering the double-helix structure of DNA in 1953.",Scientists,Biologists
Quiz question: Who developed the first successful vaccine against rabies?,Michael Faraday,Alexander Graham Bell,Alan Turing,Louis Pasteur,D) Louis Pasteur,"Louis Pasteur developed the first successful vaccine against rabies, among his many other contributions to microbiology.",Scientists,Medical Scientists
"Which Indian scientist is known for his experiments demonstrating that plants have life-like responses, using an instrument called the crescograph?",Jagadish Chandra Bose,Gregor Mendel,Archimedes,Aryabhata,A) Jagadish Chandra Bose,"Jagadish Chandra Bose conducted pioneering experiments showing life-like responses in plants using his invented instrument, the crescograph.",Scientists,Indian Scientists
Which option correctly answers this: Who developed the periodic table of elements?,Stephen Hawking,Homi J. Bhabha,Charles Darwin,Dmitri Mendeleev,D) Dmitri Mendeleev,"Dmitri Mendeleev developed an early version of the periodic table, organizing elements by atomic weight and properties.",Scientists,Chemists
Quiz question: Who is credited with discovering the electron?,Alexander Graham Bell,J. J. Thomson,Jonas Salk,Aryabhata,B) J. J. Thomson,"J. J. Thomson is credited with discovering the electron in 1897, a foundational discovery in atomic physics.",Scientists,Physicists
Which option correctly answers this: Who is known as the father of the Indian space programme?,Albert Einstein,Vikram Sarabhai,Jagadish Chandra Bose,Gregor Mendel,B) Vikram Sarabhai,"Vikram Sarabhai is widely regarded as the father of the Indian space programme, founding what became ISRO.",Scientists,Indian Scientists
"Which option correctly answers this: Who was the first woman to win a Nobel Prize, and the only person to win Nobel Prizes in two different sciences?",Alfred Wegener,Marie Curie,Marie Curie (along with Pierre Curie and Henri Becquerel),Louis Pasteur,B) Marie Curie,Marie Curie was the first woman to win a Nobel Prize and remains the only person to win Nobel Prizes in two different scientific fields.,Scientists,Nobel Prize Scientists
Who developed the heliocentric model placing the Sun at the center of the Solar System?,Stephen Hawking,Nicolaus Copernicus,Alexander Graham Bell,Albert Einstein,B) Nicolaus Copernicus,"Nicolaus Copernicus proposed the heliocentric model, which placed the Sun, rather than the Earth, at the center of the Solar System.",Scientists,Astronomers
"Who was the first woman to win a Nobel Prize, and the only person to win Nobel Prizes in two different sciences?",Albert Einstein,Marie Curie,Galileo Galilei,Marie Curie (along with Pierre Curie and Henri Becquerel),B) Marie Curie,Marie Curie was the first woman to win a Nobel Prize and remains the only person to win Nobel Prizes in two different scientific fields.,Scientists,Nobel Prize Scientists
Who is regarded as the father of India's nuclear programme?,Isaac Newton,Homi J. Bhabha,Rachel Carson,Alexander Graham Bell,B) Homi J. Bhabha,Homi J. Bhabha is regarded as the father of India's nuclear programme and founded the Tata Institute of Fundamental Research.,Scientists,Indian Scientists
Choose the correct answer: Who is known for developing the theory of continental drift?,Alfred Wegener,Gregor Mendel,Alexander Graham Bell,Vikram Sarabhai,A) Alfred Wegener,"Alfred Wegener proposed the theory of continental drift, suggesting that continents were once joined and have since drifted apart.",Scientists,World Scientists
Choose the correct answer: Who is credited with discovering the electron?,J. J. Thomson,Albert Einstein,Louis Pasteur,Gregor Mendel,A) J. J. Thomson,"J. J. Thomson is credited with discovering the electron in 1897, a foundational discovery in atomic physics.",Scientists,Physicists
"Choose the correct answer: Who is credited as a pioneer of rocketry and space science in India, associated with early sounding rocket launches?",Archimedes,Alfred Wegener,Dmitri Mendeleev,Vikram Sarabhai,D) Vikram Sarabhai,"Vikram Sarabhai pioneered India's early rocketry and space science efforts, leading to the founding of ISRO.",Scientists,Space Scientists
Choose the correct answer: Who discovered penicillin?,Alexander Fleming,Charles Darwin,Gregor Mendel,Dmitri Mendeleev,A) Alexander Fleming,"Alexander Fleming discovered penicillin in 1928, leading to the development of antibiotics.",Scientists,Medical Scientists
Choose the correct answer: Who discovered penicillin?,Marie Curie (along with Pierre Curie and Henri Becquerel),Alexander Fleming,Edward Jenner,Dmitri Mendeleev,B) Alexander Fleming,"Alexander Fleming discovered penicillin in 1928, leading to the development of antibiotics.",Scientists,Medical Scientists
Quiz question: Who invented the World Wide Web?,Jagadish Chandra Bose,Alfred Wegener,Alexander Graham Bell,Tim Berners-Lee,D) Tim Berners-Lee,Tim Berners-Lee invented the World Wide Web in 1989 while working at CERN.,Scientists,Computer Scientists
Choose the correct answer: Who is credited with formulating the laws of motion and universal gravitation?,Tim Berners-Lee,Jonas Salk,Isaac Newton,Michael Faraday,C) Isaac Newton,"Sir Isaac Newton formulated the laws of motion and the law of universal gravitation, foundational to classical physics.",Scientists,Physicists
Quiz question: Who is credited with inventing the telephone?,J. J. Thomson,Alexander Graham Bell,Vikram Sarabhai,Michael Faraday,B) Alexander Graham Bell,Alexander Graham Bell is credited with inventing the first practical telephone in 1876.,Scientists,World Scientists
"Choose the correct answer: Who was the first woman to win a Nobel Prize, and the only person to win Nobel Prizes in two different sciences?",Dmitri Mendeleev,Galileo Galilei,James Watson,Marie Curie,D) Marie Curie,Marie Curie was the first woman to win a Nobel Prize and remains the only person to win Nobel Prizes in two different scientific fields.,Scientists,Nobel Prize Scientists
"Choose the correct answer: Who is credited as a pioneer of rocketry and space science in India, associated with early sounding rocket launches?",Gregor Mendel,Vikram Sarabhai,Michael Faraday,Galileo Galilei,B) Vikram Sarabhai,"Vikram Sarabhai pioneered India's early rocketry and space science efforts, leading to the founding of ISRO.",Scientists,Space Scientists
Choose the correct answer: Who discovered the law of buoyancy while reportedly in a bathtub?,Alan Turing,Archimedes,Isaac Newton,Aryabhata,B) Archimedes,"Archimedes is credited with discovering the principle of buoyancy, famously said to have realized it while in his bath.",Scientists,Mathematicians
Which option correctly answers this: Who is credited with discovering the electron?,J. J. Thomson,Charles Darwin,Edward Jenner,Alexander Graham Bell,A) J. J. Thomson,"J. J. Thomson is credited with discovering the electron in 1897, a foundational discovery in atomic physics.",Scientists,Physicists
"Who was the first Indian to win a Nobel Prize in Science, for his work on the scattering of light?",C. V. Raman,Jagadish Chandra Bose,Charles Darwin,Jonas Salk,A) C. V. Raman,"C. V. Raman won the Nobel Prize in Physics in 1930 for his discovery of the Raman effect, related to the scattering of light.",Scientists,Indian Scientists
Quiz question: Who is credited with discovering the electron?,Stephen Hawking,Galileo Galilei,J. J. Thomson,Marie Curie (along with Pierre Curie and Henri Becquerel),C) J. J. Thomson,"J. J. Thomson is credited with discovering the electron in 1897, a foundational discovery in atomic physics.",Scientists,Physicists
Quiz question: Who invented the World Wide Web?,Marie Curie (along with Pierre Curie and Henri Becquerel),Alexander Graham Bell,Stephen Hawking,Tim Berners-Lee,D) Tim Berners-Lee,Tim Berners-Lee invented the World Wide Web in 1989 while working at CERN.,Scientists,Computer Scientists
"Choose the correct answer: Who is known for environmental scientific contributions and advocacy that led to a global ban on the pesticide DDT, through her writing?",Rachel Carson,Alexander Fleming,Homi J. Bhabha,Nicolaus Copernicus,A) Rachel Carson,"Rachel Carson's writing, particularly 'Silent Spring', raised awareness about pesticide dangers and contributed to environmental policy changes, including DDT restrictions.",Scientists,Environmental Scientists
Which option correctly answers this: Who developed the first successful vaccine against rabies?,Gregor Mendel,Isaac Newton,Louis Pasteur,C. V. Raman,C) Louis Pasteur,"Louis Pasteur developed the first successful vaccine against rabies, among his many other contributions to microbiology.",Scientists,Medical Scientists
Who is known for pioneering contributions to genetics through experiments with pea plants?,Jagadish Chandra Bose,Louis Pasteur,Gregor Mendel,Isaac Newton,C) Gregor Mendel,Gregor Mendel conducted pioneering experiments with pea plants that laid the foundation for the modern science of genetics.,Scientists,Biologists
"Which option correctly answers this: Who discovered radioactivity, sharing a Nobel Prize for the work?",Jagadish Chandra Bose,Albert Einstein,Marie Curie (along with Pierre Curie and Henri Becquerel),Galileo Galilei,C) Marie Curie (along with Pierre Curie and Henri Becquerel),"Marie Curie, along with Pierre Curie and Henri Becquerel, is credited with pioneering research on radioactivity.",Scientists,Women Scientists
Who invented the World Wide Web?,Tim Berners-Lee,Rachel Carson,Marie Curie (along with Pierre Curie and Henri Becquerel),Charles Darwin,A) Tim Berners-Lee,Tim Berners-Lee invented the World Wide Web in 1989 while working at CERN.,Scientists,Computer Scientists
Quiz question: Who is known for developing the theory of continental drift?,Alfred Wegener,Dmitri Mendeleev,Rachel Carson,Galileo Galilei,A) Alfred Wegener,"Alfred Wegener proposed the theory of continental drift, suggesting that continents were once joined and have since drifted apart.",Scientists,World Scientists
Quiz question: Who is famous for his observations supporting the heliocentric model using an early telescope?,Alexander Fleming,Homi J. Bhabha,Galileo Galilei,Jagadish Chandra Bose,C) Galileo Galilei,"Galileo Galilei made key astronomical observations using an early telescope, providing evidence supporting the heliocentric model.",Scientists,Astronomers
Quiz question: Who is famous for his observations supporting the heliocentric model using an early telescope?,Louis Pasteur,Charles Darwin,Galileo Galilei,C. V. Raman,C) Galileo Galilei,"Galileo Galilei made key astronomical observations using an early telescope, providing evidence supporting the heliocentric model.",Scientists,Astronomers
Quiz question: Who is credited with discovering the electron?,J. J. Thomson,Stephen Hawking,James Watson,Alan Turing,A) J. J. Thomson,"J. J. Thomson is credited with discovering the electron in 1897, a foundational discovery in atomic physics.",Scientists,Physicists
Who developed the periodic table of elements?,Dmitri Mendeleev,James Watt,Tim Berners-Lee,Nicolaus Copernicus,A) Dmitri Mendeleev,"Dmitri Mendeleev developed an early version of the periodic table, organizing elements by atomic weight and properties.",Scientists,Chemists
"Who is regarded as a founding figure of modern computer science, known for his work on computation and code-breaking during WWII?",Stephen Hawking,Vikram Sarabhai,Nicolaus Copernicus,Alan Turing,D) Alan Turing,"Alan Turing is regarded as a founding figure of computer science, known for his theoretical work and code-breaking during World War II.",Scientists,Computer Scientists
Who is famous for his observations supporting the heliocentric model using an early telescope?,C. V. Raman,Edward Jenner,Galileo Galilei,Alexander Fleming,C) Galileo Galilei,"Galileo Galilei made key astronomical observations using an early telescope, providing evidence supporting the heliocentric model.",Scientists,Astronomers
Quiz question: Who proposed the theory of evolution by natural selection?,Charles Darwin,Alexander Fleming,J. J. Thomson,Jagadish Chandra Bose,A) Charles Darwin,Charles Darwin proposed the theory of evolution by natural selection in his book 'On the Origin of Species'.,Scientists,Biologists
"Who was the first woman to win a Nobel Prize, and the only person to win Nobel Prizes in two different sciences?",Marie Curie,Archimedes,C. V. Raman,Alan Turing,A) Marie Curie,Marie Curie was the first woman to win a Nobel Prize and remains the only person to win Nobel Prizes in two different scientific fields.,Scientists,Nobel Prize Scientists
Who developed the periodic table of elements?,J. J. Thomson,Marie Curie (along with Pierre Curie and Henri Becquerel),Dmitri Mendeleev,Michael Faraday,C) Dmitri Mendeleev,"Dmitri Mendeleev developed an early version of the periodic table, organizing elements by atomic weight and properties.",Scientists,Chemists
Choose the correct answer: Who is credited with discovering the electron?,J. J. Thomson,Alexander Fleming,Homi J. Bhabha,Alexander Graham Bell,A) J. J. Thomson,"J. J. Thomson is credited with discovering the electron in 1897, a foundational discovery in atomic physics.",Scientists,Physicists
Quiz question: Who proposed the theory of evolution by natural selection?,Charles Darwin,Marie Curie,Stephen Hawking,Michael Faraday,A) Charles Darwin,Charles Darwin proposed the theory of evolution by natural selection in his book 'On the Origin of Species'.,Scientists,Biologists
Choose the correct answer: Who developed the theory of general relativity's application in understanding black holes and co-authored influential works on space-time?,Stephen Hawking,Alexander Graham Bell,Edward Jenner,James Watson,A) Stephen Hawking,Stephen Hawking made significant contributions to the understanding of black holes and cosmology within the framework of general relativity.,Scientists,Physicists
Which option correctly answers this: Who discovered the law of buoyancy while reportedly in a bathtub?,Louis Pasteur,Archimedes,Jagadish Chandra Bose,Marie Curie,B) Archimedes,"Archimedes is credited with discovering the principle of buoyancy, famously said to have realized it while in his bath.",Scientists,Mathematicians
Choose the correct answer: Who is credited with developing the first practical steam engine widely used in industry?,Rachel Carson,Homi J. Bhabha,Isaac Newton,James Watt,D) James Watt,"James Watt significantly improved the steam engine, making it far more efficient and practical for widespread industrial use.",Scientists,World Scientists
Choose the correct answer: Who proposed the theory of evolution by natural selection?,Charles Darwin,Michael Faraday,Archimedes,Galileo Galilei,A) Charles Darwin,Charles Darwin proposed the theory of evolution by natural selection in his book 'On the Origin of Species'.,Scientists,Biologists
Which option correctly answers this: Who developed the heliocentric model placing the Sun at the center of the Solar System?,Louis Pasteur,Jagadish Chandra Bose,Tim Berners-Lee,Nicolaus Copernicus,D) Nicolaus Copernicus,"Nicolaus Copernicus proposed the heliocentric model, which placed the Sun, rather than the Earth, at the center of the Solar System.",Scientists,Astronomers
Which option correctly answers this: Who is known as the father of the Indian space programme?,J. J. Thomson,Aryabhata,Tim Berners-Lee,Vikram Sarabhai,D) Vikram Sarabhai,"Vikram Sarabhai is widely regarded as the father of the Indian space programme, founding what became ISRO.",Scientists,Indian Scientists
Which option correctly answers this: Who developed the heliocentric model placing the Sun at the center of the Solar System?,Jagadish Chandra Bose,James Watt,Nicolaus Copernicus,C. V. Raman,C) Nicolaus Copernicus,"Nicolaus Copernicus proposed the heliocentric model, which placed the Sun, rather than the Earth, at the center of the Solar System.",Scientists,Astronomers
Choose the correct answer: Who is credited with discovering the electron?,Homi J. Bhabha,Jagadish Chandra Bose,J. J. Thomson,Tim Berners-Lee,C) J. J. Thomson,"J. J. Thomson is credited with discovering the electron in 1897, a foundational discovery in atomic physics.",Scientists,Physicists
Choose the correct answer: Who developed the theory of general relativity's application in understanding black holes and co-authored influential works on space-time?,Nicolaus Copernicus,Stephen Hawking,Alan Turing,Edward Jenner,B) Stephen Hawking,Stephen Hawking made significant contributions to the understanding of black holes and cosmology within the framework of general relativity.,Scientists,Physicists
Choose the correct answer: Who is regarded as the father of India's nuclear programme?,Homi J. Bhabha,Alexander Graham Bell,C. V. Raman,Alfred Wegener,A) Homi J. Bhabha,Homi J. Bhabha is regarded as the father of India's nuclear programme and founded the Tata Institute of Fundamental Research.,Scientists,Indian Scientists
Quiz question: Who proposed the theory of evolution by natural selection?,Aryabhata,Tim Berners-Lee,Charles Darwin,Vikram Sarabhai,C) Charles Darwin,Charles Darwin proposed the theory of evolution by natural selection in his book 'On the Origin of Species'.,Scientists,Biologists
Quiz question: Who is famous for his observations supporting the heliocentric model using an early telescope?,Nicolaus Copernicus,James Watt,Galileo Galilei,Jonas Salk,C) Galileo Galilei,"Galileo Galilei made key astronomical observations using an early telescope, providing evidence supporting the heliocentric model.",Scientists,Astronomers
Who discovered penicillin?,Tim Berners-Lee,Alexander Fleming,Alan Turing,Nicolaus Copernicus,B) Alexander Fleming,"Alexander Fleming discovered penicillin in 1928, leading to the development of antibiotics.",Scientists,Medical Scientists
Choose the correct answer: Who developed the periodic table of elements?,Alan Turing,Dmitri Mendeleev,Alfred Wegener,Aryabhata,B) Dmitri Mendeleev,"Dmitri Mendeleev developed an early version of the periodic table, organizing elements by atomic weight and properties.",Scientists,Chemists
"Who developed the smallpox vaccine, a major milestone in the history of immunology?",C. V. Raman,Edward Jenner,Aryabhata,Stephen Hawking,B) Edward Jenner,"Edward Jenner developed the world's first successful smallpox vaccine in the late 18th century, a major milestone in immunology.",Scientists,Medical Scientists
Who developed the periodic table of elements?,Dmitri Mendeleev,Rachel Carson,Edward Jenner,Galileo Galilei,A) Dmitri Mendeleev,"Dmitri Mendeleev developed an early version of the periodic table, organizing elements by atomic weight and properties.",Scientists,Chemists
Quiz question: Who is credited with inventing the telephone?,Galileo Galilei,Jagadish Chandra Bose,Alexander Graham Bell,Alexander Fleming,C) Alexander Graham Bell,Alexander Graham Bell is credited with inventing the first practical telephone in 1876.,Scientists,World Scientists
"Choose the correct answer: Who is credited with discovering the structure of DNA, along with Francis Crick?",Archimedes,Alan Turing,James Watson,Alexander Fleming,C) James Watson,"James Watson, along with Francis Crick, is credited with discovering the double-helix structure of DNA in 1953.",Scientists,Biologists
"Which option correctly answers this: Who developed the smallpox vaccine, a major milestone in the history of immunology?",Marie Curie (along with Pierre Curie and Henri Becquerel),Edward Jenner,James Watson,Dmitri Mendeleev,B) Edward Jenner,"Edward Jenner developed the world's first successful smallpox vaccine in the late 18th century, a major milestone in immunology.",Scientists,Medical Scientists
Choose the correct answer: Who proposed the theory of evolution by natural selection?,C. V. Raman,Galileo Galilei,Alexander Graham Bell,Charles Darwin,D) Charles Darwin,Charles Darwin proposed the theory of evolution by natural selection in his book 'On the Origin of Species'.,Scientists,Biologists
"Which option correctly answers this: Who discovered radioactivity, sharing a Nobel Prize for the work?",Archimedes,Marie Curie (along with Pierre Curie and Henri Becquerel),Alexander Fleming,Gregor Mendel,B) Marie Curie (along with Pierre Curie and Henri Becquerel),"Marie Curie, along with Pierre Curie and Henri Becquerel, is credited with pioneering research on radioactivity.",Scientists,Women Scientists
Who developed the polio vaccine widely used in the 1950s?,Jonas Salk,Stephen Hawking,Homi J. Bhabha,Alexander Graham Bell,A) Jonas Salk,"Jonas Salk developed one of the first successful and widely used polio vaccines, introduced in 1955.",Scientists,Medical Scientists
"Choose the correct answer: Which Indian scientist is known for his experiments demonstrating that plants have life-like responses, using an instrument called the crescograph?",Marie Curie,Alan Turing,Jagadish Chandra Bose,Marie Curie (along with Pierre Curie and Henri Becquerel),C) Jagadish Chandra Bose,"Jagadish Chandra Bose conducted pioneering experiments showing life-like responses in plants using his invented instrument, the crescograph.",Scientists,Indian Scientists
Choose the correct answer: Who developed the heliocentric model placing the Sun at the center of the Solar System?,Nicolaus Copernicus,Alfred Wegener,Stephen Hawking,Alexander Graham Bell,A) Nicolaus Copernicus,"Nicolaus Copernicus proposed the heliocentric model, which placed the Sun, rather than the Earth, at the center of the Solar System.",Scientists,Astronomers
"Choose the correct answer: Who is regarded as a founding figure of modern computer science, known for his work on computation and code-breaking during WWII?",Alan Turing,James Watson,Charles Darwin,Archimedes,A) Alan Turing,"Alan Turing is regarded as a founding figure of computer science, known for his theoretical work and code-breaking during World War II.",Scientists,Computer Scientists
Choose the correct answer: Who developed the theory of general relativity?,Albert Einstein,Rachel Carson,Dmitri Mendeleev,Aryabhata,A) Albert Einstein,"Albert Einstein developed the theory of general relativity, revolutionizing the understanding of gravity, space, and time.",Scientists,World Scientists
Who proposed the theory of evolution by natural selection?,Charles Darwin,Aryabhata,Edward Jenner,James Watson,A) Charles Darwin,Charles Darwin proposed the theory of evolution by natural selection in his book 'On the Origin of Species'.,Scientists,Biologists
Quiz question: Who proposed the theory of evolution by natural selection?,Galileo Galilei,Jagadish Chandra Bose,Charles Darwin,Albert Einstein,C) Charles Darwin,Charles Darwin proposed the theory of evolution by natural selection in his book 'On the Origin of Species'.,Scientists,Biologists
Quiz question: Who developed the periodic table of elements?,Louis Pasteur,Dmitri Mendeleev,Nicolaus Copernicus,Vikram Sarabhai,B) Dmitri Mendeleev,"Dmitri Mendeleev developed an early version of the periodic table, organizing elements by atomic weight and properties.",Scientists,Chemists
Who is credited with developing the first practical steam engine widely used in industry?,Albert Einstein,Gregor Mendel,James Watt,Vikram Sarabhai,C) James Watt,"James Watt significantly improved the steam engine, making it far more efficient and practical for widespread industrial use.",Scientists,World Scientists
Choose the correct answer: Who is regarded as the father of India's nuclear programme?,Albert Einstein,James Watt,Homi J. Bhabha,Stephen Hawking,C) Homi J. Bhabha,Homi J. Bhabha is regarded as the father of India's nuclear programme and founded the Tata Institute of Fundamental Research.,Scientists,Indian Scientists
"Quiz question: Who is credited with discovering the structure of DNA, along with Francis Crick?",James Watson,Albert Einstein,Galileo Galilei,Alexander Fleming,A) James Watson,"James Watson, along with Francis Crick, is credited with discovering the double-helix structure of DNA in 1953.",Scientists,Biologists
Choose the correct answer: Who developed the theory of general relativity's application in understanding black holes and co-authored influential works on space-time?,Jonas Salk,Alexander Graham Bell,Stephen Hawking,Archimedes,C) Stephen Hawking,Stephen Hawking made significant contributions to the understanding of black holes and cosmology within the framework of general relativity.,Scientists,Physicists
Which option correctly answers this: Who is credited with discovering the electron?,Marie Curie,Michael Faraday,Stephen Hawking,J. J. Thomson,D) J. J. Thomson,"J. J. Thomson is credited with discovering the electron in 1897, a foundational discovery in atomic physics.",Scientists,Physicists
"Which Indian scientist is known for his experiments demonstrating that plants have life-like responses, using an instrument called the crescograph?",Galileo Galilei,Archimedes,Jonas Salk,Jagadish Chandra Bose,D) Jagadish Chandra Bose,"Jagadish Chandra Bose conducted pioneering experiments showing life-like responses in plants using his invented instrument, the crescograph.",Scientists,Indian Scientists
Quiz question: Who discovered the law of buoyancy while reportedly in a bathtub?,Archimedes,Homi J. Bhabha,Marie Curie (along with Pierre Curie and Henri Becquerel),C. V. Raman,A) Archimedes,"Archimedes is credited with discovering the principle of buoyancy, famously said to have realized it while in his bath.",Scientists,Mathematicians
"Who is credited as a pioneer of rocketry and space science in India, associated with early sounding rocket launches?",Galileo Galilei,James Watt,C. V. Raman,Vikram Sarabhai,D) Vikram Sarabhai,"Vikram Sarabhai pioneered India's early rocketry and space science efforts, leading to the founding of ISRO.",Scientists,Space Scientists
"Choose the correct answer: Who was the first Indian to win a Nobel Prize in Science, for his work on the scattering of light?",Louis Pasteur,C. V. Raman,Albert Einstein,Stephen Hawking,B) C. V. Raman,"C. V. Raman won the Nobel Prize in Physics in 1930 for his discovery of the Raman effect, related to the scattering of light.",Scientists,Indian Scientists
"Which option correctly answers this: Who is credited as a pioneer of rocketry and space science in India, associated with early sounding rocket launches?",Archimedes,Vikram Sarabhai,Galileo Galilei,James Watson,B) Vikram Sarabhai,"Vikram Sarabhai pioneered India's early rocketry and space science efforts, leading to the founding of ISRO.",Scientists,Space Scientists
Quiz question: Who is credited with developing the first practical steam engine widely used in industry?,Isaac Newton,Stephen Hawking,James Watson,James Watt,D) James Watt,"James Watt significantly improved the steam engine, making it far more efficient and practical for widespread industrial use.",Scientists,World Scientists
"Which option correctly answers this: Which Indian scientist is known for his experiments demonstrating that plants have life-like responses, using an instrument called the crescograph?",Tim Berners-Lee,Alexander Graham Bell,Jagadish Chandra Bose,James Watt,C) Jagadish Chandra Bose,"Jagadish Chandra Bose conducted pioneering experiments showing life-like responses in plants using his invented instrument, the crescograph.",Scientists,Indian Scientists
"Choose the correct answer: Who is known for environmental scientific contributions and advocacy that led to a global ban on the pesticide DDT, through her writing?",Alexander Graham Bell,Rachel Carson,Michael Faraday,Galileo Galilei,B) Rachel Carson,"Rachel Carson's writing, particularly 'Silent Spring', raised awareness about pesticide dangers and contributed to environmental policy changes, including DDT restrictions.",Scientists,Environmental Scientists
"Which option correctly answers this: Who was the first Indian to win a Nobel Prize in Science, for his work on the scattering of light?",Dmitri Mendeleev,C. V. Raman,J. J. Thomson,Jagadish Chandra Bose,B) C. V. Raman,"C. V. Raman won the Nobel Prize in Physics in 1930 for his discovery of the Raman effect, related to the scattering of light.",Scientists,Indian Scientists
Which option correctly answers this: Who is famous for his observations supporting the heliocentric model using an early telescope?,Marie Curie (along with Pierre Curie and Henri Becquerel),Galileo Galilei,Charles Darwin,Jonas Salk,B) Galileo Galilei,"Galileo Galilei made key astronomical observations using an early telescope, providing evidence supporting the heliocentric model.",Scientists,Astronomers
Choose the correct answer: Who is credited with formulating the laws of motion and universal gravitation?,Vikram Sarabhai,Galileo Galilei,Alexander Fleming,Isaac Newton,D) Isaac Newton,"Sir Isaac Newton formulated the laws of motion and the law of universal gravitation, foundational to classical physics.",Scientists,Physicists
"Choose the correct answer: Who is known for pioneering research in electricity and magnetism, with the SI unit of capacitance named after him?",Homi J. Bhabha,Vikram Sarabhai,Michael Faraday,Louis Pasteur,C) Michael Faraday,"Michael Faraday made pioneering contributions to the study of electromagnetism, and the SI unit of capacitance, the farad, is named after him.",Scientists,Physicists
Quiz question: Who developed the mathematical concept of zero as a number and made major contributions to Indian mathematics and astronomy?,Alan Turing,C. V. Raman,Aryabhata,Homi J. Bhabha,C) Aryabhata,"Aryabhata, an ancient Indian mathematician and astronomer, made significant contributions to mathematics, including work related to the concept of zero.",Scientists,Mathematicians
"Who is known for environmental scientific contributions and advocacy that led to a global ban on the pesticide DDT, through her writing?",Jagadish Chandra Bose,Rachel Carson,Marie Curie,Alexander Graham Bell,B) Rachel Carson,"Rachel Carson's writing, particularly 'Silent Spring', raised awareness about pesticide dangers and contributed to environmental policy changes, including DDT restrictions.",Scientists,Environmental Scientists
"Quiz question: Who was the first woman to win a Nobel Prize, and the only person to win Nobel Prizes in two different sciences?",Louis Pasteur,Edward Jenner,Marie Curie,Marie Curie (along with Pierre Curie and Henri Becquerel),C) Marie Curie,Marie Curie was the first woman to win a Nobel Prize and remains the only person to win Nobel Prizes in two different scientific fields.,Scientists,Nobel Prize Scientists
Quiz question: Who developed the mathematical concept of zero as a number and made major contributions to Indian mathematics and astronomy?,Aryabhata,Jagadish Chandra Bose,Isaac Newton,Alfred Wegener,A) Aryabhata,"Aryabhata, an ancient Indian mathematician and astronomer, made significant contributions to mathematics, including work related to the concept of zero.",Scientists,Mathematicians
Quiz question: Who developed the polio vaccine widely used in the 1950s?,Alan Turing,Jonas Salk,Marie Curie (along with Pierre Curie and Henri Becquerel),Albert Einstein,B) Jonas Salk,"Jonas Salk developed one of the first successful and widely used polio vaccines, introduced in 1955.",Scientists,Medical Scientists
Quiz question: Who is famous for his observations supporting the heliocentric model using an early telescope?,Galileo Galilei,Vikram Sarabhai,Edward Jenner,Stephen Hawking,A) Galileo Galilei,"Galileo Galilei made key astronomical observations using an early telescope, providing evidence supporting the heliocentric model.",Scientists,Astronomers
Choose the correct answer: Who is known for pioneering contributions to genetics through experiments with pea plants?,Gregor Mendel,Edward Jenner,Isaac Newton,James Watson,A) Gregor Mendel,Gregor Mendel conducted pioneering experiments with pea plants that laid the foundation for the modern science of genetics.,Scientists,Biologists
"Which option correctly answers this: Who is known for environmental scientific contributions and advocacy that led to a global ban on the pesticide DDT, through her writing?",Marie Curie,Marie Curie (along with Pierre Curie and Henri Becquerel),Rachel Carson,Louis Pasteur,C) Rachel Carson,"Rachel Carson's writing, particularly 'Silent Spring', raised awareness about pesticide dangers and contributed to environmental policy changes, including DDT restrictions.",Scientists,Environmental Scientists
"Choose the correct answer: Who is credited with discovering the structure of DNA, along with Francis Crick?",Gregor Mendel,Jonas Salk,Aryabhata,James Watson,D) James Watson,"James Watson, along with Francis Crick, is credited with discovering the double-helix structure of DNA in 1953.",Scientists,Biologists
"Who was the first Indian to win a Nobel Prize in Science, for his work on the scattering of light?",C. V. Raman,Alexander Graham Bell,James Watson,J. J. Thomson,A) C. V. Raman,"C. V. Raman won the Nobel Prize in Physics in 1930 for his discovery of the Raman effect, related to the scattering of light.",Scientists,Indian Scientists
Who invented the World Wide Web?,Isaac Newton,C. V. Raman,Tim Berners-Lee,Albert Einstein,C) Tim Berners-Lee,Tim Berners-Lee invented the World Wide Web in 1989 while working at CERN.,Scientists,Computer Scientists
Who discovered penicillin?,Edward Jenner,Vikram Sarabhai,C. V. Raman,Alexander Fleming,D) Alexander Fleming,"Alexander Fleming discovered penicillin in 1928, leading to the development of antibiotics.",Scientists,Medical Scientists
Which option correctly answers this: Who developed the heliocentric model placing the Sun at the center of the Solar System?,James Watson,Nicolaus Copernicus,Tim Berners-Lee,Marie Curie (along with Pierre Curie and Henri Becquerel),B) Nicolaus Copernicus,"Nicolaus Copernicus proposed the heliocentric model, which placed the Sun, rather than the Earth, at the center of the Solar System.",Scientists,Astronomers
"Which option correctly answers this: Who is credited with discovering the structure of DNA, along with Francis Crick?",James Watson,Alan Turing,Alexander Fleming,Gregor Mendel,A) James Watson,"James Watson, along with Francis Crick, is credited with discovering the double-helix structure of DNA in 1953.",Scientists,Biologists
"Quiz question: Who was the first Indian to win a Nobel Prize in Science, for his work on the scattering of light?",Nicolaus Copernicus,Gregor Mendel,James Watt,C. V. Raman,D) C. V. Raman,"C. V. Raman won the Nobel Prize in Physics in 1930 for his discovery of the Raman effect, related to the scattering of light.",Scientists,Indian Scientists
"Which option correctly answers this: Who developed the smallpox vaccine, a major milestone in the history of immunology?",Archimedes,Edward Jenner,Homi J. Bhabha,Aryabhata,B) Edward Jenner,"Edward Jenner developed the world's first successful smallpox vaccine in the late 18th century, a major milestone in immunology.",Scientists,Medical Scientists
Who discovered penicillin?,Alexander Fleming,Jagadish Chandra Bose,Marie Curie,Isaac Newton,A) Alexander Fleming,"Alexander Fleming discovered penicillin in 1928, leading to the development of antibiotics.",Scientists,Medical Scientists
Choose the correct answer: Who is known for developing the theory of continental drift?,Homi J. Bhabha,Alfred Wegener,Aryabhata,Edward Jenner,B) Alfred Wegener,"Alfred Wegener proposed the theory of continental drift, suggesting that continents were once joined and have since drifted apart.",Scientists,World Scientists
"Who was the first Indian to win a Nobel Prize in Science, for his work on the scattering of light?",C. V. Raman,Gregor Mendel,J. J. Thomson,Homi J. Bhabha,A) C. V. Raman,"C. V. Raman won the Nobel Prize in Physics in 1930 for his discovery of the Raman effect, related to the scattering of light.",Scientists,Indian Scientists
"Quiz question: Who was the first woman to win a Nobel Prize, and the only person to win Nobel Prizes in two different sciences?",James Watson,Louis Pasteur,Marie Curie,Edward Jenner,C) Marie Curie,Marie Curie was the first woman to win a Nobel Prize and remains the only person to win Nobel Prizes in two different scientific fields.,Scientists,Nobel Prize Scientists
Who developed the periodic table of elements?,Nicolaus Copernicus,Stephen Hawking,Alexander Fleming,Dmitri Mendeleev,D) Dmitri Mendeleev,"Dmitri Mendeleev developed an early version of the periodic table, organizing elements by atomic weight and properties.",Scientists,Chemists
"Choose the correct answer: Who was the first Indian to win a Nobel Prize in Science, for his work on the scattering of light?",Louis Pasteur,Galileo Galilei,C. V. Raman,Dmitri Mendeleev,C) C. V. Raman,"C. V. Raman won the Nobel Prize in Physics in 1930 for his discovery of the Raman effect, related to the scattering of light.",Scientists,Indian Scientists
Choose the correct answer: Who developed the theory of general relativity's application in understanding black holes and co-authored influential works on space-time?,Jonas Salk,Stephen Hawking,Gregor Mendel,Jagadish Chandra Bose,B) Stephen Hawking,Stephen Hawking made significant contributions to the understanding of black holes and cosmology within the framework of general relativity.,Scientists,Physicists
Choose the correct answer: Who developed the periodic table of elements?,J. J. Thomson,Dmitri Mendeleev,Jonas Salk,James Watson,B) Dmitri Mendeleev,"Dmitri Mendeleev developed an early version of the periodic table, organizing elements by atomic weight and properties.",Scientists,Chemists
Choose the correct answer: Who developed the polio vaccine widely used in the 1950s?,James Watson,Jonas Salk,Jagadish Chandra Bose,Albert Einstein,B) Jonas Salk,"Jonas Salk developed one of the first successful and widely used polio vaccines, introduced in 1955.",Scientists,Medical Scientists
Choose the correct answer: Who is known for developing the theory of continental drift?,Albert Einstein,Louis Pasteur,Alfred Wegener,Marie Curie (along with Pierre Curie and Henri Becquerel),C) Alfred Wegener,"Alfred Wegener proposed the theory of continental drift, suggesting that continents were once joined and have since drifted apart.",Scientists,World Scientists
Quiz question: Who developed the periodic table of elements?,Albert Einstein,Isaac Newton,Dmitri Mendeleev,Aryabhata,C) Dmitri Mendeleev,"Dmitri Mendeleev developed an early version of the periodic table, organizing elements by atomic weight and properties.",Scientists,Chemists
Who proposed the theory of evolution by natural selection?,Charles Darwin,Marie Curie (along with Pierre Curie and Henri Becquerel),Rachel Carson,Michael Faraday,A) Charles Darwin,Charles Darwin proposed the theory of evolution by natural selection in his book 'On the Origin of Species'.,Scientists,Biologists
Choose the correct answer: Who developed the theory of general relativity?,Galileo Galilei,Marie Curie,Jagadish Chandra Bose,Albert Einstein,D) Albert Einstein,"Albert Einstein developed the theory of general relativity, revolutionizing the understanding of gravity, space, and time.",Scientists,World Scientists
"Choose the correct answer: Who is credited as a pioneer of rocketry and space science in India, associated with early sounding rocket launches?",Dmitri Mendeleev,James Watson,Vikram Sarabhai,Louis Pasteur,C) Vikram Sarabhai,"Vikram Sarabhai pioneered India's early rocketry and space science efforts, leading to the founding of ISRO.",Scientists,Space Scientists
Choose the correct answer: Who is credited with inventing the telephone?,Alexander Graham Bell,Nicolaus Copernicus,Marie Curie,Jagadish Chandra Bose,A) Alexander Graham Bell,Alexander Graham Bell is credited with inventing the first practical telephone in 1876.,Scientists,World Scientists
"Who is known for environmental scientific contributions and advocacy that led to a global ban on the pesticide DDT, through her writing?",Marie Curie (along with Pierre Curie and Henri Becquerel),Rachel Carson,Nicolaus Copernicus,Archimedes,B) Rachel Carson,"Rachel Carson's writing, particularly 'Silent Spring', raised awareness about pesticide dangers and contributed to environmental policy changes, including DDT restrictions.",Scientists,Environmental Scientists
Choose the correct answer: Who discovered penicillin?,Archimedes,James Watt,Jonas Salk,Alexander Fleming,D) Alexander Fleming,"Alexander Fleming discovered penicillin in 1928, leading to the development of antibiotics.",Scientists,Medical Scientists
"Quiz question: Who is known for pioneering research in electricity and magnetism, with the SI unit of capacitance named after him?",Albert Einstein,Jagadish Chandra Bose,James Watt,Michael Faraday,D) Michael Faraday,"Michael Faraday made pioneering contributions to the study of electromagnetism, and the SI unit of capacitance, the farad, is named after him.",Scientists,Physicists
Who developed the theory of general relativity?,Albert Einstein,Alfred Wegener,Jonas Salk,Alexander Fleming,A) Albert Einstein,"Albert Einstein developed the theory of general relativity, revolutionizing the understanding of gravity, space, and time.",Scientists,World Scientists
"Which option correctly answers this: Which Indian scientist is known for his experiments demonstrating that plants have life-like responses, using an instrument called the crescograph?",Homi J. Bhabha,Jagadish Chandra Bose,Alan Turing,Dmitri Mendeleev,B) Jagadish Chandra Bose,"Jagadish Chandra Bose conducted pioneering experiments showing life-like responses in plants using his invented instrument, the crescograph.",Scientists,Indian Scientists
Which option correctly answers this: Who proposed the theory of evolution by natural selection?,Gregor Mendel,Tim Berners-Lee,James Watson,Charles Darwin,D) Charles Darwin,Charles Darwin proposed the theory of evolution by natural selection in his book 'On the Origin of Species'.,Scientists,Biologists
Choose the correct answer: Who developed the theory of general relativity?,Alexander Fleming,Gregor Mendel,Homi J. Bhabha,Albert Einstein,D) Albert Einstein,"Albert Einstein developed the theory of general relativity, revolutionizing the understanding of gravity, space, and time.",Scientists,World Scientists
Who is credited with formulating the laws of motion and universal gravitation?,Homi J. Bhabha,Rachel Carson,Isaac Newton,C. V. Raman,C) Isaac Newton,"Sir Isaac Newton formulated the laws of motion and the law of universal gravitation, foundational to classical physics.",Scientists,Physicists
"Which option correctly answers this: Who was the first Indian to win a Nobel Prize in Science, for his work on the scattering of light?",Aryabhata,C. V. Raman,Vikram Sarabhai,James Watson,B) C. V. Raman,"C. V. Raman won the Nobel Prize in Physics in 1930 for his discovery of the Raman effect, related to the scattering of light.",Scientists,Indian Scientists
"Who is known for pioneering research in electricity and magnetism, with the SI unit of capacitance named after him?",Galileo Galilei,Michael Faraday,Tim Berners-Lee,Archimedes,B) Michael Faraday,"Michael Faraday made pioneering contributions to the study of electromagnetism, and the SI unit of capacitance, the farad, is named after him.",Scientists,Physicists
Choose the correct answer: Who discovered the law of buoyancy while reportedly in a bathtub?,Gregor Mendel,Alexander Graham Bell,Archimedes,Alan Turing,C) Archimedes,"Archimedes is credited with discovering the principle of buoyancy, famously said to have realized it while in his bath.",Scientists,Mathematicians
Quiz question: Who developed the theory of general relativity?,Stephen Hawking,James Watt,Alexander Fleming,Albert Einstein,D) Albert Einstein,"Albert Einstein developed the theory of general relativity, revolutionizing the understanding of gravity, space, and time.",Scientists,World Scientists
"Quiz question: Who is known for environmental scientific contributions and advocacy that led to a global ban on the pesticide DDT, through her writing?",Alan Turing,Rachel Carson,Galileo Galilei,James Watt,B) Rachel Carson,"Rachel Carson's writing, particularly 'Silent Spring', raised awareness about pesticide dangers and contributed to environmental policy changes, including DDT restrictions.",Scientists,Environmental Scientists
Who developed the heliocentric model placing the Sun at the center of the Solar System?,Vikram Sarabhai,Galileo Galilei,Nicolaus Copernicus,Edward Jenner,C) Nicolaus Copernicus,"Nicolaus Copernicus proposed the heliocentric model, which placed the Sun, rather than the Earth, at the center of the Solar System.",Scientists,Astronomers
Who discovered penicillin?,Stephen Hawking,Edward Jenner,Rachel Carson,Alexander Fleming,D) Alexander Fleming,"Alexander Fleming discovered penicillin in 1928, leading to the development of antibiotics.",Scientists,Medical Scientists
Choose the correct answer: Who invented the World Wide Web?,Stephen Hawking,Charles Darwin,James Watson,Tim Berners-Lee,D) Tim Berners-Lee,Tim Berners-Lee invented the World Wide Web in 1989 while working at CERN.,Scientists,Computer Scientists
Who developed the mathematical concept of zero as a number and made major contributions to Indian mathematics and astronomy?,Michael Faraday,Aryabhata,Rachel Carson,Louis Pasteur,B) Aryabhata,"Aryabhata, an ancient Indian mathematician and astronomer, made significant contributions to mathematics, including work related to the concept of zero.",Scientists,Mathematicians
"Which option correctly answers this: Who was the first woman to win a Nobel Prize, and the only person to win Nobel Prizes in two different sciences?",James Watson,Stephen Hawking,Alexander Graham Bell,Marie Curie,D) Marie Curie,Marie Curie was the first woman to win a Nobel Prize and remains the only person to win Nobel Prizes in two different scientific fields.,Scientists,Nobel Prize Scientists
Who is regarded as the father of India's nuclear programme?,Stephen Hawking,Dmitri Mendeleev,Alexander Graham Bell,Homi J. Bhabha,D) Homi J. Bhabha,Homi J. Bhabha is regarded as the father of India's nuclear programme and founded the Tata Institute of Fundamental Research.,Scientists,Indian Scientists
Who developed the theory of general relativity's application in understanding black holes and co-authored influential works on space-time?,Galileo Galilei,Stephen Hawking,Aryabhata,Alan Turing,B) Stephen Hawking,Stephen Hawking made significant contributions to the understanding of black holes and cosmology within the framework of general relativity.,Scientists,Physicists
Who developed the first successful vaccine against rabies?,Isaac Newton,Tim Berners-Lee,Louis Pasteur,Dmitri Mendeleev,C) Louis Pasteur,"Louis Pasteur developed the first successful vaccine against rabies, among his many other contributions to microbiology.",Scientists,Medical Scientists
Which option correctly answers this: Who invented the World Wide Web?,Nicolaus Copernicus,Tim Berners-Lee,Isaac Newton,Louis Pasteur,B) Tim Berners-Lee,Tim Berners-Lee invented the World Wide Web in 1989 while working at CERN.,Scientists,Computer Scientists
Which option correctly answers this: Who developed the periodic table of elements?,C. V. Raman,Marie Curie (along with Pierre Curie and Henri Becquerel),Homi J. Bhabha,Dmitri Mendeleev,D) Dmitri Mendeleev,"Dmitri Mendeleev developed an early version of the periodic table, organizing elements by atomic weight and properties.",Scientists,Chemists
Quiz question: Who is known for pioneering contributions to genetics through experiments with pea plants?,Alan Turing,Marie Curie (along with Pierre Curie and Henri Becquerel),Gregor Mendel,Dmitri Mendeleev,C) Gregor Mendel,Gregor Mendel conducted pioneering experiments with pea plants that laid the foundation for the modern science of genetics.,Scientists,Biologists
"Quiz question: Who is credited with discovering the structure of DNA, along with Francis Crick?",J. J. Thomson,James Watson,Alan Turing,Dmitri Mendeleev,B) James Watson,"James Watson, along with Francis Crick, is credited with discovering the double-helix structure of DNA in 1953.",Scientists,Biologists
Choose the correct answer: Who developed the periodic table of elements?,Stephen Hawking,Dmitri Mendeleev,Louis Pasteur,Alan Turing,B) Dmitri Mendeleev,"Dmitri Mendeleev developed an early version of the periodic table, organizing elements by atomic weight and properties.",Scientists,Chemists
Choose the correct answer: Who proposed the theory of evolution by natural selection?,Dmitri Mendeleev,Charles Darwin,Alexander Graham Bell,Rachel Carson,B) Charles Darwin,Charles Darwin proposed the theory of evolution by natural selection in his book 'On the Origin of Species'.,Scientists,Biologists
Choose the correct answer: Who is known for pioneering contributions to genetics through experiments with pea plants?,Nicolaus Copernicus,Tim Berners-Lee,Rachel Carson,Gregor Mendel,D) Gregor Mendel,Gregor Mendel conducted pioneering experiments with pea plants that laid the foundation for the modern science of genetics.,Scientists,Biologists
Choose the correct answer: Who discovered the law of buoyancy while reportedly in a bathtub?,Archimedes,Marie Curie (along with Pierre Curie and Henri Becquerel),Albert Einstein,Edward Jenner,A) Archimedes,"Archimedes is credited with discovering the principle of buoyancy, famously said to have realized it while in his bath.",Scientists,Mathematicians
Choose the correct answer: Who is known for pioneering contributions to genetics through experiments with pea plants?,Alexander Fleming,Galileo Galilei,Marie Curie (along with Pierre Curie and Henri Becquerel),Gregor Mendel,D) Gregor Mendel,Gregor Mendel conducted pioneering experiments with pea plants that laid the foundation for the modern science of genetics.,Scientists,Biologists
Which option correctly answers this: Who is regarded as the father of India's nuclear programme?,Archimedes,Stephen Hawking,Nicolaus Copernicus,Homi J. Bhabha,D) Homi J. Bhabha,Homi J. Bhabha is regarded as the father of India's nuclear programme and founded the Tata Institute of Fundamental Research.,Scientists,Indian Scientists
Which option correctly answers this: Who is regarded as the father of India's nuclear programme?,Jonas Salk,Alfred Wegener,Homi J. Bhabha,James Watt,C) Homi J. Bhabha,Homi J. Bhabha is regarded as the father of India's nuclear programme and founded the Tata Institute of Fundamental Research.,Scientists,Indian Scientists
Who is credited with formulating the laws of motion and universal gravitation?,Archimedes,Isaac Newton,Albert Einstein,James Watt,B) Isaac Newton,"Sir Isaac Newton formulated the laws of motion and the law of universal gravitation, foundational to classical physics.",Scientists,Physicists
"Quiz question: Who is known for environmental scientific contributions and advocacy that led to a global ban on the pesticide DDT, through her writing?",Alan Turing,Michael Faraday,Rachel Carson,James Watt,C) Rachel Carson,"Rachel Carson's writing, particularly 'Silent Spring', raised awareness about pesticide dangers and contributed to environmental policy changes, including DDT restrictions.",Scientists,Environmental Scientists
"Choose the correct answer: Who is regarded as a founding figure of modern computer science, known for his work on computation and code-breaking during WWII?",Galileo Galilei,Alfred Wegener,Alan Turing,Gregor Mendel,C) Alan Turing,"Alan Turing is regarded as a founding figure of computer science, known for his theoretical work and code-breaking during World War II.",Scientists,Computer Scientists
Which option correctly answers this: Who is known as the father of the Indian space programme?,Vikram Sarabhai,Nicolaus Copernicus,Dmitri Mendeleev,Edward Jenner,A) Vikram Sarabhai,"Vikram Sarabhai is widely regarded as the father of the Indian space programme, founding what became ISRO.",Scientists,Indian Scientists
"Who is credited with discovering the structure of DNA, along with Francis Crick?",Stephen Hawking,James Watson,Dmitri Mendeleev,Homi J. Bhabha,B) James Watson,"James Watson, along with Francis Crick, is credited with discovering the double-helix structure of DNA in 1953.",Scientists,Biologists
Choose the correct answer: Who is credited with discovering the electron?,Alan Turing,James Watt,J. J. Thomson,Michael Faraday,C) J. J. Thomson,"J. J. Thomson is credited with discovering the electron in 1897, a foundational discovery in atomic physics.",Scientists,Physicists
Who is credited with discovering the electron?,Alan Turing,J. J. Thomson,Nicolaus Copernicus,Albert Einstein,B) J. J. Thomson,"J. J. Thomson is credited with discovering the electron in 1897, a foundational discovery in atomic physics.",Scientists,Physicists
"Quiz question: Who is known for environmental scientific contributions and advocacy that led to a global ban on the pesticide DDT, through her writing?",Archimedes,Marie Curie,Rachel Carson,Louis Pasteur,C) Rachel Carson,"Rachel Carson's writing, particularly 'Silent Spring', raised awareness about pesticide dangers and contributed to environmental policy changes, including DDT restrictions.",Scientists,Environmental Scientists
"Who was the first Indian to win a Nobel Prize in Science, for his work on the scattering of light?",James Watt,J. J. Thomson,Alexander Fleming,C. V. Raman,D) C. V. Raman,"C. V. Raman won the Nobel Prize in Physics in 1930 for his discovery of the Raman effect, related to the scattering of light.",Scientists,Indian Scientists
Who is credited with formulating the laws of motion and universal gravitation?,C. V. Raman,Michael Faraday,Isaac Newton,Homi J. Bhabha,C) Isaac Newton,"Sir Isaac Newton formulated the laws of motion and the law of universal gravitation, foundational to classical physics.",Scientists,Physicists
"Which option correctly answers this: Who discovered radioactivity, sharing a Nobel Prize for the work?",Michael Faraday,Marie Curie (along with Pierre Curie and Henri Becquerel),Gregor Mendel,Tim Berners-Lee,B) Marie Curie (along with Pierre Curie and Henri Becquerel),"Marie Curie, along with Pierre Curie and Henri Becquerel, is credited with pioneering research on radioactivity.",Scientists,Women Scientists
Choose the correct answer: Who is credited with developing the first practical steam engine widely used in industry?,Alexander Graham Bell,James Watt,James Watson,Alfred Wegener,B) James Watt,"James Watt significantly improved the steam engine, making it far more efficient and practical for widespread industrial use.",Scientists,World Scientists
Who is credited with formulating the laws of motion and universal gravitation?,Albert Einstein,Aryabhata,Isaac Newton,Archimedes,C) Isaac Newton,"Sir Isaac Newton formulated the laws of motion and the law of universal gravitation, foundational to classical physics.",Scientists,Physicists
"Choose the correct answer: Who was the first woman to win a Nobel Prize, and the only person to win Nobel Prizes in two different sciences?",Jagadish Chandra Bose,Marie Curie,Alan Turing,Louis Pasteur,B) Marie Curie,Marie Curie was the first woman to win a Nobel Prize and remains the only person to win Nobel Prizes in two different scientific fields.,Scientists,Nobel Prize Scientists
"Choose the correct answer: Which Indian scientist is known for his experiments demonstrating that plants have life-like responses, using an instrument called the crescograph?",Alan Turing,Isaac Newton,Archimedes,Jagadish Chandra Bose,D) Jagadish Chandra Bose,"Jagadish Chandra Bose conducted pioneering experiments showing life-like responses in plants using his invented instrument, the crescograph.",Scientists,Indian Scientists
"Which option correctly answers this: Who is credited with discovering the structure of DNA, along with Francis Crick?",Marie Curie (along with Pierre Curie and Henri Becquerel),James Watson,Gregor Mendel,Jonas Salk,B) James Watson,"James Watson, along with Francis Crick, is credited with discovering the double-helix structure of DNA in 1953.",Scientists,Biologists
"Who developed the smallpox vaccine, a major milestone in the history of immunology?",Jonas Salk,Louis Pasteur,Edward Jenner,Jagadish Chandra Bose,C) Edward Jenner,"Edward Jenner developed the world's first successful smallpox vaccine in the late 18th century, a major milestone in immunology.",Scientists,Medical Scientists
Choose the correct answer: Who developed the theory of general relativity?,Homi J. Bhabha,Albert Einstein,Alexander Graham Bell,James Watson,B) Albert Einstein,"Albert Einstein developed the theory of general relativity, revolutionizing the understanding of gravity, space, and time.",Scientists,World Scientists
Which option correctly answers this: Who developed the polio vaccine widely used in the 1950s?,James Watt,Jonas Salk,Alan Turing,Jagadish Chandra Bose,B) Jonas Salk,"Jonas Salk developed one of the first successful and widely used polio vaccines, introduced in 1955.",Scientists,Medical Scientists
"Choose the correct answer: Which Indian scientist is known for his experiments demonstrating that plants have life-like responses, using an instrument called the crescograph?",Edward Jenner,Aryabhata,Jagadish Chandra Bose,Alfred Wegener,C) Jagadish Chandra Bose,"Jagadish Chandra Bose conducted pioneering experiments showing life-like responses in plants using his invented instrument, the crescograph.",Scientists,Indian Scientists
Choose the correct answer: Who developed the mathematical concept of zero as a number and made major contributions to Indian mathematics and astronomy?,Aryabhata,Michael Faraday,Alexander Fleming,Galileo Galilei,A) Aryabhata,"Aryabhata, an ancient Indian mathematician and astronomer, made significant contributions to mathematics, including work related to the concept of zero.",Scientists,Mathematicians
"Quiz question: Who is known for pioneering research in electricity and magnetism, with the SI unit of capacitance named after him?",Homi J. Bhabha,Michael Faraday,James Watson,Alexander Fleming,B) Michael Faraday,"Michael Faraday made pioneering contributions to the study of electromagnetism, and the SI unit of capacitance, the farad, is named after him.",Scientists,Physicists
"Quiz question: Who is known for environmental scientific contributions and advocacy that led to a global ban on the pesticide DDT, through her writing?",C. V. Raman,Rachel Carson,Jonas Salk,Jagadish Chandra Bose,B) Rachel Carson,"Rachel Carson's writing, particularly 'Silent Spring', raised awareness about pesticide dangers and contributed to environmental policy changes, including DDT restrictions.",Scientists,Environmental Scientists
Quiz question: Who developed the mathematical concept of zero as a number and made major contributions to Indian mathematics and astronomy?,Aryabhata,Louis Pasteur,Marie Curie (along with Pierre Curie and Henri Becquerel),Michael Faraday,A) Aryabhata,"Aryabhata, an ancient Indian mathematician and astronomer, made significant contributions to mathematics, including work related to the concept of zero.",Scientists,Mathematicians
Quiz question: Who developed the mathematical concept of zero as a number and made major contributions to Indian mathematics and astronomy?,Michael Faraday,Alan Turing,Alfred Wegener,Aryabhata,D) Aryabhata,"Aryabhata, an ancient Indian mathematician and astronomer, made significant contributions to mathematics, including work related to the concept of zero.",Scientists,Mathematicians
Who discovered the law of buoyancy while reportedly in a bathtub?,James Watt,Rachel Carson,Archimedes,Alfred Wegener,C) Archimedes,"Archimedes is credited with discovering the principle of buoyancy, famously said to have realized it while in his bath.",Scientists,Mathematicians
"Quiz question: Who was the first woman to win a Nobel Prize, and the only person to win Nobel Prizes in two different sciences?",Isaac Newton,Rachel Carson,Marie Curie (along with Pierre Curie and Henri Becquerel),Marie Curie,D) Marie Curie,Marie Curie was the first woman to win a Nobel Prize and remains the only person to win Nobel Prizes in two different scientific fields.,Scientists,Nobel Prize Scientists
Which option correctly answers this: Who is credited with formulating the laws of motion and universal gravitation?,Dmitri Mendeleev,Alexander Fleming,Edward Jenner,Isaac Newton,D) Isaac Newton,"Sir Isaac Newton formulated the laws of motion and the law of universal gravitation, foundational to classical physics.",Scientists,Physicists
Choose the correct answer: Who is credited with inventing the telephone?,Nicolaus Copernicus,Alexander Graham Bell,Marie Curie,J. J. Thomson,B) Alexander Graham Bell,Alexander Graham Bell is credited with inventing the first practical telephone in 1876.,Scientists,World Scientists
"Who is regarded as a founding figure of modern computer science, known for his work on computation and code-breaking during WWII?",Jonas Salk,Vikram Sarabhai,Alan Turing,Galileo Galilei,C) Alan Turing,"Alan Turing is regarded as a founding figure of computer science, known for his theoretical work and code-breaking during World War II.",Scientists,Computer Scientists
Quiz question: Who developed the theory of general relativity's application in understanding black holes and co-authored influential works on space-time?,Homi J. Bhabha,Gregor Mendel,Isaac Newton,Stephen Hawking,D) Stephen Hawking,Stephen Hawking made significant contributions to the understanding of black holes and cosmology within the framework of general relativity.,Scientists,Physicists
Choose the correct answer: Who is credited with formulating the laws of motion and universal gravitation?,Isaac Newton,Marie Curie (along with Pierre Curie and Henri Becquerel),Alexander Graham Bell,Galileo Galilei,A) Isaac Newton,"Sir Isaac Newton formulated the laws of motion and the law of universal gravitation, foundational to classical physics.",Scientists,Physicists
Quiz question: Who developed the mathematical concept of zero as a number and made major contributions to Indian mathematics and astronomy?,Aryabhata,Gregor Mendel,Edward Jenner,Homi J. Bhabha,A) Aryabhata,"Aryabhata, an ancient Indian mathematician and astronomer, made significant contributions to mathematics, including work related to the concept of zero.",Scientists,Mathematicians
Who proposed the theory of evolution by natural selection?,Charles Darwin,Jagadish Chandra Bose,Albert Einstein,Archimedes,A) Charles Darwin,Charles Darwin proposed the theory of evolution by natural selection in his book 'On the Origin of Species'.,Scientists,Biologists
Quiz question: Who discovered the law of buoyancy while reportedly in a bathtub?,Archimedes,Rachel Carson,Jagadish Chandra Bose,Marie Curie,A) Archimedes,"Archimedes is credited with discovering the principle of buoyancy, famously said to have realized it while in his bath.",Scientists,Mathematicians
Choose the correct answer: Who invented the World Wide Web?,C. V. Raman,Tim Berners-Lee,Vikram Sarabhai,Archimedes,B) Tim Berners-Lee,Tim Berners-Lee invented the World Wide Web in 1989 while working at CERN.,Scientists,Computer Scientists
Quiz question: Who is known as the father of the Indian space programme?,Nicolaus Copernicus,Vikram Sarabhai,Stephen Hawking,Archimedes,B) Vikram Sarabhai,"Vikram Sarabhai is widely regarded as the father of the Indian space programme, founding what became ISRO.",Scientists,Indian Scientists
Quiz question: Who is known for developing the theory of continental drift?,Marie Curie,Archimedes,Marie Curie (along with Pierre Curie and Henri Becquerel),Alfred Wegener,D) Alfred Wegener,"Alfred Wegener proposed the theory of continental drift, suggesting that continents were once joined and have since drifted apart.",Scientists,World Scientists
Which option correctly answers this: Who proposed the theory of evolution by natural selection?,Charles Darwin,Alexander Fleming,James Watt,Alexander Graham Bell,A) Charles Darwin,Charles Darwin proposed the theory of evolution by natural selection in his book 'On the Origin of Species'.,Scientists,Biologists
Which option correctly answers this: Who discovered the law of buoyancy while reportedly in a bathtub?,Marie Curie,J. J. Thomson,Homi J. Bhabha,Archimedes,D) Archimedes,"Archimedes is credited with discovering the principle of buoyancy, famously said to have realized it while in his bath.",Scientists,Mathematicians
Quiz question: Who is credited with discovering the electron?,Homi J. Bhabha,Archimedes,J. J. Thomson,Alan Turing,C) J. J. Thomson,"J. J. Thomson is credited with discovering the electron in 1897, a foundational discovery in atomic physics.",Scientists,Physicists
Which option correctly answers this: Who is credited with discovering the electron?,Dmitri Mendeleev,J. J. Thomson,Alexander Fleming,Vikram Sarabhai,B) J. J. Thomson,"J. J. Thomson is credited with discovering the electron in 1897, a foundational discovery in atomic physics.",Scientists,Physicists
Which option correctly answers this: Who developed the periodic table of elements?,Tim Berners-Lee,Dmitri Mendeleev,Isaac Newton,Louis Pasteur,B) Dmitri Mendeleev,"Dmitri Mendeleev developed an early version of the periodic table, organizing elements by atomic weight and properties.",Scientists,Chemists
"Choose the correct answer: Which Indian scientist is known for his experiments demonstrating that plants have life-like responses, using an instrument called the crescograph?",Stephen Hawking,Jagadish Chandra Bose,Aryabhata,Edward Jenner,B) Jagadish Chandra Bose,"Jagadish Chandra Bose conducted pioneering experiments showing life-like responses in plants using his invented instrument, the crescograph.",Scientists,Indian Scientists
Choose the correct answer: Who developed the theory of general relativity?,Stephen Hawking,Albert Einstein,Michael Faraday,James Watt,B) Albert Einstein,"Albert Einstein developed the theory of general relativity, revolutionizing the understanding of gravity, space, and time.",Scientists,World Scientists
"Quiz question: Who was the first woman to win a Nobel Prize, and the only person to win Nobel Prizes in two different sciences?",Marie Curie,Stephen Hawking,Galileo Galilei,Archimedes,A) Marie Curie,Marie Curie was the first woman to win a Nobel Prize and remains the only person to win Nobel Prizes in two different scientific fields.,Scientists,Nobel Prize Scientists
"Quiz question: Who was the first Indian to win a Nobel Prize in Science, for his work on the scattering of light?",C. V. Raman,Dmitri Mendeleev,Alexander Fleming,Vikram Sarabhai,A) C. V. Raman,"C. V. Raman won the Nobel Prize in Physics in 1930 for his discovery of the Raman effect, related to the scattering of light.",Scientists,Indian Scientists
"Which option correctly answers this: Who was the first Indian to win a Nobel Prize in Science, for his work on the scattering of light?",Homi J. Bhabha,Dmitri Mendeleev,Rachel Carson,C. V. Raman,D) C. V. Raman,"C. V. Raman won the Nobel Prize in Physics in 1930 for his discovery of the Raman effect, related to the scattering of light.",Scientists,Indian Scientists
"Quiz question: Who was the first Indian to win a Nobel Prize in Science, for his work on the scattering of light?",Galileo Galilei,C. V. Raman,Stephen Hawking,Jonas Salk,B) C. V. Raman,"C. V. Raman won the Nobel Prize in Physics in 1930 for his discovery of the Raman effect, related to the scattering of light.",Scientists,Indian Scientists
Quiz question: Who is known for developing the theory of continental drift?,Tim Berners-Lee,Alfred Wegener,Galileo Galilei,C. V. Raman,B) Alfred Wegener,"Alfred Wegener proposed the theory of continental drift, suggesting that continents were once joined and have since drifted apart.",Scientists,World Scientists
"Who was the first Indian to win a Nobel Prize in Science, for his work on the scattering of light?",Stephen Hawking,Michael Faraday,C. V. Raman,Jonas Salk,C) C. V. Raman,"C. V. Raman won the Nobel Prize in Physics in 1930 for his discovery of the Raman effect, related to the scattering of light.",Scientists,Indian Scientists
Which option correctly answers this: Who invented the World Wide Web?,Aryabhata,Alfred Wegener,Marie Curie,Tim Berners-Lee,D) Tim Berners-Lee,Tim Berners-Lee invented the World Wide Web in 1989 while working at CERN.,Scientists,Computer Scientists
"Which option correctly answers this: Who was the first woman to win a Nobel Prize, and the only person to win Nobel Prizes in two different sciences?",Marie Curie,Jonas Salk,Edward Jenner,James Watson,A) Marie Curie,Marie Curie was the first woman to win a Nobel Prize and remains the only person to win Nobel Prizes in two different scientific fields.,Scientists,Nobel Prize Scientists
"Quiz question: Who developed the smallpox vaccine, a major milestone in the history of immunology?",Tim Berners-Lee,Jonas Salk,Archimedes,Edward Jenner,D) Edward Jenner,"Edward Jenner developed the world's first successful smallpox vaccine in the late 18th century, a major milestone in immunology.",Scientists,Medical Scientists
Which option correctly answers this: Who developed the polio vaccine widely used in the 1950s?,Dmitri Mendeleev,Jonas Salk,J. J. Thomson,Jagadish Chandra Bose,B) Jonas Salk,"Jonas Salk developed one of the first successful and widely used polio vaccines, introduced in 1955.",Scientists,Medical Scientists
Who developed the theory of general relativity's application in understanding black holes and co-authored influential works on space-time?,Isaac Newton,J. J. Thomson,Gregor Mendel,Stephen Hawking,D) Stephen Hawking,Stephen Hawking made significant contributions to the understanding of black holes and cosmology within the framework of general relativity.,Scientists,Physicists
Quiz question: Who developed the polio vaccine widely used in the 1950s?,Jonas Salk,C. V. Raman,Nicolaus Copernicus,Dmitri Mendeleev,A) Jonas Salk,"Jonas Salk developed one of the first successful and widely used polio vaccines, introduced in 1955.",Scientists,Medical Scientists
Which option correctly answers this: Who is credited with inventing the telephone?,Edward Jenner,Isaac Newton,Alexander Graham Bell,Alexander Fleming,C) Alexander Graham Bell,Alexander Graham Bell is credited with inventing the first practical telephone in 1876.,Scientists,World Scientists
Who is known for pioneering contributions to genetics through experiments with pea plants?,J. J. Thomson,Gregor Mendel,Archimedes,Tim Berners-Lee,B) Gregor Mendel,Gregor Mendel conducted pioneering experiments with pea plants that laid the foundation for the modern science of genetics.,Scientists,Biologists
Quiz question: Who developed the first successful vaccine against rabies?,Gregor Mendel,Tim Berners-Lee,Louis Pasteur,J. J. Thomson,C) Louis Pasteur,"Louis Pasteur developed the first successful vaccine against rabies, among his many other contributions to microbiology.",Scientists,Medical Scientists
"Choose the correct answer: Who is known for environmental scientific contributions and advocacy that led to a global ban on the pesticide DDT, through her writing?",Isaac Newton,Rachel Carson,Aryabhata,Vikram Sarabhai,B) Rachel Carson,"Rachel Carson's writing, particularly 'Silent Spring', raised awareness about pesticide dangers and contributed to environmental policy changes, including DDT restrictions.",Scientists,Environmental Scientists
Quiz question: Who is regarded as the father of India's nuclear programme?,Alfred Wegener,Isaac Newton,Homi J. Bhabha,Archimedes,C) Homi J. Bhabha,Homi J. Bhabha is regarded as the father of India's nuclear programme and founded the Tata Institute of Fundamental Research.,Scientists,Indian Scientists
Who developed the heliocentric model placing the Sun at the center of the Solar System?,Alan Turing,Stephen Hawking,Nicolaus Copernicus,Galileo Galilei,C) Nicolaus Copernicus,"Nicolaus Copernicus proposed the heliocentric model, which placed the Sun, rather than the Earth, at the center of the Solar System.",Scientists,Astronomers
Which option correctly answers this: Who developed the theory of general relativity's application in understanding black holes and co-authored influential works on space-time?,Louis Pasteur,Alfred Wegener,Marie Curie,Stephen Hawking,D) Stephen Hawking,Stephen Hawking made significant contributions to the understanding of black holes and cosmology within the framework of general relativity.,Scientists,Physicists
Quiz question: Who discovered penicillin?,Alexander Fleming,Alexander Graham Bell,Stephen Hawking,Homi J. Bhabha,A) Alexander Fleming,"Alexander Fleming discovered penicillin in 1928, leading to the development of antibiotics.",Scientists,Medical Scientists
Choose the correct answer: Who developed the polio vaccine widely used in the 1950s?,Homi J. Bhabha,Jonas Salk,Archimedes,Rachel Carson,B) Jonas Salk,"Jonas Salk developed one of the first successful and widely used polio vaccines, introduced in 1955.",Scientists,Medical Scientists
"Choose the correct answer: Who is credited as a pioneer of rocketry and space science in India, associated with early sounding rocket launches?",Vikram Sarabhai,Galileo Galilei,J. J. Thomson,Aryabhata,A) Vikram Sarabhai,"Vikram Sarabhai pioneered India's early rocketry and space science efforts, leading to the founding of ISRO.",Scientists,Space Scientists
Choose the correct answer: Who developed the first successful vaccine against rabies?,Louis Pasteur,Isaac Newton,James Watt,James Watson,A) Louis Pasteur,"Louis Pasteur developed the first successful vaccine against rabies, among his many other contributions to microbiology.",Scientists,Medical Scientists
"Which Indian scientist is known for his experiments demonstrating that plants have life-like responses, using an instrument called the crescograph?",Tim Berners-Lee,Jagadish Chandra Bose,Charles Darwin,Homi J. Bhabha,B) Jagadish Chandra Bose,"Jagadish Chandra Bose conducted pioneering experiments showing life-like responses in plants using his invented instrument, the crescograph.",Scientists,Indian Scientists
Who is credited with discovering the electron?,Nicolaus Copernicus,Alexander Graham Bell,C. V. Raman,J. J. Thomson,D) J. J. Thomson,"J. J. Thomson is credited with discovering the electron in 1897, a foundational discovery in atomic physics.",Scientists,Physicists
Which option correctly answers this: Who developed the first successful vaccine against rabies?,Tim Berners-Lee,Louis Pasteur,Vikram Sarabhai,Jagadish Chandra Bose,B) Louis Pasteur,"Louis Pasteur developed the first successful vaccine against rabies, among his many other contributions to microbiology.",Scientists,Medical Scientists
Who proposed the theory of evolution by natural selection?,Edward Jenner,Charles Darwin,Michael Faraday,Alan Turing,B) Charles Darwin,Charles Darwin proposed the theory of evolution by natural selection in his book 'On the Origin of Species'.,Scientists,Biologists
"Quiz question: Which Indian scientist is known for his experiments demonstrating that plants have life-like responses, using an instrument called the crescograph?",C. V. Raman,Marie Curie,Gregor Mendel,Jagadish Chandra Bose,D) Jagadish Chandra Bose,"Jagadish Chandra Bose conducted pioneering experiments showing life-like responses in plants using his invented instrument, the crescograph.",Scientists,Indian Scientists
Choose the correct answer: Who invented the World Wide Web?,Tim Berners-Lee,Isaac Newton,Michael Faraday,Edward Jenner,A) Tim Berners-Lee,Tim Berners-Lee invented the World Wide Web in 1989 while working at CERN.,Scientists,Computer Scientists
Who invented the World Wide Web?,Marie Curie,Dmitri Mendeleev,Alan Turing,Tim Berners-Lee,D) Tim Berners-Lee,Tim Berners-Lee invented the World Wide Web in 1989 while working at CERN.,Scientists,Computer Scientists
"Which option correctly answers this: Who is regarded as a founding figure of modern computer science, known for his work on computation and code-breaking during WWII?",Stephen Hawking,C. V. Raman,Alan Turing,Edward Jenner,C) Alan Turing,"Alan Turing is regarded as a founding figure of computer science, known for his theoretical work and code-breaking during World War II.",Scientists,Computer Scientists
Which option correctly answers this: Who is credited with formulating the laws of motion and universal gravitation?,James Watt,Archimedes,Marie Curie,Isaac Newton,D) Isaac Newton,"Sir Isaac Newton formulated the laws of motion and the law of universal gravitation, foundational to classical physics.",Scientists,Physicists
Who is known as the father of the Indian space programme?,Vikram Sarabhai,Dmitri Mendeleev,Jagadish Chandra Bose,Gregor Mendel,A) Vikram Sarabhai,"Vikram Sarabhai is widely regarded as the father of the Indian space programme, founding what became ISRO.",Scientists,Indian Scientists
"Which option correctly answers this: Who developed the smallpox vaccine, a major milestone in the history of immunology?",Edward Jenner,Charles Darwin,Louis Pasteur,Jagadish Chandra Bose,A) Edward Jenner,"Edward Jenner developed the world's first successful smallpox vaccine in the late 18th century, a major milestone in immunology.",Scientists,Medical Scientists
"Quiz question: Which Indian scientist is known for his experiments demonstrating that plants have life-like responses, using an instrument called the crescograph?",Marie Curie,J. J. Thomson,Edward Jenner,Jagadish Chandra Bose,D) Jagadish Chandra Bose,"Jagadish Chandra Bose conducted pioneering experiments showing life-like responses in plants using his invented instrument, the crescograph.",Scientists,Indian Scientists
"Who is credited with discovering the structure of DNA, along with Francis Crick?",James Watson,Nicolaus Copernicus,Michael Faraday,Alfred Wegener,A) James Watson,"James Watson, along with Francis Crick, is credited with discovering the double-helix structure of DNA in 1953.",Scientists,Biologists
Quiz question: Who developed the heliocentric model placing the Sun at the center of the Solar System?,Nicolaus Copernicus,Gregor Mendel,James Watt,Alexander Fleming,A) Nicolaus Copernicus,"Nicolaus Copernicus proposed the heliocentric model, which placed the Sun, rather than the Earth, at the center of the Solar System.",Scientists,Astronomers
Which option correctly answers this: Who is known for developing the theory of continental drift?,Marie Curie,Alfred Wegener,Gregor Mendel,Isaac Newton,B) Alfred Wegener,"Alfred Wegener proposed the theory of continental drift, suggesting that continents were once joined and have since drifted apart.",Scientists,World Scientists
Which option correctly answers this: Who discovered penicillin?,Gregor Mendel,Marie Curie,Tim Berners-Lee,Alexander Fleming,D) Alexander Fleming,"Alexander Fleming discovered penicillin in 1928, leading to the development of antibiotics.",Scientists,Medical Scientists
Who developed the heliocentric model placing the Sun at the center of the Solar System?,Louis Pasteur,Nicolaus Copernicus,Jonas Salk,Alan Turing,B) Nicolaus Copernicus,"Nicolaus Copernicus proposed the heliocentric model, which placed the Sun, rather than the Earth, at the center of the Solar System.",Scientists,Astronomers
"Which option correctly answers this: Who is known for environmental scientific contributions and advocacy that led to a global ban on the pesticide DDT, through her writing?",Marie Curie (along with Pierre Curie and Henri Becquerel),Rachel Carson,Alfred Wegener,Edward Jenner,B) Rachel Carson,"Rachel Carson's writing, particularly 'Silent Spring', raised awareness about pesticide dangers and contributed to environmental policy changes, including DDT restrictions.",Scientists,Environmental Scientists
Quiz question: Who developed the heliocentric model placing the Sun at the center of the Solar System?,Jagadish Chandra Bose,Albert Einstein,Nicolaus Copernicus,Galileo Galilei,C) Nicolaus Copernicus,"Nicolaus Copernicus proposed the heliocentric model, which placed the Sun, rather than the Earth, at the center of the Solar System.",Scientists,Astronomers
"Which option correctly answers this: Who is known for pioneering research in electricity and magnetism, with the SI unit of capacitance named after him?",Michael Faraday,Edward Jenner,Jonas Salk,Albert Einstein,A) Michael Faraday,"Michael Faraday made pioneering contributions to the study of electromagnetism, and the SI unit of capacitance, the farad, is named after him.",Scientists,Physicists
"Quiz question: Who is credited with discovering the structure of DNA, along with Francis Crick?",James Watson,Tim Berners-Lee,Dmitri Mendeleev,Nicolaus Copernicus,A) James Watson,"James Watson, along with Francis Crick, is credited with discovering the double-helix structure of DNA in 1953.",Scientists,Biologists
Choose the correct answer: Who is known as the father of the Indian space programme?,Michael Faraday,Vikram Sarabhai,Archimedes,Marie Curie (along with Pierre Curie and Henri Becquerel),B) Vikram Sarabhai,"Vikram Sarabhai is widely regarded as the father of the Indian space programme, founding what became ISRO.",Scientists,Indian Scientists
Choose the correct answer: Who developed the heliocentric model placing the Sun at the center of the Solar System?,Aryabhata,Nicolaus Copernicus,Archimedes,Marie Curie (along with Pierre Curie and Henri Becquerel),B) Nicolaus Copernicus,"Nicolaus Copernicus proposed the heliocentric model, which placed the Sun, rather than the Earth, at the center of the Solar System.",Scientists,Astronomers
Choose the correct answer: Who is credited with developing the first practical steam engine widely used in industry?,James Watt,James Watson,Galileo Galilei,Rachel Carson,A) James Watt,"James Watt significantly improved the steam engine, making it far more efficient and practical for widespread industrial use.",Scientists,World Scientists
Who developed the theory of general relativity?,Alexander Fleming,C. V. Raman,J. J. Thomson,Albert Einstein,D) Albert Einstein,"Albert Einstein developed the theory of general relativity, revolutionizing the understanding of gravity, space, and time.",Scientists,World Scientists
Quiz question: Who discovered penicillin?,Vikram Sarabhai,Jonas Salk,Alexander Fleming,Edward Jenner,C) Alexander Fleming,"Alexander Fleming discovered penicillin in 1928, leading to the development of antibiotics.",Scientists,Medical Scientists
Who developed the theory of general relativity?,Rachel Carson,Alexander Graham Bell,Albert Einstein,Louis Pasteur,C) Albert Einstein,"Albert Einstein developed the theory of general relativity, revolutionizing the understanding of gravity, space, and time.",Scientists,World Scientists
"Which option correctly answers this: Who was the first woman to win a Nobel Prize, and the only person to win Nobel Prizes in two different sciences?",Gregor Mendel,Marie Curie,Marie Curie (along with Pierre Curie and Henri Becquerel),James Watson,B) Marie Curie,Marie Curie was the first woman to win a Nobel Prize and remains the only person to win Nobel Prizes in two different scientific fields.,Scientists,Nobel Prize Scientists
Which option correctly answers this: Who is famous for his observations supporting the heliocentric model using an early telescope?,Galileo Galilei,Gregor Mendel,Vikram Sarabhai,Homi J. Bhabha,A) Galileo Galilei,"Galileo Galilei made key astronomical observations using an early telescope, providing evidence supporting the heliocentric model.",Scientists,Astronomers
Who is known for developing the theory of continental drift?,Tim Berners-Lee,Gregor Mendel,Jagadish Chandra Bose,Alfred Wegener,D) Alfred Wegener,"Alfred Wegener proposed the theory of continental drift, suggesting that continents were once joined and have since drifted apart.",Scientists,World Scientists
"Choose the correct answer: Who is known for pioneering research in electricity and magnetism, with the SI unit of capacitance named after him?",Michael Faraday,Tim Berners-Lee,Albert Einstein,Nicolaus Copernicus,A) Michael Faraday,"Michael Faraday made pioneering contributions to the study of electromagnetism, and the SI unit of capacitance, the farad, is named after him.",Scientists,Physicists
Quiz question: Who developed the polio vaccine widely used in the 1950s?,Jonas Salk,Jagadish Chandra Bose,Louis Pasteur,Alexander Fleming,A) Jonas Salk,"Jonas Salk developed one of the first successful and widely used polio vaccines, introduced in 1955.",Scientists,Medical Scientists
"Quiz question: Who is known for pioneering research in electricity and magnetism, with the SI unit of capacitance named after him?",Michael Faraday,Nicolaus Copernicus,Marie Curie (along with Pierre Curie and Henri Becquerel),C. V. Raman,A) Michael Faraday,"Michael Faraday made pioneering contributions to the study of electromagnetism, and the SI unit of capacitance, the farad, is named after him.",Scientists,Physicists
Who developed the theory of general relativity?,Jonas Salk,Albert Einstein,Alexander Graham Bell,James Watt,B) Albert Einstein,"Albert Einstein developed the theory of general relativity, revolutionizing the understanding of gravity, space, and time.",Scientists,World Scientists
Quiz question: Who developed the theory of general relativity?,Alfred Wegener,Gregor Mendel,Rachel Carson,Albert Einstein,D) Albert Einstein,"Albert Einstein developed the theory of general relativity, revolutionizing the understanding of gravity, space, and time.",Scientists,World Scientists
"Quiz question: Who developed the smallpox vaccine, a major milestone in the history of immunology?",Edward Jenner,Archimedes,Charles Darwin,Stephen Hawking,A) Edward Jenner,"Edward Jenner developed the world's first successful smallpox vaccine in the late 18th century, a major milestone in immunology.",Scientists,Medical Scientists
Quiz question: Who is famous for his observations supporting the heliocentric model using an early telescope?,Galileo Galilei,Albert Einstein,Alexander Graham Bell,Jonas Salk,A) Galileo Galilei,"Galileo Galilei made key astronomical observations using an early telescope, providing evidence supporting the heliocentric model.",Scientists,Astronomers
Choose the correct answer: Who is regarded as the father of India's nuclear programme?,Dmitri Mendeleev,Aryabhata,Stephen Hawking,Homi J. Bhabha,D) Homi J. Bhabha,Homi J. Bhabha is regarded as the father of India's nuclear programme and founded the Tata Institute of Fundamental Research.,Scientists,Indian Scientists
Who is known for developing the theory of continental drift?,Nicolaus Copernicus,Tim Berners-Lee,Isaac Newton,Alfred Wegener,D) Alfred Wegener,"Alfred Wegener proposed the theory of continental drift, suggesting that continents were once joined and have since drifted apart.",Scientists,World Scientists
Who developed the heliocentric model placing the Sun at the center of the Solar System?,Edward Jenner,Michael Faraday,Galileo Galilei,Nicolaus Copernicus,D) Nicolaus Copernicus,"Nicolaus Copernicus proposed the heliocentric model, which placed the Sun, rather than the Earth, at the center of the Solar System.",Scientists,Astronomers
"Choose the correct answer: Who developed the smallpox vaccine, a major milestone in the history of immunology?",Vikram Sarabhai,Edward Jenner,C. V. Raman,Alexander Fleming,B) Edward Jenner,"Edward Jenner developed the world's first successful smallpox vaccine in the late 18th century, a major milestone in immunology.",Scientists,Medical Scientists
"Who is regarded as a founding figure of modern computer science, known for his work on computation and code-breaking during WWII?",Jagadish Chandra Bose,Alfred Wegener,Marie Curie (along with Pierre Curie and Henri Becquerel),Alan Turing,D) Alan Turing,"Alan Turing is regarded as a founding figure of computer science, known for his theoretical work and code-breaking during World War II.",Scientists,Computer Scientists
Which option correctly answers this: Who is credited with discovering the electron?,Marie Curie,Stephen Hawking,Tim Berners-Lee,J. J. Thomson,D) J. J. Thomson,"J. J. Thomson is credited with discovering the electron in 1897, a foundational discovery in atomic physics.",Scientists,Physicists
Who is known as the father of the Indian space programme?,Vikram Sarabhai,Dmitri Mendeleev,Albert Einstein,James Watt,A) Vikram Sarabhai,"Vikram Sarabhai is widely regarded as the father of the Indian space programme, founding what became ISRO.",Scientists,Indian Scientists
Quiz question: Who proposed the theory of evolution by natural selection?,James Watson,Charles Darwin,J. J. Thomson,C. V. Raman,B) Charles Darwin,Charles Darwin proposed the theory of evolution by natural selection in his book 'On the Origin of Species'.,Scientists,Biologists
Which option correctly answers this: Who is known for pioneering contributions to genetics through experiments with pea plants?,Homi J. Bhabha,Alfred Wegener,Gregor Mendel,Marie Curie,C) Gregor Mendel,Gregor Mendel conducted pioneering experiments with pea plants that laid the foundation for the modern science of genetics.,Scientists,Biologists
Which option correctly answers this: Who is regarded as the father of India's nuclear programme?,Alfred Wegener,Homi J. Bhabha,Alexander Graham Bell,J. J. Thomson,B) Homi J. Bhabha,Homi J. Bhabha is regarded as the father of India's nuclear programme and founded the Tata Institute of Fundamental Research.,Scientists,Indian Scientists
Choose the correct answer: Who is known as the father of the Indian space programme?,Alfred Wegener,Charles Darwin,Gregor Mendel,Vikram Sarabhai,D) Vikram Sarabhai,"Vikram Sarabhai is widely regarded as the father of the Indian space programme, founding what became ISRO.",Scientists,Indian Scientists
"Quiz question: Who was the first Indian to win a Nobel Prize in Science, for his work on the scattering of light?",C. V. Raman,Rachel Carson,Vikram Sarabhai,Galileo Galilei,A) C. V. Raman,"C. V. Raman won the Nobel Prize in Physics in 1930 for his discovery of the Raman effect, related to the scattering of light.",Scientists,Indian Scientists
Who is regarded as the father of India's nuclear programme?,Jonas Salk,Nicolaus Copernicus,Homi J. Bhabha,Alfred Wegener,C) Homi J. Bhabha,Homi J. Bhabha is regarded as the father of India's nuclear programme and founded the Tata Institute of Fundamental Research.,Scientists,Indian Scientists
Who is regarded as the father of India's nuclear programme?,Stephen Hawking,Rachel Carson,Michael Faraday,Homi J. Bhabha,D) Homi J. Bhabha,Homi J. Bhabha is regarded as the father of India's nuclear programme and founded the Tata Institute of Fundamental Research.,Scientists,Indian Scientists
Which option correctly answers this: Who is famous for his observations supporting the heliocentric model using an early telescope?,Marie Curie,Alexander Graham Bell,Galileo Galilei,Dmitri Mendeleev,C) Galileo Galilei,"Galileo Galilei made key astronomical observations using an early telescope, providing evidence supporting the heliocentric model.",Scientists,Astronomers
"Quiz question: Who is regarded as a founding figure of modern computer science, known for his work on computation and code-breaking during WWII?",Albert Einstein,Alan Turing,Tim Berners-Lee,Nicolaus Copernicus,B) Alan Turing,"Alan Turing is regarded as a founding figure of computer science, known for his theoretical work and code-breaking during World War II.",Scientists,Computer Scientists
Choose the correct answer: Who is credited with inventing the telephone?,Aryabhata,Tim Berners-Lee,Edward Jenner,Alexander Graham Bell,D) Alexander Graham Bell,Alexander Graham Bell is credited with inventing the first practical telephone in 1876.,Scientists,World Scientists
Quiz question: Who proposed the theory of evolution by natural selection?,Alexander Graham Bell,James Watt,Charles Darwin,C. V. Raman,C) Charles Darwin,Charles Darwin proposed the theory of evolution by natural selection in his book 'On the Origin of Species'.,Scientists,Biologists
"Who is known for environmental scientific contributions and advocacy that led to a global ban on the pesticide DDT, through her writing?",Archimedes,Rachel Carson,Galileo Galilei,Charles Darwin,B) Rachel Carson,"Rachel Carson's writing, particularly 'Silent Spring', raised awareness about pesticide dangers and contributed to environmental policy changes, including DDT restrictions.",Scientists,Environmental Scientists
"Quiz question: Which Indian scientist is known for his experiments demonstrating that plants have life-like responses, using an instrument called the crescograph?",Jagadish Chandra Bose,Louis Pasteur,Nicolaus Copernicus,Vikram Sarabhai,A) Jagadish Chandra Bose,"Jagadish Chandra Bose conducted pioneering experiments showing life-like responses in plants using his invented instrument, the crescograph.",Scientists,Indian Scientists
"Choose the correct answer: Who is regarded as a founding figure of modern computer science, known for his work on computation and code-breaking during WWII?",Marie Curie (along with Pierre Curie and Henri Becquerel),Galileo Galilei,Nicolaus Copernicus,Alan Turing,D) Alan Turing,"Alan Turing is regarded as a founding figure of computer science, known for his theoretical work and code-breaking during World War II.",Scientists,Computer Scientists
Which option correctly answers this: Who is known for pioneering contributions to genetics through experiments with pea plants?,Vikram Sarabhai,Alfred Wegener,Gregor Mendel,Alan Turing,C) Gregor Mendel,Gregor Mendel conducted pioneering experiments with pea plants that laid the foundation for the modern science of genetics.,Scientists,Biologists
"Which option correctly answers this: Which Indian scientist is known for his experiments demonstrating that plants have life-like responses, using an instrument called the crescograph?",Alexander Fleming,Dmitri Mendeleev,Alexander Graham Bell,Jagadish Chandra Bose,D) Jagadish Chandra Bose,"Jagadish Chandra Bose conducted pioneering experiments showing life-like responses in plants using his invented instrument, the crescograph.",Scientists,Indian Scientists
Which option correctly answers this: Who is credited with formulating the laws of motion and universal gravitation?,Homi J. Bhabha,Alexander Graham Bell,Albert Einstein,Isaac Newton,D) Isaac Newton,"Sir Isaac Newton formulated the laws of motion and the law of universal gravitation, foundational to classical physics.",Scientists,Physicists
"Choose the correct answer: Who developed the smallpox vaccine, a major milestone in the history of immunology?",Archimedes,Homi J. Bhabha,Dmitri Mendeleev,Edward Jenner,D) Edward Jenner,"Edward Jenner developed the world's first successful smallpox vaccine in the late 18th century, a major milestone in immunology.",Scientists,Medical Scientists
Quiz question: Who invented the World Wide Web?,Tim Berners-Lee,Jonas Salk,Alan Turing,Nicolaus Copernicus,A) Tim Berners-Lee,Tim Berners-Lee invented the World Wide Web in 1989 while working at CERN.,Scientists,Computer Scientists
Who developed the heliocentric model placing the Sun at the center of the Solar System?,Jonas Salk,C. V. Raman,Nicolaus Copernicus,Gregor Mendel,C) Nicolaus Copernicus,"Nicolaus Copernicus proposed the heliocentric model, which placed the Sun, rather than the Earth, at the center of the Solar System.",Scientists,Astronomers
"Who is regarded as a founding figure of modern computer science, known for his work on computation and code-breaking during WWII?",Alan Turing,Albert Einstein,Archimedes,Aryabhata,A) Alan Turing,"Alan Turing is regarded as a founding figure of computer science, known for his theoretical work and code-breaking during World War II.",Scientists,Computer Scientists
Quiz question: Who discovered penicillin?,Alexander Fleming,Marie Curie,Stephen Hawking,Gregor Mendel,A) Alexander Fleming,"Alexander Fleming discovered penicillin in 1928, leading to the development of antibiotics.",Scientists,Medical Scientists
Quiz question: Who discovered the law of buoyancy while reportedly in a bathtub?,Archimedes,Alexander Fleming,Rachel Carson,Aryabhata,A) Archimedes,"Archimedes is credited with discovering the principle of buoyancy, famously said to have realized it while in his bath.",Scientists,Mathematicians
Quiz question: Who developed the polio vaccine widely used in the 1950s?,Stephen Hawking,Albert Einstein,Gregor Mendel,Jonas Salk,D) Jonas Salk,"Jonas Salk developed one of the first successful and widely used polio vaccines, introduced in 1955.",Scientists,Medical Scientists
Quiz question: Who invented the World Wide Web?,Homi J. Bhabha,Michael Faraday,Tim Berners-Lee,Alfred Wegener,C) Tim Berners-Lee,Tim Berners-Lee invented the World Wide Web in 1989 while working at CERN.,Scientists,Computer Scientists
Who invented the World Wide Web?,Nicolaus Copernicus,Dmitri Mendeleev,Tim Berners-Lee,Stephen Hawking,C) Tim Berners-Lee,Tim Berners-Lee invented the World Wide Web in 1989 while working at CERN.,Scientists,Computer Scientists
Who developed the theory of general relativity?,J. J. Thomson,James Watt,Albert Einstein,Aryabhata,C) Albert Einstein,"Albert Einstein developed the theory of general relativity, revolutionizing the understanding of gravity, space, and time.",Scientists,World Scientists
Which option correctly answers this: Who is credited with discovering the electron?,Dmitri Mendeleev,Gregor Mendel,Vikram Sarabhai,J. J. Thomson,D) J. J. Thomson,"J. J. Thomson is credited with discovering the electron in 1897, a foundational discovery in atomic physics.",Scientists,Physicists
Which option correctly answers this: Who is known for pioneering contributions to genetics through experiments with pea plants?,Jagadish Chandra Bose,Gregor Mendel,James Watt,J. J. Thomson,B) Gregor Mendel,Gregor Mendel conducted pioneering experiments with pea plants that laid the foundation for the modern science of genetics.,Scientists,Biologists
"Who is known for environmental scientific contributions and advocacy that led to a global ban on the pesticide DDT, through her writing?",Michael Faraday,Gregor Mendel,Vikram Sarabhai,Rachel Carson,D) Rachel Carson,"Rachel Carson's writing, particularly 'Silent Spring', raised awareness about pesticide dangers and contributed to environmental policy changes, including DDT restrictions.",Scientists,Environmental Scientists
Which option correctly answers this: Who is credited with formulating the laws of motion and universal gravitation?,Louis Pasteur,Jonas Salk,James Watson,Isaac Newton,D) Isaac Newton,"Sir Isaac Newton formulated the laws of motion and the law of universal gravitation, foundational to classical physics.",Scientists,Physicists
Choose the correct answer: Who developed the theory of general relativity?,Albert Einstein,Nicolaus Copernicus,Alan Turing,Isaac Newton,A) Albert Einstein,"Albert Einstein developed the theory of general relativity, revolutionizing the understanding of gravity, space, and time.",Scientists,World Scientists
Who developed the first successful vaccine against rabies?,Galileo Galilei,Louis Pasteur,James Watt,Alan Turing,B) Louis Pasteur,"Louis Pasteur developed the first successful vaccine against rabies, among his many other contributions to microbiology.",Scientists,Medical Scientists
Which option correctly answers this: Who proposed the theory of evolution by natural selection?,Charles Darwin,Stephen Hawking,James Watson,Dmitri Mendeleev,A) Charles Darwin,Charles Darwin proposed the theory of evolution by natural selection in his book 'On the Origin of Species'.,Scientists,Biologists
"Choose the correct answer: Who is regarded as a founding figure of modern computer science, known for his work on computation and code-breaking during WWII?",J. J. Thomson,James Watson,Alan Turing,Charles Darwin,C) Alan Turing,"Alan Turing is regarded as a founding figure of computer science, known for his theoretical work and code-breaking during World War II.",Scientists,Computer Scientists
Choose the correct answer: Who is credited with formulating the laws of motion and universal gravitation?,Louis Pasteur,Aryabhata,Isaac Newton,C. V. Raman,C) Isaac Newton,"Sir Isaac Newton formulated the laws of motion and the law of universal gravitation, foundational to classical physics.",Scientists,Physicists
"Choose the correct answer: Who is credited with discovering the structure of DNA, along with Francis Crick?",Galileo Galilei,Gregor Mendel,James Watson,Dmitri Mendeleev,C) James Watson,"James Watson, along with Francis Crick, is credited with discovering the double-helix structure of DNA in 1953.",Scientists,Biologists
Quiz question: Who is credited with formulating the laws of motion and universal gravitation?,Alfred Wegener,Louis Pasteur,Isaac Newton,Galileo Galilei,C) Isaac Newton,"Sir Isaac Newton formulated the laws of motion and the law of universal gravitation, foundational to classical physics.",Scientists,Physicists
Choose the correct answer: Who developed the first successful vaccine against rabies?,Nicolaus Copernicus,Louis Pasteur,Homi J. Bhabha,James Watt,B) Louis Pasteur,"Louis Pasteur developed the first successful vaccine against rabies, among his many other contributions to microbiology.",Scientists,Medical Scientists
Which option correctly answers this: Who developed the polio vaccine widely used in the 1950s?,J. J. Thomson,Gregor Mendel,Marie Curie (along with Pierre Curie and Henri Becquerel),Jonas Salk,D) Jonas Salk,"Jonas Salk developed one of the first successful and widely used polio vaccines, introduced in 1955.",Scientists,Medical Scientists
Which option correctly answers this: Who developed the polio vaccine widely used in the 1950s?,Jonas Salk,Isaac Newton,Jagadish Chandra Bose,Archimedes,A) Jonas Salk,"Jonas Salk developed one of the first successful and widely used polio vaccines, introduced in 1955.",Scientists,Medical Scientists
Who developed the mathematical concept of zero as a number and made major contributions to Indian mathematics and astronomy?,Isaac Newton,J. J. Thomson,Aryabhata,Alan Turing,C) Aryabhata,"Aryabhata, an ancient Indian mathematician and astronomer, made significant contributions to mathematics, including work related to the concept of zero.",Scientists,Mathematicians
"Choose the correct answer: Who is known for environmental scientific contributions and advocacy that led to a global ban on the pesticide DDT, through her writing?",Vikram Sarabhai,Rachel Carson,Albert Einstein,Charles Darwin,B) Rachel Carson,"Rachel Carson's writing, particularly 'Silent Spring', raised awareness about pesticide dangers and contributed to environmental policy changes, including DDT restrictions.",Scientists,Environmental Scientists
Which option correctly answers this: Who is known for pioneering contributions to genetics through experiments with pea plants?,Aryabhata,Gregor Mendel,Jonas Salk,Tim Berners-Lee,B) Gregor Mendel,Gregor Mendel conducted pioneering experiments with pea plants that laid the foundation for the modern science of genetics.,Scientists,Biologists
Who proposed the theory of evolution by natural selection?,Alan Turing,Archimedes,J. J. Thomson,Charles Darwin,D) Charles Darwin,Charles Darwin proposed the theory of evolution by natural selection in his book 'On the Origin of Species'.,Scientists,Biologists
"Which option correctly answers this: Who discovered radioactivity, sharing a Nobel Prize for the work?",Galileo Galilei,Louis Pasteur,Marie Curie (along with Pierre Curie and Henri Becquerel),Michael Faraday,C) Marie Curie (along with Pierre Curie and Henri Becquerel),"Marie Curie, along with Pierre Curie and Henri Becquerel, is credited with pioneering research on radioactivity.",Scientists,Women Scientists
"Quiz question: Who is credited as a pioneer of rocketry and space science in India, associated with early sounding rocket launches?",Alexander Graham Bell,Vikram Sarabhai,Isaac Newton,Gregor Mendel,B) Vikram Sarabhai,"Vikram Sarabhai pioneered India's early rocketry and space science efforts, leading to the founding of ISRO.",Scientists,Space Scientists
Which option correctly answers this: Who is credited with formulating the laws of motion and universal gravitation?,Isaac Newton,Michael Faraday,Galileo Galilei,Charles Darwin,A) Isaac Newton,"Sir Isaac Newton formulated the laws of motion and the law of universal gravitation, foundational to classical physics.",Scientists,Physicists
Choose the correct answer: Who developed the mathematical concept of zero as a number and made major contributions to Indian mathematics and astronomy?,Rachel Carson,Aryabhata,Michael Faraday,Gregor Mendel,B) Aryabhata,"Aryabhata, an ancient Indian mathematician and astronomer, made significant contributions to mathematics, including work related to the concept of zero.",Scientists,Mathematicians
"Who was the first Indian to win a Nobel Prize in Science, for his work on the scattering of light?",J. J. Thomson,C. V. Raman,Alexander Fleming,Michael Faraday,B) C. V. Raman,"C. V. Raman won the Nobel Prize in Physics in 1930 for his discovery of the Raman effect, related to the scattering of light.",Scientists,Indian Scientists
"Quiz question: Who was the first Indian to win a Nobel Prize in Science, for his work on the scattering of light?",C. V. Raman,Edward Jenner,Michael Faraday,James Watt,A) C. V. Raman,"C. V. Raman won the Nobel Prize in Physics in 1930 for his discovery of the Raman effect, related to the scattering of light.",Scientists,Indian Scientists
Which option correctly answers this: Who developed the first successful vaccine against rabies?,Tim Berners-Lee,Rachel Carson,Louis Pasteur,Alexander Fleming,C) Louis Pasteur,"Louis Pasteur developed the first successful vaccine against rabies, among his many other contributions to microbiology.",Scientists,Medical Scientists
Quiz question: Who is credited with formulating the laws of motion and universal gravitation?,Isaac Newton,Jonas Salk,James Watson,Archimedes,A) Isaac Newton,"Sir Isaac Newton formulated the laws of motion and the law of universal gravitation, foundational to classical physics.",Scientists,Physicists
Who is credited with discovering the electron?,Jonas Salk,Isaac Newton,J. J. Thomson,James Watt,C) J. J. Thomson,"J. J. Thomson is credited with discovering the electron in 1897, a foundational discovery in atomic physics.",Scientists,Physicists
Which option correctly answers this: Who developed the theory of general relativity's application in understanding black holes and co-authored influential works on space-time?,Stephen Hawking,Marie Curie,Tim Berners-Lee,Dmitri Mendeleev,A) Stephen Hawking,Stephen Hawking made significant contributions to the understanding of black holes and cosmology within the framework of general relativity.,Scientists,Physicists
"Who is known for environmental scientific contributions and advocacy that led to a global ban on the pesticide DDT, through her writing?",J. J. Thomson,Dmitri Mendeleev,Homi J. Bhabha,Rachel Carson,D) Rachel Carson,"Rachel Carson's writing, particularly 'Silent Spring', raised awareness about pesticide dangers and contributed to environmental policy changes, including DDT restrictions.",Scientists,Environmental Scientists
Quiz question: Who discovered penicillin?,Marie Curie,Alexander Fleming,Alexander Graham Bell,J. J. Thomson,B) Alexander Fleming,"Alexander Fleming discovered penicillin in 1928, leading to the development of antibiotics.",Scientists,Medical Scientists
Who is famous for his observations supporting the heliocentric model using an early telescope?,Alexander Graham Bell,Galileo Galilei,Jagadish Chandra Bose,Alexander Fleming,B) Galileo Galilei,"Galileo Galilei made key astronomical observations using an early telescope, providing evidence supporting the heliocentric model.",Scientists,Astronomers
"Choose the correct answer: Who developed the smallpox vaccine, a major milestone in the history of immunology?",C. V. Raman,Edward Jenner,Aryabhata,Archimedes,B) Edward Jenner,"Edward Jenner developed the world's first successful smallpox vaccine in the late 18th century, a major milestone in immunology.",Scientists,Medical Scientists
"Which option correctly answers this: Who was the first Indian to win a Nobel Prize in Science, for his work on the scattering of light?",Michael Faraday,Edward Jenner,Alexander Graham Bell,C. V. Raman,D) C. V. Raman,"C. V. Raman won the Nobel Prize in Physics in 1930 for his discovery of the Raman effect, related to the scattering of light.",Scientists,Indian Scientists
Quiz question: Who is known for developing the theory of continental drift?,Alfred Wegener,Gregor Mendel,Alexander Fleming,Marie Curie (along with Pierre Curie and Henri Becquerel),A) Alfred Wegener,"Alfred Wegener proposed the theory of continental drift, suggesting that continents were once joined and have since drifted apart.",Scientists,World Scientists
"Which option correctly answers this: Who developed the smallpox vaccine, a major milestone in the history of immunology?",Edward Jenner,Gregor Mendel,Louis Pasteur,James Watt,A) Edward Jenner,"Edward Jenner developed the world's first successful smallpox vaccine in the late 18th century, a major milestone in immunology.",Scientists,Medical Scientists
Quiz question: Who developed the theory of general relativity?,Michael Faraday,Stephen Hawking,Albert Einstein,Dmitri Mendeleev,C) Albert Einstein,"Albert Einstein developed the theory of general relativity, revolutionizing the understanding of gravity, space, and time.",Scientists,World Scientists
Who is known as the father of the Indian space programme?,Vikram Sarabhai,Edward Jenner,Jagadish Chandra Bose,Alexander Graham Bell,A) Vikram Sarabhai,"Vikram Sarabhai is widely regarded as the father of the Indian space programme, founding what became ISRO.",Scientists,Indian Scientists
"Who was the first Indian to win a Nobel Prize in Science, for his work on the scattering of light?",Archimedes,C. V. Raman,Louis Pasteur,Dmitri Mendeleev,B) C. V. Raman,"C. V. Raman won the Nobel Prize in Physics in 1930 for his discovery of the Raman effect, related to the scattering of light.",Scientists,Indian Scientists
Quiz question: Who is credited with inventing the telephone?,Nicolaus Copernicus,Marie Curie,Alexander Graham Bell,Louis Pasteur,C) Alexander Graham Bell,Alexander Graham Bell is credited with inventing the first practical telephone in 1876.,Scientists,World Scientists
"Quiz question: Which Indian scientist is known for his experiments demonstrating that plants have life-like responses, using an instrument called the crescograph?",Alfred Wegener,Jagadish Chandra Bose,C. V. Raman,Charles Darwin,B) Jagadish Chandra Bose,"Jagadish Chandra Bose conducted pioneering experiments showing life-like responses in plants using his invented instrument, the crescograph.",Scientists,Indian Scientists
Choose the correct answer: Who is regarded as the father of India's nuclear programme?,Homi J. Bhabha,Alexander Graham Bell,Aryabhata,James Watson,A) Homi J. Bhabha,Homi J. Bhabha is regarded as the father of India's nuclear programme and founded the Tata Institute of Fundamental Research.,Scientists,Indian Scientists
Which option correctly answers this: Who is known for developing the theory of continental drift?,Rachel Carson,James Watson,Stephen Hawking,Alfred Wegener,D) Alfred Wegener,"Alfred Wegener proposed the theory of continental drift, suggesting that continents were once joined and have since drifted apart.",Scientists,World Scientists
"Who developed the smallpox vaccine, a major milestone in the history of immunology?",Marie Curie (along with Pierre Curie and Henri Becquerel),Edward Jenner,Alfred Wegener,Homi J. Bhabha,B) Edward Jenner,"Edward Jenner developed the world's first successful smallpox vaccine in the late 18th century, a major milestone in immunology.",Scientists,Medical Scientists
Which option correctly answers this: Who discovered the law of buoyancy while reportedly in a bathtub?,Alan Turing,James Watt,Archimedes,Jonas Salk,C) Archimedes,"Archimedes is credited with discovering the principle of buoyancy, famously said to have realized it while in his bath.",Scientists,Mathematicians
"Choose the correct answer: Who is regarded as a founding figure of modern computer science, known for his work on computation and code-breaking during WWII?",Jagadish Chandra Bose,Homi J. Bhabha,Alan Turing,Jonas Salk,C) Alan Turing,"Alan Turing is regarded as a founding figure of computer science, known for his theoretical work and code-breaking during World War II.",Scientists,Computer Scientists
Who discovered the law of buoyancy while reportedly in a bathtub?,Isaac Newton,Alan Turing,Archimedes,Charles Darwin,C) Archimedes,"Archimedes is credited with discovering the principle of buoyancy, famously said to have realized it while in his bath.",Scientists,Mathematicians
Which option correctly answers this: Who is credited with developing the first practical steam engine widely used in industry?,J. J. Thomson,James Watt,Michael Faraday,Rachel Carson,B) James Watt,"James Watt significantly improved the steam engine, making it far more efficient and practical for widespread industrial use.",Scientists,World Scientists
"Which Indian scientist is known for his experiments demonstrating that plants have life-like responses, using an instrument called the crescograph?",C. V. Raman,Marie Curie (along with Pierre Curie and Henri Becquerel),James Watson,Jagadish Chandra Bose,D) Jagadish Chandra Bose,"Jagadish Chandra Bose conducted pioneering experiments showing life-like responses in plants using his invented instrument, the crescograph.",Scientists,Indian Scientists
"Who is credited as a pioneer of rocketry and space science in India, associated with early sounding rocket launches?",Vikram Sarabhai,Marie Curie (along with Pierre Curie and Henri Becquerel),Homi J. Bhabha,Rachel Carson,A) Vikram Sarabhai,"Vikram Sarabhai pioneered India's early rocketry and space science efforts, leading to the founding of ISRO.",Scientists,Space Scientists
"Choose the correct answer: Which Indian scientist is known for his experiments demonstrating that plants have life-like responses, using an instrument called the crescograph?",Jonas Salk,Isaac Newton,Tim Berners-Lee,Jagadish Chandra Bose,D) Jagadish Chandra Bose,"Jagadish Chandra Bose conducted pioneering experiments showing life-like responses in plants using his invented instrument, the crescograph.",Scientists,Indian Scientists
Quiz question: Who is regarded as the father of India's nuclear programme?,Homi J. Bhabha,Marie Curie,Charles Darwin,Aryabhata,A) Homi J. Bhabha,Homi J. Bhabha is regarded as the father of India's nuclear programme and founded the Tata Institute of Fundamental Research.,Scientists,Indian Scientists
Choose the correct answer: Who is credited with inventing the telephone?,Alan Turing,James Watt,Tim Berners-Lee,Alexander Graham Bell,D) Alexander Graham Bell,Alexander Graham Bell is credited with inventing the first practical telephone in 1876.,Scientists,World Scientists
Who is credited with inventing the telephone?,Louis Pasteur,Edward Jenner,Nicolaus Copernicus,Alexander Graham Bell,D) Alexander Graham Bell,Alexander Graham Bell is credited with inventing the first practical telephone in 1876.,Scientists,World Scientists
Choose the correct answer: Who developed the theory of general relativity?,Jonas Salk,Albert Einstein,James Watson,Charles Darwin,B) Albert Einstein,"Albert Einstein developed the theory of general relativity, revolutionizing the understanding of gravity, space, and time.",Scientists,World Scientists
"Which option correctly answers this: Who is known for pioneering research in electricity and magnetism, with the SI unit of capacitance named after him?",Stephen Hawking,James Watson,Michael Faraday,Tim Berners-Lee,C) Michael Faraday,"Michael Faraday made pioneering contributions to the study of electromagnetism, and the SI unit of capacitance, the farad, is named after him.",Scientists,Physicists
Quiz question: Who developed the theory of general relativity's application in understanding black holes and co-authored influential works on space-time?,Galileo Galilei,Edward Jenner,Stephen Hawking,Alfred Wegener,C) Stephen Hawking,Stephen Hawking made significant contributions to the understanding of black holes and cosmology within the framework of general relativity.,Scientists,Physicists
"Choose the correct answer: Who is regarded as a founding figure of modern computer science, known for his work on computation and code-breaking during WWII?",Charles Darwin,Jonas Salk,Alan Turing,Edward Jenner,C) Alan Turing,"Alan Turing is regarded as a founding figure of computer science, known for his theoretical work and code-breaking during World War II.",Scientists,Computer Scientists
"Which Indian scientist is known for his experiments demonstrating that plants have life-like responses, using an instrument called the crescograph?",Jonas Salk,James Watson,Marie Curie,Jagadish Chandra Bose,D) Jagadish Chandra Bose,"Jagadish Chandra Bose conducted pioneering experiments showing life-like responses in plants using his invented instrument, the crescograph.",Scientists,Indian Scientists
Choose the correct answer: Who is famous for his observations supporting the heliocentric model using an early telescope?,Louis Pasteur,Alan Turing,Galileo Galilei,Rachel Carson,C) Galileo Galilei,"Galileo Galilei made key astronomical observations using an early telescope, providing evidence supporting the heliocentric model.",Scientists,Astronomers
"Who is regarded as a founding figure of modern computer science, known for his work on computation and code-breaking during WWII?",Alan Turing,Galileo Galilei,Louis Pasteur,Rachel Carson,A) Alan Turing,"Alan Turing is regarded as a founding figure of computer science, known for his theoretical work and code-breaking during World War II.",Scientists,Computer Scientists
"Which option correctly answers this: Who is credited with discovering the structure of DNA, along with Francis Crick?",Marie Curie,Alexander Fleming,Nicolaus Copernicus,James Watson,D) James Watson,"James Watson, along with Francis Crick, is credited with discovering the double-helix structure of DNA in 1953.",Scientists,Biologists
"Who was the first woman to win a Nobel Prize, and the only person to win Nobel Prizes in two different sciences?",Edward Jenner,Marie Curie,Jonas Salk,Tim Berners-Lee,B) Marie Curie,Marie Curie was the first woman to win a Nobel Prize and remains the only person to win Nobel Prizes in two different scientific fields.,Scientists,Nobel Prize Scientists
"Choose the correct answer: Who is known for environmental scientific contributions and advocacy that led to a global ban on the pesticide DDT, through her writing?",C. V. Raman,Michael Faraday,Albert Einstein,Rachel Carson,D) Rachel Carson,"Rachel Carson's writing, particularly 'Silent Spring', raised awareness about pesticide dangers and contributed to environmental policy changes, including DDT restrictions.",Scientists,Environmental Scientists
Who is credited with inventing the telephone?,James Watson,Tim Berners-Lee,Alexander Graham Bell,Albert Einstein,C) Alexander Graham Bell,Alexander Graham Bell is credited with inventing the first practical telephone in 1876.,Scientists,World Scientists
Which option correctly answers this: Who proposed the theory of evolution by natural selection?,Charles Darwin,Rachel Carson,Alexander Fleming,Gregor Mendel,A) Charles Darwin,Charles Darwin proposed the theory of evolution by natural selection in his book 'On the Origin of Species'.,Scientists,Biologists
Which option correctly answers this: Who developed the mathematical concept of zero as a number and made major contributions to Indian mathematics and astronomy?,Archimedes,Aryabhata,James Watt,Jagadish Chandra Bose,B) Aryabhata,"Aryabhata, an ancient Indian mathematician and astronomer, made significant contributions to mathematics, including work related to the concept of zero.",Scientists,Mathematicians
Quiz question: Who developed the periodic table of elements?,Louis Pasteur,J. J. Thomson,Michael Faraday,Dmitri Mendeleev,D) Dmitri Mendeleev,"Dmitri Mendeleev developed an early version of the periodic table, organizing elements by atomic weight and properties.",Scientists,Chemists
"Choose the correct answer: Which Indian scientist is known for his experiments demonstrating that plants have life-like responses, using an instrument called the crescograph?",Jagadish Chandra Bose,Michael Faraday,Jonas Salk,Vikram Sarabhai,A) Jagadish Chandra Bose,"Jagadish Chandra Bose conducted pioneering experiments showing life-like responses in plants using his invented instrument, the crescograph.",Scientists,Indian Scientists
"Choose the correct answer: Who is credited with discovering the structure of DNA, along with Francis Crick?",Alexander Fleming,James Watson,Marie Curie,Galileo Galilei,B) James Watson,"James Watson, along with Francis Crick, is credited with discovering the double-helix structure of DNA in 1953.",Scientists,Biologists
"Which option correctly answers this: Who is known for environmental scientific contributions and advocacy that led to a global ban on the pesticide DDT, through her writing?",Nicolaus Copernicus,C. V. Raman,Albert Einstein,Rachel Carson,D) Rachel Carson,"Rachel Carson's writing, particularly 'Silent Spring', raised awareness about pesticide dangers and contributed to environmental policy changes, including DDT restrictions.",Scientists,Environmental Scientists
"Choose the correct answer: Who was the first woman to win a Nobel Prize, and the only person to win Nobel Prizes in two different sciences?",Marie Curie,Nicolaus Copernicus,Albert Einstein,Jagadish Chandra Bose,A) Marie Curie,Marie Curie was the first woman to win a Nobel Prize and remains the only person to win Nobel Prizes in two different scientific fields.,Scientists,Nobel Prize Scientists
"Which option correctly answers this: Who is regarded as a founding figure of modern computer science, known for his work on computation and code-breaking during WWII?",Homi J. Bhabha,Jagadish Chandra Bose,Alan Turing,Marie Curie (along with Pierre Curie and Henri Becquerel),C) Alan Turing,"Alan Turing is regarded as a founding figure of computer science, known for his theoretical work and code-breaking during World War II.",Scientists,Computer Scientists
Who is credited with inventing the telephone?,Alexander Graham Bell,Jonas Salk,Marie Curie,Aryabhata,A) Alexander Graham Bell,Alexander Graham Bell is credited with inventing the first practical telephone in 1876.,Scientists,World Scientists
Quiz question: Who is credited with formulating the laws of motion and universal gravitation?,J. J. Thomson,Dmitri Mendeleev,Tim Berners-Lee,Isaac Newton,D) Isaac Newton,"Sir Isaac Newton formulated the laws of motion and the law of universal gravitation, foundational to classical physics.",Scientists,Physicists
"Quiz question: Who is regarded as a founding figure of modern computer science, known for his work on computation and code-breaking during WWII?",C. V. Raman,Archimedes,Alan Turing,Jagadish Chandra Bose,C) Alan Turing,"Alan Turing is regarded as a founding figure of computer science, known for his theoretical work and code-breaking during World War II.",Scientists,Computer Scientists
"Choose the correct answer: Which Indian scientist is known for his experiments demonstrating that plants have life-like responses, using an instrument called the crescograph?",Alexander Fleming,Nicolaus Copernicus,Jagadish Chandra Bose,Vikram Sarabhai,C) Jagadish Chandra Bose,"Jagadish Chandra Bose conducted pioneering experiments showing life-like responses in plants using his invented instrument, the crescograph.",Scientists,Indian Scientists
Choose the correct answer: Who is famous for his observations supporting the heliocentric model using an early telescope?,Tim Berners-Lee,Galileo Galilei,Marie Curie (along with Pierre Curie and Henri Becquerel),Aryabhata,B) Galileo Galilei,"Galileo Galilei made key astronomical observations using an early telescope, providing evidence supporting the heliocentric model.",Scientists,Astronomers
"Quiz question: Who discovered radioactivity, sharing a Nobel Prize for the work?",Alexander Fleming,Rachel Carson,Marie Curie (along with Pierre Curie and Henri Becquerel),J. J. Thomson,C) Marie Curie (along with Pierre Curie and Henri Becquerel),"Marie Curie, along with Pierre Curie and Henri Becquerel, is credited with pioneering research on radioactivity.",Scientists,Women Scientists
Quiz question: Who discovered penicillin?,Alexander Fleming,Louis Pasteur,Tim Berners-Lee,Archimedes,A) Alexander Fleming,"Alexander Fleming discovered penicillin in 1928, leading to the development of antibiotics.",Scientists,Medical Scientists
"Quiz question: Who developed the smallpox vaccine, a major milestone in the history of immunology?",Edward Jenner,J. J. Thomson,Isaac Newton,Galileo Galilei,A) Edward Jenner,"Edward Jenner developed the world's first successful smallpox vaccine in the late 18th century, a major milestone in immunology.",Scientists,Medical Scientists
"Choose the correct answer: Who is credited as a pioneer of rocketry and space science in India, associated with early sounding rocket launches?",Edward Jenner,Gregor Mendel,Vikram Sarabhai,Rachel Carson,C) Vikram Sarabhai,"Vikram Sarabhai pioneered India's early rocketry and space science efforts, leading to the founding of ISRO.",Scientists,Space Scientists
Which option correctly answers this: Who developed the first successful vaccine against rabies?,Aryabhata,Louis Pasteur,Stephen Hawking,Albert Einstein,B) Louis Pasteur,"Louis Pasteur developed the first successful vaccine against rabies, among his many other contributions to microbiology.",Scientists,Medical Scientists
Which option correctly answers this: Who is credited with developing the first practical steam engine widely used in industry?,James Watt,Archimedes,Isaac Newton,J. J. Thomson,A) James Watt,"James Watt significantly improved the steam engine, making it far more efficient and practical for widespread industrial use.",Scientists,World Scientists
Quiz question: Who developed the first successful vaccine against rabies?,Alexander Fleming,Dmitri Mendeleev,Nicolaus Copernicus,Louis Pasteur,D) Louis Pasteur,"Louis Pasteur developed the first successful vaccine against rabies, among his many other contributions to microbiology.",Scientists,Medical Scientists
Which option correctly answers this: Who developed the theory of general relativity?,Dmitri Mendeleev,James Watson,Aryabhata,Albert Einstein,D) Albert Einstein,"Albert Einstein developed the theory of general relativity, revolutionizing the understanding of gravity, space, and time.",Scientists,World Scientists
Quiz question: Who is known as the father of the Indian space programme?,Vikram Sarabhai,Rachel Carson,Dmitri Mendeleev,Aryabhata,A) Vikram Sarabhai,"Vikram Sarabhai is widely regarded as the father of the Indian space programme, founding what became ISRO.",Scientists,Indian Scientists
Who developed the polio vaccine widely used in the 1950s?,Gregor Mendel,Marie Curie,Jonas Salk,Rachel Carson,C) Jonas Salk,"Jonas Salk developed one of the first successful and widely used polio vaccines, introduced in 1955.",Scientists,Medical Scientists
Who is credited with inventing the telephone?,Albert Einstein,Alexander Graham Bell,Dmitri Mendeleev,Marie Curie (along with Pierre Curie and Henri Becquerel),B) Alexander Graham Bell,Alexander Graham Bell is credited with inventing the first practical telephone in 1876.,Scientists,World Scientists
"Who is credited as a pioneer of rocketry and space science in India, associated with early sounding rocket launches?",Vikram Sarabhai,Alexander Graham Bell,Albert Einstein,Isaac Newton,A) Vikram Sarabhai,"Vikram Sarabhai pioneered India's early rocketry and space science efforts, leading to the founding of ISRO.",Scientists,Space Scientists
Which option correctly answers this: Who is credited with inventing the telephone?,Charles Darwin,Vikram Sarabhai,Alexander Fleming,Alexander Graham Bell,D) Alexander Graham Bell,Alexander Graham Bell is credited with inventing the first practical telephone in 1876.,Scientists,World Scientists
Quiz question: Who is credited with discovering the electron?,J. J. Thomson,Tim Berners-Lee,Charles Darwin,Stephen Hawking,A) J. J. Thomson,"J. J. Thomson is credited with discovering the electron in 1897, a foundational discovery in atomic physics.",Scientists,Physicists
Who is known as the father of the Indian space programme?,Alfred Wegener,James Watt,Vikram Sarabhai,Aryabhata,C) Vikram Sarabhai,"Vikram Sarabhai is widely regarded as the father of the Indian space programme, founding what became ISRO.",Scientists,Indian Scientists
"Quiz question: Which Indian scientist is known for his experiments demonstrating that plants have life-like responses, using an instrument called the crescograph?",Homi J. Bhabha,Jagadish Chandra Bose,Edward Jenner,Gregor Mendel,B) Jagadish Chandra Bose,"Jagadish Chandra Bose conducted pioneering experiments showing life-like responses in plants using his invented instrument, the crescograph.",Scientists,Indian Scientists
Choose the correct answer: Who is known for pioneering contributions to genetics through experiments with pea plants?,Jagadish Chandra Bose,Alan Turing,J. J. Thomson,Gregor Mendel,D) Gregor Mendel,Gregor Mendel conducted pioneering experiments with pea plants that laid the foundation for the modern science of genetics.,Scientists,Biologists
Which option correctly answers this: Who is known for pioneering contributions to genetics through experiments with pea plants?,Gregor Mendel,Charles Darwin,Marie Curie (along with Pierre Curie and Henri Becquerel),Jagadish Chandra Bose,A) Gregor Mendel,Gregor Mendel conducted pioneering experiments with pea plants that laid the foundation for the modern science of genetics.,Scientists,Biologists
Choose the correct answer: Who is known as the father of the Indian space programme?,Nicolaus Copernicus,Rachel Carson,Vikram Sarabhai,Jonas Salk,C) Vikram Sarabhai,"Vikram Sarabhai is widely regarded as the father of the Indian space programme, founding what became ISRO.",Scientists,Indian Scientists
Choose the correct answer: Who is known as the father of the Indian space programme?,Gregor Mendel,Charles Darwin,Vikram Sarabhai,Galileo Galilei,C) Vikram Sarabhai,"Vikram Sarabhai is widely regarded as the father of the Indian space programme, founding what became ISRO.",Scientists,Indian Scientists
Which option correctly answers this: Who developed the mathematical concept of zero as a number and made major contributions to Indian mathematics and astronomy?,Jonas Salk,Homi J. Bhabha,Aryabhata,Alexander Graham Bell,C) Aryabhata,"Aryabhata, an ancient Indian mathematician and astronomer, made significant contributions to mathematics, including work related to the concept of zero.",Scientists,Mathematicians
Which option correctly answers this: Who discovered the law of buoyancy while reportedly in a bathtub?,Archimedes,C. V. Raman,Marie Curie,Nicolaus Copernicus,A) Archimedes,"Archimedes is credited with discovering the principle of buoyancy, famously said to have realized it while in his bath.",Scientists,Mathematicians
Quiz question: Who is known for pioneering contributions to genetics through experiments with pea plants?,Alan Turing,Alexander Graham Bell,Edward Jenner,Gregor Mendel,D) Gregor Mendel,Gregor Mendel conducted pioneering experiments with pea plants that laid the foundation for the modern science of genetics.,Scientists,Biologists
"Which Indian scientist is known for his experiments demonstrating that plants have life-like responses, using an instrument called the crescograph?",Tim Berners-Lee,Louis Pasteur,J. J. Thomson,Jagadish Chandra Bose,D) Jagadish Chandra Bose,"Jagadish Chandra Bose conducted pioneering experiments showing life-like responses in plants using his invented instrument, the crescograph.",Scientists,Indian Scientists
Who is credited with discovering the electron?,Jagadish Chandra Bose,Aryabhata,Isaac Newton,J. J. Thomson,D) J. J. Thomson,"J. J. Thomson is credited with discovering the electron in 1897, a foundational discovery in atomic physics.",Scientists,Physicists
Who is regarded as the father of India's nuclear programme?,Louis Pasteur,J. J. Thomson,Homi J. Bhabha,Marie Curie (along with Pierre Curie and Henri Becquerel),C) Homi J. Bhabha,Homi J. Bhabha is regarded as the father of India's nuclear programme and founded the Tata Institute of Fundamental Research.,Scientists,Indian Scientists
Choose the correct answer: Who is credited with developing the first practical steam engine widely used in industry?,James Watt,J. J. Thomson,Marie Curie,Rachel Carson,A) James Watt,"James Watt significantly improved the steam engine, making it far more efficient and practical for widespread industrial use.",Scientists,World Scientists
Choose the correct answer: Who is credited with developing the first practical steam engine widely used in industry?,Rachel Carson,James Watt,James Watson,Louis Pasteur,B) James Watt,"James Watt significantly improved the steam engine, making it far more efficient and practical for widespread industrial use.",Scientists,World Scientists
"Who is credited with discovering the structure of DNA, along with Francis Crick?",Aryabhata,James Watson,Galileo Galilei,Vikram Sarabhai,B) James Watson,"James Watson, along with Francis Crick, is credited with discovering the double-helix structure of DNA in 1953.",Scientists,Biologists
Which option correctly answers this: Who developed the first successful vaccine against rabies?,Albert Einstein,Stephen Hawking,Dmitri Mendeleev,Louis Pasteur,D) Louis Pasteur,"Louis Pasteur developed the first successful vaccine against rabies, among his many other contributions to microbiology.",Scientists,Medical Scientists
Quiz question: Who is credited with formulating the laws of motion and universal gravitation?,Gregor Mendel,Aryabhata,J. J. Thomson,Isaac Newton,D) Isaac Newton,"Sir Isaac Newton formulated the laws of motion and the law of universal gravitation, foundational to classical physics.",Scientists,Physicists
Choose the correct answer: Who developed the heliocentric model placing the Sun at the center of the Solar System?,Alexander Fleming,Rachel Carson,Nicolaus Copernicus,Alan Turing,C) Nicolaus Copernicus,"Nicolaus Copernicus proposed the heliocentric model, which placed the Sun, rather than the Earth, at the center of the Solar System.",Scientists,Astronomers
"Choose the correct answer: Who was the first Indian to win a Nobel Prize in Science, for his work on the scattering of light?",C. V. Raman,Archimedes,Alan Turing,Aryabhata,A) C. V. Raman,"C. V. Raman won the Nobel Prize in Physics in 1930 for his discovery of the Raman effect, related to the scattering of light.",Scientists,Indian Scientists
Quiz question: Who is credited with discovering the electron?,J. J. Thomson,Nicolaus Copernicus,James Watt,Tim Berners-Lee,A) J. J. Thomson,"J. J. Thomson is credited with discovering the electron in 1897, a foundational discovery in atomic physics.",Scientists,Physicists
Which option correctly answers this: Who invented the World Wide Web?,Tim Berners-Lee,Alan Turing,Gregor Mendel,Aryabhata,A) Tim Berners-Lee,Tim Berners-Lee invented the World Wide Web in 1989 while working at CERN.,Scientists,Computer Scientists
Which option correctly answers this: Who developed the first successful vaccine against rabies?,Jagadish Chandra Bose,Stephen Hawking,Louis Pasteur,Edward Jenner,C) Louis Pasteur,"Louis Pasteur developed the first successful vaccine against rabies, among his many other contributions to microbiology.",Scientists,Medical Scientists
Who is known for pioneering contributions to genetics through experiments with pea plants?,Charles Darwin,Marie Curie (along with Pierre Curie and Henri Becquerel),Jagadish Chandra Bose,Gregor Mendel,D) Gregor Mendel,Gregor Mendel conducted pioneering experiments with pea plants that laid the foundation for the modern science of genetics.,Scientists,Biologists
Which option correctly answers this: Who is regarded as the father of India's nuclear programme?,Isaac Newton,Alexander Fleming,Jagadish Chandra Bose,Homi J. Bhabha,D) Homi J. Bhabha,Homi J. Bhabha is regarded as the father of India's nuclear programme and founded the Tata Institute of Fundamental Research.,Scientists,Indian Scientists
"Quiz question: Who is known for environmental scientific contributions and advocacy that led to a global ban on the pesticide DDT, through her writing?",Alexander Fleming,Homi J. Bhabha,Albert Einstein,Rachel Carson,D) Rachel Carson,"Rachel Carson's writing, particularly 'Silent Spring', raised awareness about pesticide dangers and contributed to environmental policy changes, including DDT restrictions.",Scientists,Environmental Scientists
"Choose the correct answer: Who was the first Indian to win a Nobel Prize in Science, for his work on the scattering of light?",C. V. Raman,Alfred Wegener,Marie Curie,Rachel Carson,A) C. V. Raman,"C. V. Raman won the Nobel Prize in Physics in 1930 for his discovery of the Raman effect, related to the scattering of light.",Scientists,Indian Scientists
Quiz question: Who developed the polio vaccine widely used in the 1950s?,Dmitri Mendeleev,Jagadish Chandra Bose,Jonas Salk,Marie Curie,C) Jonas Salk,"Jonas Salk developed one of the first successful and widely used polio vaccines, introduced in 1955.",Scientists,Medical Scientists
Which option correctly answers this: Who discovered the law of buoyancy while reportedly in a bathtub?,Isaac Newton,James Watson,Gregor Mendel,Archimedes,D) Archimedes,"Archimedes is credited with discovering the principle of buoyancy, famously said to have realized it while in his bath.",Scientists,Mathematicians
Quiz question: Who is regarded as the father of India's nuclear programme?,Homi J. Bhabha,James Watt,James Watson,Archimedes,A) Homi J. Bhabha,Homi J. Bhabha is regarded as the father of India's nuclear programme and founded the Tata Institute of Fundamental Research.,Scientists,Indian Scientists
Which option correctly answers this: Who is known as the father of the Indian space programme?,Michael Faraday,Vikram Sarabhai,Albert Einstein,C. V. Raman,B) Vikram Sarabhai,"Vikram Sarabhai is widely regarded as the father of the Indian space programme, founding what became ISRO.",Scientists,Indian Scientists
Which option correctly answers this: Who discovered the law of buoyancy while reportedly in a bathtub?,Charles Darwin,Aryabhata,Archimedes,James Watt,C) Archimedes,"Archimedes is credited with discovering the principle of buoyancy, famously said to have realized it while in his bath.",Scientists,Mathematicians
Who is credited with discovering the electron?,Marie Curie (along with Pierre Curie and Henri Becquerel),Archimedes,Stephen Hawking,J. J. Thomson,D) J. J. Thomson,"J. J. Thomson is credited with discovering the electron in 1897, a foundational discovery in atomic physics.",Scientists,Physicists
Quiz question: Who developed the polio vaccine widely used in the 1950s?,Alfred Wegener,Jonas Salk,Marie Curie (along with Pierre Curie and Henri Becquerel),Edward Jenner,B) Jonas Salk,"Jonas Salk developed one of the first successful and widely used polio vaccines, introduced in 1955.",Scientists,Medical Scientists
Choose the correct answer: Who is famous for his observations supporting the heliocentric model using an early telescope?,Charles Darwin,James Watson,Vikram Sarabhai,Galileo Galilei,D) Galileo Galilei,"Galileo Galilei made key astronomical observations using an early telescope, providing evidence supporting the heliocentric model.",Scientists,Astronomers
Quiz question: Who is famous for his observations supporting the heliocentric model using an early telescope?,Charles Darwin,Galileo Galilei,Nicolaus Copernicus,Edward Jenner,B) Galileo Galilei,"Galileo Galilei made key astronomical observations using an early telescope, providing evidence supporting the heliocentric model.",Scientists,Astronomers
Quiz question: Who discovered penicillin?,Michael Faraday,Alexander Fleming,Louis Pasteur,Isaac Newton,B) Alexander Fleming,"Alexander Fleming discovered penicillin in 1928, leading to the development of antibiotics.",Scientists,Medical Scientists
"Quiz question: Who discovered radioactivity, sharing a Nobel Prize for the work?",Dmitri Mendeleev,James Watt,Marie Curie (along with Pierre Curie and Henri Becquerel),Louis Pasteur,C) Marie Curie (along with Pierre Curie and Henri Becquerel),"Marie Curie, along with Pierre Curie and Henri Becquerel, is credited with pioneering research on radioactivity.",Scientists,Women Scientists
"Quiz question: Who discovered radioactivity, sharing a Nobel Prize for the work?",James Watson,Jonas Salk,Marie Curie (along with Pierre Curie and Henri Becquerel),James Watt,C) Marie Curie (along with Pierre Curie and Henri Becquerel),"Marie Curie, along with Pierre Curie and Henri Becquerel, is credited with pioneering research on radioactivity.",Scientists,Women Scientists
Choose the correct answer: Who is credited with developing the first practical steam engine widely used in industry?,Tim Berners-Lee,James Watt,Charles Darwin,Alfred Wegener,B) James Watt,"James Watt significantly improved the steam engine, making it far more efficient and practical for widespread industrial use.",Scientists,World Scientists
Which option correctly answers this: Who is known as the father of the Indian space programme?,Charles Darwin,Vikram Sarabhai,Jagadish Chandra Bose,Galileo Galilei,B) Vikram Sarabhai,"Vikram Sarabhai is widely regarded as the father of the Indian space programme, founding what became ISRO.",Scientists,Indian Scientists
Who developed the periodic table of elements?,Charles Darwin,James Watt,Dmitri Mendeleev,Marie Curie (along with Pierre Curie and Henri Becquerel),C) Dmitri Mendeleev,"Dmitri Mendeleev developed an early version of the periodic table, organizing elements by atomic weight and properties.",Scientists,Chemists
"Who discovered radioactivity, sharing a Nobel Prize for the work?",Marie Curie (along with Pierre Curie and Henri Becquerel),Marie Curie,Vikram Sarabhai,C. V. Raman,A) Marie Curie (along with Pierre Curie and Henri Becquerel),"Marie Curie, along with Pierre Curie and Henri Becquerel, is credited with pioneering research on radioactivity.",Scientists,Women Scientists
Which option correctly answers this: Who is credited with discovering the electron?,Homi J. Bhabha,Archimedes,J. J. Thomson,Marie Curie,C) J. J. Thomson,"J. J. Thomson is credited with discovering the electron in 1897, a foundational discovery in atomic physics.",Scientists,Physicists
Quiz question: Who discovered the law of buoyancy while reportedly in a bathtub?,Edward Jenner,Archimedes,Louis Pasteur,Dmitri Mendeleev,B) Archimedes,"Archimedes is credited with discovering the principle of buoyancy, famously said to have realized it while in his bath.",Scientists,Mathematicians
"Choose the correct answer: Who was the first woman to win a Nobel Prize, and the only person to win Nobel Prizes in two different sciences?",Aryabhata,Marie Curie,Jagadish Chandra Bose,Isaac Newton,B) Marie Curie,Marie Curie was the first woman to win a Nobel Prize and remains the only person to win Nobel Prizes in two different scientific fields.,Scientists,Nobel Prize Scientists
"Which option correctly answers this: Who was the first Indian to win a Nobel Prize in Science, for his work on the scattering of light?",Nicolaus Copernicus,Jagadish Chandra Bose,C. V. Raman,Edward Jenner,C) C. V. Raman,"C. V. Raman won the Nobel Prize in Physics in 1930 for his discovery of the Raman effect, related to the scattering of light.",Scientists,Indian Scientists
"Who discovered radioactivity, sharing a Nobel Prize for the work?",Homi J. Bhabha,Marie Curie (along with Pierre Curie and Henri Becquerel),Isaac Newton,James Watt,B) Marie Curie (along with Pierre Curie and Henri Becquerel),"Marie Curie, along with Pierre Curie and Henri Becquerel, is credited with pioneering research on radioactivity.",Scientists,Women Scientists
Quiz question: Who developed the heliocentric model placing the Sun at the center of the Solar System?,Nicolaus Copernicus,Gregor Mendel,Isaac Newton,J. J. Thomson,A) Nicolaus Copernicus,"Nicolaus Copernicus proposed the heliocentric model, which placed the Sun, rather than the Earth, at the center of the Solar System.",Scientists,Astronomers
Quiz question: Who is regarded as the father of India's nuclear programme?,Vikram Sarabhai,Charles Darwin,Homi J. Bhabha,Michael Faraday,C) Homi J. Bhabha,Homi J. Bhabha is regarded as the father of India's nuclear programme and founded the Tata Institute of Fundamental Research.,Scientists,Indian Scientists
Which option correctly answers this: Who is credited with developing the first practical steam engine widely used in industry?,Louis Pasteur,James Watt,Gregor Mendel,Edward Jenner,B) James Watt,"James Watt significantly improved the steam engine, making it far more efficient and practical for widespread industrial use.",Scientists,World Scientists
Choose the correct answer: Who is famous for his observations supporting the heliocentric model using an early telescope?,Alfred Wegener,Charles Darwin,Gregor Mendel,Galileo Galilei,D) Galileo Galilei,"Galileo Galilei made key astronomical observations using an early telescope, providing evidence supporting the heliocentric model.",Scientists,Astronomers
Quiz question: Who invented the World Wide Web?,Gregor Mendel,Marie Curie (along with Pierre Curie and Henri Becquerel),Dmitri Mendeleev,Tim Berners-Lee,D) Tim Berners-Lee,Tim Berners-Lee invented the World Wide Web in 1989 while working at CERN.,Scientists,Computer Scientists
Quiz question: Who developed the first successful vaccine against rabies?,Isaac Newton,Alfred Wegener,Galileo Galilei,Louis Pasteur,D) Louis Pasteur,"Louis Pasteur developed the first successful vaccine against rabies, among his many other contributions to microbiology.",Scientists,Medical Scientists
Quiz question: Who discovered the law of buoyancy while reportedly in a bathtub?,Michael Faraday,Rachel Carson,Archimedes,Marie Curie (along with Pierre Curie and Henri Becquerel),C) Archimedes,"Archimedes is credited with discovering the principle of buoyancy, famously said to have realized it while in his bath.",Scientists,Mathematicians
Who is known as the father of the Indian space programme?,Vikram Sarabhai,Louis Pasteur,Jonas Salk,Edward Jenner,A) Vikram Sarabhai,"Vikram Sarabhai is widely regarded as the father of the Indian space programme, founding what became ISRO.",Scientists,Indian Scientists
Choose the correct answer: Who is credited with discovering the electron?,Galileo Galilei,J. J. Thomson,Nicolaus Copernicus,Jonas Salk,B) J. J. Thomson,"J. J. Thomson is credited with discovering the electron in 1897, a foundational discovery in atomic physics.",Scientists,Physicists
Quiz question: Who is regarded as the father of India's nuclear programme?,Marie Curie (along with Pierre Curie and Henri Becquerel),Stephen Hawking,Vikram Sarabhai,Homi J. Bhabha,D) Homi J. Bhabha,Homi J. Bhabha is regarded as the father of India's nuclear programme and founded the Tata Institute of Fundamental Research.,Scientists,Indian Scientists
Choose the correct answer: Who developed the periodic table of elements?,Nicolaus Copernicus,Dmitri Mendeleev,Archimedes,C. V. Raman,B) Dmitri Mendeleev,"Dmitri Mendeleev developed an early version of the periodic table, organizing elements by atomic weight and properties.",Scientists,Chemists
"Which option correctly answers this: Who developed the smallpox vaccine, a major milestone in the history of immunology?",Dmitri Mendeleev,Edward Jenner,Isaac Newton,James Watt,B) Edward Jenner,"Edward Jenner developed the world's first successful smallpox vaccine in the late 18th century, a major milestone in immunology.",Scientists,Medical Scientists
Which option correctly answers this: Who developed the theory of general relativity's application in understanding black holes and co-authored influential works on space-time?,Vikram Sarabhai,Stephen Hawking,Charles Darwin,Galileo Galilei,B) Stephen Hawking,Stephen Hawking made significant contributions to the understanding of black holes and cosmology within the framework of general relativity.,Scientists,Physicists
Which option correctly answers this: Who is credited with developing the first practical steam engine widely used in industry?,Isaac Newton,Edward Jenner,Alexander Fleming,James Watt,D) James Watt,"James Watt significantly improved the steam engine, making it far more efficient and practical for widespread industrial use.",Scientists,World Scientists
Choose the correct answer: Who is known for developing the theory of continental drift?,Rachel Carson,Nicolaus Copernicus,Alfred Wegener,Galileo Galilei,C) Alfred Wegener,"Alfred Wegener proposed the theory of continental drift, suggesting that continents were once joined and have since drifted apart.",Scientists,World Scientists
Choose the correct answer: Who developed the mathematical concept of zero as a number and made major contributions to Indian mathematics and astronomy?,Galileo Galilei,Isaac Newton,Aryabhata,Vikram Sarabhai,C) Aryabhata,"Aryabhata, an ancient Indian mathematician and astronomer, made significant contributions to mathematics, including work related to the concept of zero.",Scientists,Mathematicians
Choose the correct answer: Who developed the mathematical concept of zero as a number and made major contributions to Indian mathematics and astronomy?,Michael Faraday,Aryabhata,Galileo Galilei,James Watt,B) Aryabhata,"Aryabhata, an ancient Indian mathematician and astronomer, made significant contributions to mathematics, including work related to the concept of zero.",Scientists,Mathematicians
"Choose the correct answer: Who developed the smallpox vaccine, a major milestone in the history of immunology?",Jonas Salk,Archimedes,Albert Einstein,Edward Jenner,D) Edward Jenner,"Edward Jenner developed the world's first successful smallpox vaccine in the late 18th century, a major milestone in immunology.",Scientists,Medical Scientists
Quiz question: Who is credited with developing the first practical steam engine widely used in industry?,Alfred Wegener,Rachel Carson,James Watt,James Watson,C) James Watt,"James Watt significantly improved the steam engine, making it far more efficient and practical for widespread industrial use.",Scientists,World Scientists
Which option correctly answers this: Who is credited with developing the first practical steam engine widely used in industry?,Alfred Wegener,Aryabhata,James Watt,Albert Einstein,C) James Watt,"James Watt significantly improved the steam engine, making it far more efficient and practical for widespread industrial use.",Scientists,World Scientists
Which option correctly answers this: Who is credited with discovering the electron?,Aryabhata,Charles Darwin,J. J. Thomson,Louis Pasteur,C) J. J. Thomson,"J. J. Thomson is credited with discovering the electron in 1897, a foundational discovery in atomic physics.",Scientists,Physicists
"Quiz question: Who discovered radioactivity, sharing a Nobel Prize for the work?",Jonas Salk,Rachel Carson,James Watt,Marie Curie (along with Pierre Curie and Henri Becquerel),D) Marie Curie (along with Pierre Curie and Henri Becquerel),"Marie Curie, along with Pierre Curie and Henri Becquerel, is credited with pioneering research on radioactivity.",Scientists,Women Scientists
"Choose the correct answer: Who discovered radioactivity, sharing a Nobel Prize for the work?",Archimedes,Jagadish Chandra Bose,Marie Curie (along with Pierre Curie and Henri Becquerel),James Watson,C) Marie Curie (along with Pierre Curie and Henri Becquerel),"Marie Curie, along with Pierre Curie and Henri Becquerel, is credited with pioneering research on radioactivity.",Scientists,Women Scientists
"Which option correctly answers this: Who is credited with discovering the structure of DNA, along with Francis Crick?",James Watt,Tim Berners-Lee,Charles Darwin,James Watson,D) James Watson,"James Watson, along with Francis Crick, is credited with discovering the double-helix structure of DNA in 1953.",Scientists,Biologists
Which option correctly answers this: Who discovered the law of buoyancy while reportedly in a bathtub?,Gregor Mendel,C. V. Raman,Archimedes,Dmitri Mendeleev,C) Archimedes,"Archimedes is credited with discovering the principle of buoyancy, famously said to have realized it while in his bath.",Scientists,Mathematicians
Choose the correct answer: Who is credited with inventing the telephone?,Alexander Graham Bell,Jonas Salk,Tim Berners-Lee,Alan Turing,A) Alexander Graham Bell,Alexander Graham Bell is credited with inventing the first practical telephone in 1876.,Scientists,World Scientists
Who developed the polio vaccine widely used in the 1950s?,Tim Berners-Lee,Jagadish Chandra Bose,Jonas Salk,Rachel Carson,C) Jonas Salk,"Jonas Salk developed one of the first successful and widely used polio vaccines, introduced in 1955.",Scientists,Medical Scientists
"Which option correctly answers this: Who is known for pioneering research in electricity and magnetism, with the SI unit of capacitance named after him?",Archimedes,Louis Pasteur,Michael Faraday,Gregor Mendel,C) Michael Faraday,"Michael Faraday made pioneering contributions to the study of electromagnetism, and the SI unit of capacitance, the farad, is named after him.",Scientists,Physicists
"Quiz question: Which Indian scientist is known for his experiments demonstrating that plants have life-like responses, using an instrument called the crescograph?",Alexander Graham Bell,Jagadish Chandra Bose,Marie Curie,Marie Curie (along with Pierre Curie and Henri Becquerel),B) Jagadish Chandra Bose,"Jagadish Chandra Bose conducted pioneering experiments showing life-like responses in plants using his invented instrument, the crescograph.",Scientists,Indian Scientists
"Quiz question: Who is credited with discovering the structure of DNA, along with Francis Crick?",Edward Jenner,James Watson,C. V. Raman,Nicolaus Copernicus,B) James Watson,"James Watson, along with Francis Crick, is credited with discovering the double-helix structure of DNA in 1953.",Scientists,Biologists
Who discovered penicillin?,Louis Pasteur,Rachel Carson,J. J. Thomson,Alexander Fleming,D) Alexander Fleming,"Alexander Fleming discovered penicillin in 1928, leading to the development of antibiotics.",Scientists,Medical Scientists
"Choose the correct answer: Which Indian scientist is known for his experiments demonstrating that plants have life-like responses, using an instrument called the crescograph?",Charles Darwin,C. V. Raman,Jagadish Chandra Bose,Stephen Hawking,C) Jagadish Chandra Bose,"Jagadish Chandra Bose conducted pioneering experiments showing life-like responses in plants using his invented instrument, the crescograph.",Scientists,Indian Scientists
"Which Indian scientist is known for his experiments demonstrating that plants have life-like responses, using an instrument called the crescograph?",Jagadish Chandra Bose,Isaac Newton,Alexander Fleming,Aryabhata,A) Jagadish Chandra Bose,"Jagadish Chandra Bose conducted pioneering experiments showing life-like responses in plants using his invented instrument, the crescograph.",Scientists,Indian Scientists
Quiz question: Who is regarded as the father of India's nuclear programme?,Rachel Carson,Galileo Galilei,Jagadish Chandra Bose,Homi J. Bhabha,D) Homi J. Bhabha,Homi J. Bhabha is regarded as the father of India's nuclear programme and founded the Tata Institute of Fundamental Research.,Scientists,Indian Scientists
Choose the correct answer: Who developed the first successful vaccine against rabies?,Marie Curie,Aryabhata,Louis Pasteur,Galileo Galilei,C) Louis Pasteur,"Louis Pasteur developed the first successful vaccine against rabies, among his many other contributions to microbiology.",Scientists,Medical Scientists
Who invented the World Wide Web?,Albert Einstein,Tim Berners-Lee,C. V. Raman,Alan Turing,B) Tim Berners-Lee,Tim Berners-Lee invented the World Wide Web in 1989 while working at CERN.,Scientists,Computer Scientists
Which option correctly answers this: Who is known for pioneering contributions to genetics through experiments with pea plants?,Tim Berners-Lee,Gregor Mendel,Stephen Hawking,Alfred Wegener,B) Gregor Mendel,Gregor Mendel conducted pioneering experiments with pea plants that laid the foundation for the modern science of genetics.,Scientists,Biologists
Which option correctly answers this: Who is known for developing the theory of continental drift?,Michael Faraday,Jonas Salk,Alfred Wegener,Alexander Graham Bell,C) Alfred Wegener,"Alfred Wegener proposed the theory of continental drift, suggesting that continents were once joined and have since drifted apart.",Scientists,World Scientists
Which option correctly answers this: Who discovered the law of buoyancy while reportedly in a bathtub?,Charles Darwin,Michael Faraday,Archimedes,Vikram Sarabhai,C) Archimedes,"Archimedes is credited with discovering the principle of buoyancy, famously said to have realized it while in his bath.",Scientists,Mathematicians
Which option correctly answers this: Who discovered penicillin?,Stephen Hawking,Galileo Galilei,Alexander Fleming,Marie Curie,C) Alexander Fleming,"Alexander Fleming discovered penicillin in 1928, leading to the development of antibiotics.",Scientists,Medical Scientists
Choose the correct answer: Who developed the heliocentric model placing the Sun at the center of the Solar System?,Stephen Hawking,Archimedes,Nicolaus Copernicus,James Watson,C) Nicolaus Copernicus,"Nicolaus Copernicus proposed the heliocentric model, which placed the Sun, rather than the Earth, at the center of the Solar System.",Scientists,Astronomers
Who is credited with formulating the laws of motion and universal gravitation?,Isaac Newton,Vikram Sarabhai,Louis Pasteur,Stephen Hawking,A) Isaac Newton,"Sir Isaac Newton formulated the laws of motion and the law of universal gravitation, foundational to classical physics.",Scientists,Physicists
Who is famous for his observations supporting the heliocentric model using an early telescope?,Alan Turing,Galileo Galilei,Jagadish Chandra Bose,Rachel Carson,B) Galileo Galilei,"Galileo Galilei made key astronomical observations using an early telescope, providing evidence supporting the heliocentric model.",Scientists,Astronomers
Who developed the polio vaccine widely used in the 1950s?,Jonas Salk,Dmitri Mendeleev,J. J. Thomson,Homi J. Bhabha,A) Jonas Salk,"Jonas Salk developed one of the first successful and widely used polio vaccines, introduced in 1955.",Scientists,Medical Scientists
Choose the correct answer: Who proposed the theory of evolution by natural selection?,Stephen Hawking,Dmitri Mendeleev,Alfred Wegener,Charles Darwin,D) Charles Darwin,Charles Darwin proposed the theory of evolution by natural selection in his book 'On the Origin of Species'.,Scientists,Biologists
Which option correctly answers this: Who discovered the law of buoyancy while reportedly in a bathtub?,Archimedes,Louis Pasteur,Vikram Sarabhai,Jonas Salk,A) Archimedes,"Archimedes is credited with discovering the principle of buoyancy, famously said to have realized it while in his bath.",Scientists,Mathematicians
Quiz question: Who is credited with developing the first practical steam engine widely used in industry?,Alexander Graham Bell,Dmitri Mendeleev,James Watt,Isaac Newton,C) James Watt,"James Watt significantly improved the steam engine, making it far more efficient and practical for widespread industrial use.",Scientists,World Scientists
"Quiz question: Who was the first woman to win a Nobel Prize, and the only person to win Nobel Prizes in two different sciences?",Michael Faraday,Alexander Graham Bell,Charles Darwin,Marie Curie,D) Marie Curie,Marie Curie was the first woman to win a Nobel Prize and remains the only person to win Nobel Prizes in two different scientific fields.,Scientists,Nobel Prize Scientists
"Who discovered radioactivity, sharing a Nobel Prize for the work?",Jonas Salk,Vikram Sarabhai,J. J. Thomson,Marie Curie (along with Pierre Curie and Henri Becquerel),D) Marie Curie (along with Pierre Curie and Henri Becquerel),"Marie Curie, along with Pierre Curie and Henri Becquerel, is credited with pioneering research on radioactivity.",Scientists,Women Scientists
Quiz question: Who developed the heliocentric model placing the Sun at the center of the Solar System?,Nicolaus Copernicus,Homi J. Bhabha,Gregor Mendel,Louis Pasteur,A) Nicolaus Copernicus,"Nicolaus Copernicus proposed the heliocentric model, which placed the Sun, rather than the Earth, at the center of the Solar System.",Scientists,Astronomers
"Quiz question: Who discovered radioactivity, sharing a Nobel Prize for the work?",Marie Curie (along with Pierre Curie and Henri Becquerel),Archimedes,Stephen Hawking,Charles Darwin,A) Marie Curie (along with Pierre Curie and Henri Becquerel),"Marie Curie, along with Pierre Curie and Henri Becquerel, is credited with pioneering research on radioactivity.",Scientists,Women Scientists
Quiz question: Who discovered penicillin?,Gregor Mendel,Alfred Wegener,Alexander Fleming,Marie Curie,C) Alexander Fleming,"Alexander Fleming discovered penicillin in 1928, leading to the development of antibiotics.",Scientists,Medical Scientists
Which option correctly answers this: Who is known for developing the theory of continental drift?,Aryabhata,Gregor Mendel,Stephen Hawking,Alfred Wegener,D) Alfred Wegener,"Alfred Wegener proposed the theory of continental drift, suggesting that continents were once joined and have since drifted apart.",Scientists,World Scientists
Choose the correct answer: Who developed the first successful vaccine against rabies?,Louis Pasteur,Alexander Fleming,Archimedes,Alfred Wegener,A) Louis Pasteur,"Louis Pasteur developed the first successful vaccine against rabies, among his many other contributions to microbiology.",Scientists,Medical Scientists
Quiz question: Who developed the polio vaccine widely used in the 1950s?,Isaac Newton,Alfred Wegener,Jonas Salk,Louis Pasteur,C) Jonas Salk,"Jonas Salk developed one of the first successful and widely used polio vaccines, introduced in 1955.",Scientists,Medical Scientists
Which option correctly answers this: Who is known for pioneering contributions to genetics through experiments with pea plants?,Alexander Graham Bell,Dmitri Mendeleev,Gregor Mendel,Homi J. Bhabha,C) Gregor Mendel,Gregor Mendel conducted pioneering experiments with pea plants that laid the foundation for the modern science of genetics.,Scientists,Biologists
Choose the correct answer: Who developed the mathematical concept of zero as a number and made major contributions to Indian mathematics and astronomy?,Aryabhata,Jagadish Chandra Bose,Alan Turing,Gregor Mendel,A) Aryabhata,"Aryabhata, an ancient Indian mathematician and astronomer, made significant contributions to mathematics, including work related to the concept of zero.",Scientists,Mathematicians
Choose the correct answer: Who is credited with developing the first practical steam engine widely used in industry?,Vikram Sarabhai,Alan Turing,James Watt,James Watson,C) James Watt,"James Watt significantly improved the steam engine, making it far more efficient and practical for widespread industrial use.",Scientists,World Scientists
Quiz question: Who developed the theory of general relativity's application in understanding black holes and co-authored influential works on space-time?,Aryabhata,Louis Pasteur,Stephen Hawking,Alexander Fleming,C) Stephen Hawking,Stephen Hawking made significant contributions to the understanding of black holes and cosmology within the framework of general relativity.,Scientists,Physicists
Which option correctly answers this: Who is known as the father of the Indian space programme?,Marie Curie,Nicolaus Copernicus,Isaac Newton,Vikram Sarabhai,D) Vikram Sarabhai,"Vikram Sarabhai is widely regarded as the father of the Indian space programme, founding what became ISRO.",Scientists,Indian Scientists
"Who is regarded as a founding figure of modern computer science, known for his work on computation and code-breaking during WWII?",Alexander Fleming,Jonas Salk,Alan Turing,Galileo Galilei,C) Alan Turing,"Alan Turing is regarded as a founding figure of computer science, known for his theoretical work and code-breaking during World War II.",Scientists,Computer Scientists
Quiz question: Who developed the polio vaccine widely used in the 1950s?,Tim Berners-Lee,Jonas Salk,Vikram Sarabhai,Edward Jenner,B) Jonas Salk,"Jonas Salk developed one of the first successful and widely used polio vaccines, introduced in 1955.",Scientists,Medical Scientists
Which option correctly answers this: Who is credited with discovering the electron?,J. J. Thomson,Alan Turing,Nicolaus Copernicus,Archimedes,A) J. J. Thomson,"J. J. Thomson is credited with discovering the electron in 1897, a foundational discovery in atomic physics.",Scientists,Physicists
"Quiz question: Which Indian scientist is known for his experiments demonstrating that plants have life-like responses, using an instrument called the crescograph?",Edward Jenner,Jagadish Chandra Bose,Albert Einstein,Archimedes,B) Jagadish Chandra Bose,"Jagadish Chandra Bose conducted pioneering experiments showing life-like responses in plants using his invented instrument, the crescograph.",Scientists,Indian Scientists
Which option correctly answers this: Who is regarded as the father of India's nuclear programme?,Nicolaus Copernicus,Rachel Carson,Alexander Fleming,Homi J. Bhabha,D) Homi J. Bhabha,Homi J. Bhabha is regarded as the father of India's nuclear programme and founded the Tata Institute of Fundamental Research.,Scientists,Indian Scientists
"Quiz question: Who is credited as a pioneer of rocketry and space science in India, associated with early sounding rocket launches?",Vikram Sarabhai,Edward Jenner,Michael Faraday,Alfred Wegener,A) Vikram Sarabhai,"Vikram Sarabhai pioneered India's early rocketry and space science efforts, leading to the founding of ISRO.",Scientists,Space Scientists
Which option correctly answers this: Who is credited with formulating the laws of motion and universal gravitation?,Alexander Graham Bell,Isaac Newton,Vikram Sarabhai,J. J. Thomson,B) Isaac Newton,"Sir Isaac Newton formulated the laws of motion and the law of universal gravitation, foundational to classical physics.",Scientists,Physicists
Quiz question: Who invented the World Wide Web?,Alexander Graham Bell,Tim Berners-Lee,James Watson,Michael Faraday,B) Tim Berners-Lee,Tim Berners-Lee invented the World Wide Web in 1989 while working at CERN.,Scientists,Computer Scientists
"Choose the correct answer: Who was the first woman to win a Nobel Prize, and the only person to win Nobel Prizes in two different sciences?",Marie Curie,Homi J. Bhabha,Archimedes,Marie Curie (along with Pierre Curie and Henri Becquerel),A) Marie Curie,Marie Curie was the first woman to win a Nobel Prize and remains the only person to win Nobel Prizes in two different scientific fields.,Scientists,Nobel Prize Scientists
Choose the correct answer: Who developed the periodic table of elements?,Homi J. Bhabha,Dmitri Mendeleev,Archimedes,Jagadish Chandra Bose,B) Dmitri Mendeleev,"Dmitri Mendeleev developed an early version of the periodic table, organizing elements by atomic weight and properties.",Scientists,Chemists
Choose the correct answer: Who is credited with discovering the electron?,Michael Faraday,Gregor Mendel,J. J. Thomson,Alexander Fleming,C) J. J. Thomson,"J. J. Thomson is credited with discovering the electron in 1897, a foundational discovery in atomic physics.",Scientists,Physicists
Which option correctly answers this: Who developed the periodic table of elements?,Louis Pasteur,Nicolaus Copernicus,Vikram Sarabhai,Dmitri Mendeleev,D) Dmitri Mendeleev,"Dmitri Mendeleev developed an early version of the periodic table, organizing elements by atomic weight and properties.",Scientists,Chemists
Who developed the heliocentric model placing the Sun at the center of the Solar System?,Dmitri Mendeleev,Alan Turing,C. V. Raman,Nicolaus Copernicus,D) Nicolaus Copernicus,"Nicolaus Copernicus proposed the heliocentric model, which placed the Sun, rather than the Earth, at the center of the Solar System.",Scientists,Astronomers
Who is credited with discovering the electron?,Jagadish Chandra Bose,Charles Darwin,J. J. Thomson,Albert Einstein,C) J. J. Thomson,"J. J. Thomson is credited with discovering the electron in 1897, a foundational discovery in atomic physics.",Scientists,Physicists
Quiz question: Who developed the periodic table of elements?,Nicolaus Copernicus,Rachel Carson,Marie Curie,Dmitri Mendeleev,D) Dmitri Mendeleev,"Dmitri Mendeleev developed an early version of the periodic table, organizing elements by atomic weight and properties.",Scientists,Chemists
"Quiz question: Who is known for pioneering research in electricity and magnetism, with the SI unit of capacitance named after him?",Galileo Galilei,Jagadish Chandra Bose,Charles Darwin,Michael Faraday,D) Michael Faraday,"Michael Faraday made pioneering contributions to the study of electromagnetism, and the SI unit of capacitance, the farad, is named after him.",Scientists,Physicists
Quiz question: Who developed the theory of general relativity?,Marie Curie (along with Pierre Curie and Henri Becquerel),Albert Einstein,Isaac Newton,Jonas Salk,B) Albert Einstein,"Albert Einstein developed the theory of general relativity, revolutionizing the understanding of gravity, space, and time.",Scientists,World Scientists
Who developed the first successful vaccine against rabies?,Louis Pasteur,Alexander Graham Bell,Gregor Mendel,James Watt,A) Louis Pasteur,"Louis Pasteur developed the first successful vaccine against rabies, among his many other contributions to microbiology.",Scientists,Medical Scientists
"Choose the correct answer: Who is credited as a pioneer of rocketry and space science in India, associated with early sounding rocket launches?",Jonas Salk,Tim Berners-Lee,Vikram Sarabhai,Alfred Wegener,C) Vikram Sarabhai,"Vikram Sarabhai pioneered India's early rocketry and space science efforts, leading to the founding of ISRO.",Scientists,Space Scientists
"Who is credited with discovering the structure of DNA, along with Francis Crick?",Charles Darwin,Vikram Sarabhai,James Watt,James Watson,D) James Watson,"James Watson, along with Francis Crick, is credited with discovering the double-helix structure of DNA in 1953.",Scientists,Biologists
"Choose the correct answer: Who is credited as a pioneer of rocketry and space science in India, associated with early sounding rocket launches?",Marie Curie (along with Pierre Curie and Henri Becquerel),Rachel Carson,Vikram Sarabhai,Aryabhata,C) Vikram Sarabhai,"Vikram Sarabhai pioneered India's early rocketry and space science efforts, leading to the founding of ISRO.",Scientists,Space Scientists
"Which option correctly answers this: Who was the first woman to win a Nobel Prize, and the only person to win Nobel Prizes in two different sciences?",Tim Berners-Lee,Marie Curie,Vikram Sarabhai,Archimedes,B) Marie Curie,Marie Curie was the first woman to win a Nobel Prize and remains the only person to win Nobel Prizes in two different scientific fields.,Scientists,Nobel Prize Scientists
Choose the correct answer: Who invented the World Wide Web?,Albert Einstein,Charles Darwin,Dmitri Mendeleev,Tim Berners-Lee,D) Tim Berners-Lee,Tim Berners-Lee invented the World Wide Web in 1989 while working at CERN.,Scientists,Computer Scientists
"Quiz question: Who is credited as a pioneer of rocketry and space science in India, associated with early sounding rocket launches?",Vikram Sarabhai,Marie Curie,Rachel Carson,Michael Faraday,A) Vikram Sarabhai,"Vikram Sarabhai pioneered India's early rocketry and space science efforts, leading to the founding of ISRO.",Scientists,Space Scientists
"Who discovered radioactivity, sharing a Nobel Prize for the work?",Marie Curie (along with Pierre Curie and Henri Becquerel),Homi J. Bhabha,James Watson,Michael Faraday,A) Marie Curie (along with Pierre Curie and Henri Becquerel),"Marie Curie, along with Pierre Curie and Henri Becquerel, is credited with pioneering research on radioactivity.",Scientists,Women Scientists
Which option correctly answers this: Who proposed the theory of evolution by natural selection?,Charles Darwin,Nicolaus Copernicus,Rachel Carson,Albert Einstein,A) Charles Darwin,Charles Darwin proposed the theory of evolution by natural selection in his book 'On the Origin of Species'.,Scientists,Biologists
Which option correctly answers this: Who is known as the father of the Indian space programme?,C. V. Raman,Marie Curie,Vikram Sarabhai,J. J. Thomson,C) Vikram Sarabhai,"Vikram Sarabhai is widely regarded as the father of the Indian space programme, founding what became ISRO.",Scientists,Indian Scientists
Which option correctly answers this: Who discovered the law of buoyancy while reportedly in a bathtub?,Archimedes,Stephen Hawking,Marie Curie,Marie Curie (along with Pierre Curie and Henri Becquerel),A) Archimedes,"Archimedes is credited with discovering the principle of buoyancy, famously said to have realized it while in his bath.",Scientists,Mathematicians
Which option correctly answers this: Who is credited with inventing the telephone?,Alexander Graham Bell,Jagadish Chandra Bose,Marie Curie (along with Pierre Curie and Henri Becquerel),James Watson,A) Alexander Graham Bell,Alexander Graham Bell is credited with inventing the first practical telephone in 1876.,Scientists,World Scientists
Which option correctly answers this: Who is famous for his observations supporting the heliocentric model using an early telescope?,Galileo Galilei,Jonas Salk,Edward Jenner,Aryabhata,A) Galileo Galilei,"Galileo Galilei made key astronomical observations using an early telescope, providing evidence supporting the heliocentric model.",Scientists,Astronomers
Choose the correct answer: Who is regarded as the father of India's nuclear programme?,Vikram Sarabhai,Jagadish Chandra Bose,Rachel Carson,Homi J. Bhabha,D) Homi J. Bhabha,Homi J. Bhabha is regarded as the father of India's nuclear programme and founded the Tata Institute of Fundamental Research.,Scientists,Indian Scientists
Which option correctly answers this: Who is credited with discovering the electron?,Charles Darwin,J. J. Thomson,Marie Curie (along with Pierre Curie and Henri Becquerel),Alfred Wegener,B) J. J. Thomson,"J. J. Thomson is credited with discovering the electron in 1897, a foundational discovery in atomic physics.",Scientists,Physicists
Quiz question: Who invented the World Wide Web?,James Watt,Michael Faraday,Homi J. Bhabha,Tim Berners-Lee,D) Tim Berners-Lee,Tim Berners-Lee invented the World Wide Web in 1989 while working at CERN.,Scientists,Computer Scientists
"Quiz question: Who is credited with discovering the structure of DNA, along with Francis Crick?",Stephen Hawking,James Watson,Alexander Graham Bell,Jagadish Chandra Bose,B) James Watson,"James Watson, along with Francis Crick, is credited with discovering the double-helix structure of DNA in 1953.",Scientists,Biologists
"Quiz question: Who is known for environmental scientific contributions and advocacy that led to a global ban on the pesticide DDT, through her writing?",Jagadish Chandra Bose,Rachel Carson,Galileo Galilei,James Watson,B) Rachel Carson,"Rachel Carson's writing, particularly 'Silent Spring', raised awareness about pesticide dangers and contributed to environmental policy changes, including DDT restrictions.",Scientists,Environmental Scientists
"Choose the correct answer: Who was the first woman to win a Nobel Prize, and the only person to win Nobel Prizes in two different sciences?",Alexander Fleming,J. J. Thomson,Marie Curie,Tim Berners-Lee,C) Marie Curie,Marie Curie was the first woman to win a Nobel Prize and remains the only person to win Nobel Prizes in two different scientific fields.,Scientists,Nobel Prize Scientists
Choose the correct answer: Who discovered penicillin?,Galileo Galilei,Alexander Fleming,Nicolaus Copernicus,Homi J. Bhabha,B) Alexander Fleming,"Alexander Fleming discovered penicillin in 1928, leading to the development of antibiotics.",Scientists,Medical Scientists
Which option correctly answers this: Who developed the theory of general relativity's application in understanding black holes and co-authored influential works on space-time?,Stephen Hawking,Dmitri Mendeleev,Tim Berners-Lee,Alexander Fleming,A) Stephen Hawking,Stephen Hawking made significant contributions to the understanding of black holes and cosmology within the framework of general relativity.,Scientists,Physicists
Who is credited with developing the first practical steam engine widely used in industry?,Alfred Wegener,James Watt,Homi J. Bhabha,Gregor Mendel,B) James Watt,"James Watt significantly improved the steam engine, making it far more efficient and practical for widespread industrial use.",Scientists,World Scientists
Choose the correct answer: Who is credited with inventing the telephone?,Alexander Graham Bell,C. V. Raman,Isaac Newton,Jagadish Chandra Bose,A) Alexander Graham Bell,Alexander Graham Bell is credited with inventing the first practical telephone in 1876.,Scientists,World Scientists
"Choose the correct answer: Who is known for pioneering research in electricity and magnetism, with the SI unit of capacitance named after him?",Jagadish Chandra Bose,C. V. Raman,Michael Faraday,Nicolaus Copernicus,C) Michael Faraday,"Michael Faraday made pioneering contributions to the study of electromagnetism, and the SI unit of capacitance, the farad, is named after him.",Scientists,Physicists
Which option correctly answers this: Who developed the theory of general relativity's application in understanding black holes and co-authored influential works on space-time?,Archimedes,Stephen Hawking,Gregor Mendel,James Watt,B) Stephen Hawking,Stephen Hawking made significant contributions to the understanding of black holes and cosmology within the framework of general relativity.,Scientists,Physicists
Choose the correct answer: Who discovered penicillin?,Vikram Sarabhai,Jonas Salk,Edward Jenner,Alexander Fleming,D) Alexander Fleming,"Alexander Fleming discovered penicillin in 1928, leading to the development of antibiotics.",Scientists,Medical Scientists
Choose the correct answer: Who proposed the theory of evolution by natural selection?,Albert Einstein,Charles Darwin,James Watt,Rachel Carson,B) Charles Darwin,Charles Darwin proposed the theory of evolution by natural selection in his book 'On the Origin of Species'.,Scientists,Biologists
Who is known for pioneering contributions to genetics through experiments with pea plants?,Louis Pasteur,Isaac Newton,Gregor Mendel,Marie Curie (along with Pierre Curie and Henri Becquerel),C) Gregor Mendel,Gregor Mendel conducted pioneering experiments with pea plants that laid the foundation for the modern science of genetics.,Scientists,Biologists
Which option correctly answers this: Who is regarded as the father of India's nuclear programme?,Galileo Galilei,Alexander Graham Bell,Gregor Mendel,Homi J. Bhabha,D) Homi J. Bhabha,Homi J. Bhabha is regarded as the father of India's nuclear programme and founded the Tata Institute of Fundamental Research.,Scientists,Indian Scientists
Who is regarded as the father of India's nuclear programme?,Archimedes,Isaac Newton,Alexander Graham Bell,Homi J. Bhabha,D) Homi J. Bhabha,Homi J. Bhabha is regarded as the father of India's nuclear programme and founded the Tata Institute of Fundamental Research.,Scientists,Indian Scientists
Which option correctly answers this: Who developed the heliocentric model placing the Sun at the center of the Solar System?,Dmitri Mendeleev,Alan Turing,Nicolaus Copernicus,Galileo Galilei,C) Nicolaus Copernicus,"Nicolaus Copernicus proposed the heliocentric model, which placed the Sun, rather than the Earth, at the center of the Solar System.",Scientists,Astronomers
Who developed the theory of general relativity?,Tim Berners-Lee,Homi J. Bhabha,Marie Curie (along with Pierre Curie and Henri Becquerel),Albert Einstein,D) Albert Einstein,"Albert Einstein developed the theory of general relativity, revolutionizing the understanding of gravity, space, and time.",Scientists,World Scientists
"Choose the correct answer: Who is credited with discovering the structure of DNA, along with Francis Crick?",Alan Turing,James Watson,Homi J. Bhabha,C. V. Raman,B) James Watson,"James Watson, along with Francis Crick, is credited with discovering the double-helix structure of DNA in 1953.",Scientists,Biologists
"Who is known for pioneering research in electricity and magnetism, with the SI unit of capacitance named after him?",Rachel Carson,Michael Faraday,Archimedes,Vikram Sarabhai,B) Michael Faraday,"Michael Faraday made pioneering contributions to the study of electromagnetism, and the SI unit of capacitance, the farad, is named after him.",Scientists,Physicists
Which option correctly answers this: Who discovered penicillin?,Louis Pasteur,Jagadish Chandra Bose,Alexander Fleming,Marie Curie,C) Alexander Fleming,"Alexander Fleming discovered penicillin in 1928, leading to the development of antibiotics.",Scientists,Medical Scientists
"Which option correctly answers this: Who is known for pioneering research in electricity and magnetism, with the SI unit of capacitance named after him?",Michael Faraday,Marie Curie,Jagadish Chandra Bose,Isaac Newton,A) Michael Faraday,"Michael Faraday made pioneering contributions to the study of electromagnetism, and the SI unit of capacitance, the farad, is named after him.",Scientists,Physicists
"Choose the correct answer: Who developed the smallpox vaccine, a major milestone in the history of immunology?",Rachel Carson,Alan Turing,Edward Jenner,Galileo Galilei,C) Edward Jenner,"Edward Jenner developed the world's first successful smallpox vaccine in the late 18th century, a major milestone in immunology.",Scientists,Medical Scientists
Choose the correct answer: Who developed the mathematical concept of zero as a number and made major contributions to Indian mathematics and astronomy?,Aryabhata,Dmitri Mendeleev,Stephen Hawking,J. J. Thomson,A) Aryabhata,"Aryabhata, an ancient Indian mathematician and astronomer, made significant contributions to mathematics, including work related to the concept of zero.",Scientists,Mathematicians
Choose the correct answer: Who is known as the father of the Indian space programme?,Vikram Sarabhai,Michael Faraday,Marie Curie,Alexander Fleming,A) Vikram Sarabhai,"Vikram Sarabhai is widely regarded as the father of the Indian space programme, founding what became ISRO.",Scientists,Indian Scientists
Quiz question: Who is regarded as the father of India's nuclear programme?,Homi J. Bhabha,Michael Faraday,Jagadish Chandra Bose,Albert Einstein,A) Homi J. Bhabha,Homi J. Bhabha is regarded as the father of India's nuclear programme and founded the Tata Institute of Fundamental Research.,Scientists,Indian Scientists
Who is credited with developing the first practical steam engine widely used in industry?,Louis Pasteur,Alan Turing,James Watt,Jagadish Chandra Bose,C) James Watt,"James Watt significantly improved the steam engine, making it far more efficient and practical for widespread industrial use.",Scientists,World Scientists
Choose the correct answer: Who developed the theory of general relativity?,Rachel Carson,Michael Faraday,Alexander Fleming,Albert Einstein,D) Albert Einstein,"Albert Einstein developed the theory of general relativity, revolutionizing the understanding of gravity, space, and time.",Scientists,World Scientists
"Quiz question: Who is known for pioneering research in electricity and magnetism, with the SI unit of capacitance named after him?",Alexander Fleming,James Watt,Jonas Salk,Michael Faraday,D) Michael Faraday,"Michael Faraday made pioneering contributions to the study of electromagnetism, and the SI unit of capacitance, the farad, is named after him.",Scientists,Physicists
Which option correctly answers this: Who invented the World Wide Web?,Galileo Galilei,Vikram Sarabhai,Louis Pasteur,Tim Berners-Lee,D) Tim Berners-Lee,Tim Berners-Lee invented the World Wide Web in 1989 while working at CERN.,Scientists,Computer Scientists
"Which option correctly answers this: Which Indian scientist is known for his experiments demonstrating that plants have life-like responses, using an instrument called the crescograph?",Vikram Sarabhai,Dmitri Mendeleev,Jagadish Chandra Bose,Albert Einstein,C) Jagadish Chandra Bose,"Jagadish Chandra Bose conducted pioneering experiments showing life-like responses in plants using his invented instrument, the crescograph.",Scientists,Indian Scientists
"Which option correctly answers this: Who is credited with discovering the structure of DNA, along with Francis Crick?",Homi J. Bhabha,Alexander Graham Bell,Alfred Wegener,James Watson,D) James Watson,"James Watson, along with Francis Crick, is credited with discovering the double-helix structure of DNA in 1953.",Scientists,Biologists
"Which option correctly answers this: Who is credited with discovering the structure of DNA, along with Francis Crick?",C. V. Raman,James Watson,Tim Berners-Lee,Rachel Carson,B) James Watson,"James Watson, along with Francis Crick, is credited with discovering the double-helix structure of DNA in 1953.",Scientists,Biologists
Who proposed the theory of evolution by natural selection?,Nicolaus Copernicus,Galileo Galilei,Louis Pasteur,Charles Darwin,D) Charles Darwin,Charles Darwin proposed the theory of evolution by natural selection in his book 'On the Origin of Species'.,Scientists,Biologists
Quiz question: Who is known for pioneering contributions to genetics through experiments with pea plants?,Jonas Salk,C. V. Raman,Galileo Galilei,Gregor Mendel,D) Gregor Mendel,Gregor Mendel conducted pioneering experiments with pea plants that laid the foundation for the modern science of genetics.,Scientists,Biologists
Who developed the periodic table of elements?,Marie Curie (along with Pierre Curie and Henri Becquerel),Gregor Mendel,Aryabhata,Dmitri Mendeleev,D) Dmitri Mendeleev,"Dmitri Mendeleev developed an early version of the periodic table, organizing elements by atomic weight and properties.",Scientists,Chemists
"Which option correctly answers this: Who is known for pioneering research in electricity and magnetism, with the SI unit of capacitance named after him?",Jonas Salk,Marie Curie,Michael Faraday,Alan Turing,C) Michael Faraday,"Michael Faraday made pioneering contributions to the study of electromagnetism, and the SI unit of capacitance, the farad, is named after him.",Scientists,Physicists
"Choose the correct answer: Who is credited with discovering the structure of DNA, along with Francis Crick?",Aryabhata,Jagadish Chandra Bose,James Watson,Alfred Wegener,C) James Watson,"James Watson, along with Francis Crick, is credited with discovering the double-helix structure of DNA in 1953.",Scientists,Biologists
"Which option correctly answers this: Who discovered radioactivity, sharing a Nobel Prize for the work?",Vikram Sarabhai,C. V. Raman,Marie Curie (along with Pierre Curie and Henri Becquerel),Michael Faraday,C) Marie Curie (along with Pierre Curie and Henri Becquerel),"Marie Curie, along with Pierre Curie and Henri Becquerel, is credited with pioneering research on radioactivity.",Scientists,Women Scientists
Choose the correct answer: Who invented the World Wide Web?,Tim Berners-Lee,Aryabhata,C. V. Raman,James Watt,A) Tim Berners-Lee,Tim Berners-Lee invented the World Wide Web in 1989 while working at CERN.,Scientists,Computer Scientists
Who discovered the law of buoyancy while reportedly in a bathtub?,Alexander Graham Bell,Isaac Newton,Archimedes,Alfred Wegener,C) Archimedes,"Archimedes is credited with discovering the principle of buoyancy, famously said to have realized it while in his bath.",Scientists,Mathematicians
"Who is credited as a pioneer of rocketry and space science in India, associated with early sounding rocket launches?",Louis Pasteur,Vikram Sarabhai,Gregor Mendel,Dmitri Mendeleev,B) Vikram Sarabhai,"Vikram Sarabhai pioneered India's early rocketry and space science efforts, leading to the founding of ISRO.",Scientists,Space Scientists
Choose the correct answer: Who is regarded as the father of India's nuclear programme?,Homi J. Bhabha,Marie Curie,Nicolaus Copernicus,Alan Turing,A) Homi J. Bhabha,Homi J. Bhabha is regarded as the father of India's nuclear programme and founded the Tata Institute of Fundamental Research.,Scientists,Indian Scientists
Which option correctly answers this: Who is credited with inventing the telephone?,Edward Jenner,Rachel Carson,Albert Einstein,Alexander Graham Bell,D) Alexander Graham Bell,Alexander Graham Bell is credited with inventing the first practical telephone in 1876.,Scientists,World Scientists
Quiz question: Who proposed the theory of evolution by natural selection?,Charles Darwin,C. V. Raman,Nicolaus Copernicus,Edward Jenner,A) Charles Darwin,Charles Darwin proposed the theory of evolution by natural selection in his book 'On the Origin of Species'.,Scientists,Biologists
"Who developed the smallpox vaccine, a major milestone in the history of immunology?",Edward Jenner,Alan Turing,Aryabhata,Alexander Graham Bell,A) Edward Jenner,"Edward Jenner developed the world's first successful smallpox vaccine in the late 18th century, a major milestone in immunology.",Scientists,Medical Scientists
Quiz question: Who is credited with developing the first practical steam engine widely used in industry?,Marie Curie,James Watt,Rachel Carson,James Watson,B) James Watt,"James Watt significantly improved the steam engine, making it far more efficient and practical for widespread industrial use.",Scientists,World Scientists
"Which option correctly answers this: Who discovered radioactivity, sharing a Nobel Prize for the work?",C. V. Raman,Vikram Sarabhai,Marie Curie (along with Pierre Curie and Henri Becquerel),Aryabhata,C) Marie Curie (along with Pierre Curie and Henri Becquerel),"Marie Curie, along with Pierre Curie and Henri Becquerel, is credited with pioneering research on radioactivity.",Scientists,Women Scientists
"Choose the correct answer: Who is known for pioneering research in electricity and magnetism, with the SI unit of capacitance named after him?",Nicolaus Copernicus,Michael Faraday,Marie Curie,Galileo Galilei,B) Michael Faraday,"Michael Faraday made pioneering contributions to the study of electromagnetism, and the SI unit of capacitance, the farad, is named after him.",Scientists,Physicists
Who is credited with formulating the laws of motion and universal gravitation?,Archimedes,Vikram Sarabhai,Alan Turing,Isaac Newton,D) Isaac Newton,"Sir Isaac Newton formulated the laws of motion and the law of universal gravitation, foundational to classical physics.",Scientists,Physicists
Who invented the World Wide Web?,Homi J. Bhabha,Tim Berners-Lee,Jonas Salk,Galileo Galilei,B) Tim Berners-Lee,Tim Berners-Lee invented the World Wide Web in 1989 while working at CERN.,Scientists,Computer Scientists
Who is credited with inventing the telephone?,Alexander Graham Bell,Homi J. Bhabha,Jagadish Chandra Bose,Gregor Mendel,A) Alexander Graham Bell,Alexander Graham Bell is credited with inventing the first practical telephone in 1876.,Scientists,World Scientists
"Quiz question: Who is known for environmental scientific contributions and advocacy that led to a global ban on the pesticide DDT, through her writing?",Alan Turing,Albert Einstein,Homi J. Bhabha,Rachel Carson,D) Rachel Carson,"Rachel Carson's writing, particularly 'Silent Spring', raised awareness about pesticide dangers and contributed to environmental policy changes, including DDT restrictions.",Scientists,Environmental Scientists
Quiz question: Who developed the mathematical concept of zero as a number and made major contributions to Indian mathematics and astronomy?,Rachel Carson,Aryabhata,Louis Pasteur,Michael Faraday,B) Aryabhata,"Aryabhata, an ancient Indian mathematician and astronomer, made significant contributions to mathematics, including work related to the concept of zero.",Scientists,Mathematicians
Who developed the polio vaccine widely used in the 1950s?,Alexander Graham Bell,Jonas Salk,Archimedes,Stephen Hawking,B) Jonas Salk,"Jonas Salk developed one of the first successful and widely used polio vaccines, introduced in 1955.",Scientists,Medical Scientists
Quiz question: Who developed the mathematical concept of zero as a number and made major contributions to Indian mathematics and astronomy?,Aryabhata,Gregor Mendel,Isaac Newton,Michael Faraday,A) Aryabhata,"Aryabhata, an ancient Indian mathematician and astronomer, made significant contributions to mathematics, including work related to the concept of zero.",Scientists,Mathematicians
Who developed the mathematical concept of zero as a number and made major contributions to Indian mathematics and astronomy?,Marie Curie (along with Pierre Curie and Henri Becquerel),Aryabhata,Louis Pasteur,James Watson,B) Aryabhata,"Aryabhata, an ancient Indian mathematician and astronomer, made significant contributions to mathematics, including work related to the concept of zero.",Scientists,Mathematicians
Who invented the World Wide Web?,C. V. Raman,Alexander Fleming,Marie Curie (along with Pierre Curie and Henri Becquerel),Tim Berners-Lee,D) Tim Berners-Lee,Tim Berners-Lee invented the World Wide Web in 1989 while working at CERN.,Scientists,Computer Scientists
"Who is known for pioneering research in electricity and magnetism, with the SI unit of capacitance named after him?",Michael Faraday,Homi J. Bhabha,Rachel Carson,Louis Pasteur,A) Michael Faraday,"Michael Faraday made pioneering contributions to the study of electromagnetism, and the SI unit of capacitance, the farad, is named after him.",Scientists,Physicists
"Choose the correct answer: Who is known for pioneering research in electricity and magnetism, with the SI unit of capacitance named after him?",Charles Darwin,Michael Faraday,James Watt,Rachel Carson,B) Michael Faraday,"Michael Faraday made pioneering contributions to the study of electromagnetism, and the SI unit of capacitance, the farad, is named after him.",Scientists,Physicists
Choose the correct answer: Who is credited with discovering the electron?,J. J. Thomson,Rachel Carson,Tim Berners-Lee,Edward Jenner,A) J. J. Thomson,"J. J. Thomson is credited with discovering the electron in 1897, a foundational discovery in atomic physics.",Scientists,Physicists
Choose the correct answer: Who is known for developing the theory of continental drift?,Homi J. Bhabha,Aryabhata,Alfred Wegener,Isaac Newton,C) Alfred Wegener,"Alfred Wegener proposed the theory of continental drift, suggesting that continents were once joined and have since drifted apart.",Scientists,World Scientists
"Who is credited with discovering the structure of DNA, along with Francis Crick?",Michael Faraday,Jonas Salk,James Watson,Dmitri Mendeleev,C) James Watson,"James Watson, along with Francis Crick, is credited with discovering the double-helix structure of DNA in 1953.",Scientists,Biologists
"Who is regarded as a founding figure of modern computer science, known for his work on computation and code-breaking during WWII?",Jonas Salk,Alan Turing,Rachel Carson,J. J. Thomson,B) Alan Turing,"Alan Turing is regarded as a founding figure of computer science, known for his theoretical work and code-breaking during World War II.",Scientists,Computer Scientists
Who developed the theory of general relativity?,Gregor Mendel,Albert Einstein,Alan Turing,Michael Faraday,B) Albert Einstein,"Albert Einstein developed the theory of general relativity, revolutionizing the understanding of gravity, space, and time.",Scientists,World Scientists
"Who is credited as a pioneer of rocketry and space science in India, associated with early sounding rocket launches?",Vikram Sarabhai,James Watt,Marie Curie (along with Pierre Curie and Henri Becquerel),Jonas Salk,A) Vikram Sarabhai,"Vikram Sarabhai pioneered India's early rocketry and space science efforts, leading to the founding of ISRO.",Scientists,Space Scientists
Quiz question: Who is regarded as the father of India's nuclear programme?,Homi J. Bhabha,James Watt,Tim Berners-Lee,Michael Faraday,A) Homi J. Bhabha,Homi J. Bhabha is regarded as the father of India's nuclear programme and founded the Tata Institute of Fundamental Research.,Scientists,Indian Scientists
Who developed the periodic table of elements?,Archimedes,Alexander Graham Bell,Dmitri Mendeleev,Homi J. Bhabha,C) Dmitri Mendeleev,"Dmitri Mendeleev developed an early version of the periodic table, organizing elements by atomic weight and properties.",Scientists,Chemists
Quiz question: Who invented the World Wide Web?,Alexander Fleming,Stephen Hawking,Aryabhata,Tim Berners-Lee,D) Tim Berners-Lee,Tim Berners-Lee invented the World Wide Web in 1989 while working at CERN.,Scientists,Computer Scientists
"Choose the correct answer: Who is credited with discovering the structure of DNA, along with Francis Crick?",Alexander Graham Bell,Tim Berners-Lee,James Watson,Alan Turing,C) James Watson,"James Watson, along with Francis Crick, is credited with discovering the double-helix structure of DNA in 1953.",Scientists,Biologists
Who developed the mathematical concept of zero as a number and made major contributions to Indian mathematics and astronomy?,Archimedes,Michael Faraday,Aryabhata,Alan Turing,C) Aryabhata,"Aryabhata, an ancient Indian mathematician and astronomer, made significant contributions to mathematics, including work related to the concept of zero.",Scientists,Mathematicians
"Who is regarded as a founding figure of modern computer science, known for his work on computation and code-breaking during WWII?",Tim Berners-Lee,Alan Turing,J. J. Thomson,James Watson,B) Alan Turing,"Alan Turing is regarded as a founding figure of computer science, known for his theoretical work and code-breaking during World War II.",Scientists,Computer Scientists
"Which option correctly answers this: Who is credited as a pioneer of rocketry and space science in India, associated with early sounding rocket launches?",Vikram Sarabhai,Albert Einstein,Alfred Wegener,Tim Berners-Lee,A) Vikram Sarabhai,"Vikram Sarabhai pioneered India's early rocketry and space science efforts, leading to the founding of ISRO.",Scientists,Space Scientists
"Who discovered radioactivity, sharing a Nobel Prize for the work?",James Watson,Marie Curie (along with Pierre Curie and Henri Becquerel),Alfred Wegener,Tim Berners-Lee,B) Marie Curie (along with Pierre Curie and Henri Becquerel),"Marie Curie, along with Pierre Curie and Henri Becquerel, is credited with pioneering research on radioactivity.",Scientists,Women Scientists
"Choose the correct answer: Who is regarded as a founding figure of modern computer science, known for his work on computation and code-breaking during WWII?",Marie Curie,Gregor Mendel,Alan Turing,Isaac Newton,C) Alan Turing,"Alan Turing is regarded as a founding figure of computer science, known for his theoretical work and code-breaking during World War II.",Scientists,Computer Scientists
Who developed the theory of general relativity's application in understanding black holes and co-authored influential works on space-time?,Vikram Sarabhai,Galileo Galilei,Jonas Salk,Stephen Hawking,D) Stephen Hawking,Stephen Hawking made significant contributions to the understanding of black holes and cosmology within the framework of general relativity.,Scientists,Physicists
Quiz question: Who invented the World Wide Web?,Louis Pasteur,Jagadish Chandra Bose,Alexander Graham Bell,Tim Berners-Lee,D) Tim Berners-Lee,Tim Berners-Lee invented the World Wide Web in 1989 while working at CERN.,Scientists,Computer Scientists
"Choose the correct answer: Who is known for environmental scientific contributions and advocacy that led to a global ban on the pesticide DDT, through her writing?",Stephen Hawking,Gregor Mendel,Jonas Salk,Rachel Carson,D) Rachel Carson,"Rachel Carson's writing, particularly 'Silent Spring', raised awareness about pesticide dangers and contributed to environmental policy changes, including DDT restrictions.",Scientists,Environmental Scientists
Who is credited with discovering the electron?,James Watt,James Watson,J. J. Thomson,Charles Darwin,C) J. J. Thomson,"J. J. Thomson is credited with discovering the electron in 1897, a foundational discovery in atomic physics.",Scientists,Physicists
"Which option correctly answers this: Who discovered radioactivity, sharing a Nobel Prize for the work?",Marie Curie (along with Pierre Curie and Henri Becquerel),Alan Turing,James Watt,Charles Darwin,A) Marie Curie (along with Pierre Curie and Henri Becquerel),"Marie Curie, along with Pierre Curie and Henri Becquerel, is credited with pioneering research on radioactivity.",Scientists,Women Scientists
"Quiz question: Who developed the smallpox vaccine, a major milestone in the history of immunology?",Edward Jenner,Dmitri Mendeleev,Jagadish Chandra Bose,Tim Berners-Lee,A) Edward Jenner,"Edward Jenner developed the world's first successful smallpox vaccine in the late 18th century, a major milestone in immunology.",Scientists,Medical Scientists
Quiz question: Who is credited with formulating the laws of motion and universal gravitation?,Gregor Mendel,Stephen Hawking,Tim Berners-Lee,Isaac Newton,D) Isaac Newton,"Sir Isaac Newton formulated the laws of motion and the law of universal gravitation, foundational to classical physics.",Scientists,Physicists
Quiz question: Who developed the periodic table of elements?,Dmitri Mendeleev,Alexander Graham Bell,James Watt,Gregor Mendel,A) Dmitri Mendeleev,"Dmitri Mendeleev developed an early version of the periodic table, organizing elements by atomic weight and properties.",Scientists,Chemists
"Which option correctly answers this: Who is regarded as a founding figure of modern computer science, known for his work on computation and code-breaking during WWII?",Michael Faraday,Alan Turing,J. J. Thomson,Nicolaus Copernicus,B) Alan Turing,"Alan Turing is regarded as a founding figure of computer science, known for his theoretical work and code-breaking during World War II.",Scientists,Computer Scientists
Quiz question: Who is known for developing the theory of continental drift?,Marie Curie (along with Pierre Curie and Henri Becquerel),Edward Jenner,Jagadish Chandra Bose,Alfred Wegener,D) Alfred Wegener,"Alfred Wegener proposed the theory of continental drift, suggesting that continents were once joined and have since drifted apart.",Scientists,World Scientists
Choose the correct answer: Who invented the World Wide Web?,Alexander Graham Bell,Tim Berners-Lee,Gregor Mendel,Edward Jenner,B) Tim Berners-Lee,Tim Berners-Lee invented the World Wide Web in 1989 while working at CERN.,Scientists,Computer Scientists
Who developed the theory of general relativity's application in understanding black holes and co-authored influential works on space-time?,Dmitri Mendeleev,Albert Einstein,Louis Pasteur,Stephen Hawking,D) Stephen Hawking,Stephen Hawking made significant contributions to the understanding of black holes and cosmology within the framework of general relativity.,Scientists,Physicists
"Quiz question: Who is credited as a pioneer of rocketry and space science in India, associated with early sounding rocket launches?",Aryabhata,Vikram Sarabhai,Charles Darwin,Dmitri Mendeleev,B) Vikram Sarabhai,"Vikram Sarabhai pioneered India's early rocketry and space science efforts, leading to the founding of ISRO.",Scientists,Space Scientists
Which option correctly answers this: Who proposed the theory of evolution by natural selection?,Alfred Wegener,James Watson,Charles Darwin,Alexander Graham Bell,C) Charles Darwin,Charles Darwin proposed the theory of evolution by natural selection in his book 'On the Origin of Species'.,Scientists,Biologists
Choose the correct answer: Who developed the heliocentric model placing the Sun at the center of the Solar System?,Charles Darwin,Archimedes,Nicolaus Copernicus,J. J. Thomson,C) Nicolaus Copernicus,"Nicolaus Copernicus proposed the heliocentric model, which placed the Sun, rather than the Earth, at the center of the Solar System.",Scientists,Astronomers
Quiz question: Who is credited with discovering the electron?,J. J. Thomson,Marie Curie,Rachel Carson,Nicolaus Copernicus,A) J. J. Thomson,"J. J. Thomson is credited with discovering the electron in 1897, a foundational discovery in atomic physics.",Scientists,Physicists
Choose the correct answer: Who invented the World Wide Web?,James Watson,Tim Berners-Lee,Rachel Carson,Vikram Sarabhai,B) Tim Berners-Lee,Tim Berners-Lee invented the World Wide Web in 1989 while working at CERN.,Scientists,Computer Scientists
Quiz question: Who developed the heliocentric model placing the Sun at the center of the Solar System?,C. V. Raman,Alexander Graham Bell,Louis Pasteur,Nicolaus Copernicus,D) Nicolaus Copernicus,"Nicolaus Copernicus proposed the heliocentric model, which placed the Sun, rather than the Earth, at the center of the Solar System.",Scientists,Astronomers
Who is credited with inventing the telephone?,Homi J. Bhabha,Rachel Carson,Alexander Graham Bell,Archimedes,C) Alexander Graham Bell,Alexander Graham Bell is credited with inventing the first practical telephone in 1876.,Scientists,World Scientists
Which option correctly answers this: Who proposed the theory of evolution by natural selection?,Alexander Fleming,Aryabhata,Charles Darwin,Stephen Hawking,C) Charles Darwin,Charles Darwin proposed the theory of evolution by natural selection in his book 'On the Origin of Species'.,Scientists,Biologists
Choose the correct answer: Who developed the periodic table of elements?,Gregor Mendel,Homi J. Bhabha,Alexander Fleming,Dmitri Mendeleev,D) Dmitri Mendeleev,"Dmitri Mendeleev developed an early version of the periodic table, organizing elements by atomic weight and properties.",Scientists,Chemists
Quiz question: Who developed the periodic table of elements?,Dmitri Mendeleev,Archimedes,Charles Darwin,Vikram Sarabhai,A) Dmitri Mendeleev,"Dmitri Mendeleev developed an early version of the periodic table, organizing elements by atomic weight and properties.",Scientists,Chemists
"Who is known for pioneering research in electricity and magnetism, with the SI unit of capacitance named after him?",Michael Faraday,Alfred Wegener,Vikram Sarabhai,Edward Jenner,A) Michael Faraday,"Michael Faraday made pioneering contributions to the study of electromagnetism, and the SI unit of capacitance, the farad, is named after him.",Scientists,Physicists
Who developed the periodic table of elements?,James Watson,Marie Curie,Galileo Galilei,Dmitri Mendeleev,D) Dmitri Mendeleev,"Dmitri Mendeleev developed an early version of the periodic table, organizing elements by atomic weight and properties.",Scientists,Chemists
Who is regarded as the father of India's nuclear programme?,Charles Darwin,Homi J. Bhabha,Albert Einstein,J. J. Thomson,B) Homi J. Bhabha,Homi J. Bhabha is regarded as the father of India's nuclear programme and founded the Tata Institute of Fundamental Research.,Scientists,Indian Scientists
Which option correctly answers this: Who invented the World Wide Web?,Tim Berners-Lee,Stephen Hawking,Nicolaus Copernicus,Dmitri Mendeleev,A) Tim Berners-Lee,Tim Berners-Lee invented the World Wide Web in 1989 while working at CERN.,Scientists,Computer Scientists
Which option correctly answers this: Who is credited with formulating the laws of motion and universal gravitation?,Charles Darwin,Marie Curie,Homi J. Bhabha,Isaac Newton,D) Isaac Newton,"Sir Isaac Newton formulated the laws of motion and the law of universal gravitation, foundational to classical physics.",Scientists,Physicists
Who developed the periodic table of elements?,Homi J. Bhabha,Charles Darwin,Dmitri Mendeleev,J. J. Thomson,C) Dmitri Mendeleev,"Dmitri Mendeleev developed an early version of the periodic table, organizing elements by atomic weight and properties.",Scientists,Chemists
Quiz question: Who developed the heliocentric model placing the Sun at the center of the Solar System?,Nicolaus Copernicus,Charles Darwin,Alan Turing,Gregor Mendel,A) Nicolaus Copernicus,"Nicolaus Copernicus proposed the heliocentric model, which placed the Sun, rather than the Earth, at the center of the Solar System.",Scientists,Astronomers
"Choose the correct answer: Who was the first Indian to win a Nobel Prize in Science, for his work on the scattering of light?",Gregor Mendel,Alfred Wegener,C. V. Raman,Nicolaus Copernicus,C) C. V. Raman,"C. V. Raman won the Nobel Prize in Physics in 1930 for his discovery of the Raman effect, related to the scattering of light.",Scientists,Indian Scientists
Quiz question: Who is known as the father of the Indian space programme?,Aryabhata,Homi J. Bhabha,Vikram Sarabhai,Stephen Hawking,C) Vikram Sarabhai,"Vikram Sarabhai is widely regarded as the father of the Indian space programme, founding what became ISRO.",Scientists,Indian Scientists
Who invented the World Wide Web?,Jagadish Chandra Bose,Tim Berners-Lee,Marie Curie,Isaac Newton,B) Tim Berners-Lee,Tim Berners-Lee invented the World Wide Web in 1989 while working at CERN.,Scientists,Computer Scientists
Choose the correct answer: Who is regarded as the father of India's nuclear programme?,Homi J. Bhabha,Edward Jenner,Marie Curie,Marie Curie (along with Pierre Curie and Henri Becquerel),A) Homi J. Bhabha,Homi J. Bhabha is regarded as the father of India's nuclear programme and founded the Tata Institute of Fundamental Research.,Scientists,Indian Scientists
Who discovered penicillin?,James Watson,Alexander Fleming,Jagadish Chandra Bose,Marie Curie (along with Pierre Curie and Henri Becquerel),B) Alexander Fleming,"Alexander Fleming discovered penicillin in 1928, leading to the development of antibiotics.",Scientists,Medical Scientists
Which option correctly answers this: Who developed the theory of general relativity's application in understanding black holes and co-authored influential works on space-time?,Marie Curie (along with Pierre Curie and Henri Becquerel),James Watson,Isaac Newton,Stephen Hawking,D) Stephen Hawking,Stephen Hawking made significant contributions to the understanding of black holes and cosmology within the framework of general relativity.,Scientists,Physicists
"Choose the correct answer: Who is credited with discovering the structure of DNA, along with Francis Crick?",James Watson,J. J. Thomson,Marie Curie,Michael Faraday,A) James Watson,"James Watson, along with Francis Crick, is credited with discovering the double-helix structure of DNA in 1953.",Scientists,Biologists
"Choose the correct answer: Who developed the smallpox vaccine, a major milestone in the history of immunology?",J. J. Thomson,Edward Jenner,Aryabhata,Marie Curie (along with Pierre Curie and Henri Becquerel),B) Edward Jenner,"Edward Jenner developed the world's first successful smallpox vaccine in the late 18th century, a major milestone in immunology.",Scientists,Medical Scientists
"Who is credited with discovering the structure of DNA, along with Francis Crick?",James Watson,James Watt,Archimedes,Marie Curie (along with Pierre Curie and Henri Becquerel),A) James Watson,"James Watson, along with Francis Crick, is credited with discovering the double-helix structure of DNA in 1953.",Scientists,Biologists
"Who is known for environmental scientific contributions and advocacy that led to a global ban on the pesticide DDT, through her writing?",Rachel Carson,Marie Curie (along with Pierre Curie and Henri Becquerel),Nicolaus Copernicus,Alan Turing,A) Rachel Carson,"Rachel Carson's writing, particularly 'Silent Spring', raised awareness about pesticide dangers and contributed to environmental policy changes, including DDT restrictions.",Scientists,Environmental Scientists
Which option correctly answers this: Who developed the periodic table of elements?,Albert Einstein,Vikram Sarabhai,Alexander Fleming,Dmitri Mendeleev,D) Dmitri Mendeleev,"Dmitri Mendeleev developed an early version of the periodic table, organizing elements by atomic weight and properties.",Scientists,Chemists
Choose the correct answer: Who discovered the law of buoyancy while reportedly in a bathtub?,Archimedes,Vikram Sarabhai,C. V. Raman,Alexander Fleming,A) Archimedes,"Archimedes is credited with discovering the principle of buoyancy, famously said to have realized it while in his bath.",Scientists,Mathematicians
Who discovered the law of buoyancy while reportedly in a bathtub?,Archimedes,Jagadish Chandra Bose,Homi J. Bhabha,Jonas Salk,A) Archimedes,"Archimedes is credited with discovering the principle of buoyancy, famously said to have realized it while in his bath.",Scientists,Mathematicians
Quiz question: Who is famous for his observations supporting the heliocentric model using an early telescope?,Galileo Galilei,Aryabhata,Edward Jenner,James Watt,A) Galileo Galilei,"Galileo Galilei made key astronomical observations using an early telescope, providing evidence supporting the heliocentric model.",Scientists,Astronomers
"Quiz question: Who is regarded as a founding figure of modern computer science, known for his work on computation and code-breaking during WWII?",Aryabhata,Alan Turing,Gregor Mendel,Marie Curie (along with Pierre Curie and Henri Becquerel),B) Alan Turing,"Alan Turing is regarded as a founding figure of computer science, known for his theoretical work and code-breaking during World War II.",Scientists,Computer Scientists
"Which Indian scientist is known for his experiments demonstrating that plants have life-like responses, using an instrument called the crescograph?",Jagadish Chandra Bose,Galileo Galilei,J. J. Thomson,Alfred Wegener,A) Jagadish Chandra Bose,"Jagadish Chandra Bose conducted pioneering experiments showing life-like responses in plants using his invented instrument, the crescograph.",Scientists,Indian Scientists
Who is credited with formulating the laws of motion and universal gravitation?,Archimedes,Rachel Carson,Isaac Newton,Marie Curie (along with Pierre Curie and Henri Becquerel),C) Isaac Newton,"Sir Isaac Newton formulated the laws of motion and the law of universal gravitation, foundational to classical physics.",Scientists,Physicists
"Who is regarded as a founding figure of modern computer science, known for his work on computation and code-breaking during WWII?",Aryabhata,Alan Turing,Nicolaus Copernicus,Michael Faraday,B) Alan Turing,"Alan Turing is regarded as a founding figure of computer science, known for his theoretical work and code-breaking during World War II.",Scientists,Computer Scientists
Quiz question: Who developed the theory of general relativity?,Archimedes,James Watt,Dmitri Mendeleev,Albert Einstein,D) Albert Einstein,"Albert Einstein developed the theory of general relativity, revolutionizing the understanding of gravity, space, and time.",Scientists,World Scientists
Which option correctly answers this: Who developed the mathematical concept of zero as a number and made major contributions to Indian mathematics and astronomy?,Archimedes,Aryabhata,Nicolaus Copernicus,James Watt,B) Aryabhata,"Aryabhata, an ancient Indian mathematician and astronomer, made significant contributions to mathematics, including work related to the concept of zero.",Scientists,Mathematicians
Which option correctly answers this: Who is credited with formulating the laws of motion and universal gravitation?,James Watt,Aryabhata,Archimedes,Isaac Newton,D) Isaac Newton,"Sir Isaac Newton formulated the laws of motion and the law of universal gravitation, foundational to classical physics.",Scientists,Physicists
"Who developed the smallpox vaccine, a major milestone in the history of immunology?",Galileo Galilei,Edward Jenner,Rachel Carson,Dmitri Mendeleev,B) Edward Jenner,"Edward Jenner developed the world's first successful smallpox vaccine in the late 18th century, a major milestone in immunology.",Scientists,Medical Scientists
Who is known as the father of the Indian space programme?,Vikram Sarabhai,James Watt,Alexander Fleming,Charles Darwin,A) Vikram Sarabhai,"Vikram Sarabhai is widely regarded as the father of the Indian space programme, founding what became ISRO.",Scientists,Indian Scientists
Quiz question: Who developed the theory of general relativity's application in understanding black holes and co-authored influential works on space-time?,Tim Berners-Lee,Stephen Hawking,Isaac Newton,Dmitri Mendeleev,B) Stephen Hawking,Stephen Hawking made significant contributions to the understanding of black holes and cosmology within the framework of general relativity.,Scientists,Physicists
"Who is regarded as a founding figure of modern computer science, known for his work on computation and code-breaking during WWII?",Nicolaus Copernicus,Alan Turing,Alexander Fleming,Charles Darwin,B) Alan Turing,"Alan Turing is regarded as a founding figure of computer science, known for his theoretical work and code-breaking during World War II.",Scientists,Computer Scientists
"Quiz question: Who is credited with discovering the structure of DNA, along with Francis Crick?",James Watson,Nicolaus Copernicus,Aryabhata,Marie Curie (along with Pierre Curie and Henri Becquerel),A) James Watson,"James Watson, along with Francis Crick, is credited with discovering the double-helix structure of DNA in 1953.",Scientists,Biologists
Which option correctly answers this: Who proposed the theory of evolution by natural selection?,Nicolaus Copernicus,Rachel Carson,Charles Darwin,Tim Berners-Lee,C) Charles Darwin,Charles Darwin proposed the theory of evolution by natural selection in his book 'On the Origin of Species'.,Scientists,Biologists
Who is regarded as the father of India's nuclear programme?,Aryabhata,Nicolaus Copernicus,Homi J. Bhabha,Albert Einstein,C) Homi J. Bhabha,Homi J. Bhabha is regarded as the father of India's nuclear programme and founded the Tata Institute of Fundamental Research.,Scientists,Indian Scientists
Who proposed the theory of evolution by natural selection?,Edward Jenner,Albert Einstein,Charles Darwin,James Watt,C) Charles Darwin,Charles Darwin proposed the theory of evolution by natural selection in his book 'On the Origin of Species'.,Scientists,Biologists
"Which option correctly answers this: Who developed the smallpox vaccine, a major milestone in the history of immunology?",Charles Darwin,Edward Jenner,J. J. Thomson,Alan Turing,B) Edward Jenner,"Edward Jenner developed the world's first successful smallpox vaccine in the late 18th century, a major milestone in immunology.",Scientists,Medical Scientists
Quiz question: Who is known as the father of the Indian space programme?,James Watt,Stephen Hawking,Nicolaus Copernicus,Vikram Sarabhai,D) Vikram Sarabhai,"Vikram Sarabhai is widely regarded as the father of the Indian space programme, founding what became ISRO.",Scientists,Indian Scientists
Quiz question: Who is known for developing the theory of continental drift?,Alfred Wegener,Albert Einstein,Archimedes,Rachel Carson,A) Alfred Wegener,"Alfred Wegener proposed the theory of continental drift, suggesting that continents were once joined and have since drifted apart.",Scientists,World Scientists
"Choose the correct answer: Who is known for environmental scientific contributions and advocacy that led to a global ban on the pesticide DDT, through her writing?",Rachel Carson,Vikram Sarabhai,Dmitri Mendeleev,Alan Turing,A) Rachel Carson,"Rachel Carson's writing, particularly 'Silent Spring', raised awareness about pesticide dangers and contributed to environmental policy changes, including DDT restrictions.",Scientists,Environmental Scientists
Quiz question: Who is credited with formulating the laws of motion and universal gravitation?,Marie Curie,Rachel Carson,Isaac Newton,Homi J. Bhabha,C) Isaac Newton,"Sir Isaac Newton formulated the laws of motion and the law of universal gravitation, foundational to classical physics.",Scientists,Physicists
Choose the correct answer: Who developed the theory of general relativity?,J. J. Thomson,Alfred Wegener,Alexander Fleming,Albert Einstein,D) Albert Einstein,"Albert Einstein developed the theory of general relativity, revolutionizing the understanding of gravity, space, and time.",Scientists,World Scientists
Which option correctly answers this: Who developed the theory of general relativity?,Albert Einstein,Alexander Fleming,Michael Faraday,Aryabhata,A) Albert Einstein,"Albert Einstein developed the theory of general relativity, revolutionizing the understanding of gravity, space, and time.",Scientists,World Scientists
Which option correctly answers this: Who discovered the law of buoyancy while reportedly in a bathtub?,Marie Curie,Archimedes,Jonas Salk,Louis Pasteur,B) Archimedes,"Archimedes is credited with discovering the principle of buoyancy, famously said to have realized it while in his bath.",Scientists,Mathematicians
Who is famous for his observations supporting the heliocentric model using an early telescope?,J. J. Thomson,Alan Turing,Louis Pasteur,Galileo Galilei,D) Galileo Galilei,"Galileo Galilei made key astronomical observations using an early telescope, providing evidence supporting the heliocentric model.",Scientists,Astronomers
Who developed the theory of general relativity?,Albert Einstein,Alfred Wegener,Tim Berners-Lee,Marie Curie (along with Pierre Curie and Henri Becquerel),A) Albert Einstein,"Albert Einstein developed the theory of general relativity, revolutionizing the understanding of gravity, space, and time.",Scientists,World Scientists
"Quiz question: Which Indian scientist is known for his experiments demonstrating that plants have life-like responses, using an instrument called the crescograph?",Jagadish Chandra Bose,Marie Curie,Edward Jenner,Archimedes,A) Jagadish Chandra Bose,"Jagadish Chandra Bose conducted pioneering experiments showing life-like responses in plants using his invented instrument, the crescograph.",Scientists,Indian Scientists
"Quiz question: Who is known for environmental scientific contributions and advocacy that led to a global ban on the pesticide DDT, through her writing?",Rachel Carson,Alexander Graham Bell,J. J. Thomson,Vikram Sarabhai,A) Rachel Carson,"Rachel Carson's writing, particularly 'Silent Spring', raised awareness about pesticide dangers and contributed to environmental policy changes, including DDT restrictions.",Scientists,Environmental Scientists
"Quiz question: Who is known for environmental scientific contributions and advocacy that led to a global ban on the pesticide DDT, through her writing?",Jagadish Chandra Bose,Rachel Carson,Archimedes,James Watson,B) Rachel Carson,"Rachel Carson's writing, particularly 'Silent Spring', raised awareness about pesticide dangers and contributed to environmental policy changes, including DDT restrictions.",Scientists,Environmental Scientists
Choose the correct answer: Who developed the periodic table of elements?,Marie Curie,Dmitri Mendeleev,James Watson,Alexander Graham Bell,B) Dmitri Mendeleev,"Dmitri Mendeleev developed an early version of the periodic table, organizing elements by atomic weight and properties.",Scientists,Chemists
Quiz question: Who is known as the father of the Indian space programme?,Michael Faraday,Rachel Carson,Vikram Sarabhai,Alexander Graham Bell,C) Vikram Sarabhai,"Vikram Sarabhai is widely regarded as the father of the Indian space programme, founding what became ISRO.",Scientists,Indian Scientists
Choose the correct answer: Who is famous for his observations supporting the heliocentric model using an early telescope?,Alan Turing,James Watt,James Watson,Galileo Galilei,D) Galileo Galilei,"Galileo Galilei made key astronomical observations using an early telescope, providing evidence supporting the heliocentric model.",Scientists,Astronomers
"Which option correctly answers this: Who developed the smallpox vaccine, a major milestone in the history of immunology?",Michael Faraday,Alexander Graham Bell,Edward Jenner,Marie Curie,C) Edward Jenner,"Edward Jenner developed the world's first successful smallpox vaccine in the late 18th century, a major milestone in immunology.",Scientists,Medical Scientists
Quiz question: Who proposed the theory of evolution by natural selection?,Homi J. Bhabha,Charles Darwin,Michael Faraday,J. J. Thomson,B) Charles Darwin,Charles Darwin proposed the theory of evolution by natural selection in his book 'On the Origin of Species'.,Scientists,Biologists
Who developed the periodic table of elements?,Stephen Hawking,Tim Berners-Lee,Dmitri Mendeleev,Michael Faraday,C) Dmitri Mendeleev,"Dmitri Mendeleev developed an early version of the periodic table, organizing elements by atomic weight and properties.",Scientists,Chemists
Choose the correct answer: Who developed the polio vaccine widely used in the 1950s?,Albert Einstein,Gregor Mendel,Michael Faraday,Jonas Salk,D) Jonas Salk,"Jonas Salk developed one of the first successful and widely used polio vaccines, introduced in 1955.",Scientists,Medical Scientists
Choose the correct answer: Who is known for pioneering contributions to genetics through experiments with pea plants?,Aryabhata,Homi J. Bhabha,Gregor Mendel,Nicolaus Copernicus,C) Gregor Mendel,Gregor Mendel conducted pioneering experiments with pea plants that laid the foundation for the modern science of genetics.,Scientists,Biologists
"Choose the correct answer: Who is credited with discovering the structure of DNA, along with Francis Crick?",Marie Curie,Homi J. Bhabha,Tim Berners-Lee,James Watson,D) James Watson,"James Watson, along with Francis Crick, is credited with discovering the double-helix structure of DNA in 1953.",Scientists,Biologists
Choose the correct answer: Who developed the first successful vaccine against rabies?,Louis Pasteur,Vikram Sarabhai,Archimedes,Albert Einstein,A) Louis Pasteur,"Louis Pasteur developed the first successful vaccine against rabies, among his many other contributions to microbiology.",Scientists,Medical Scientists
Who is regarded as the father of India's nuclear programme?,James Watson,Homi J. Bhabha,Nicolaus Copernicus,Dmitri Mendeleev,B) Homi J. Bhabha,Homi J. Bhabha is regarded as the father of India's nuclear programme and founded the Tata Institute of Fundamental Research.,Scientists,Indian Scientists
"Quiz question: Who is regarded as a founding figure of modern computer science, known for his work on computation and code-breaking during WWII?",Marie Curie,Alan Turing,Charles Darwin,Edward Jenner,B) Alan Turing,"Alan Turing is regarded as a founding figure of computer science, known for his theoretical work and code-breaking during World War II.",Scientists,Computer Scientists
"Quiz question: Who is regarded as a founding figure of modern computer science, known for his work on computation and code-breaking during WWII?",Alan Turing,Tim Berners-Lee,Aryabhata,Jonas Salk,A) Alan Turing,"Alan Turing is regarded as a founding figure of computer science, known for his theoretical work and code-breaking during World War II.",Scientists,Computer Scientists
"Quiz question: Who developed the smallpox vaccine, a major milestone in the history of immunology?",Edward Jenner,Homi J. Bhabha,Isaac Newton,Marie Curie (along with Pierre Curie and Henri Becquerel),A) Edward Jenner,"Edward Jenner developed the world's first successful smallpox vaccine in the late 18th century, a major milestone in immunology.",Scientists,Medical Scientists
Quiz question: Who developed the heliocentric model placing the Sun at the center of the Solar System?,James Watson,Nicolaus Copernicus,Dmitri Mendeleev,Rachel Carson,B) Nicolaus Copernicus,"Nicolaus Copernicus proposed the heliocentric model, which placed the Sun, rather than the Earth, at the center of the Solar System.",Scientists,Astronomers
"Choose the correct answer: Who was the first Indian to win a Nobel Prize in Science, for his work on the scattering of light?",Nicolaus Copernicus,Vikram Sarabhai,Tim Berners-Lee,C. V. Raman,D) C. V. Raman,"C. V. Raman won the Nobel Prize in Physics in 1930 for his discovery of the Raman effect, related to the scattering of light.",Scientists,Indian Scientists
"Who is regarded as a founding figure of modern computer science, known for his work on computation and code-breaking during WWII?",Alan Turing,Louis Pasteur,Vikram Sarabhai,Nicolaus Copernicus,A) Alan Turing,"Alan Turing is regarded as a founding figure of computer science, known for his theoretical work and code-breaking during World War II.",Scientists,Computer Scientists
Who discovered penicillin?,Alexander Fleming,Albert Einstein,Galileo Galilei,Homi J. Bhabha,A) Alexander Fleming,"Alexander Fleming discovered penicillin in 1928, leading to the development of antibiotics.",Scientists,Medical Scientists
Which option correctly answers this: Who is known as the father of the Indian space programme?,Vikram Sarabhai,Edward Jenner,Jagadish Chandra Bose,Michael Faraday,A) Vikram Sarabhai,"Vikram Sarabhai is widely regarded as the father of the Indian space programme, founding what became ISRO.",Scientists,Indian Scientists
"Quiz question: Who is credited as a pioneer of rocketry and space science in India, associated with early sounding rocket launches?",James Watt,Vikram Sarabhai,Albert Einstein,Homi J. Bhabha,B) Vikram Sarabhai,"Vikram Sarabhai pioneered India's early rocketry and space science efforts, leading to the founding of ISRO.",Scientists,Space Scientists
Quiz question: Who developed the first successful vaccine against rabies?,Vikram Sarabhai,Louis Pasteur,Archimedes,Alexander Fleming,B) Louis Pasteur,"Louis Pasteur developed the first successful vaccine against rabies, among his many other contributions to microbiology.",Scientists,Medical Scientists
Which option correctly answers this: Who developed the theory of general relativity's application in understanding black holes and co-authored influential works on space-time?,Michael Faraday,Homi J. Bhabha,Edward Jenner,Stephen Hawking,D) Stephen Hawking,Stephen Hawking made significant contributions to the understanding of black holes and cosmology within the framework of general relativity.,Scientists,Physicists
Choose the correct answer: Who developed the mathematical concept of zero as a number and made major contributions to Indian mathematics and astronomy?,Aryabhata,James Watt,Albert Einstein,Gregor Mendel,A) Aryabhata,"Aryabhata, an ancient Indian mathematician and astronomer, made significant contributions to mathematics, including work related to the concept of zero.",Scientists,Mathematicians
Who developed the periodic table of elements?,Rachel Carson,Alfred Wegener,Dmitri Mendeleev,Stephen Hawking,C) Dmitri Mendeleev,"Dmitri Mendeleev developed an early version of the periodic table, organizing elements by atomic weight and properties.",Scientists,Chemists
"Which option correctly answers this: Who is known for pioneering research in electricity and magnetism, with the SI unit of capacitance named after him?",Dmitri Mendeleev,Rachel Carson,Michael Faraday,Marie Curie (along with Pierre Curie and Henri Becquerel),C) Michael Faraday,"Michael Faraday made pioneering contributions to the study of electromagnetism, and the SI unit of capacitance, the farad, is named after him.",Scientists,Physicists
"Quiz question: Who was the first woman to win a Nobel Prize, and the only person to win Nobel Prizes in two different sciences?",Galileo Galilei,Jagadish Chandra Bose,Aryabhata,Marie Curie,D) Marie Curie,Marie Curie was the first woman to win a Nobel Prize and remains the only person to win Nobel Prizes in two different scientific fields.,Scientists,Nobel Prize Scientists
Choose the correct answer: Who developed the periodic table of elements?,Dmitri Mendeleev,Nicolaus Copernicus,J. J. Thomson,Jagadish Chandra Bose,A) Dmitri Mendeleev,"Dmitri Mendeleev developed an early version of the periodic table, organizing elements by atomic weight and properties.",Scientists,Chemists
Who is regarded as the father of India's nuclear programme?,Homi J. Bhabha,Louis Pasteur,Isaac Newton,James Watson,A) Homi J. Bhabha,Homi J. Bhabha is regarded as the father of India's nuclear programme and founded the Tata Institute of Fundamental Research.,Scientists,Indian Scientists
"Which option correctly answers this: Who is regarded as a founding figure of modern computer science, known for his work on computation and code-breaking during WWII?",Albert Einstein,Alan Turing,Michael Faraday,Jagadish Chandra Bose,B) Alan Turing,"Alan Turing is regarded as a founding figure of computer science, known for his theoretical work and code-breaking during World War II.",Scientists,Computer Scientists
Quiz question: Who discovered the law of buoyancy while reportedly in a bathtub?,Rachel Carson,Archimedes,Marie Curie,Aryabhata,B) Archimedes,"Archimedes is credited with discovering the principle of buoyancy, famously said to have realized it while in his bath.",Scientists,Mathematicians
Which option correctly answers this: Who is regarded as the father of India's nuclear programme?,Michael Faraday,Jonas Salk,Homi J. Bhabha,Alfred Wegener,C) Homi J. Bhabha,Homi J. Bhabha is regarded as the father of India's nuclear programme and founded the Tata Institute of Fundamental Research.,Scientists,Indian Scientists
Quiz question: Who is credited with developing the first practical steam engine widely used in industry?,James Watt,Michael Faraday,Jagadish Chandra Bose,Marie Curie,A) James Watt,"James Watt significantly improved the steam engine, making it far more efficient and practical for widespread industrial use.",Scientists,World Scientists
"Who is known for pioneering research in electricity and magnetism, with the SI unit of capacitance named after him?",Homi J. Bhabha,Alan Turing,Michael Faraday,Gregor Mendel,C) Michael Faraday,"Michael Faraday made pioneering contributions to the study of electromagnetism, and the SI unit of capacitance, the farad, is named after him.",Scientists,Physicists
Quiz question: Who developed the mathematical concept of zero as a number and made major contributions to Indian mathematics and astronomy?,Jagadish Chandra Bose,Aryabhata,Alexander Fleming,Nicolaus Copernicus,B) Aryabhata,"Aryabhata, an ancient Indian mathematician and astronomer, made significant contributions to mathematics, including work related to the concept of zero.",Scientists,Mathematicians
"Who is known for environmental scientific contributions and advocacy that led to a global ban on the pesticide DDT, through her writing?",Albert Einstein,Rachel Carson,Louis Pasteur,Jagadish Chandra Bose,B) Rachel Carson,"Rachel Carson's writing, particularly 'Silent Spring', raised awareness about pesticide dangers and contributed to environmental policy changes, including DDT restrictions.",Scientists,Environmental Scientists
Quiz question: Who is known for pioneering contributions to genetics through experiments with pea plants?,Alexander Fleming,James Watson,Gregor Mendel,James Watt,C) Gregor Mendel,Gregor Mendel conducted pioneering experiments with pea plants that laid the foundation for the modern science of genetics.,Scientists,Biologists
Who developed the first successful vaccine against rabies?,Louis Pasteur,Isaac Newton,Homi J. Bhabha,Alexander Graham Bell,A) Louis Pasteur,"Louis Pasteur developed the first successful vaccine against rabies, among his many other contributions to microbiology.",Scientists,Medical Scientists
"Choose the correct answer: Who is credited with discovering the structure of DNA, along with Francis Crick?",James Watt,Homi J. Bhabha,James Watson,Archimedes,C) James Watson,"James Watson, along with Francis Crick, is credited with discovering the double-helix structure of DNA in 1953.",Scientists,Biologists
"Quiz question: Who is credited as a pioneer of rocketry and space science in India, associated with early sounding rocket launches?",J. J. Thomson,Vikram Sarabhai,Jagadish Chandra Bose,Alfred Wegener,B) Vikram Sarabhai,"Vikram Sarabhai pioneered India's early rocketry and space science efforts, leading to the founding of ISRO.",Scientists,Space Scientists
Who developed the theory of general relativity's application in understanding black holes and co-authored influential works on space-time?,Jonas Salk,Stephen Hawking,Rachel Carson,Alexander Graham Bell,B) Stephen Hawking,Stephen Hawking made significant contributions to the understanding of black holes and cosmology within the framework of general relativity.,Scientists,Physicists
Quiz question: Who developed the theory of general relativity?,Marie Curie,Nicolaus Copernicus,Albert Einstein,James Watson,C) Albert Einstein,"Albert Einstein developed the theory of general relativity, revolutionizing the understanding of gravity, space, and time.",Scientists,World Scientists
"Which option correctly answers this: Who was the first woman to win a Nobel Prize, and the only person to win Nobel Prizes in two different sciences?",Marie Curie (along with Pierre Curie and Henri Becquerel),Vikram Sarabhai,James Watt,Marie Curie,D) Marie Curie,Marie Curie was the first woman to win a Nobel Prize and remains the only person to win Nobel Prizes in two different scientific fields.,Scientists,Nobel Prize Scientists
Which option correctly answers this: Who is credited with discovering the electron?,James Watt,James Watson,Isaac Newton,J. J. Thomson,D) J. J. Thomson,"J. J. Thomson is credited with discovering the electron in 1897, a foundational discovery in atomic physics.",Scientists,Physicists
Choose the correct answer: Who is credited with developing the first practical steam engine widely used in industry?,Homi J. Bhabha,James Watt,C. V. Raman,J. J. Thomson,B) James Watt,"James Watt significantly improved the steam engine, making it far more efficient and practical for widespread industrial use.",Scientists,World Scientists
Who is known for pioneering contributions to genetics through experiments with pea plants?,Gregor Mendel,Alan Turing,Archimedes,Jagadish Chandra Bose,A) Gregor Mendel,Gregor Mendel conducted pioneering experiments with pea plants that laid the foundation for the modern science of genetics.,Scientists,Biologists
Who is credited with formulating the laws of motion and universal gravitation?,Marie Curie,James Watson,Charles Darwin,Isaac Newton,D) Isaac Newton,"Sir Isaac Newton formulated the laws of motion and the law of universal gravitation, foundational to classical physics.",Scientists,Physicists
Quiz question: Who discovered the law of buoyancy while reportedly in a bathtub?,Homi J. Bhabha,Archimedes,Marie Curie (along with Pierre Curie and Henri Becquerel),Alexander Fleming,B) Archimedes,"Archimedes is credited with discovering the principle of buoyancy, famously said to have realized it while in his bath.",Scientists,Mathematicians
Which option correctly answers this: Who developed the theory of general relativity?,James Watt,Gregor Mendel,Albert Einstein,Marie Curie,C) Albert Einstein,"Albert Einstein developed the theory of general relativity, revolutionizing the understanding of gravity, space, and time.",Scientists,World Scientists
"Quiz question: Who is regarded as a founding figure of modern computer science, known for his work on computation and code-breaking during WWII?",James Watson,Alan Turing,Charles Darwin,Louis Pasteur,B) Alan Turing,"Alan Turing is regarded as a founding figure of computer science, known for his theoretical work and code-breaking during World War II.",Scientists,Computer Scientists
Who is known for developing the theory of continental drift?,Alfred Wegener,Marie Curie,Jonas Salk,Edward Jenner,A) Alfred Wegener,"Alfred Wegener proposed the theory of continental drift, suggesting that continents were once joined and have since drifted apart.",Scientists,World Scientists
Who is credited with formulating the laws of motion and universal gravitation?,Tim Berners-Lee,Rachel Carson,Isaac Newton,Albert Einstein,C) Isaac Newton,"Sir Isaac Newton formulated the laws of motion and the law of universal gravitation, foundational to classical physics.",Scientists,Physicists
"Choose the correct answer: Who is regarded as a founding figure of modern computer science, known for his work on computation and code-breaking during WWII?",Alan Turing,Jonas Salk,Stephen Hawking,Aryabhata,A) Alan Turing,"Alan Turing is regarded as a founding figure of computer science, known for his theoretical work and code-breaking during World War II.",Scientists,Computer Scientists
Who is credited with developing the first practical steam engine widely used in industry?,James Watt,Aryabhata,Rachel Carson,Alan Turing,A) James Watt,"James Watt significantly improved the steam engine, making it far more efficient and practical for widespread industrial use.",Scientists,World Scientists
"Quiz question: Who is known for environmental scientific contributions and advocacy that led to a global ban on the pesticide DDT, through her writing?",Alexander Fleming,James Watson,Alexander Graham Bell,Rachel Carson,D) Rachel Carson,"Rachel Carson's writing, particularly 'Silent Spring', raised awareness about pesticide dangers and contributed to environmental policy changes, including DDT restrictions.",Scientists,Environmental Scientists
Which option correctly answers this: Who developed the theory of general relativity?,Albert Einstein,Dmitri Mendeleev,Alan Turing,Rachel Carson,A) Albert Einstein,"Albert Einstein developed the theory of general relativity, revolutionizing the understanding of gravity, space, and time.",Scientists,World Scientists
Which option correctly answers this: Who is credited with formulating the laws of motion and universal gravitation?,Galileo Galilei,Alexander Graham Bell,Isaac Newton,Edward Jenner,C) Isaac Newton,"Sir Isaac Newton formulated the laws of motion and the law of universal gravitation, foundational to classical physics.",Scientists,Physicists
Quiz question: Who is credited with discovering the electron?,Dmitri Mendeleev,J. J. Thomson,Nicolaus Copernicus,Michael Faraday,B) J. J. Thomson,"J. J. Thomson is credited with discovering the electron in 1897, a foundational discovery in atomic physics.",Scientists,Physicists
Who discovered the law of buoyancy while reportedly in a bathtub?,Archimedes,Jagadish Chandra Bose,Aryabhata,Alan Turing,A) Archimedes,"Archimedes is credited with discovering the principle of buoyancy, famously said to have realized it while in his bath.",Scientists,Mathematicians
Quiz question: Who is credited with developing the first practical steam engine widely used in industry?,Tim Berners-Lee,Archimedes,James Watt,Charles Darwin,C) James Watt,"James Watt significantly improved the steam engine, making it far more efficient and practical for widespread industrial use.",Scientists,World Scientists
"Quiz question: Who was the first woman to win a Nobel Prize, and the only person to win Nobel Prizes in two different sciences?",Galileo Galilei,Marie Curie,Edward Jenner,Louis Pasteur,B) Marie Curie,Marie Curie was the first woman to win a Nobel Prize and remains the only person to win Nobel Prizes in two different scientific fields.,Scientists,Nobel Prize Scientists
"Choose the correct answer: Who discovered radioactivity, sharing a Nobel Prize for the work?",Archimedes,Marie Curie (along with Pierre Curie and Henri Becquerel),J. J. Thomson,Tim Berners-Lee,B) Marie Curie (along with Pierre Curie and Henri Becquerel),"Marie Curie, along with Pierre Curie and Henri Becquerel, is credited with pioneering research on radioactivity.",Scientists,Women Scientists
Which option correctly answers this: Who is known as the father of the Indian space programme?,Alexander Graham Bell,Homi J. Bhabha,Jonas Salk,Vikram Sarabhai,D) Vikram Sarabhai,"Vikram Sarabhai is widely regarded as the father of the Indian space programme, founding what became ISRO.",Scientists,Indian Scientists
"Which option correctly answers this: Which Indian scientist is known for his experiments demonstrating that plants have life-like responses, using an instrument called the crescograph?",Galileo Galilei,Archimedes,Tim Berners-Lee,Jagadish Chandra Bose,D) Jagadish Chandra Bose,"Jagadish Chandra Bose conducted pioneering experiments showing life-like responses in plants using his invented instrument, the crescograph.",Scientists,Indian Scientists
Choose the correct answer: Who is regarded as the father of India's nuclear programme?,Tim Berners-Lee,Marie Curie (along with Pierre Curie and Henri Becquerel),Homi J. Bhabha,Nicolaus Copernicus,C) Homi J. Bhabha,Homi J. Bhabha is regarded as the father of India's nuclear programme and founded the Tata Institute of Fundamental Research.,Scientists,Indian Scientists
Who is known for pioneering contributions to genetics through experiments with pea plants?,Stephen Hawking,J. J. Thomson,Archimedes,Gregor Mendel,D) Gregor Mendel,Gregor Mendel conducted pioneering experiments with pea plants that laid the foundation for the modern science of genetics.,Scientists,Biologists
Who developed the theory of general relativity's application in understanding black holes and co-authored influential works on space-time?,J. J. Thomson,Aryabhata,Alexander Fleming,Stephen Hawking,D) Stephen Hawking,Stephen Hawking made significant contributions to the understanding of black holes and cosmology within the framework of general relativity.,Scientists,Physicists
"Which Indian scientist is known for his experiments demonstrating that plants have life-like responses, using an instrument called the crescograph?",James Watt,Jonas Salk,Jagadish Chandra Bose,Isaac Newton,C) Jagadish Chandra Bose,"Jagadish Chandra Bose conducted pioneering experiments showing life-like responses in plants using his invented instrument, the crescograph.",Scientists,Indian Scientists
"Quiz question: Who is credited with discovering the structure of DNA, along with Francis Crick?",Vikram Sarabhai,Alexander Graham Bell,James Watson,Homi J. Bhabha,C) James Watson,"James Watson, along with Francis Crick, is credited with discovering the double-helix structure of DNA in 1953.",Scientists,Biologists
Who discovered the law of buoyancy while reportedly in a bathtub?,Jonas Salk,Aryabhata,Jagadish Chandra Bose,Archimedes,D) Archimedes,"Archimedes is credited with discovering the principle of buoyancy, famously said to have realized it while in his bath.",Scientists,Mathematicians
Who is credited with developing the first practical steam engine widely used in industry?,Alexander Graham Bell,Gregor Mendel,Aryabhata,James Watt,D) James Watt,"James Watt significantly improved the steam engine, making it far more efficient and practical for widespread industrial use.",Scientists,World Scientists
Quiz question: Who is regarded as the father of India's nuclear programme?,Homi J. Bhabha,Nicolaus Copernicus,Isaac Newton,Michael Faraday,A) Homi J. Bhabha,Homi J. Bhabha is regarded as the father of India's nuclear programme and founded the Tata Institute of Fundamental Research.,Scientists,Indian Scientists
Which option correctly answers this: Who is credited with inventing the telephone?,Archimedes,Albert Einstein,Alexander Graham Bell,Isaac Newton,C) Alexander Graham Bell,Alexander Graham Bell is credited with inventing the first practical telephone in 1876.,Scientists,World Scientists
Who is famous for his observations supporting the heliocentric model using an early telescope?,Louis Pasteur,C. V. Raman,Galileo Galilei,Archimedes,C) Galileo Galilei,"Galileo Galilei made key astronomical observations using an early telescope, providing evidence supporting the heliocentric model.",Scientists,Astronomers
"Which option correctly answers this: Who is credited as a pioneer of rocketry and space science in India, associated with early sounding rocket launches?",Jonas Salk,Vikram Sarabhai,Tim Berners-Lee,Aryabhata,B) Vikram Sarabhai,"Vikram Sarabhai pioneered India's early rocketry and space science efforts, leading to the founding of ISRO.",Scientists,Space Scientists
"Who discovered radioactivity, sharing a Nobel Prize for the work?",Alan Turing,Archimedes,Marie Curie (along with Pierre Curie and Henri Becquerel),Stephen Hawking,C) Marie Curie (along with Pierre Curie and Henri Becquerel),"Marie Curie, along with Pierre Curie and Henri Becquerel, is credited with pioneering research on radioactivity.",Scientists,Women Scientists
Which option correctly answers this: Who is credited with inventing the telephone?,Alexander Graham Bell,Stephen Hawking,Archimedes,Galileo Galilei,A) Alexander Graham Bell,Alexander Graham Bell is credited with inventing the first practical telephone in 1876.,Scientists,World Scientists
Quiz question: Who developed the mathematical concept of zero as a number and made major contributions to Indian mathematics and astronomy?,Galileo Galilei,Marie Curie (along with Pierre Curie and Henri Becquerel),Edward Jenner,Aryabhata,D) Aryabhata,"Aryabhata, an ancient Indian mathematician and astronomer, made significant contributions to mathematics, including work related to the concept of zero.",Scientists,Mathematicians
Quiz question: Who is known for pioneering contributions to genetics through experiments with pea plants?,Louis Pasteur,Albert Einstein,Gregor Mendel,Stephen Hawking,C) Gregor Mendel,Gregor Mendel conducted pioneering experiments with pea plants that laid the foundation for the modern science of genetics.,Scientists,Biologists
Who developed the theory of general relativity?,Vikram Sarabhai,Homi J. Bhabha,Albert Einstein,Alexander Fleming,C) Albert Einstein,"Albert Einstein developed the theory of general relativity, revolutionizing the understanding of gravity, space, and time.",Scientists,World Scientists
"Which option correctly answers this: Who was the first woman to win a Nobel Prize, and the only person to win Nobel Prizes in two different sciences?",Marie Curie,James Watson,James Watt,Edward Jenner,A) Marie Curie,Marie Curie was the first woman to win a Nobel Prize and remains the only person to win Nobel Prizes in two different scientific fields.,Scientists,Nobel Prize Scientists
Who invented the World Wide Web?,Homi J. Bhabha,Tim Berners-Lee,Dmitri Mendeleev,Alfred Wegener,B) Tim Berners-Lee,Tim Berners-Lee invented the World Wide Web in 1989 while working at CERN.,Scientists,Computer Scientists
Choose the correct answer: Who developed the heliocentric model placing the Sun at the center of the Solar System?,Michael Faraday,James Watt,Alexander Graham Bell,Nicolaus Copernicus,D) Nicolaus Copernicus,"Nicolaus Copernicus proposed the heliocentric model, which placed the Sun, rather than the Earth, at the center of the Solar System.",Scientists,Astronomers
Who is famous for his observations supporting the heliocentric model using an early telescope?,Charles Darwin,Galileo Galilei,James Watson,Nicolaus Copernicus,B) Galileo Galilei,"Galileo Galilei made key astronomical observations using an early telescope, providing evidence supporting the heliocentric model.",Scientists,Astronomers
Who is known for developing the theory of continental drift?,Alfred Wegener,Rachel Carson,C. V. Raman,Albert Einstein,A) Alfred Wegener,"Alfred Wegener proposed the theory of continental drift, suggesting that continents were once joined and have since drifted apart.",Scientists,World Scientists
"Which option correctly answers this: Who developed the smallpox vaccine, a major milestone in the history of immunology?",Louis Pasteur,Galileo Galilei,Edward Jenner,James Watson,C) Edward Jenner,"Edward Jenner developed the world's first successful smallpox vaccine in the late 18th century, a major milestone in immunology.",Scientists,Medical Scientists
"Who is known for pioneering research in electricity and magnetism, with the SI unit of capacitance named after him?",Michael Faraday,Alexander Graham Bell,Jonas Salk,Louis Pasteur,A) Michael Faraday,"Michael Faraday made pioneering contributions to the study of electromagnetism, and the SI unit of capacitance, the farad, is named after him.",Scientists,Physicists
Who developed the mathematical concept of zero as a number and made major contributions to Indian mathematics and astronomy?,James Watson,Aryabhata,Alfred Wegener,Marie Curie (along with Pierre Curie and Henri Becquerel),B) Aryabhata,"Aryabhata, an ancient Indian mathematician and astronomer, made significant contributions to mathematics, including work related to the concept of zero.",Scientists,Mathematicians
"Who is known for environmental scientific contributions and advocacy that led to a global ban on the pesticide DDT, through her writing?",Albert Einstein,Edward Jenner,Dmitri Mendeleev,Rachel Carson,D) Rachel Carson,"Rachel Carson's writing, particularly 'Silent Spring', raised awareness about pesticide dangers and contributed to environmental policy changes, including DDT restrictions.",Scientists,Environmental Scientists
Choose the correct answer: Who developed the mathematical concept of zero as a number and made major contributions to Indian mathematics and astronomy?,Archimedes,Aryabhata,Marie Curie (along with Pierre Curie and Henri Becquerel),Gregor Mendel,B) Aryabhata,"Aryabhata, an ancient Indian mathematician and astronomer, made significant contributions to mathematics, including work related to the concept of zero.",Scientists,Mathematicians
"Quiz question: Who was the first Indian to win a Nobel Prize in Science, for his work on the scattering of light?",James Watt,C. V. Raman,Gregor Mendel,Rachel Carson,B) C. V. Raman,"C. V. Raman won the Nobel Prize in Physics in 1930 for his discovery of the Raman effect, related to the scattering of light.",Scientists,Indian Scientists
Quiz question: Who developed the theory of general relativity?,Tim Berners-Lee,Marie Curie,Louis Pasteur,Albert Einstein,D) Albert Einstein,"Albert Einstein developed the theory of general relativity, revolutionizing the understanding of gravity, space, and time.",Scientists,World Scientists
Quiz question: Who is known for developing the theory of continental drift?,Aryabhata,Alfred Wegener,Galileo Galilei,Nicolaus Copernicus,B) Alfred Wegener,"Alfred Wegener proposed the theory of continental drift, suggesting that continents were once joined and have since drifted apart.",Scientists,World Scientists
"Who is known for environmental scientific contributions and advocacy that led to a global ban on the pesticide DDT, through her writing?",Charles Darwin,Rachel Carson,Dmitri Mendeleev,Alan Turing,B) Rachel Carson,"Rachel Carson's writing, particularly 'Silent Spring', raised awareness about pesticide dangers and contributed to environmental policy changes, including DDT restrictions.",Scientists,Environmental Scientists
Choose the correct answer: Who is regarded as the father of India's nuclear programme?,Albert Einstein,Edward Jenner,Alan Turing,Homi J. Bhabha,D) Homi J. Bhabha,Homi J. Bhabha is regarded as the father of India's nuclear programme and founded the Tata Institute of Fundamental Research.,Scientists,Indian Scientists
"Quiz question: Who discovered radioactivity, sharing a Nobel Prize for the work?",Marie Curie (along with Pierre Curie and Henri Becquerel),Charles Darwin,Gregor Mendel,C. V. Raman,A) Marie Curie (along with Pierre Curie and Henri Becquerel),"Marie Curie, along with Pierre Curie and Henri Becquerel, is credited with pioneering research on radioactivity.",Scientists,Women Scientists
Choose the correct answer: Who is credited with discovering the electron?,J. J. Thomson,Louis Pasteur,Alexander Graham Bell,Jagadish Chandra Bose,A) J. J. Thomson,"J. J. Thomson is credited with discovering the electron in 1897, a foundational discovery in atomic physics.",Scientists,Physicists
"Which option correctly answers this: Who discovered radioactivity, sharing a Nobel Prize for the work?",Isaac Newton,Marie Curie (along with Pierre Curie and Henri Becquerel),Albert Einstein,Rachel Carson,B) Marie Curie (along with Pierre Curie and Henri Becquerel),"Marie Curie, along with Pierre Curie and Henri Becquerel, is credited with pioneering research on radioactivity.",Scientists,Women Scientists
Choose the correct answer: Who discovered penicillin?,Rachel Carson,Marie Curie (along with Pierre Curie and Henri Becquerel),Aryabhata,Alexander Fleming,D) Alexander Fleming,"Alexander Fleming discovered penicillin in 1928, leading to the development of antibiotics.",Scientists,Medical Scientists
Which option correctly answers this: Who is credited with inventing the telephone?,Galileo Galilei,Gregor Mendel,Alexander Graham Bell,Rachel Carson,C) Alexander Graham Bell,Alexander Graham Bell is credited with inventing the first practical telephone in 1876.,Scientists,World Scientists
Who is credited with discovering the electron?,Michael Faraday,Albert Einstein,J. J. Thomson,C. V. Raman,C) J. J. Thomson,"J. J. Thomson is credited with discovering the electron in 1897, a foundational discovery in atomic physics.",Scientists,Physicists
Choose the correct answer: Who developed the heliocentric model placing the Sun at the center of the Solar System?,C. V. Raman,J. J. Thomson,Isaac Newton,Nicolaus Copernicus,D) Nicolaus Copernicus,"Nicolaus Copernicus proposed the heliocentric model, which placed the Sun, rather than the Earth, at the center of the Solar System.",Scientists,Astronomers
Quiz question: Who is credited with inventing the telephone?,Charles Darwin,Gregor Mendel,Alexander Graham Bell,Alfred Wegener,C) Alexander Graham Bell,Alexander Graham Bell is credited with inventing the first practical telephone in 1876.,Scientists,World Scientists
Who developed the first successful vaccine against rabies?,Jonas Salk,Michael Faraday,Louis Pasteur,Alexander Fleming,C) Louis Pasteur,"Louis Pasteur developed the first successful vaccine against rabies, among his many other contributions to microbiology.",Scientists,Medical Scientists
Who is credited with inventing the telephone?,Jonas Salk,Alexander Graham Bell,Stephen Hawking,Isaac Newton,B) Alexander Graham Bell,Alexander Graham Bell is credited with inventing the first practical telephone in 1876.,Scientists,World Scientists
"Which option correctly answers this: Who was the first woman to win a Nobel Prize, and the only person to win Nobel Prizes in two different sciences?",Louis Pasteur,J. J. Thomson,James Watt,Marie Curie,D) Marie Curie,Marie Curie was the first woman to win a Nobel Prize and remains the only person to win Nobel Prizes in two different scientific fields.,Scientists,Nobel Prize Scientists
Choose the correct answer: Who developed the first successful vaccine against rabies?,Jagadish Chandra Bose,Jonas Salk,J. J. Thomson,Louis Pasteur,D) Louis Pasteur,"Louis Pasteur developed the first successful vaccine against rabies, among his many other contributions to microbiology.",Scientists,Medical Scientists
"Who is known for pioneering research in electricity and magnetism, with the SI unit of capacitance named after him?",Edward Jenner,Jonas Salk,Michael Faraday,Louis Pasteur,C) Michael Faraday,"Michael Faraday made pioneering contributions to the study of electromagnetism, and the SI unit of capacitance, the farad, is named after him.",Scientists,Physicists
"Which option correctly answers this: Who is known for environmental scientific contributions and advocacy that led to a global ban on the pesticide DDT, through her writing?",Rachel Carson,Edward Jenner,Louis Pasteur,Alan Turing,A) Rachel Carson,"Rachel Carson's writing, particularly 'Silent Spring', raised awareness about pesticide dangers and contributed to environmental policy changes, including DDT restrictions.",Scientists,Environmental Scientists
"Who was the first woman to win a Nobel Prize, and the only person to win Nobel Prizes in two different sciences?",Michael Faraday,Alan Turing,Marie Curie,James Watson,C) Marie Curie,Marie Curie was the first woman to win a Nobel Prize and remains the only person to win Nobel Prizes in two different scientific fields.,Scientists,Nobel Prize Scientists
Quiz question: Who invented the World Wide Web?,Edward Jenner,Charles Darwin,Marie Curie (along with Pierre Curie and Henri Becquerel),Tim Berners-Lee,D) Tim Berners-Lee,Tim Berners-Lee invented the World Wide Web in 1989 while working at CERN.,Scientists,Computer Scientists
Quiz question: Who discovered the law of buoyancy while reportedly in a bathtub?,Edward Jenner,Isaac Newton,Archimedes,Albert Einstein,C) Archimedes,"Archimedes is credited with discovering the principle of buoyancy, famously said to have realized it while in his bath.",Scientists,Mathematicians
"Choose the correct answer: Who was the first Indian to win a Nobel Prize in Science, for his work on the scattering of light?",C. V. Raman,Marie Curie (along with Pierre Curie and Henri Becquerel),Dmitri Mendeleev,Alan Turing,A) C. V. Raman,"C. V. Raman won the Nobel Prize in Physics in 1930 for his discovery of the Raman effect, related to the scattering of light.",Scientists,Indian Scientists
Which option correctly answers this: Who developed the periodic table of elements?,Marie Curie,Albert Einstein,Dmitri Mendeleev,Stephen Hawking,C) Dmitri Mendeleev,"Dmitri Mendeleev developed an early version of the periodic table, organizing elements by atomic weight and properties.",Scientists,Chemists
Quiz question: Who developed the theory of general relativity's application in understanding black holes and co-authored influential works on space-time?,Jonas Salk,Stephen Hawking,J. J. Thomson,Aryabhata,B) Stephen Hawking,Stephen Hawking made significant contributions to the understanding of black holes and cosmology within the framework of general relativity.,Scientists,Physicists
"Quiz question: Who was the first woman to win a Nobel Prize, and the only person to win Nobel Prizes in two different sciences?",Marie Curie,Isaac Newton,Jonas Salk,Albert Einstein,A) Marie Curie,Marie Curie was the first woman to win a Nobel Prize and remains the only person to win Nobel Prizes in two different scientific fields.,Scientists,Nobel Prize Scientists
Quiz question: Who developed the mathematical concept of zero as a number and made major contributions to Indian mathematics and astronomy?,Michael Faraday,Alexander Graham Bell,Stephen Hawking,Aryabhata,D) Aryabhata,"Aryabhata, an ancient Indian mathematician and astronomer, made significant contributions to mathematics, including work related to the concept of zero.",Scientists,Mathematicians
"Which option correctly answers this: Who is credited with discovering the structure of DNA, along with Francis Crick?",James Watson,Archimedes,Vikram Sarabhai,Galileo Galilei,A) James Watson,"James Watson, along with Francis Crick, is credited with discovering the double-helix structure of DNA in 1953.",Scientists,Biologists
Who developed the theory of general relativity's application in understanding black holes and co-authored influential works on space-time?,Louis Pasteur,Charles Darwin,Alfred Wegener,Stephen Hawking,D) Stephen Hawking,Stephen Hawking made significant contributions to the understanding of black holes and cosmology within the framework of general relativity.,Scientists,Physicists
Which option correctly answers this: Who developed the polio vaccine widely used in the 1950s?,Alexander Graham Bell,Gregor Mendel,Jonas Salk,Aryabhata,C) Jonas Salk,"Jonas Salk developed one of the first successful and widely used polio vaccines, introduced in 1955.",Scientists,Medical Scientists
"Which option correctly answers this: Who is regarded as a founding figure of modern computer science, known for his work on computation and code-breaking during WWII?",Edward Jenner,Charles Darwin,Alan Turing,Marie Curie (along with Pierre Curie and Henri Becquerel),C) Alan Turing,"Alan Turing is regarded as a founding figure of computer science, known for his theoretical work and code-breaking during World War II.",Scientists,Computer Scientists
"Which Indian scientist is known for his experiments demonstrating that plants have life-like responses, using an instrument called the crescograph?",J. J. Thomson,Isaac Newton,Louis Pasteur,Jagadish Chandra Bose,D) Jagadish Chandra Bose,"Jagadish Chandra Bose conducted pioneering experiments showing life-like responses in plants using his invented instrument, the crescograph.",Scientists,Indian Scientists
"Choose the correct answer: Who was the first Indian to win a Nobel Prize in Science, for his work on the scattering of light?",Isaac Newton,C. V. Raman,Marie Curie,Stephen Hawking,B) C. V. Raman,"C. V. Raman won the Nobel Prize in Physics in 1930 for his discovery of the Raman effect, related to the scattering of light.",Scientists,Indian Scientists
Which option correctly answers this: Who is known for pioneering contributions to genetics through experiments with pea plants?,Alfred Wegener,Homi J. Bhabha,Gregor Mendel,Tim Berners-Lee,C) Gregor Mendel,Gregor Mendel conducted pioneering experiments with pea plants that laid the foundation for the modern science of genetics.,Scientists,Biologists
"Which option correctly answers this: Who is known for pioneering research in electricity and magnetism, with the SI unit of capacitance named after him?",Michael Faraday,Dmitri Mendeleev,Edward Jenner,Tim Berners-Lee,A) Michael Faraday,"Michael Faraday made pioneering contributions to the study of electromagnetism, and the SI unit of capacitance, the farad, is named after him.",Scientists,Physicists
"Which Indian scientist is known for his experiments demonstrating that plants have life-like responses, using an instrument called the crescograph?",Charles Darwin,Alan Turing,James Watt,Jagadish Chandra Bose,D) Jagadish Chandra Bose,"Jagadish Chandra Bose conducted pioneering experiments showing life-like responses in plants using his invented instrument, the crescograph.",Scientists,Indian Scientists
Which option correctly answers this: Who developed the mathematical concept of zero as a number and made major contributions to Indian mathematics and astronomy?,Isaac Newton,Edward Jenner,Aryabhata,Tim Berners-Lee,C) Aryabhata,"Aryabhata, an ancient Indian mathematician and astronomer, made significant contributions to mathematics, including work related to the concept of zero.",Scientists,Mathematicians
Choose the correct answer: Who invented the World Wide Web?,Edward Jenner,Nicolaus Copernicus,Jagadish Chandra Bose,Tim Berners-Lee,D) Tim Berners-Lee,Tim Berners-Lee invented the World Wide Web in 1989 while working at CERN.,Scientists,Computer Scientists
Choose the correct answer: Who is credited with discovering the electron?,Albert Einstein,Stephen Hawking,Michael Faraday,J. J. Thomson,D) J. J. Thomson,"J. J. Thomson is credited with discovering the electron in 1897, a foundational discovery in atomic physics.",Scientists,Physicists
Quiz question: Who developed the first successful vaccine against rabies?,Alan Turing,Louis Pasteur,Gregor Mendel,Alexander Fleming,B) Louis Pasteur,"Louis Pasteur developed the first successful vaccine against rabies, among his many other contributions to microbiology.",Scientists,Medical Scientists
Choose the correct answer: Who developed the polio vaccine widely used in the 1950s?,Jonas Salk,Michael Faraday,Dmitri Mendeleev,Isaac Newton,A) Jonas Salk,"Jonas Salk developed one of the first successful and widely used polio vaccines, introduced in 1955.",Scientists,Medical Scientists
"Quiz question: Who is credited as a pioneer of rocketry and space science in India, associated with early sounding rocket launches?",Alexander Fleming,Stephen Hawking,Vikram Sarabhai,James Watt,C) Vikram Sarabhai,"Vikram Sarabhai pioneered India's early rocketry and space science efforts, leading to the founding of ISRO.",Scientists,Space Scientists
"Which option correctly answers this: Who is credited with discovering the structure of DNA, along with Francis Crick?",Edward Jenner,Jonas Salk,James Watson,Tim Berners-Lee,C) James Watson,"James Watson, along with Francis Crick, is credited with discovering the double-helix structure of DNA in 1953.",Scientists,Biologists
Quiz question: Who is known for developing the theory of continental drift?,Alfred Wegener,Louis Pasteur,Michael Faraday,Marie Curie,A) Alfred Wegener,"Alfred Wegener proposed the theory of continental drift, suggesting that continents were once joined and have since drifted apart.",Scientists,World Scientists
Choose the correct answer: Who discovered the law of buoyancy while reportedly in a bathtub?,Louis Pasteur,James Watt,Archimedes,Aryabhata,C) Archimedes,"Archimedes is credited with discovering the principle of buoyancy, famously said to have realized it while in his bath.",Scientists,Mathematicians
Who is known for developing the theory of continental drift?,Isaac Newton,Michael Faraday,Alfred Wegener,Charles Darwin,C) Alfred Wegener,"Alfred Wegener proposed the theory of continental drift, suggesting that continents were once joined and have since drifted apart.",Scientists,World Scientists
Which option correctly answers this: Who developed the theory of general relativity?,Edward Jenner,Albert Einstein,Tim Berners-Lee,Charles Darwin,B) Albert Einstein,"Albert Einstein developed the theory of general relativity, revolutionizing the understanding of gravity, space, and time.",Scientists,World Scientists
Choose the correct answer: Who developed the mathematical concept of zero as a number and made major contributions to Indian mathematics and astronomy?,Tim Berners-Lee,Aryabhata,Nicolaus Copernicus,Alfred Wegener,B) Aryabhata,"Aryabhata, an ancient Indian mathematician and astronomer, made significant contributions to mathematics, including work related to the concept of zero.",Scientists,Mathematicians
"Who is known for pioneering research in electricity and magnetism, with the SI unit of capacitance named after him?",Michael Faraday,Aryabhata,Rachel Carson,James Watt,A) Michael Faraday,"Michael Faraday made pioneering contributions to the study of electromagnetism, and the SI unit of capacitance, the farad, is named after him.",Scientists,Physicists
"Which option correctly answers this: Who is credited as a pioneer of rocketry and space science in India, associated with early sounding rocket launches?",Homi J. Bhabha,James Watt,Vikram Sarabhai,Dmitri Mendeleev,C) Vikram Sarabhai,"Vikram Sarabhai pioneered India's early rocketry and space science efforts, leading to the founding of ISRO.",Scientists,Space Scientists
Who is known as the father of the Indian space programme?,Gregor Mendel,Archimedes,Stephen Hawking,Vikram Sarabhai,D) Vikram Sarabhai,"Vikram Sarabhai is widely regarded as the father of the Indian space programme, founding what became ISRO.",Scientists,Indian Scientists
Choose the correct answer: Who invented the World Wide Web?,Vikram Sarabhai,Aryabhata,Tim Berners-Lee,Homi J. Bhabha,C) Tim Berners-Lee,Tim Berners-Lee invented the World Wide Web in 1989 while working at CERN.,Scientists,Computer Scientists
Who is known for developing the theory of continental drift?,Rachel Carson,J. J. Thomson,Tim Berners-Lee,Alfred Wegener,D) Alfred Wegener,"Alfred Wegener proposed the theory of continental drift, suggesting that continents were once joined and have since drifted apart.",Scientists,World Scientists
Choose the correct answer: Who is regarded as the father of India's nuclear programme?,Homi J. Bhabha,Isaac Newton,Gregor Mendel,Galileo Galilei,A) Homi J. Bhabha,Homi J. Bhabha is regarded as the father of India's nuclear programme and founded the Tata Institute of Fundamental Research.,Scientists,Indian Scientists
Who is regarded as the father of India's nuclear programme?,Homi J. Bhabha,Dmitri Mendeleev,Rachel Carson,Stephen Hawking,A) Homi J. Bhabha,Homi J. Bhabha is regarded as the father of India's nuclear programme and founded the Tata Institute of Fundamental Research.,Scientists,Indian Scientists
"Choose the correct answer: Who was the first Indian to win a Nobel Prize in Science, for his work on the scattering of light?",Louis Pasteur,Edward Jenner,C. V. Raman,Homi J. Bhabha,C) C. V. Raman,"C. V. Raman won the Nobel Prize in Physics in 1930 for his discovery of the Raman effect, related to the scattering of light.",Scientists,Indian Scientists
"Quiz question: Who is credited as a pioneer of rocketry and space science in India, associated with early sounding rocket launches?",Michael Faraday,Vikram Sarabhai,James Watt,Gregor Mendel,B) Vikram Sarabhai,"Vikram Sarabhai pioneered India's early rocketry and space science efforts, leading to the founding of ISRO.",Scientists,Space Scientists
"Which option correctly answers this: Who discovered radioactivity, sharing a Nobel Prize for the work?",Rachel Carson,Vikram Sarabhai,Edward Jenner,Marie Curie (along with Pierre Curie and Henri Becquerel),D) Marie Curie (along with Pierre Curie and Henri Becquerel),"Marie Curie, along with Pierre Curie and Henri Becquerel, is credited with pioneering research on radioactivity.",Scientists,Women Scientists
Quiz question: Who discovered penicillin?,Alexander Fleming,Vikram Sarabhai,Charles Darwin,J. J. Thomson,A) Alexander Fleming,"Alexander Fleming discovered penicillin in 1928, leading to the development of antibiotics.",Scientists,Medical Scientists
"Quiz question: Who is credited as a pioneer of rocketry and space science in India, associated with early sounding rocket launches?",Louis Pasteur,Jagadish Chandra Bose,Gregor Mendel,Vikram Sarabhai,D) Vikram Sarabhai,"Vikram Sarabhai pioneered India's early rocketry and space science efforts, leading to the founding of ISRO.",Scientists,Space Scientists
Quiz question: Who is credited with inventing the telephone?,Alexander Graham Bell,Edward Jenner,Archimedes,Homi J. Bhabha,A) Alexander Graham Bell,Alexander Graham Bell is credited with inventing the first practical telephone in 1876.,Scientists,World Scientists
Choose the correct answer: Who developed the periodic table of elements?,Jonas Salk,Dmitri Mendeleev,Albert Einstein,James Watt,B) Dmitri Mendeleev,"Dmitri Mendeleev developed an early version of the periodic table, organizing elements by atomic weight and properties.",Scientists,Chemists
Who developed the mathematical concept of zero as a number and made major contributions to Indian mathematics and astronomy?,Gregor Mendel,Aryabhata,Nicolaus Copernicus,Charles Darwin,B) Aryabhata,"Aryabhata, an ancient Indian mathematician and astronomer, made significant contributions to mathematics, including work related to the concept of zero.",Scientists,Mathematicians
"Which option correctly answers this: Who is credited as a pioneer of rocketry and space science in India, associated with early sounding rocket launches?",Alexander Graham Bell,J. J. Thomson,Alexander Fleming,Vikram Sarabhai,D) Vikram Sarabhai,"Vikram Sarabhai pioneered India's early rocketry and space science efforts, leading to the founding of ISRO.",Scientists,Space Scientists
Which option correctly answers this: Who is credited with formulating the laws of motion and universal gravitation?,Dmitri Mendeleev,Isaac Newton,Homi J. Bhabha,Jonas Salk,B) Isaac Newton,"Sir Isaac Newton formulated the laws of motion and the law of universal gravitation, foundational to classical physics.",Scientists,Physicists
"Who developed the smallpox vaccine, a major milestone in the history of immunology?",Edward Jenner,Alan Turing,Charles Darwin,Louis Pasteur,A) Edward Jenner,"Edward Jenner developed the world's first successful smallpox vaccine in the late 18th century, a major milestone in immunology.",Scientists,Medical Scientists
Quiz question: Who is famous for his observations supporting the heliocentric model using an early telescope?,Homi J. Bhabha,Gregor Mendel,Galileo Galilei,C. V. Raman,C) Galileo Galilei,"Galileo Galilei made key astronomical observations using an early telescope, providing evidence supporting the heliocentric model.",Scientists,Astronomers
"Who is regarded as a founding figure of modern computer science, known for his work on computation and code-breaking during WWII?",Alan Turing,Louis Pasteur,Edward Jenner,Alexander Fleming,A) Alan Turing,"Alan Turing is regarded as a founding figure of computer science, known for his theoretical work and code-breaking during World War II.",Scientists,Computer Scientists
Which option correctly answers this: Who is known for developing the theory of continental drift?,Alfred Wegener,Tim Berners-Lee,C. V. Raman,Isaac Newton,A) Alfred Wegener,"Alfred Wegener proposed the theory of continental drift, suggesting that continents were once joined and have since drifted apart.",Scientists,World Scientists
"Choose the correct answer: Who developed the smallpox vaccine, a major milestone in the history of immunology?",Jonas Salk,Stephen Hawking,Michael Faraday,Edward Jenner,D) Edward Jenner,"Edward Jenner developed the world's first successful smallpox vaccine in the late 18th century, a major milestone in immunology.",Scientists,Medical Scientists
Which option correctly answers this: Who developed the first successful vaccine against rabies?,Homi J. Bhabha,Stephen Hawking,Louis Pasteur,Alan Turing,C) Louis Pasteur,"Louis Pasteur developed the first successful vaccine against rabies, among his many other contributions to microbiology.",Scientists,Medical Scientists
Which option correctly answers this: Who is credited with formulating the laws of motion and universal gravitation?,Jonas Salk,Alan Turing,Alexander Fleming,Isaac Newton,D) Isaac Newton,"Sir Isaac Newton formulated the laws of motion and the law of universal gravitation, foundational to classical physics.",Scientists,Physicists
Which option correctly answers this: Who developed the theory of general relativity?,Alexander Fleming,Aryabhata,Albert Einstein,Edward Jenner,C) Albert Einstein,"Albert Einstein developed the theory of general relativity, revolutionizing the understanding of gravity, space, and time.",Scientists,World Scientists
"Choose the correct answer: Who is credited with discovering the structure of DNA, along with Francis Crick?",Galileo Galilei,C. V. Raman,James Watson,Marie Curie,C) James Watson,"James Watson, along with Francis Crick, is credited with discovering the double-helix structure of DNA in 1953.",Scientists,Biologists
"Who discovered radioactivity, sharing a Nobel Prize for the work?",Louis Pasteur,Marie Curie (along with Pierre Curie and Henri Becquerel),Homi J. Bhabha,Albert Einstein,B) Marie Curie (along with Pierre Curie and Henri Becquerel),"Marie Curie, along with Pierre Curie and Henri Becquerel, is credited with pioneering research on radioactivity.",Scientists,Women Scientists
Who developed the polio vaccine widely used in the 1950s?,Louis Pasteur,Edward Jenner,Jonas Salk,Aryabhata,C) Jonas Salk,"Jonas Salk developed one of the first successful and widely used polio vaccines, introduced in 1955.",Scientists,Medical Scientists
Which option correctly answers this: Who invented the World Wide Web?,Vikram Sarabhai,James Watt,James Watson,Tim Berners-Lee,D) Tim Berners-Lee,Tim Berners-Lee invented the World Wide Web in 1989 while working at CERN.,Scientists,Computer Scientists
"Choose the correct answer: Who was the first Indian to win a Nobel Prize in Science, for his work on the scattering of light?",Galileo Galilei,Archimedes,Isaac Newton,C. V. Raman,D) C. V. Raman,"C. V. Raman won the Nobel Prize in Physics in 1930 for his discovery of the Raman effect, related to the scattering of light.",Scientists,Indian Scientists
Quiz question: Who developed the polio vaccine widely used in the 1950s?,Jonas Salk,James Watson,Aryabhata,Homi J. Bhabha,A) Jonas Salk,"Jonas Salk developed one of the first successful and widely used polio vaccines, introduced in 1955.",Scientists,Medical Scientists
"Which option correctly answers this: Who is known for environmental scientific contributions and advocacy that led to a global ban on the pesticide DDT, through her writing?",Alan Turing,James Watson,Isaac Newton,Rachel Carson,D) Rachel Carson,"Rachel Carson's writing, particularly 'Silent Spring', raised awareness about pesticide dangers and contributed to environmental policy changes, including DDT restrictions.",Scientists,Environmental Scientists
Choose the correct answer: Who developed the periodic table of elements?,Archimedes,James Watson,Dmitri Mendeleev,Michael Faraday,C) Dmitri Mendeleev,"Dmitri Mendeleev developed an early version of the periodic table, organizing elements by atomic weight and properties.",Scientists,Chemists
Who is known for developing the theory of continental drift?,Stephen Hawking,Alfred Wegener,Tim Berners-Lee,Isaac Newton,B) Alfred Wegener,"Alfred Wegener proposed the theory of continental drift, suggesting that continents were once joined and have since drifted apart.",Scientists,World Scientists
"Who is known for pioneering research in electricity and magnetism, with the SI unit of capacitance named after him?",Albert Einstein,James Watson,Michael Faraday,Tim Berners-Lee,C) Michael Faraday,"Michael Faraday made pioneering contributions to the study of electromagnetism, and the SI unit of capacitance, the farad, is named after him.",Scientists,Physicists
Quiz question: Who invented the World Wide Web?,Tim Berners-Lee,Isaac Newton,Stephen Hawking,Archimedes,A) Tim Berners-Lee,Tim Berners-Lee invented the World Wide Web in 1989 while working at CERN.,Scientists,Computer Scientists
Choose the correct answer: Who is credited with discovering the electron?,Alexander Fleming,Albert Einstein,J. J. Thomson,Charles Darwin,C) J. J. Thomson,"J. J. Thomson is credited with discovering the electron in 1897, a foundational discovery in atomic physics.",Scientists,Physicists
"Choose the correct answer: Who is regarded as a founding figure of modern computer science, known for his work on computation and code-breaking during WWII?",Alan Turing,Tim Berners-Lee,James Watt,Archimedes,A) Alan Turing,"Alan Turing is regarded as a founding figure of computer science, known for his theoretical work and code-breaking during World War II.",Scientists,Computer Scientists
"Which option correctly answers this: Who developed the smallpox vaccine, a major milestone in the history of immunology?",Albert Einstein,Marie Curie,Isaac Newton,Edward Jenner,D) Edward Jenner,"Edward Jenner developed the world's first successful smallpox vaccine in the late 18th century, a major milestone in immunology.",Scientists,Medical Scientists
Choose the correct answer: Who developed the polio vaccine widely used in the 1950s?,Rachel Carson,Jagadish Chandra Bose,Alexander Fleming,Jonas Salk,D) Jonas Salk,"Jonas Salk developed one of the first successful and widely used polio vaccines, introduced in 1955.",Scientists,Medical Scientists
"Who is credited with discovering the structure of DNA, along with Francis Crick?",James Watson,Dmitri Mendeleev,Marie Curie (along with Pierre Curie and Henri Becquerel),Vikram Sarabhai,A) James Watson,"James Watson, along with Francis Crick, is credited with discovering the double-helix structure of DNA in 1953.",Scientists,Biologists
"Quiz question: Who is credited as a pioneer of rocketry and space science in India, associated with early sounding rocket launches?",Vikram Sarabhai,Isaac Newton,Marie Curie,Rachel Carson,A) Vikram Sarabhai,"Vikram Sarabhai pioneered India's early rocketry and space science efforts, leading to the founding of ISRO.",Scientists,Space Scientists
Quiz question: Who developed the theory of general relativity's application in understanding black holes and co-authored influential works on space-time?,Archimedes,Stephen Hawking,Albert Einstein,Alfred Wegener,B) Stephen Hawking,Stephen Hawking made significant contributions to the understanding of black holes and cosmology within the framework of general relativity.,Scientists,Physicists
Which option correctly answers this: Who developed the mathematical concept of zero as a number and made major contributions to Indian mathematics and astronomy?,James Watson,C. V. Raman,Alexander Graham Bell,Aryabhata,D) Aryabhata,"Aryabhata, an ancient Indian mathematician and astronomer, made significant contributions to mathematics, including work related to the concept of zero.",Scientists,Mathematicians
Who discovered penicillin?,Alexander Graham Bell,Albert Einstein,Alexander Fleming,Alfred Wegener,C) Alexander Fleming,"Alexander Fleming discovered penicillin in 1928, leading to the development of antibiotics.",Scientists,Medical Scientists
Who is known for pioneering contributions to genetics through experiments with pea plants?,Isaac Newton,James Watt,Gregor Mendel,Albert Einstein,C) Gregor Mendel,Gregor Mendel conducted pioneering experiments with pea plants that laid the foundation for the modern science of genetics.,Scientists,Biologists
"Which option correctly answers this: Which Indian scientist is known for his experiments demonstrating that plants have life-like responses, using an instrument called the crescograph?",Rachel Carson,Aryabhata,Jagadish Chandra Bose,Marie Curie,C) Jagadish Chandra Bose,"Jagadish Chandra Bose conducted pioneering experiments showing life-like responses in plants using his invented instrument, the crescograph.",Scientists,Indian Scientists
"Quiz question: Who was the first Indian to win a Nobel Prize in Science, for his work on the scattering of light?",C. V. Raman,Alfred Wegener,Homi J. Bhabha,Marie Curie (along with Pierre Curie and Henri Becquerel),A) C. V. Raman,"C. V. Raman won the Nobel Prize in Physics in 1930 for his discovery of the Raman effect, related to the scattering of light.",Scientists,Indian Scientists
Who proposed the theory of evolution by natural selection?,Vikram Sarabhai,Jagadish Chandra Bose,Charles Darwin,Michael Faraday,C) Charles Darwin,Charles Darwin proposed the theory of evolution by natural selection in his book 'On the Origin of Species'.,Scientists,Biologists
Choose the correct answer: Who is famous for his observations supporting the heliocentric model using an early telescope?,Dmitri Mendeleev,Charles Darwin,Galileo Galilei,Tim Berners-Lee,C) Galileo Galilei,"Galileo Galilei made key astronomical observations using an early telescope, providing evidence supporting the heliocentric model.",Scientists,Astronomers
"Quiz question: Who is credited as a pioneer of rocketry and space science in India, associated with early sounding rocket launches?",Louis Pasteur,Galileo Galilei,Marie Curie,Vikram Sarabhai,D) Vikram Sarabhai,"Vikram Sarabhai pioneered India's early rocketry and space science efforts, leading to the founding of ISRO.",Scientists,Space Scientists
Which option correctly answers this: Who discovered penicillin?,Albert Einstein,Gregor Mendel,Alexander Fleming,Charles Darwin,C) Alexander Fleming,"Alexander Fleming discovered penicillin in 1928, leading to the development of antibiotics.",Scientists,Medical Scientists
Quiz question: Who is known for developing the theory of continental drift?,Jagadish Chandra Bose,Isaac Newton,Alexander Graham Bell,Alfred Wegener,D) Alfred Wegener,"Alfred Wegener proposed the theory of continental drift, suggesting that continents were once joined and have since drifted apart.",Scientists,World Scientists
Which option correctly answers this: Who developed the mathematical concept of zero as a number and made major contributions to Indian mathematics and astronomy?,Aryabhata,J. J. Thomson,Vikram Sarabhai,Rachel Carson,A) Aryabhata,"Aryabhata, an ancient Indian mathematician and astronomer, made significant contributions to mathematics, including work related to the concept of zero.",Scientists,Mathematicians
"Who is credited as a pioneer of rocketry and space science in India, associated with early sounding rocket launches?",James Watson,Vikram Sarabhai,Rachel Carson,Stephen Hawking,B) Vikram Sarabhai,"Vikram Sarabhai pioneered India's early rocketry and space science efforts, leading to the founding of ISRO.",Scientists,Space Scientists
"Quiz question: Who is known for pioneering research in electricity and magnetism, with the SI unit of capacitance named after him?",Jonas Salk,Michael Faraday,Aryabhata,James Watt,B) Michael Faraday,"Michael Faraday made pioneering contributions to the study of electromagnetism, and the SI unit of capacitance, the farad, is named after him.",Scientists,Physicists
Choose the correct answer: Who developed the periodic table of elements?,Jonas Salk,Gregor Mendel,Dmitri Mendeleev,Nicolaus Copernicus,C) Dmitri Mendeleev,"Dmitri Mendeleev developed an early version of the periodic table, organizing elements by atomic weight and properties.",Scientists,Chemists
Who is known for pioneering contributions to genetics through experiments with pea plants?,Charles Darwin,Alfred Wegener,Gregor Mendel,Jagadish Chandra Bose,C) Gregor Mendel,Gregor Mendel conducted pioneering experiments with pea plants that laid the foundation for the modern science of genetics.,Scientists,Biologists
Who is famous for his observations supporting the heliocentric model using an early telescope?,Galileo Galilei,Vikram Sarabhai,Marie Curie,James Watson,A) Galileo Galilei,"Galileo Galilei made key astronomical observations using an early telescope, providing evidence supporting the heliocentric model.",Scientists,Astronomers
"Who is known for environmental scientific contributions and advocacy that led to a global ban on the pesticide DDT, through her writing?",Alan Turing,Rachel Carson,J. J. Thomson,Nicolaus Copernicus,B) Rachel Carson,"Rachel Carson's writing, particularly 'Silent Spring', raised awareness about pesticide dangers and contributed to environmental policy changes, including DDT restrictions.",Scientists,Environmental Scientists
Who is known for pioneering contributions to genetics through experiments with pea plants?,James Watt,J. J. Thomson,Gregor Mendel,Galileo Galilei,C) Gregor Mendel,Gregor Mendel conducted pioneering experiments with pea plants that laid the foundation for the modern science of genetics.,Scientists,Biologists
"Which option correctly answers this: Which Indian scientist is known for his experiments demonstrating that plants have life-like responses, using an instrument called the crescograph?",Charles Darwin,Jonas Salk,Archimedes,Jagadish Chandra Bose,D) Jagadish Chandra Bose,"Jagadish Chandra Bose conducted pioneering experiments showing life-like responses in plants using his invented instrument, the crescograph.",Scientists,Indian Scientists
Quiz question: Who discovered the law of buoyancy while reportedly in a bathtub?,Alfred Wegener,Archimedes,Alan Turing,Stephen Hawking,B) Archimedes,"Archimedes is credited with discovering the principle of buoyancy, famously said to have realized it while in his bath.",Scientists,Mathematicians
Quiz question: Who is famous for his observations supporting the heliocentric model using an early telescope?,Edward Jenner,James Watson,Galileo Galilei,James Watt,C) Galileo Galilei,"Galileo Galilei made key astronomical observations using an early telescope, providing evidence supporting the heliocentric model.",Scientists,Astronomers
Choose the correct answer: Who is known as the father of the Indian space programme?,Vikram Sarabhai,James Watson,Rachel Carson,Alan Turing,A) Vikram Sarabhai,"Vikram Sarabhai is widely regarded as the father of the Indian space programme, founding what became ISRO.",Scientists,Indian Scientists
Who discovered penicillin?,Dmitri Mendeleev,Alexander Fleming,Tim Berners-Lee,Archimedes,B) Alexander Fleming,"Alexander Fleming discovered penicillin in 1928, leading to the development of antibiotics.",Scientists,Medical Scientists
Choose the correct answer: Who is credited with inventing the telephone?,Alexander Graham Bell,J. J. Thomson,C. V. Raman,Charles Darwin,A) Alexander Graham Bell,Alexander Graham Bell is credited with inventing the first practical telephone in 1876.,Scientists,World Scientists
Who developed the mathematical concept of zero as a number and made major contributions to Indian mathematics and astronomy?,Alfred Wegener,Alan Turing,Galileo Galilei,Aryabhata,D) Aryabhata,"Aryabhata, an ancient Indian mathematician and astronomer, made significant contributions to mathematics, including work related to the concept of zero.",Scientists,Mathematicians
Who developed the mathematical concept of zero as a number and made major contributions to Indian mathematics and astronomy?,Alfred Wegener,Dmitri Mendeleev,Rachel Carson,Aryabhata,D) Aryabhata,"Aryabhata, an ancient Indian mathematician and astronomer, made significant contributions to mathematics, including work related to the concept of zero.",Scientists,Mathematicians
Which option correctly answers this: Who is credited with discovering the electron?,Stephen Hawking,Edward Jenner,J. J. Thomson,Louis Pasteur,C) J. J. Thomson,"J. J. Thomson is credited with discovering the electron in 1897, a foundational discovery in atomic physics.",Scientists,Physicists
"Which option correctly answers this: Who is known for environmental scientific contributions and advocacy that led to a global ban on the pesticide DDT, through her writing?",Rachel Carson,James Watson,Isaac Newton,Vikram Sarabhai,A) Rachel Carson,"Rachel Carson's writing, particularly 'Silent Spring', raised awareness about pesticide dangers and contributed to environmental policy changes, including DDT restrictions.",Scientists,Environmental Scientists
"Quiz question: Who is known for pioneering research in electricity and magnetism, with the SI unit of capacitance named after him?",Homi J. Bhabha,Michael Faraday,Gregor Mendel,James Watson,B) Michael Faraday,"Michael Faraday made pioneering contributions to the study of electromagnetism, and the SI unit of capacitance, the farad, is named after him.",Scientists,Physicists
"Quiz question: Who was the first woman to win a Nobel Prize, and the only person to win Nobel Prizes in two different sciences?",Alfred Wegener,Marie Curie,Gregor Mendel,Nicolaus Copernicus,B) Marie Curie,Marie Curie was the first woman to win a Nobel Prize and remains the only person to win Nobel Prizes in two different scientific fields.,Scientists,Nobel Prize Scientists
Quiz question: Who invented the World Wide Web?,James Watt,Isaac Newton,Stephen Hawking,Tim Berners-Lee,D) Tim Berners-Lee,Tim Berners-Lee invented the World Wide Web in 1989 while working at CERN.,Scientists,Computer Scientists
Quiz question: Who developed the periodic table of elements?,Dmitri Mendeleev,James Watt,Jonas Salk,Galileo Galilei,A) Dmitri Mendeleev,"Dmitri Mendeleev developed an early version of the periodic table, organizing elements by atomic weight and properties.",Scientists,Chemists
Who is known for developing the theory of continental drift?,Dmitri Mendeleev,Alfred Wegener,C. V. Raman,Nicolaus Copernicus,B) Alfred Wegener,"Alfred Wegener proposed the theory of continental drift, suggesting that continents were once joined and have since drifted apart.",Scientists,World Scientists
"Quiz question: Who developed the smallpox vaccine, a major milestone in the history of immunology?",Stephen Hawking,Edward Jenner,Marie Curie (along with Pierre Curie and Henri Becquerel),Michael Faraday,B) Edward Jenner,"Edward Jenner developed the world's first successful smallpox vaccine in the late 18th century, a major milestone in immunology.",Scientists,Medical Scientists
Choose the correct answer: Who is regarded as the father of India's nuclear programme?,Alfred Wegener,Nicolaus Copernicus,Marie Curie (along with Pierre Curie and Henri Becquerel),Homi J. Bhabha,D) Homi J. Bhabha,Homi J. Bhabha is regarded as the father of India's nuclear programme and founded the Tata Institute of Fundamental Research.,Scientists,Indian Scientists
Who proposed the theory of evolution by natural selection?,Stephen Hawking,Marie Curie (along with Pierre Curie and Henri Becquerel),J. J. Thomson,Charles Darwin,D) Charles Darwin,Charles Darwin proposed the theory of evolution by natural selection in his book 'On the Origin of Species'.,Scientists,Biologists
"Quiz question: Who discovered radioactivity, sharing a Nobel Prize for the work?",C. V. Raman,Marie Curie (along with Pierre Curie and Henri Becquerel),Archimedes,Marie Curie,B) Marie Curie (along with Pierre Curie and Henri Becquerel),"Marie Curie, along with Pierre Curie and Henri Becquerel, is credited with pioneering research on radioactivity.",Scientists,Women Scientists
Choose the correct answer: Who is credited with inventing the telephone?,Dmitri Mendeleev,Alexander Graham Bell,Stephen Hawking,Nicolaus Copernicus,B) Alexander Graham Bell,Alexander Graham Bell is credited with inventing the first practical telephone in 1876.,Scientists,World Scientists
"Quiz question: Who was the first Indian to win a Nobel Prize in Science, for his work on the scattering of light?",C. V. Raman,Vikram Sarabhai,Dmitri Mendeleev,Edward Jenner,A) C. V. Raman,"C. V. Raman won the Nobel Prize in Physics in 1930 for his discovery of the Raman effect, related to the scattering of light.",Scientists,Indian Scientists
"Choose the correct answer: Who is credited with discovering the structure of DNA, along with Francis Crick?",Albert Einstein,James Watson,Gregor Mendel,Alan Turing,B) James Watson,"James Watson, along with Francis Crick, is credited with discovering the double-helix structure of DNA in 1953.",Scientists,Biologists
Who is famous for his observations supporting the heliocentric model using an early telescope?,Galileo Galilei,Jonas Salk,C. V. Raman,Alan Turing,A) Galileo Galilei,"Galileo Galilei made key astronomical observations using an early telescope, providing evidence supporting the heliocentric model.",Scientists,Astronomers
Who developed the first successful vaccine against rabies?,Dmitri Mendeleev,Edward Jenner,Michael Faraday,Louis Pasteur,D) Louis Pasteur,"Louis Pasteur developed the first successful vaccine against rabies, among his many other contributions to microbiology.",Scientists,Medical Scientists
Quiz question: Who discovered penicillin?,Marie Curie (along with Pierre Curie and Henri Becquerel),Dmitri Mendeleev,Alexander Fleming,Isaac Newton,C) Alexander Fleming,"Alexander Fleming discovered penicillin in 1928, leading to the development of antibiotics.",Scientists,Medical Scientists
Who is famous for his observations supporting the heliocentric model using an early telescope?,C. V. Raman,Galileo Galilei,Nicolaus Copernicus,Alexander Fleming,B) Galileo Galilei,"Galileo Galilei made key astronomical observations using an early telescope, providing evidence supporting the heliocentric model.",Scientists,Astronomers
"Who is regarded as a founding figure of modern computer science, known for his work on computation and code-breaking during WWII?",Alexander Fleming,James Watt,Alan Turing,Rachel Carson,C) Alan Turing,"Alan Turing is regarded as a founding figure of computer science, known for his theoretical work and code-breaking during World War II.",Scientists,Computer Scientists
Who is regarded as the father of India's nuclear programme?,James Watt,Tim Berners-Lee,Marie Curie (along with Pierre Curie and Henri Becquerel),Homi J. Bhabha,D) Homi J. Bhabha,Homi J. Bhabha is regarded as the father of India's nuclear programme and founded the Tata Institute of Fundamental Research.,Scientists,Indian Scientists
Quiz question: Who is credited with developing the first practical steam engine widely used in industry?,Jonas Salk,James Watt,Dmitri Mendeleev,Homi J. Bhabha,B) James Watt,"James Watt significantly improved the steam engine, making it far more efficient and practical for widespread industrial use.",Scientists,World Scientists
Quiz question: Who is regarded as the father of India's nuclear programme?,Jonas Salk,Albert Einstein,Marie Curie (along with Pierre Curie and Henri Becquerel),Homi J. Bhabha,D) Homi J. Bhabha,Homi J. Bhabha is regarded as the father of India's nuclear programme and founded the Tata Institute of Fundamental Research.,Scientists,Indian Scientists
"Which Indian scientist is known for his experiments demonstrating that plants have life-like responses, using an instrument called the crescograph?",C. V. Raman,Albert Einstein,Alexander Graham Bell,Jagadish Chandra Bose,D) Jagadish Chandra Bose,"Jagadish Chandra Bose conducted pioneering experiments showing life-like responses in plants using his invented instrument, the crescograph.",Scientists,Indian Scientists
Quiz question: Who developed the theory of general relativity?,C. V. Raman,Albert Einstein,Dmitri Mendeleev,Alexander Graham Bell,B) Albert Einstein,"Albert Einstein developed the theory of general relativity, revolutionizing the understanding of gravity, space, and time.",Scientists,World Scientists
"Quiz question: Who is credited with discovering the structure of DNA, along with Francis Crick?",Charles Darwin,C. V. Raman,Alan Turing,James Watson,D) James Watson,"James Watson, along with Francis Crick, is credited with discovering the double-helix structure of DNA in 1953.",Scientists,Biologists
"Choose the correct answer: Who was the first Indian to win a Nobel Prize in Science, for his work on the scattering of light?",Gregor Mendel,Vikram Sarabhai,Tim Berners-Lee,C. V. Raman,D) C. V. Raman,"C. V. Raman won the Nobel Prize in Physics in 1930 for his discovery of the Raman effect, related to the scattering of light.",Scientists,Indian Scientists
"Who is credited with discovering the structure of DNA, along with Francis Crick?",Nicolaus Copernicus,Jagadish Chandra Bose,James Watson,Jonas Salk,C) James Watson,"James Watson, along with Francis Crick, is credited with discovering the double-helix structure of DNA in 1953.",Scientists,Biologists
"Choose the correct answer: Who discovered radioactivity, sharing a Nobel Prize for the work?",Galileo Galilei,Stephen Hawking,Marie Curie (along with Pierre Curie and Henri Becquerel),Gregor Mendel,C) Marie Curie (along with Pierre Curie and Henri Becquerel),"Marie Curie, along with Pierre Curie and Henri Becquerel, is credited with pioneering research on radioactivity.",Scientists,Women Scientists
"Quiz question: Who is regarded as a founding figure of modern computer science, known for his work on computation and code-breaking during WWII?",Albert Einstein,Galileo Galilei,Alan Turing,Rachel Carson,C) Alan Turing,"Alan Turing is regarded as a founding figure of computer science, known for his theoretical work and code-breaking during World War II.",Scientists,Computer Scientists
"Who is credited as a pioneer of rocketry and space science in India, associated with early sounding rocket launches?",Marie Curie,Nicolaus Copernicus,Archimedes,Vikram Sarabhai,D) Vikram Sarabhai,"Vikram Sarabhai pioneered India's early rocketry and space science efforts, leading to the founding of ISRO.",Scientists,Space Scientists
Quiz question: Who discovered the law of buoyancy while reportedly in a bathtub?,Charles Darwin,C. V. Raman,Archimedes,Tim Berners-Lee,C) Archimedes,"Archimedes is credited with discovering the principle of buoyancy, famously said to have realized it while in his bath.",Scientists,Mathematicians
"Quiz question: Who was the first Indian to win a Nobel Prize in Science, for his work on the scattering of light?",J. J. Thomson,C. V. Raman,Marie Curie,Isaac Newton,B) C. V. Raman,"C. V. Raman won the Nobel Prize in Physics in 1930 for his discovery of the Raman effect, related to the scattering of light.",Scientists,Indian Scientists
"Quiz question: Who was the first Indian to win a Nobel Prize in Science, for his work on the scattering of light?",James Watt,Jonas Salk,Dmitri Mendeleev,C. V. Raman,D) C. V. Raman,"C. V. Raman won the Nobel Prize in Physics in 1930 for his discovery of the Raman effect, related to the scattering of light.",Scientists,Indian Scientists
"Quiz question: Who developed the smallpox vaccine, a major milestone in the history of immunology?",Dmitri Mendeleev,Jagadish Chandra Bose,Archimedes,Edward Jenner,D) Edward Jenner,"Edward Jenner developed the world's first successful smallpox vaccine in the late 18th century, a major milestone in immunology.",Scientists,Medical Scientists
"Which option correctly answers this: Who developed the smallpox vaccine, a major milestone in the history of immunology?",James Watson,Charles Darwin,Stephen Hawking,Edward Jenner,D) Edward Jenner,"Edward Jenner developed the world's first successful smallpox vaccine in the late 18th century, a major milestone in immunology.",Scientists,Medical Scientists
"Quiz question: Who is regarded as a founding figure of modern computer science, known for his work on computation and code-breaking during WWII?",Archimedes,Alan Turing,Albert Einstein,Jagadish Chandra Bose,B) Alan Turing,"Alan Turing is regarded as a founding figure of computer science, known for his theoretical work and code-breaking during World War II.",Scientists,Computer Scientists
Which option correctly answers this: Who developed the heliocentric model placing the Sun at the center of the Solar System?,Nicolaus Copernicus,Albert Einstein,Alfred Wegener,Vikram Sarabhai,A) Nicolaus Copernicus,"Nicolaus Copernicus proposed the heliocentric model, which placed the Sun, rather than the Earth, at the center of the Solar System.",Scientists,Astronomers
Who is known for pioneering contributions to genetics through experiments with pea plants?,Gregor Mendel,Aryabhata,Albert Einstein,Dmitri Mendeleev,A) Gregor Mendel,Gregor Mendel conducted pioneering experiments with pea plants that laid the foundation for the modern science of genetics.,Scientists,Biologists
Who is famous for his observations supporting the heliocentric model using an early telescope?,J. J. Thomson,C. V. Raman,Gregor Mendel,Galileo Galilei,D) Galileo Galilei,"Galileo Galilei made key astronomical observations using an early telescope, providing evidence supporting the heliocentric model.",Scientists,Astronomers
Choose the correct answer: Who developed the theory of general relativity?,Homi J. Bhabha,Edward Jenner,Albert Einstein,Stephen Hawking,C) Albert Einstein,"Albert Einstein developed the theory of general relativity, revolutionizing the understanding of gravity, space, and time.",Scientists,World Scientists
Quiz question: Who developed the mathematical concept of zero as a number and made major contributions to Indian mathematics and astronomy?,Aryabhata,Michael Faraday,Rachel Carson,James Watt,A) Aryabhata,"Aryabhata, an ancient Indian mathematician and astronomer, made significant contributions to mathematics, including work related to the concept of zero.",Scientists,Mathematicians
Quiz question: Who developed the polio vaccine widely used in the 1950s?,Aryabhata,Jonas Salk,Dmitri Mendeleev,Alan Turing,B) Jonas Salk,"Jonas Salk developed one of the first successful and widely used polio vaccines, introduced in 1955.",Scientists,Medical Scientists
Which option correctly answers this: Who is credited with inventing the telephone?,C. V. Raman,Alexander Graham Bell,Michael Faraday,Gregor Mendel,B) Alexander Graham Bell,Alexander Graham Bell is credited with inventing the first practical telephone in 1876.,Scientists,World Scientists
"Quiz question: Who is regarded as a founding figure of modern computer science, known for his work on computation and code-breaking during WWII?",Alan Turing,Rachel Carson,Charles Darwin,J. J. Thomson,A) Alan Turing,"Alan Turing is regarded as a founding figure of computer science, known for his theoretical work and code-breaking during World War II.",Scientists,Computer Scientists
Which option correctly answers this: Who is known for pioneering contributions to genetics through experiments with pea plants?,J. J. Thomson,Nicolaus Copernicus,Gregor Mendel,Galileo Galilei,C) Gregor Mendel,Gregor Mendel conducted pioneering experiments with pea plants that laid the foundation for the modern science of genetics.,Scientists,Biologists
"Who developed the smallpox vaccine, a major milestone in the history of immunology?",Vikram Sarabhai,Edward Jenner,Alexander Fleming,Aryabhata,B) Edward Jenner,"Edward Jenner developed the world's first successful smallpox vaccine in the late 18th century, a major milestone in immunology.",Scientists,Medical Scientists
Which option correctly answers this: Who developed the theory of general relativity's application in understanding black holes and co-authored influential works on space-time?,Isaac Newton,Stephen Hawking,Jonas Salk,Galileo Galilei,B) Stephen Hawking,Stephen Hawking made significant contributions to the understanding of black holes and cosmology within the framework of general relativity.,Scientists,Physicists
Who discovered the law of buoyancy while reportedly in a bathtub?,Galileo Galilei,C. V. Raman,Archimedes,Dmitri Mendeleev,C) Archimedes,"Archimedes is credited with discovering the principle of buoyancy, famously said to have realized it while in his bath.",Scientists,Mathematicians
Choose the correct answer: Who is regarded as the father of India's nuclear programme?,Homi J. Bhabha,Louis Pasteur,Gregor Mendel,James Watson,A) Homi J. Bhabha,Homi J. Bhabha is regarded as the father of India's nuclear programme and founded the Tata Institute of Fundamental Research.,Scientists,Indian Scientists
Quiz question: Who developed the mathematical concept of zero as a number and made major contributions to Indian mathematics and astronomy?,J. J. Thomson,Dmitri Mendeleev,Aryabhata,Gregor Mendel,C) Aryabhata,"Aryabhata, an ancient Indian mathematician and astronomer, made significant contributions to mathematics, including work related to the concept of zero.",Scientists,Mathematicians
Choose the correct answer: Who invented the World Wide Web?,Alan Turing,Isaac Newton,Tim Berners-Lee,Alfred Wegener,C) Tim Berners-Lee,Tim Berners-Lee invented the World Wide Web in 1989 while working at CERN.,Scientists,Computer Scientists
Which option correctly answers this: Who developed the mathematical concept of zero as a number and made major contributions to Indian mathematics and astronomy?,Edward Jenner,Aryabhata,Charles Darwin,J. J. Thomson,B) Aryabhata,"Aryabhata, an ancient Indian mathematician and astronomer, made significant contributions to mathematics, including work related to the concept of zero.",Scientists,Mathematicians
Choose the correct answer: Who developed the heliocentric model placing the Sun at the center of the Solar System?,Archimedes,Dmitri Mendeleev,Nicolaus Copernicus,Marie Curie (along with Pierre Curie and Henri Becquerel),C) Nicolaus Copernicus,"Nicolaus Copernicus proposed the heliocentric model, which placed the Sun, rather than the Earth, at the center of the Solar System.",Scientists,Astronomers
Choose the correct answer: Who invented the World Wide Web?,Alan Turing,Alexander Graham Bell,Isaac Newton,Tim Berners-Lee,D) Tim Berners-Lee,Tim Berners-Lee invented the World Wide Web in 1989 while working at CERN.,Scientists,Computer Scientists
Choose the correct answer: Who developed the first successful vaccine against rabies?,Louis Pasteur,Homi J. Bhabha,Nicolaus Copernicus,Dmitri Mendeleev,A) Louis Pasteur,"Louis Pasteur developed the first successful vaccine against rabies, among his many other contributions to microbiology.",Scientists,Medical Scientists
Who developed the theory of general relativity?,Albert Einstein,Homi J. Bhabha,Edward Jenner,Charles Darwin,A) Albert Einstein,"Albert Einstein developed the theory of general relativity, revolutionizing the understanding of gravity, space, and time.",Scientists,World Scientists
Choose the correct answer: Who developed the first successful vaccine against rabies?,Albert Einstein,Louis Pasteur,Alexander Graham Bell,Stephen Hawking,B) Louis Pasteur,"Louis Pasteur developed the first successful vaccine against rabies, among his many other contributions to microbiology.",Scientists,Medical Scientists
Quiz question: Who developed the heliocentric model placing the Sun at the center of the Solar System?,Aryabhata,Marie Curie,Nicolaus Copernicus,Jonas Salk,C) Nicolaus Copernicus,"Nicolaus Copernicus proposed the heliocentric model, which placed the Sun, rather than the Earth, at the center of the Solar System.",Scientists,Astronomers
"Who is regarded as a founding figure of modern computer science, known for his work on computation and code-breaking during WWII?",C. V. Raman,Edward Jenner,Homi J. Bhabha,Alan Turing,D) Alan Turing,"Alan Turing is regarded as a founding figure of computer science, known for his theoretical work and code-breaking during World War II.",Scientists,Computer Scientists
Choose the correct answer: Who discovered the law of buoyancy while reportedly in a bathtub?,Louis Pasteur,Alfred Wegener,Charles Darwin,Archimedes,D) Archimedes,"Archimedes is credited with discovering the principle of buoyancy, famously said to have realized it while in his bath.",Scientists,Mathematicians
Which option correctly answers this: Who developed the first successful vaccine against rabies?,Alfred Wegener,Gregor Mendel,Marie Curie (along with Pierre Curie and Henri Becquerel),Louis Pasteur,D) Louis Pasteur,"Louis Pasteur developed the first successful vaccine against rabies, among his many other contributions to microbiology.",Scientists,Medical Scientists
Quiz question: Who developed the periodic table of elements?,Dmitri Mendeleev,James Watt,Jagadish Chandra Bose,Stephen Hawking,A) Dmitri Mendeleev,"Dmitri Mendeleev developed an early version of the periodic table, organizing elements by atomic weight and properties.",Scientists,Chemists
Which option correctly answers this: Who is regarded as the father of India's nuclear programme?,James Watt,Vikram Sarabhai,James Watson,Homi J. Bhabha,D) Homi J. Bhabha,Homi J. Bhabha is regarded as the father of India's nuclear programme and founded the Tata Institute of Fundamental Research.,Scientists,Indian Scientists
"Choose the correct answer: Who developed the smallpox vaccine, a major milestone in the history of immunology?",Edward Jenner,Nicolaus Copernicus,Alfred Wegener,Aryabhata,A) Edward Jenner,"Edward Jenner developed the world's first successful smallpox vaccine in the late 18th century, a major milestone in immunology.",Scientists,Medical Scientists
Who is credited with formulating the laws of motion and universal gravitation?,Rachel Carson,Edward Jenner,Isaac Newton,Charles Darwin,C) Isaac Newton,"Sir Isaac Newton formulated the laws of motion and the law of universal gravitation, foundational to classical physics.",Scientists,Physicists
Quiz question: Who is known as the father of the Indian space programme?,Vikram Sarabhai,Louis Pasteur,Aryabhata,Marie Curie (along with Pierre Curie and Henri Becquerel),A) Vikram Sarabhai,"Vikram Sarabhai is widely regarded as the father of the Indian space programme, founding what became ISRO.",Scientists,Indian Scientists
Choose the correct answer: Who discovered the law of buoyancy while reportedly in a bathtub?,Archimedes,Jonas Salk,Aryabhata,Albert Einstein,A) Archimedes,"Archimedes is credited with discovering the principle of buoyancy, famously said to have realized it while in his bath.",Scientists,Mathematicians
Quiz question: Who is famous for his observations supporting the heliocentric model using an early telescope?,J. J. Thomson,C. V. Raman,Galileo Galilei,Alfred Wegener,C) Galileo Galilei,"Galileo Galilei made key astronomical observations using an early telescope, providing evidence supporting the heliocentric model.",Scientists,Astronomers
"Which option correctly answers this: Which Indian scientist is known for his experiments demonstrating that plants have life-like responses, using an instrument called the crescograph?",Jagadish Chandra Bose,C. V. Raman,Charles Darwin,Alexander Graham Bell,A) Jagadish Chandra Bose,"Jagadish Chandra Bose conducted pioneering experiments showing life-like responses in plants using his invented instrument, the crescograph.",Scientists,Indian Scientists
Which option correctly answers this: Who is known as the father of the Indian space programme?,Louis Pasteur,Vikram Sarabhai,Archimedes,Stephen Hawking,B) Vikram Sarabhai,"Vikram Sarabhai is widely regarded as the father of the Indian space programme, founding what became ISRO.",Scientists,Indian Scientists
Who developed the mathematical concept of zero as a number and made major contributions to Indian mathematics and astronomy?,Tim Berners-Lee,Alexander Graham Bell,Aryabhata,James Watson,C) Aryabhata,"Aryabhata, an ancient Indian mathematician and astronomer, made significant contributions to mathematics, including work related to the concept of zero.",Scientists,Mathematicians
"Quiz question: Who is known for pioneering research in electricity and magnetism, with the SI unit of capacitance named after him?",Dmitri Mendeleev,Michael Faraday,Homi J. Bhabha,Vikram Sarabhai,B) Michael Faraday,"Michael Faraday made pioneering contributions to the study of electromagnetism, and the SI unit of capacitance, the farad, is named after him.",Scientists,Physicists
"Quiz question: Who was the first woman to win a Nobel Prize, and the only person to win Nobel Prizes in two different sciences?",Galileo Galilei,James Watson,Homi J. Bhabha,Marie Curie,D) Marie Curie,Marie Curie was the first woman to win a Nobel Prize and remains the only person to win Nobel Prizes in two different scientific fields.,Scientists,Nobel Prize Scientists
Choose the correct answer: Who is credited with formulating the laws of motion and universal gravitation?,Alexander Fleming,Michael Faraday,Isaac Newton,Alan Turing,C) Isaac Newton,"Sir Isaac Newton formulated the laws of motion and the law of universal gravitation, foundational to classical physics.",Scientists,Physicists
"Who is regarded as a founding figure of modern computer science, known for his work on computation and code-breaking during WWII?",Alan Turing,Louis Pasteur,Michael Faraday,Alexander Fleming,A) Alan Turing,"Alan Turing is regarded as a founding figure of computer science, known for his theoretical work and code-breaking during World War II.",Scientists,Computer Scientists
"Which option correctly answers this: Who is credited as a pioneer of rocketry and space science in India, associated with early sounding rocket launches?",Homi J. Bhabha,Alfred Wegener,Alexander Fleming,Vikram Sarabhai,D) Vikram Sarabhai,"Vikram Sarabhai pioneered India's early rocketry and space science efforts, leading to the founding of ISRO.",Scientists,Space Scientists
Choose the correct answer: Who developed the theory of general relativity's application in understanding black holes and co-authored influential works on space-time?,Jagadish Chandra Bose,Stephen Hawking,Isaac Newton,Dmitri Mendeleev,B) Stephen Hawking,Stephen Hawking made significant contributions to the understanding of black holes and cosmology within the framework of general relativity.,Scientists,Physicists
Which option correctly answers this: Who developed the first successful vaccine against rabies?,Stephen Hawking,Louis Pasteur,Vikram Sarabhai,Gregor Mendel,B) Louis Pasteur,"Louis Pasteur developed the first successful vaccine against rabies, among his many other contributions to microbiology.",Scientists,Medical Scientists
Who developed the polio vaccine widely used in the 1950s?,James Watson,Jonas Salk,Rachel Carson,Stephen Hawking,B) Jonas Salk,"Jonas Salk developed one of the first successful and widely used polio vaccines, introduced in 1955.",Scientists,Medical Scientists
Choose the correct answer: Who developed the theory of general relativity's application in understanding black holes and co-authored influential works on space-time?,Isaac Newton,Stephen Hawking,Alexander Graham Bell,Galileo Galilei,B) Stephen Hawking,Stephen Hawking made significant contributions to the understanding of black holes and cosmology within the framework of general relativity.,Scientists,Physicists
Quiz question: Who developed the theory of general relativity?,Michael Faraday,Alexander Fleming,Edward Jenner,Albert Einstein,D) Albert Einstein,"Albert Einstein developed the theory of general relativity, revolutionizing the understanding of gravity, space, and time.",Scientists,World Scientists
"Who developed the smallpox vaccine, a major milestone in the history of immunology?",Edward Jenner,James Watt,C. V. Raman,Alfred Wegener,A) Edward Jenner,"Edward Jenner developed the world's first successful smallpox vaccine in the late 18th century, a major milestone in immunology.",Scientists,Medical Scientists
"Quiz question: Who is known for pioneering research in electricity and magnetism, with the SI unit of capacitance named after him?",Edward Jenner,Alan Turing,Alexander Fleming,Michael Faraday,D) Michael Faraday,"Michael Faraday made pioneering contributions to the study of electromagnetism, and the SI unit of capacitance, the farad, is named after him.",Scientists,Physicists
Quiz question: Who developed the theory of general relativity?,Charles Darwin,Louis Pasteur,Albert Einstein,Gregor Mendel,C) Albert Einstein,"Albert Einstein developed the theory of general relativity, revolutionizing the understanding of gravity, space, and time.",Scientists,World Scientists
"Which option correctly answers this: Who discovered radioactivity, sharing a Nobel Prize for the work?",Edward Jenner,Marie Curie (along with Pierre Curie and Henri Becquerel),Alexander Fleming,Jagadish Chandra Bose,B) Marie Curie (along with Pierre Curie and Henri Becquerel),"Marie Curie, along with Pierre Curie and Henri Becquerel, is credited with pioneering research on radioactivity.",Scientists,Women Scientists
Which option correctly answers this: Who is credited with discovering the electron?,J. J. Thomson,Archimedes,Nicolaus Copernicus,Alexander Fleming,A) J. J. Thomson,"J. J. Thomson is credited with discovering the electron in 1897, a foundational discovery in atomic physics.",Scientists,Physicists
Quiz question: Who is credited with inventing the telephone?,Alexander Graham Bell,Charles Darwin,James Watt,Albert Einstein,A) Alexander Graham Bell,Alexander Graham Bell is credited with inventing the first practical telephone in 1876.,Scientists,World Scientists
Choose the correct answer: Who proposed the theory of evolution by natural selection?,Alexander Fleming,Galileo Galilei,Charles Darwin,Archimedes,C) Charles Darwin,Charles Darwin proposed the theory of evolution by natural selection in his book 'On the Origin of Species'.,Scientists,Biologists
Who is credited with developing the first practical steam engine widely used in industry?,Jagadish Chandra Bose,Aryabhata,C. V. Raman,James Watt,D) James Watt,"James Watt significantly improved the steam engine, making it far more efficient and practical for widespread industrial use.",Scientists,World Scientists
Which option correctly answers this: Who is famous for his observations supporting the heliocentric model using an early telescope?,Albert Einstein,Isaac Newton,Galileo Galilei,Jonas Salk,C) Galileo Galilei,"Galileo Galilei made key astronomical observations using an early telescope, providing evidence supporting the heliocentric model.",Scientists,Astronomers
Quiz question: Who developed the polio vaccine widely used in the 1950s?,Jonas Salk,Vikram Sarabhai,Nicolaus Copernicus,Rachel Carson,A) Jonas Salk,"Jonas Salk developed one of the first successful and widely used polio vaccines, introduced in 1955.",Scientists,Medical Scientists
Quiz question: Who developed the first successful vaccine against rabies?,Galileo Galilei,Jonas Salk,Alexander Graham Bell,Louis Pasteur,D) Louis Pasteur,"Louis Pasteur developed the first successful vaccine against rabies, among his many other contributions to microbiology.",Scientists,Medical Scientists
Who developed the theory of general relativity?,Marie Curie (along with Pierre Curie and Henri Becquerel),Michael Faraday,Jagadish Chandra Bose,Albert Einstein,D) Albert Einstein,"Albert Einstein developed the theory of general relativity, revolutionizing the understanding of gravity, space, and time.",Scientists,World Scientists
Who is credited with developing the first practical steam engine widely used in industry?,Tim Berners-Lee,Rachel Carson,James Watt,Marie Curie,C) James Watt,"James Watt significantly improved the steam engine, making it far more efficient and practical for widespread industrial use.",Scientists,World Scientists
"Who was the first woman to win a Nobel Prize, and the only person to win Nobel Prizes in two different sciences?",Albert Einstein,Archimedes,Rachel Carson,Marie Curie,D) Marie Curie,Marie Curie was the first woman to win a Nobel Prize and remains the only person to win Nobel Prizes in two different scientific fields.,Scientists,Nobel Prize Scientists
Choose the correct answer: Who developed the heliocentric model placing the Sun at the center of the Solar System?,Marie Curie (along with Pierre Curie and Henri Becquerel),Nicolaus Copernicus,Alfred Wegener,Edward Jenner,B) Nicolaus Copernicus,"Nicolaus Copernicus proposed the heliocentric model, which placed the Sun, rather than the Earth, at the center of the Solar System.",Scientists,Astronomers
Which option correctly answers this: Who developed the periodic table of elements?,Dmitri Mendeleev,Vikram Sarabhai,James Watson,James Watt,A) Dmitri Mendeleev,"Dmitri Mendeleev developed an early version of the periodic table, organizing elements by atomic weight and properties.",Scientists,Chemists
Quiz question: Who developed the heliocentric model placing the Sun at the center of the Solar System?,Galileo Galilei,Nicolaus Copernicus,Archimedes,Louis Pasteur,B) Nicolaus Copernicus,"Nicolaus Copernicus proposed the heliocentric model, which placed the Sun, rather than the Earth, at the center of the Solar System.",Scientists,Astronomers
"Who was the first Indian to win a Nobel Prize in Science, for his work on the scattering of light?",Alexander Fleming,C. V. Raman,Alexander Graham Bell,Marie Curie,B) C. V. Raman,"C. V. Raman won the Nobel Prize in Physics in 1930 for his discovery of the Raman effect, related to the scattering of light.",Scientists,Indian Scientists
"Which option correctly answers this: Who is credited with discovering the structure of DNA, along with Francis Crick?",James Watson,Michael Faraday,Alexander Fleming,Vikram Sarabhai,A) James Watson,"James Watson, along with Francis Crick, is credited with discovering the double-helix structure of DNA in 1953.",Scientists,Biologists
"Which option correctly answers this: Who was the first Indian to win a Nobel Prize in Science, for his work on the scattering of light?",Archimedes,Jonas Salk,Galileo Galilei,C. V. Raman,D) C. V. Raman,"C. V. Raman won the Nobel Prize in Physics in 1930 for his discovery of the Raman effect, related to the scattering of light.",Scientists,Indian Scientists
"Who is known for pioneering research in electricity and magnetism, with the SI unit of capacitance named after him?",Michael Faraday,Vikram Sarabhai,Louis Pasteur,James Watt,A) Michael Faraday,"Michael Faraday made pioneering contributions to the study of electromagnetism, and the SI unit of capacitance, the farad, is named after him.",Scientists,Physicists
Which option correctly answers this: Who is known for developing the theory of continental drift?,Aryabhata,Albert Einstein,Alfred Wegener,James Watt,C) Alfred Wegener,"Alfred Wegener proposed the theory of continental drift, suggesting that continents were once joined and have since drifted apart.",Scientists,World Scientists
Quiz question: Who is credited with developing the first practical steam engine widely used in industry?,James Watt,Charles Darwin,Louis Pasteur,Alan Turing,A) James Watt,"James Watt significantly improved the steam engine, making it far more efficient and practical for widespread industrial use.",Scientists,World Scientists
Who is credited with developing the first practical steam engine widely used in industry?,Charles Darwin,James Watt,Marie Curie,Tim Berners-Lee,B) James Watt,"James Watt significantly improved the steam engine, making it far more efficient and practical for widespread industrial use.",Scientists,World Scientists
Choose the correct answer: Who is credited with inventing the telephone?,C. V. Raman,Marie Curie,James Watson,Alexander Graham Bell,D) Alexander Graham Bell,Alexander Graham Bell is credited with inventing the first practical telephone in 1876.,Scientists,World Scientists
Choose the correct answer: Who is credited with discovering the electron?,J. J. Thomson,Rachel Carson,James Watt,Marie Curie (along with Pierre Curie and Henri Becquerel),A) J. J. Thomson,"J. J. Thomson is credited with discovering the electron in 1897, a foundational discovery in atomic physics.",Scientists,Physicists
Which option correctly answers this: Who proposed the theory of evolution by natural selection?,Alexander Fleming,Charles Darwin,Albert Einstein,Edward Jenner,B) Charles Darwin,Charles Darwin proposed the theory of evolution by natural selection in his book 'On the Origin of Species'.,Scientists,Biologists
"Quiz question: Which Indian scientist is known for his experiments demonstrating that plants have life-like responses, using an instrument called the crescograph?",Jagadish Chandra Bose,Alfred Wegener,Gregor Mendel,Michael Faraday,A) Jagadish Chandra Bose,"Jagadish Chandra Bose conducted pioneering experiments showing life-like responses in plants using his invented instrument, the crescograph.",Scientists,Indian Scientists
"Which option correctly answers this: Who is credited as a pioneer of rocketry and space science in India, associated with early sounding rocket launches?",Homi J. Bhabha,Dmitri Mendeleev,Edward Jenner,Vikram Sarabhai,D) Vikram Sarabhai,"Vikram Sarabhai pioneered India's early rocketry and space science efforts, leading to the founding of ISRO.",Scientists,Space Scientists
Who is known for pioneering contributions to genetics through experiments with pea plants?,Alfred Wegener,Aryabhata,Gregor Mendel,Marie Curie (along with Pierre Curie and Henri Becquerel),C) Gregor Mendel,Gregor Mendel conducted pioneering experiments with pea plants that laid the foundation for the modern science of genetics.,Scientists,Biologists
Who invented the World Wide Web?,Dmitri Mendeleev,James Watson,Tim Berners-Lee,Marie Curie,C) Tim Berners-Lee,Tim Berners-Lee invented the World Wide Web in 1989 while working at CERN.,Scientists,Computer Scientists
"Which option correctly answers this: Who is known for pioneering research in electricity and magnetism, with the SI unit of capacitance named after him?",James Watson,Michael Faraday,Charles Darwin,Gregor Mendel,B) Michael Faraday,"Michael Faraday made pioneering contributions to the study of electromagnetism, and the SI unit of capacitance, the farad, is named after him.",Scientists,Physicists
Choose the correct answer: Who is credited with formulating the laws of motion and universal gravitation?,Louis Pasteur,Isaac Newton,Michael Faraday,Marie Curie (along with Pierre Curie and Henri Becquerel),B) Isaac Newton,"Sir Isaac Newton formulated the laws of motion and the law of universal gravitation, foundational to classical physics.",Scientists,Physicists
Quiz question: Who is credited with discovering the electron?,Nicolaus Copernicus,J. J. Thomson,Alexander Graham Bell,James Watson,B) J. J. Thomson,"J. J. Thomson is credited with discovering the electron in 1897, a foundational discovery in atomic physics.",Scientists,Physicists
"Which option correctly answers this: Which Indian scientist is known for his experiments demonstrating that plants have life-like responses, using an instrument called the crescograph?",Gregor Mendel,Jagadish Chandra Bose,Michael Faraday,Marie Curie (along with Pierre Curie and Henri Becquerel),B) Jagadish Chandra Bose,"Jagadish Chandra Bose conducted pioneering experiments showing life-like responses in plants using his invented instrument, the crescograph.",Scientists,Indian Scientists
"Which option correctly answers this: Who is known for environmental scientific contributions and advocacy that led to a global ban on the pesticide DDT, through her writing?",J. J. Thomson,Isaac Newton,Rachel Carson,Jagadish Chandra Bose,C) Rachel Carson,"Rachel Carson's writing, particularly 'Silent Spring', raised awareness about pesticide dangers and contributed to environmental policy changes, including DDT restrictions.",Scientists,Environmental Scientists
Choose the correct answer: Who proposed the theory of evolution by natural selection?,Alexander Fleming,Rachel Carson,Charles Darwin,Vikram Sarabhai,C) Charles Darwin,Charles Darwin proposed the theory of evolution by natural selection in his book 'On the Origin of Species'.,Scientists,Biologists
Who developed the mathematical concept of zero as a number and made major contributions to Indian mathematics and astronomy?,Albert Einstein,Aryabhata,J. J. Thomson,James Watson,B) Aryabhata,"Aryabhata, an ancient Indian mathematician and astronomer, made significant contributions to mathematics, including work related to the concept of zero.",Scientists,Mathematicians
Choose the correct answer: Who is credited with developing the first practical steam engine widely used in industry?,James Watt,Dmitri Mendeleev,Aryabhata,Isaac Newton,A) James Watt,"James Watt significantly improved the steam engine, making it far more efficient and practical for widespread industrial use.",Scientists,World Scientists
Who is known for pioneering contributions to genetics through experiments with pea plants?,Gregor Mendel,J. J. Thomson,Galileo Galilei,Charles Darwin,A) Gregor Mendel,Gregor Mendel conducted pioneering experiments with pea plants that laid the foundation for the modern science of genetics.,Scientists,Biologists
"Which option correctly answers this: Who is credited as a pioneer of rocketry and space science in India, associated with early sounding rocket launches?",Edward Jenner,Vikram Sarabhai,Alan Turing,Rachel Carson,B) Vikram Sarabhai,"Vikram Sarabhai pioneered India's early rocketry and space science efforts, leading to the founding of ISRO.",Scientists,Space Scientists
Quiz question: Who developed the mathematical concept of zero as a number and made major contributions to Indian mathematics and astronomy?,C. V. Raman,Gregor Mendel,Aryabhata,Vikram Sarabhai,C) Aryabhata,"Aryabhata, an ancient Indian mathematician and astronomer, made significant contributions to mathematics, including work related to the concept of zero.",Scientists,Mathematicians
"Quiz question: Who is known for environmental scientific contributions and advocacy that led to a global ban on the pesticide DDT, through her writing?",Alexander Graham Bell,C. V. Raman,Alfred Wegener,Rachel Carson,D) Rachel Carson,"Rachel Carson's writing, particularly 'Silent Spring', raised awareness about pesticide dangers and contributed to environmental policy changes, including DDT restrictions.",Scientists,Environmental Scientists
"Which option correctly answers this: Who developed the smallpox vaccine, a major milestone in the history of immunology?",James Watt,Edward Jenner,Galileo Galilei,Jonas Salk,B) Edward Jenner,"Edward Jenner developed the world's first successful smallpox vaccine in the late 18th century, a major milestone in immunology.",Scientists,Medical Scientists
"Quiz question: Who is known for pioneering research in electricity and magnetism, with the SI unit of capacitance named after him?",Dmitri Mendeleev,Albert Einstein,James Watson,Michael Faraday,D) Michael Faraday,"Michael Faraday made pioneering contributions to the study of electromagnetism, and the SI unit of capacitance, the farad, is named after him.",Scientists,Physicists
Which option correctly answers this: Who discovered penicillin?,Alfred Wegener,Alexander Fleming,Charles Darwin,Jagadish Chandra Bose,B) Alexander Fleming,"Alexander Fleming discovered penicillin in 1928, leading to the development of antibiotics.",Scientists,Medical Scientists
Which option correctly answers this: Who developed the mathematical concept of zero as a number and made major contributions to Indian mathematics and astronomy?,Alan Turing,Jonas Salk,Louis Pasteur,Aryabhata,D) Aryabhata,"Aryabhata, an ancient Indian mathematician and astronomer, made significant contributions to mathematics, including work related to the concept of zero.",Scientists,Mathematicians
"Who was the first woman to win a Nobel Prize, and the only person to win Nobel Prizes in two different sciences?",Marie Curie,James Watt,Alexander Graham Bell,C. V. Raman,A) Marie Curie,Marie Curie was the first woman to win a Nobel Prize and remains the only person to win Nobel Prizes in two different scientific fields.,Scientists,Nobel Prize Scientists
Who is known as the father of the Indian space programme?,Jagadish Chandra Bose,Jonas Salk,Alfred Wegener,Vikram Sarabhai,D) Vikram Sarabhai,"Vikram Sarabhai is widely regarded as the father of the Indian space programme, founding what became ISRO.",Scientists,Indian Scientists
Which option correctly answers this: Who discovered the law of buoyancy while reportedly in a bathtub?,Stephen Hawking,Michael Faraday,Archimedes,Alan Turing,C) Archimedes,"Archimedes is credited with discovering the principle of buoyancy, famously said to have realized it while in his bath.",Scientists,Mathematicians
Which option correctly answers this: Who is credited with developing the first practical steam engine widely used in industry?,Gregor Mendel,James Watt,Rachel Carson,Aryabhata,B) James Watt,"James Watt significantly improved the steam engine, making it far more efficient and practical for widespread industrial use.",Scientists,World Scientists
Which option correctly answers this: Who is known for pioneering contributions to genetics through experiments with pea plants?,Alexander Graham Bell,Aryabhata,Gregor Mendel,Dmitri Mendeleev,C) Gregor Mendel,Gregor Mendel conducted pioneering experiments with pea plants that laid the foundation for the modern science of genetics.,Scientists,Biologists
Quiz question: Who is credited with formulating the laws of motion and universal gravitation?,Aryabhata,Homi J. Bhabha,Jonas Salk,Isaac Newton,D) Isaac Newton,"Sir Isaac Newton formulated the laws of motion and the law of universal gravitation, foundational to classical physics.",Scientists,Physicists
"Choose the correct answer: Who discovered radioactivity, sharing a Nobel Prize for the work?",Alexander Graham Bell,Marie Curie (along with Pierre Curie and Henri Becquerel),Louis Pasteur,Vikram Sarabhai,B) Marie Curie (along with Pierre Curie and Henri Becquerel),"Marie Curie, along with Pierre Curie and Henri Becquerel, is credited with pioneering research on radioactivity.",Scientists,Women Scientists
Choose the correct answer: Who developed the polio vaccine widely used in the 1950s?,Jonas Salk,Archimedes,C. V. Raman,Stephen Hawking,A) Jonas Salk,"Jonas Salk developed one of the first successful and widely used polio vaccines, introduced in 1955.",Scientists,Medical Scientists
"Who was the first Indian to win a Nobel Prize in Science, for his work on the scattering of light?",C. V. Raman,Archimedes,Isaac Newton,Louis Pasteur,A) C. V. Raman,"C. V. Raman won the Nobel Prize in Physics in 1930 for his discovery of the Raman effect, related to the scattering of light.",Scientists,Indian Scientists
Who is credited with inventing the telephone?,Nicolaus Copernicus,Alexander Graham Bell,Alfred Wegener,Charles Darwin,B) Alexander Graham Bell,Alexander Graham Bell is credited with inventing the first practical telephone in 1876.,Scientists,World Scientists
Who developed the heliocentric model placing the Sun at the center of the Solar System?,Archimedes,Michael Faraday,Nicolaus Copernicus,Rachel Carson,C) Nicolaus Copernicus,"Nicolaus Copernicus proposed the heliocentric model, which placed the Sun, rather than the Earth, at the center of the Solar System.",Scientists,Astronomers
Choose the correct answer: Who is credited with discovering the electron?,Homi J. Bhabha,J. J. Thomson,James Watt,Edward Jenner,B) J. J. Thomson,"J. J. Thomson is credited with discovering the electron in 1897, a foundational discovery in atomic physics.",Scientists,Physicists
Quiz question: Who developed the first successful vaccine against rabies?,Louis Pasteur,Alan Turing,Tim Berners-Lee,Alexander Graham Bell,A) Louis Pasteur,"Louis Pasteur developed the first successful vaccine against rabies, among his many other contributions to microbiology.",Scientists,Medical Scientists
"Who is known for environmental scientific contributions and advocacy that led to a global ban on the pesticide DDT, through her writing?",Edward Jenner,Stephen Hawking,Tim Berners-Lee,Rachel Carson,D) Rachel Carson,"Rachel Carson's writing, particularly 'Silent Spring', raised awareness about pesticide dangers and contributed to environmental policy changes, including DDT restrictions.",Scientists,Environmental Scientists
Which option correctly answers this: Who is famous for his observations supporting the heliocentric model using an early telescope?,Marie Curie (along with Pierre Curie and Henri Becquerel),Vikram Sarabhai,Galileo Galilei,J. J. Thomson,C) Galileo Galilei,"Galileo Galilei made key astronomical observations using an early telescope, providing evidence supporting the heliocentric model.",Scientists,Astronomers
Choose the correct answer: Who developed the mathematical concept of zero as a number and made major contributions to Indian mathematics and astronomy?,J. J. Thomson,Charles Darwin,Rachel Carson,Aryabhata,D) Aryabhata,"Aryabhata, an ancient Indian mathematician and astronomer, made significant contributions to mathematics, including work related to the concept of zero.",Scientists,Mathematicians
Which option correctly answers this: Who is credited with developing the first practical steam engine widely used in industry?,Marie Curie (along with Pierre Curie and Henri Becquerel),Dmitri Mendeleev,James Watt,C. V. Raman,C) James Watt,"James Watt significantly improved the steam engine, making it far more efficient and practical for widespread industrial use.",Scientists,World Scientists
Who developed the theory of general relativity's application in understanding black holes and co-authored influential works on space-time?,Alfred Wegener,Stephen Hawking,Aryabhata,Marie Curie,B) Stephen Hawking,Stephen Hawking made significant contributions to the understanding of black holes and cosmology within the framework of general relativity.,Scientists,Physicists
Which option correctly answers this: Who developed the heliocentric model placing the Sun at the center of the Solar System?,Nicolaus Copernicus,Alan Turing,Dmitri Mendeleev,Gregor Mendel,A) Nicolaus Copernicus,"Nicolaus Copernicus proposed the heliocentric model, which placed the Sun, rather than the Earth, at the center of the Solar System.",Scientists,Astronomers
Who developed the polio vaccine widely used in the 1950s?,Jonas Salk,Isaac Newton,Alexander Fleming,Homi J. Bhabha,A) Jonas Salk,"Jonas Salk developed one of the first successful and widely used polio vaccines, introduced in 1955.",Scientists,Medical Scientists
Choose the correct answer: Who is known for pioneering contributions to genetics through experiments with pea plants?,Gregor Mendel,Alfred Wegener,Alexander Fleming,Homi J. Bhabha,A) Gregor Mendel,Gregor Mendel conducted pioneering experiments with pea plants that laid the foundation for the modern science of genetics.,Scientists,Biologists
Which option correctly answers this: Who developed the theory of general relativity's application in understanding black holes and co-authored influential works on space-time?,James Watson,Nicolaus Copernicus,James Watt,Stephen Hawking,D) Stephen Hawking,Stephen Hawking made significant contributions to the understanding of black holes and cosmology within the framework of general relativity.,Scientists,Physicists
Choose the correct answer: Who is credited with discovering the electron?,Jagadish Chandra Bose,J. J. Thomson,Vikram Sarabhai,Jonas Salk,B) J. J. Thomson,"J. J. Thomson is credited with discovering the electron in 1897, a foundational discovery in atomic physics.",Scientists,Physicists
"Quiz question: Who developed the smallpox vaccine, a major milestone in the history of immunology?",Isaac Newton,Edward Jenner,Rachel Carson,Charles Darwin,B) Edward Jenner,"Edward Jenner developed the world's first successful smallpox vaccine in the late 18th century, a major milestone in immunology.",Scientists,Medical Scientists
Who developed the heliocentric model placing the Sun at the center of the Solar System?,Gregor Mendel,Jonas Salk,Archimedes,Nicolaus Copernicus,D) Nicolaus Copernicus,"Nicolaus Copernicus proposed the heliocentric model, which placed the Sun, rather than the Earth, at the center of the Solar System.",Scientists,Astronomers
Which option correctly answers this: Who is famous for his observations supporting the heliocentric model using an early telescope?,Marie Curie (along with Pierre Curie and Henri Becquerel),Galileo Galilei,Nicolaus Copernicus,Dmitri Mendeleev,B) Galileo Galilei,"Galileo Galilei made key astronomical observations using an early telescope, providing evidence supporting the heliocentric model.",Scientists,Astronomers
"Quiz question: Who is credited as a pioneer of rocketry and space science in India, associated with early sounding rocket launches?",Vikram Sarabhai,Aryabhata,James Watt,Gregor Mendel,A) Vikram Sarabhai,"Vikram Sarabhai pioneered India's early rocketry and space science efforts, leading to the founding of ISRO.",Scientists,Space Scientists
"Which option correctly answers this: Who was the first Indian to win a Nobel Prize in Science, for his work on the scattering of light?",Tim Berners-Lee,C. V. Raman,Alfred Wegener,Jonas Salk,B) C. V. Raman,"C. V. Raman won the Nobel Prize in Physics in 1930 for his discovery of the Raman effect, related to the scattering of light.",Scientists,Indian Scientists
Which option correctly answers this: Who proposed the theory of evolution by natural selection?,Albert Einstein,Gregor Mendel,Marie Curie,Charles Darwin,D) Charles Darwin,Charles Darwin proposed the theory of evolution by natural selection in his book 'On the Origin of Species'.,Scientists,Biologists
Which option correctly answers this: Who developed the theory of general relativity?,Marie Curie,Albert Einstein,Isaac Newton,Charles Darwin,B) Albert Einstein,"Albert Einstein developed the theory of general relativity, revolutionizing the understanding of gravity, space, and time.",Scientists,World Scientists
Which option correctly answers this: Who is credited with inventing the telephone?,Edward Jenner,Alexander Graham Bell,Marie Curie (along with Pierre Curie and Henri Becquerel),J. J. Thomson,B) Alexander Graham Bell,Alexander Graham Bell is credited with inventing the first practical telephone in 1876.,Scientists,World Scientists
Who is credited with developing the first practical steam engine widely used in industry?,Isaac Newton,Gregor Mendel,Albert Einstein,James Watt,D) James Watt,"James Watt significantly improved the steam engine, making it far more efficient and practical for widespread industrial use.",Scientists,World Scientists
Which option correctly answers this: Who is credited with developing the first practical steam engine widely used in industry?,Alan Turing,James Watt,Jonas Salk,Dmitri Mendeleev,B) James Watt,"James Watt significantly improved the steam engine, making it far more efficient and practical for widespread industrial use.",Scientists,World Scientists
"Choose the correct answer: Who was the first Indian to win a Nobel Prize in Science, for his work on the scattering of light?",Marie Curie (along with Pierre Curie and Henri Becquerel),Rachel Carson,C. V. Raman,Stephen Hawking,C) C. V. Raman,"C. V. Raman won the Nobel Prize in Physics in 1930 for his discovery of the Raman effect, related to the scattering of light.",Scientists,Indian Scientists
Quiz question: Who developed the mathematical concept of zero as a number and made major contributions to Indian mathematics and astronomy?,C. V. Raman,Aryabhata,J. J. Thomson,Alexander Graham Bell,B) Aryabhata,"Aryabhata, an ancient Indian mathematician and astronomer, made significant contributions to mathematics, including work related to the concept of zero.",Scientists,Mathematicians
Quiz question: Who discovered the law of buoyancy while reportedly in a bathtub?,Archimedes,James Watson,Vikram Sarabhai,Homi J. Bhabha,A) Archimedes,"Archimedes is credited with discovering the principle of buoyancy, famously said to have realized it while in his bath.",Scientists,Mathematicians
"Quiz question: Who is regarded as a founding figure of modern computer science, known for his work on computation and code-breaking during WWII?",Alan Turing,Homi J. Bhabha,James Watt,Gregor Mendel,A) Alan Turing,"Alan Turing is regarded as a founding figure of computer science, known for his theoretical work and code-breaking during World War II.",Scientists,Computer Scientists
Who is credited with formulating the laws of motion and universal gravitation?,Dmitri Mendeleev,James Watson,Jonas Salk,Isaac Newton,D) Isaac Newton,"Sir Isaac Newton formulated the laws of motion and the law of universal gravitation, foundational to classical physics.",Scientists,Physicists
"Who is credited as a pioneer of rocketry and space science in India, associated with early sounding rocket launches?",Nicolaus Copernicus,Vikram Sarabhai,Alexander Fleming,Alan Turing,B) Vikram Sarabhai,"Vikram Sarabhai pioneered India's early rocketry and space science efforts, leading to the founding of ISRO.",Scientists,Space Scientists
Who developed the periodic table of elements?,Alexander Graham Bell,Nicolaus Copernicus,Dmitri Mendeleev,Tim Berners-Lee,C) Dmitri Mendeleev,"Dmitri Mendeleev developed an early version of the periodic table, organizing elements by atomic weight and properties.",Scientists,Chemists
"Quiz question: Who is regarded as a founding figure of modern computer science, known for his work on computation and code-breaking during WWII?",Alan Turing,James Watt,Alexander Graham Bell,Homi J. Bhabha,A) Alan Turing,"Alan Turing is regarded as a founding figure of computer science, known for his theoretical work and code-breaking during World War II.",Scientists,Computer Scientists
Who is known as the father of the Indian space programme?,Vikram Sarabhai,Albert Einstein,Marie Curie,Dmitri Mendeleev,A) Vikram Sarabhai,"Vikram Sarabhai is widely regarded as the father of the Indian space programme, founding what became ISRO.",Scientists,Indian Scientists
Quiz question: Who developed the theory of general relativity?,Tim Berners-Lee,Isaac Newton,Albert Einstein,J. J. Thomson,C) Albert Einstein,"Albert Einstein developed the theory of general relativity, revolutionizing the understanding of gravity, space, and time.",Scientists,World Scientists
"Quiz question: Who is known for pioneering research in electricity and magnetism, with the SI unit of capacitance named after him?",Homi J. Bhabha,Archimedes,Michael Faraday,Aryabhata,C) Michael Faraday,"Michael Faraday made pioneering contributions to the study of electromagnetism, and the SI unit of capacitance, the farad, is named after him.",Scientists,Physicists
"Which option correctly answers this: Who was the first woman to win a Nobel Prize, and the only person to win Nobel Prizes in two different sciences?",Albert Einstein,Marie Curie,Aryabhata,James Watson,B) Marie Curie,Marie Curie was the first woman to win a Nobel Prize and remains the only person to win Nobel Prizes in two different scientific fields.,Scientists,Nobel Prize Scientists
Quiz question: Who is credited with developing the first practical steam engine widely used in industry?,James Watt,Jonas Salk,Vikram Sarabhai,Gregor Mendel,A) James Watt,"James Watt significantly improved the steam engine, making it far more efficient and practical for widespread industrial use.",Scientists,World Scientists
Which option correctly answers this: Who proposed the theory of evolution by natural selection?,Alan Turing,Charles Darwin,Marie Curie (along with Pierre Curie and Henri Becquerel),Isaac Newton,B) Charles Darwin,Charles Darwin proposed the theory of evolution by natural selection in his book 'On the Origin of Species'.,Scientists,Biologists
"Choose the correct answer: Who discovered radioactivity, sharing a Nobel Prize for the work?",C. V. Raman,Dmitri Mendeleev,Alexander Graham Bell,Marie Curie (along with Pierre Curie and Henri Becquerel),D) Marie Curie (along with Pierre Curie and Henri Becquerel),"Marie Curie, along with Pierre Curie and Henri Becquerel, is credited with pioneering research on radioactivity.",Scientists,Women Scientists
Quiz question: Who developed the theory of general relativity's application in understanding black holes and co-authored influential works on space-time?,Stephen Hawking,Jagadish Chandra Bose,Tim Berners-Lee,Nicolaus Copernicus,A) Stephen Hawking,Stephen Hawking made significant contributions to the understanding of black holes and cosmology within the framework of general relativity.,Scientists,Physicists
"Which option correctly answers this: Who was the first woman to win a Nobel Prize, and the only person to win Nobel Prizes in two different sciences?",Marie Curie,Alfred Wegener,Dmitri Mendeleev,Jagadish Chandra Bose,A) Marie Curie,Marie Curie was the first woman to win a Nobel Prize and remains the only person to win Nobel Prizes in two different scientific fields.,Scientists,Nobel Prize Scientists
Choose the correct answer: Who developed the theory of general relativity?,Marie Curie,Michael Faraday,Jonas Salk,Albert Einstein,D) Albert Einstein,"Albert Einstein developed the theory of general relativity, revolutionizing the understanding of gravity, space, and time.",Scientists,World Scientists
Who proposed the theory of evolution by natural selection?,Albert Einstein,Dmitri Mendeleev,Charles Darwin,Tim Berners-Lee,C) Charles Darwin,Charles Darwin proposed the theory of evolution by natural selection in his book 'On the Origin of Species'.,Scientists,Biologists
"Quiz question: Who is credited as a pioneer of rocketry and space science in India, associated with early sounding rocket launches?",Homi J. Bhabha,Vikram Sarabhai,Stephen Hawking,Galileo Galilei,B) Vikram Sarabhai,"Vikram Sarabhai pioneered India's early rocketry and space science efforts, leading to the founding of ISRO.",Scientists,Space Scientists
Quiz question: Who is known for pioneering contributions to genetics through experiments with pea plants?,Aryabhata,Jonas Salk,Gregor Mendel,Alfred Wegener,C) Gregor Mendel,Gregor Mendel conducted pioneering experiments with pea plants that laid the foundation for the modern science of genetics.,Scientists,Biologists
Which option correctly answers this: Who developed the polio vaccine widely used in the 1950s?,Isaac Newton,C. V. Raman,Jonas Salk,Galileo Galilei,C) Jonas Salk,"Jonas Salk developed one of the first successful and widely used polio vaccines, introduced in 1955.",Scientists,Medical Scientists
Choose the correct answer: Who is credited with developing the first practical steam engine widely used in industry?,James Watt,Homi J. Bhabha,Alan Turing,Jonas Salk,A) James Watt,"James Watt significantly improved the steam engine, making it far more efficient and practical for widespread industrial use.",Scientists,World Scientists
Choose the correct answer: Who is credited with formulating the laws of motion and universal gravitation?,Alan Turing,Jagadish Chandra Bose,Tim Berners-Lee,Isaac Newton,D) Isaac Newton,"Sir Isaac Newton formulated the laws of motion and the law of universal gravitation, foundational to classical physics.",Scientists,Physicists
"Choose the correct answer: Who was the first woman to win a Nobel Prize, and the only person to win Nobel Prizes in two different sciences?",Louis Pasteur,Rachel Carson,Marie Curie,Vikram Sarabhai,C) Marie Curie,Marie Curie was the first woman to win a Nobel Prize and remains the only person to win Nobel Prizes in two different scientific fields.,Scientists,Nobel Prize Scientists
Choose the correct answer: Who is famous for his observations supporting the heliocentric model using an early telescope?,Tim Berners-Lee,Edward Jenner,Galileo Galilei,Aryabhata,C) Galileo Galilei,"Galileo Galilei made key astronomical observations using an early telescope, providing evidence supporting the heliocentric model.",Scientists,Astronomers
Quiz question: Who is credited with formulating the laws of motion and universal gravitation?,Edward Jenner,Isaac Newton,Aryabhata,James Watson,B) Isaac Newton,"Sir Isaac Newton formulated the laws of motion and the law of universal gravitation, foundational to classical physics.",Scientists,Physicists
Choose the correct answer: Who developed the mathematical concept of zero as a number and made major contributions to Indian mathematics and astronomy?,Homi J. Bhabha,Aryabhata,J. J. Thomson,Tim Berners-Lee,B) Aryabhata,"Aryabhata, an ancient Indian mathematician and astronomer, made significant contributions to mathematics, including work related to the concept of zero.",Scientists,Mathematicians
"Quiz question: Who developed the smallpox vaccine, a major milestone in the history of immunology?",Rachel Carson,Edward Jenner,Michael Faraday,Alexander Graham Bell,B) Edward Jenner,"Edward Jenner developed the world's first successful smallpox vaccine in the late 18th century, a major milestone in immunology.",Scientists,Medical Scientists
Quiz question: Who invented the World Wide Web?,Tim Berners-Lee,Stephen Hawking,Alfred Wegener,Archimedes,A) Tim Berners-Lee,Tim Berners-Lee invented the World Wide Web in 1989 while working at CERN.,Scientists,Computer Scientists
Choose the correct answer: Who is credited with formulating the laws of motion and universal gravitation?,Marie Curie,Alexander Fleming,J. J. Thomson,Isaac Newton,D) Isaac Newton,"Sir Isaac Newton formulated the laws of motion and the law of universal gravitation, foundational to classical physics.",Scientists,Physicists
Which option correctly answers this: Who invented the World Wide Web?,Isaac Newton,Tim Berners-Lee,Vikram Sarabhai,Marie Curie,B) Tim Berners-Lee,Tim Berners-Lee invented the World Wide Web in 1989 while working at CERN.,Scientists,Computer Scientists
Quiz question: Who is known for developing the theory of continental drift?,Rachel Carson,Alfred Wegener,Galileo Galilei,Stephen Hawking,B) Alfred Wegener,"Alfred Wegener proposed the theory of continental drift, suggesting that continents were once joined and have since drifted apart.",Scientists,World Scientists
"Which option correctly answers this: Who is regarded as a founding figure of modern computer science, known for his work on computation and code-breaking during WWII?",Aryabhata,Alan Turing,Alexander Graham Bell,Rachel Carson,B) Alan Turing,"Alan Turing is regarded as a founding figure of computer science, known for his theoretical work and code-breaking during World War II.",Scientists,Computer Scientists
Who discovered penicillin?,James Watt,Alexander Fleming,Michael Faraday,Gregor Mendel,B) Alexander Fleming,"Alexander Fleming discovered penicillin in 1928, leading to the development of antibiotics.",Scientists,Medical Scientists
Who developed the first successful vaccine against rabies?,Homi J. Bhabha,Louis Pasteur,Vikram Sarabhai,Rachel Carson,B) Louis Pasteur,"Louis Pasteur developed the first successful vaccine against rabies, among his many other contributions to microbiology.",Scientists,Medical Scientists
"Which option correctly answers this: Who is regarded as a founding figure of modern computer science, known for his work on computation and code-breaking during WWII?",Alan Turing,Dmitri Mendeleev,Tim Berners-Lee,Rachel Carson,A) Alan Turing,"Alan Turing is regarded as a founding figure of computer science, known for his theoretical work and code-breaking during World War II.",Scientists,Computer Scientists
Who is credited with discovering the electron?,J. J. Thomson,Archimedes,Galileo Galilei,Alfred Wegener,A) J. J. Thomson,"J. J. Thomson is credited with discovering the electron in 1897, a foundational discovery in atomic physics.",Scientists,Physicists
"Choose the correct answer: Who developed the smallpox vaccine, a major milestone in the history of immunology?",Louis Pasteur,Alan Turing,Rachel Carson,Edward Jenner,D) Edward Jenner,"Edward Jenner developed the world's first successful smallpox vaccine in the late 18th century, a major milestone in immunology.",Scientists,Medical Scientists
Which option correctly answers this: Who developed the first successful vaccine against rabies?,Jonas Salk,Charles Darwin,Dmitri Mendeleev,Louis Pasteur,D) Louis Pasteur,"Louis Pasteur developed the first successful vaccine against rabies, among his many other contributions to microbiology.",Scientists,Medical Scientists
Quiz question: Who is famous for his observations supporting the heliocentric model using an early telescope?,Michael Faraday,Galileo Galilei,Rachel Carson,Albert Einstein,B) Galileo Galilei,"Galileo Galilei made key astronomical observations using an early telescope, providing evidence supporting the heliocentric model.",Scientists,Astronomers
Quiz question: Who is credited with formulating the laws of motion and universal gravitation?,Isaac Newton,Homi J. Bhabha,Dmitri Mendeleev,James Watson,A) Isaac Newton,"Sir Isaac Newton formulated the laws of motion and the law of universal gravitation, foundational to classical physics.",Scientists,Physicists
"Which option correctly answers this: Who was the first woman to win a Nobel Prize, and the only person to win Nobel Prizes in two different sciences?",Alan Turing,Marie Curie,Alexander Graham Bell,Archimedes,B) Marie Curie,Marie Curie was the first woman to win a Nobel Prize and remains the only person to win Nobel Prizes in two different scientific fields.,Scientists,Nobel Prize Scientists
"Quiz question: Who was the first Indian to win a Nobel Prize in Science, for his work on the scattering of light?",Marie Curie,C. V. Raman,Tim Berners-Lee,James Watson,B) C. V. Raman,"C. V. Raman won the Nobel Prize in Physics in 1930 for his discovery of the Raman effect, related to the scattering of light.",Scientists,Indian Scientists
Choose the correct answer: Who discovered penicillin?,Marie Curie,Isaac Newton,Alexander Fleming,Rachel Carson,C) Alexander Fleming,"Alexander Fleming discovered penicillin in 1928, leading to the development of antibiotics.",Scientists,Medical Scientists
Which option correctly answers this: Who developed the periodic table of elements?,Edward Jenner,Gregor Mendel,James Watt,Dmitri Mendeleev,D) Dmitri Mendeleev,"Dmitri Mendeleev developed an early version of the periodic table, organizing elements by atomic weight and properties.",Scientists,Chemists
Who developed the theory of general relativity?,Albert Einstein,Nicolaus Copernicus,Aryabhata,Marie Curie,A) Albert Einstein,"Albert Einstein developed the theory of general relativity, revolutionizing the understanding of gravity, space, and time.",Scientists,World Scientists
Which option correctly answers this: Who developed the mathematical concept of zero as a number and made major contributions to Indian mathematics and astronomy?,Jagadish Chandra Bose,Aryabhata,Galileo Galilei,Gregor Mendel,B) Aryabhata,"Aryabhata, an ancient Indian mathematician and astronomer, made significant contributions to mathematics, including work related to the concept of zero.",Scientists,Mathematicians
Quiz question: Who is regarded as the father of India's nuclear programme?,Dmitri Mendeleev,Homi J. Bhabha,Vikram Sarabhai,C. V. Raman,B) Homi J. Bhabha,Homi J. Bhabha is regarded as the father of India's nuclear programme and founded the Tata Institute of Fundamental Research.,Scientists,Indian Scientists
Which option correctly answers this: Who developed the polio vaccine widely used in the 1950s?,James Watt,Aryabhata,Homi J. Bhabha,Jonas Salk,D) Jonas Salk,"Jonas Salk developed one of the first successful and widely used polio vaccines, introduced in 1955.",Scientists,Medical Scientists
Who discovered penicillin?,C. V. Raman,Alexander Fleming,Alan Turing,James Watson,B) Alexander Fleming,"Alexander Fleming discovered penicillin in 1928, leading to the development of antibiotics.",Scientists,Medical Scientists
"Choose the correct answer: Who discovered radioactivity, sharing a Nobel Prize for the work?",James Watt,Rachel Carson,Marie Curie (along with Pierre Curie and Henri Becquerel),Galileo Galilei,C) Marie Curie (along with Pierre Curie and Henri Becquerel),"Marie Curie, along with Pierre Curie and Henri Becquerel, is credited with pioneering research on radioactivity.",Scientists,Women Scientists
Choose the correct answer: Who developed the periodic table of elements?,Edward Jenner,Gregor Mendel,Stephen Hawking,Dmitri Mendeleev,D) Dmitri Mendeleev,"Dmitri Mendeleev developed an early version of the periodic table, organizing elements by atomic weight and properties.",Scientists,Chemists
Choose the correct answer: Who developed the mathematical concept of zero as a number and made major contributions to Indian mathematics and astronomy?,James Watt,Nicolaus Copernicus,Aryabhata,Alexander Fleming,C) Aryabhata,"Aryabhata, an ancient Indian mathematician and astronomer, made significant contributions to mathematics, including work related to the concept of zero.",Scientists,Mathematicians
Who developed the polio vaccine widely used in the 1950s?,Alan Turing,Isaac Newton,Michael Faraday,Jonas Salk,D) Jonas Salk,"Jonas Salk developed one of the first successful and widely used polio vaccines, introduced in 1955.",Scientists,Medical Scientists
"Who was the first Indian to win a Nobel Prize in Science, for his work on the scattering of light?",Michael Faraday,Isaac Newton,C. V. Raman,Charles Darwin,C) C. V. Raman,"C. V. Raman won the Nobel Prize in Physics in 1930 for his discovery of the Raman effect, related to the scattering of light.",Scientists,Indian Scientists
"Quiz question: Who is known for environmental scientific contributions and advocacy that led to a global ban on the pesticide DDT, through her writing?",Tim Berners-Lee,James Watt,Rachel Carson,Alexander Fleming,C) Rachel Carson,"Rachel Carson's writing, particularly 'Silent Spring', raised awareness about pesticide dangers and contributed to environmental policy changes, including DDT restrictions.",Scientists,Environmental Scientists
"Which option correctly answers this: Who was the first woman to win a Nobel Prize, and the only person to win Nobel Prizes in two different sciences?",Marie Curie,Edward Jenner,Tim Berners-Lee,Alan Turing,A) Marie Curie,Marie Curie was the first woman to win a Nobel Prize and remains the only person to win Nobel Prizes in two different scientific fields.,Scientists,Nobel Prize Scientists
Choose the correct answer: Who developed the theory of general relativity?,Michael Faraday,Alfred Wegener,Albert Einstein,Aryabhata,C) Albert Einstein,"Albert Einstein developed the theory of general relativity, revolutionizing the understanding of gravity, space, and time.",Scientists,World Scientists
Choose the correct answer: Who is known for pioneering contributions to genetics through experiments with pea plants?,J. J. Thomson,Rachel Carson,Nicolaus Copernicus,Gregor Mendel,D) Gregor Mendel,Gregor Mendel conducted pioneering experiments with pea plants that laid the foundation for the modern science of genetics.,Scientists,Biologists
Choose the correct answer: Who is famous for his observations supporting the heliocentric model using an early telescope?,Galileo Galilei,Vikram Sarabhai,J. J. Thomson,Nicolaus Copernicus,A) Galileo Galilei,"Galileo Galilei made key astronomical observations using an early telescope, providing evidence supporting the heliocentric model.",Scientists,Astronomers
Quiz question: Who developed the heliocentric model placing the Sun at the center of the Solar System?,Nicolaus Copernicus,Charles Darwin,Vikram Sarabhai,Homi J. Bhabha,A) Nicolaus Copernicus,"Nicolaus Copernicus proposed the heliocentric model, which placed the Sun, rather than the Earth, at the center of the Solar System.",Scientists,Astronomers
Who is credited with inventing the telephone?,Aryabhata,Charles Darwin,Alexander Graham Bell,Rachel Carson,C) Alexander Graham Bell,Alexander Graham Bell is credited with inventing the first practical telephone in 1876.,Scientists,World Scientists
Which option correctly answers this: Who is known for developing the theory of continental drift?,Alfred Wegener,Jonas Salk,Vikram Sarabhai,C. V. Raman,A) Alfred Wegener,"Alfred Wegener proposed the theory of continental drift, suggesting that continents were once joined and have since drifted apart.",Scientists,World Scientists
Who developed the polio vaccine widely used in the 1950s?,Albert Einstein,Alexander Graham Bell,James Watson,Jonas Salk,D) Jonas Salk,"Jonas Salk developed one of the first successful and widely used polio vaccines, introduced in 1955.",Scientists,Medical Scientists
"Choose the correct answer: Who is credited as a pioneer of rocketry and space science in India, associated with early sounding rocket launches?",Marie Curie,Michael Faraday,Marie Curie (along with Pierre Curie and Henri Becquerel),Vikram Sarabhai,D) Vikram Sarabhai,"Vikram Sarabhai pioneered India's early rocketry and space science efforts, leading to the founding of ISRO.",Scientists,Space Scientists
Which option correctly answers this: Who invented the World Wide Web?,Alfred Wegener,Tim Berners-Lee,Edward Jenner,Stephen Hawking,B) Tim Berners-Lee,Tim Berners-Lee invented the World Wide Web in 1989 while working at CERN.,Scientists,Computer Scientists
Quiz question: Who is credited with formulating the laws of motion and universal gravitation?,Louis Pasteur,Isaac Newton,Alexander Graham Bell,James Watt,B) Isaac Newton,"Sir Isaac Newton formulated the laws of motion and the law of universal gravitation, foundational to classical physics.",Scientists,Physicists
Quiz question: Who developed the theory of general relativity's application in understanding black holes and co-authored influential works on space-time?,Stephen Hawking,Jonas Salk,James Watson,Galileo Galilei,A) Stephen Hawking,Stephen Hawking made significant contributions to the understanding of black holes and cosmology within the framework of general relativity.,Scientists,Physicists
"Which option correctly answers this: Who was the first Indian to win a Nobel Prize in Science, for his work on the scattering of light?",C. V. Raman,Rachel Carson,Tim Berners-Lee,Homi J. Bhabha,A) C. V. Raman,"C. V. Raman won the Nobel Prize in Physics in 1930 for his discovery of the Raman effect, related to the scattering of light.",Scientists,Indian Scientists
"Who discovered radioactivity, sharing a Nobel Prize for the work?",Alexander Fleming,Marie Curie (along with Pierre Curie and Henri Becquerel),Louis Pasteur,Nicolaus Copernicus,B) Marie Curie (along with Pierre Curie and Henri Becquerel),"Marie Curie, along with Pierre Curie and Henri Becquerel, is credited with pioneering research on radioactivity.",Scientists,Women Scientists
Which option correctly answers this: Who developed the theory of general relativity?,Albert Einstein,Alexander Fleming,Marie Curie (along with Pierre Curie and Henri Becquerel),Gregor Mendel,A) Albert Einstein,"Albert Einstein developed the theory of general relativity, revolutionizing the understanding of gravity, space, and time.",Scientists,World Scientists
"Choose the correct answer: Who developed the smallpox vaccine, a major milestone in the history of immunology?",Charles Darwin,Alexander Fleming,Jagadish Chandra Bose,Edward Jenner,D) Edward Jenner,"Edward Jenner developed the world's first successful smallpox vaccine in the late 18th century, a major milestone in immunology.",Scientists,Medical Scientists
Quiz question: Who is credited with discovering the electron?,Charles Darwin,Louis Pasteur,J. J. Thomson,James Watt,C) J. J. Thomson,"J. J. Thomson is credited with discovering the electron in 1897, a foundational discovery in atomic physics.",Scientists,Physicists
Choose the correct answer: Who proposed the theory of evolution by natural selection?,Homi J. Bhabha,Charles Darwin,Galileo Galilei,Marie Curie (along with Pierre Curie and Henri Becquerel),B) Charles Darwin,Charles Darwin proposed the theory of evolution by natural selection in his book 'On the Origin of Species'.,Scientists,Biologists
"Who is credited as a pioneer of rocketry and space science in India, associated with early sounding rocket launches?",Vikram Sarabhai,James Watt,James Watson,Gregor Mendel,A) Vikram Sarabhai,"Vikram Sarabhai pioneered India's early rocketry and space science efforts, leading to the founding of ISRO.",Scientists,Space Scientists
"Which Indian scientist is known for his experiments demonstrating that plants have life-like responses, using an instrument called the crescograph?",Archimedes,Alexander Graham Bell,Jagadish Chandra Bose,Gregor Mendel,C) Jagadish Chandra Bose,"Jagadish Chandra Bose conducted pioneering experiments showing life-like responses in plants using his invented instrument, the crescograph.",Scientists,Indian Scientists
Quiz question: Who developed the first successful vaccine against rabies?,Jonas Salk,Tim Berners-Lee,Alfred Wegener,Louis Pasteur,D) Louis Pasteur,"Louis Pasteur developed the first successful vaccine against rabies, among his many other contributions to microbiology.",Scientists,Medical Scientists
Which option correctly answers this: Who developed the theory of general relativity's application in understanding black holes and co-authored influential works on space-time?,James Watt,Marie Curie (along with Pierre Curie and Henri Becquerel),Dmitri Mendeleev,Stephen Hawking,D) Stephen Hawking,Stephen Hawking made significant contributions to the understanding of black holes and cosmology within the framework of general relativity.,Scientists,Physicists
"Quiz question: Who is regarded as a founding figure of modern computer science, known for his work on computation and code-breaking during WWII?",Alan Turing,Louis Pasteur,James Watson,Albert Einstein,A) Alan Turing,"Alan Turing is regarded as a founding figure of computer science, known for his theoretical work and code-breaking during World War II.",Scientists,Computer Scientists
Quiz question: Who is known for pioneering contributions to genetics through experiments with pea plants?,Jagadish Chandra Bose,Galileo Galilei,Marie Curie (along with Pierre Curie and Henri Becquerel),Gregor Mendel,D) Gregor Mendel,Gregor Mendel conducted pioneering experiments with pea plants that laid the foundation for the modern science of genetics.,Scientists,Biologists
Which option correctly answers this: Who discovered the law of buoyancy while reportedly in a bathtub?,Archimedes,Dmitri Mendeleev,Alan Turing,Stephen Hawking,A) Archimedes,"Archimedes is credited with discovering the principle of buoyancy, famously said to have realized it while in his bath.",Scientists,Mathematicians
Choose the correct answer: Who developed the theory of general relativity's application in understanding black holes and co-authored influential works on space-time?,Stephen Hawking,James Watson,Dmitri Mendeleev,C. V. Raman,A) Stephen Hawking,Stephen Hawking made significant contributions to the understanding of black holes and cosmology within the framework of general relativity.,Scientists,Physicists
"Which option correctly answers this: Who is known for environmental scientific contributions and advocacy that led to a global ban on the pesticide DDT, through her writing?",Tim Berners-Lee,Rachel Carson,Jonas Salk,Jagadish Chandra Bose,B) Rachel Carson,"Rachel Carson's writing, particularly 'Silent Spring', raised awareness about pesticide dangers and contributed to environmental policy changes, including DDT restrictions.",Scientists,Environmental Scientists
"Choose the correct answer: Who is regarded as a founding figure of modern computer science, known for his work on computation and code-breaking during WWII?",Dmitri Mendeleev,Charles Darwin,Alan Turing,Tim Berners-Lee,C) Alan Turing,"Alan Turing is regarded as a founding figure of computer science, known for his theoretical work and code-breaking during World War II.",Scientists,Computer Scientists
"Choose the correct answer: Who developed the smallpox vaccine, a major milestone in the history of immunology?",James Watson,Stephen Hawking,Dmitri Mendeleev,Edward Jenner,D) Edward Jenner,"Edward Jenner developed the world's first successful smallpox vaccine in the late 18th century, a major milestone in immunology.",Scientists,Medical Scientists
Choose the correct answer: Who discovered penicillin?,Jagadish Chandra Bose,Michael Faraday,Alan Turing,Alexander Fleming,D) Alexander Fleming,"Alexander Fleming discovered penicillin in 1928, leading to the development of antibiotics.",Scientists,Medical Scientists
"Choose the correct answer: Who was the first woman to win a Nobel Prize, and the only person to win Nobel Prizes in two different sciences?",Edward Jenner,Archimedes,J. J. Thomson,Marie Curie,D) Marie Curie,Marie Curie was the first woman to win a Nobel Prize and remains the only person to win Nobel Prizes in two different scientific fields.,Scientists,Nobel Prize Scientists
Quiz question: Who developed the first successful vaccine against rabies?,Rachel Carson,Alexander Graham Bell,Louis Pasteur,Gregor Mendel,C) Louis Pasteur,"Louis Pasteur developed the first successful vaccine against rabies, among his many other contributions to microbiology.",Scientists,Medical Scientists
Quiz question: Who is known for developing the theory of continental drift?,Rachel Carson,Alan Turing,Alfred Wegener,Albert Einstein,C) Alfred Wegener,"Alfred Wegener proposed the theory of continental drift, suggesting that continents were once joined and have since drifted apart.",Scientists,World Scientists
Choose the correct answer: Who developed the heliocentric model placing the Sun at the center of the Solar System?,Archimedes,Homi J. Bhabha,Tim Berners-Lee,Nicolaus Copernicus,D) Nicolaus Copernicus,"Nicolaus Copernicus proposed the heliocentric model, which placed the Sun, rather than the Earth, at the center of the Solar System.",Scientists,Astronomers
Who developed the first successful vaccine against rabies?,James Watt,Louis Pasteur,Homi J. Bhabha,Albert Einstein,B) Louis Pasteur,"Louis Pasteur developed the first successful vaccine against rabies, among his many other contributions to microbiology.",Scientists,Medical Scientists
Which option correctly answers this: Who is known as the father of the Indian space programme?,Louis Pasteur,James Watt,Vikram Sarabhai,Alexander Graham Bell,C) Vikram Sarabhai,"Vikram Sarabhai is widely regarded as the father of the Indian space programme, founding what became ISRO.",Scientists,Indian Scientists
"Who is credited as a pioneer of rocketry and space science in India, associated with early sounding rocket launches?",Isaac Newton,Vikram Sarabhai,Marie Curie (along with Pierre Curie and Henri Becquerel),Aryabhata,B) Vikram Sarabhai,"Vikram Sarabhai pioneered India's early rocketry and space science efforts, leading to the founding of ISRO.",Scientists,Space Scientists
Who discovered the law of buoyancy while reportedly in a bathtub?,Jagadish Chandra Bose,Alan Turing,C. V. Raman,Archimedes,D) Archimedes,"Archimedes is credited with discovering the principle of buoyancy, famously said to have realized it while in his bath.",Scientists,Mathematicians
Choose the correct answer: Who developed the theory of general relativity's application in understanding black holes and co-authored influential works on space-time?,Stephen Hawking,Marie Curie,Archimedes,Rachel Carson,A) Stephen Hawking,Stephen Hawking made significant contributions to the understanding of black holes and cosmology within the framework of general relativity.,Scientists,Physicists
Who developed the polio vaccine widely used in the 1950s?,Marie Curie (along with Pierre Curie and Henri Becquerel),Rachel Carson,Jonas Salk,Albert Einstein,C) Jonas Salk,"Jonas Salk developed one of the first successful and widely used polio vaccines, introduced in 1955.",Scientists,Medical Scientists
Who discovered the law of buoyancy while reportedly in a bathtub?,Nicolaus Copernicus,Aryabhata,Archimedes,Vikram Sarabhai,C) Archimedes,"Archimedes is credited with discovering the principle of buoyancy, famously said to have realized it while in his bath.",Scientists,Mathematicians
Who developed the heliocentric model placing the Sun at the center of the Solar System?,Marie Curie (along with Pierre Curie and Henri Becquerel),Alexander Graham Bell,Nicolaus Copernicus,Aryabhata,C) Nicolaus Copernicus,"Nicolaus Copernicus proposed the heliocentric model, which placed the Sun, rather than the Earth, at the center of the Solar System.",Scientists,Astronomers
"Quiz question: Who is regarded as a founding figure of modern computer science, known for his work on computation and code-breaking during WWII?",Rachel Carson,Alan Turing,Nicolaus Copernicus,Marie Curie,B) Alan Turing,"Alan Turing is regarded as a founding figure of computer science, known for his theoretical work and code-breaking during World War II.",Scientists,Computer Scientists
Which option correctly answers this: Who is known for pioneering contributions to genetics through experiments with pea plants?,Charles Darwin,Albert Einstein,Aryabhata,Gregor Mendel,D) Gregor Mendel,Gregor Mendel conducted pioneering experiments with pea plants that laid the foundation for the modern science of genetics.,Scientists,Biologists
Quiz question: Who discovered the law of buoyancy while reportedly in a bathtub?,Louis Pasteur,Archimedes,Albert Einstein,Gregor Mendel,B) Archimedes,"Archimedes is credited with discovering the principle of buoyancy, famously said to have realized it while in his bath.",Scientists,Mathematicians
Who developed the polio vaccine widely used in the 1950s?,Jagadish Chandra Bose,Jonas Salk,Alan Turing,Dmitri Mendeleev,B) Jonas Salk,"Jonas Salk developed one of the first successful and widely used polio vaccines, introduced in 1955.",Scientists,Medical Scientists
Which option correctly answers this: Who developed the theory of general relativity's application in understanding black holes and co-authored influential works on space-time?,Archimedes,James Watt,Alexander Fleming,Stephen Hawking,D) Stephen Hawking,Stephen Hawking made significant contributions to the understanding of black holes and cosmology within the framework of general relativity.,Scientists,Physicists
"Choose the correct answer: Who was the first Indian to win a Nobel Prize in Science, for his work on the scattering of light?",C. V. Raman,Galileo Galilei,Charles Darwin,James Watt,A) C. V. Raman,"C. V. Raman won the Nobel Prize in Physics in 1930 for his discovery of the Raman effect, related to the scattering of light.",Scientists,Indian Scientists
"Choose the correct answer: Which Indian scientist is known for his experiments demonstrating that plants have life-like responses, using an instrument called the crescograph?",Jagadish Chandra Bose,Charles Darwin,Aryabhata,Rachel Carson,A) Jagadish Chandra Bose,"Jagadish Chandra Bose conducted pioneering experiments showing life-like responses in plants using his invented instrument, the crescograph.",Scientists,Indian Scientists
"Which option correctly answers this: Who is regarded as a founding figure of modern computer science, known for his work on computation and code-breaking during WWII?",Galileo Galilei,Alan Turing,James Watt,Marie Curie (along with Pierre Curie and Henri Becquerel),B) Alan Turing,"Alan Turing is regarded as a founding figure of computer science, known for his theoretical work and code-breaking during World War II.",Scientists,Computer Scientists
Who developed the theory of general relativity's application in understanding black holes and co-authored influential works on space-time?,Stephen Hawking,Galileo Galilei,Homi J. Bhabha,Aryabhata,A) Stephen Hawking,Stephen Hawking made significant contributions to the understanding of black holes and cosmology within the framework of general relativity.,Scientists,Physicists
"Who was the first woman to win a Nobel Prize, and the only person to win Nobel Prizes in two different sciences?",Nicolaus Copernicus,Marie Curie,Albert Einstein,Jonas Salk,B) Marie Curie,Marie Curie was the first woman to win a Nobel Prize and remains the only person to win Nobel Prizes in two different scientific fields.,Scientists,Nobel Prize Scientists
"Who is known for environmental scientific contributions and advocacy that led to a global ban on the pesticide DDT, through her writing?",Alfred Wegener,Rachel Carson,Jonas Salk,Gregor Mendel,B) Rachel Carson,"Rachel Carson's writing, particularly 'Silent Spring', raised awareness about pesticide dangers and contributed to environmental policy changes, including DDT restrictions.",Scientists,Environmental Scientists
"Choose the correct answer: Who is regarded as a founding figure of modern computer science, known for his work on computation and code-breaking during WWII?",Homi J. Bhabha,J. J. Thomson,James Watt,Alan Turing,D) Alan Turing,"Alan Turing is regarded as a founding figure of computer science, known for his theoretical work and code-breaking during World War II.",Scientists,Computer Scientists
Choose the correct answer: Who is known for developing the theory of continental drift?,Alfred Wegener,Rachel Carson,C. V. Raman,Alexander Graham Bell,A) Alfred Wegener,"Alfred Wegener proposed the theory of continental drift, suggesting that continents were once joined and have since drifted apart.",Scientists,World Scientists
Quiz question: Who is known as the father of the Indian space programme?,Galileo Galilei,Gregor Mendel,Aryabhata,Vikram Sarabhai,D) Vikram Sarabhai,"Vikram Sarabhai is widely regarded as the father of the Indian space programme, founding what became ISRO.",Scientists,Indian Scientists
Who discovered penicillin?,Edward Jenner,Rachel Carson,James Watt,Alexander Fleming,D) Alexander Fleming,"Alexander Fleming discovered penicillin in 1928, leading to the development of antibiotics.",Scientists,Medical Scientists
"Who is credited as a pioneer of rocketry and space science in India, associated with early sounding rocket launches?",Marie Curie,Vikram Sarabhai,Nicolaus Copernicus,Stephen Hawking,B) Vikram Sarabhai,"Vikram Sarabhai pioneered India's early rocketry and space science efforts, leading to the founding of ISRO.",Scientists,Space Scientists
"Quiz question: Who is known for pioneering research in electricity and magnetism, with the SI unit of capacitance named after him?",Michael Faraday,C. V. Raman,Dmitri Mendeleev,Jonas Salk,A) Michael Faraday,"Michael Faraday made pioneering contributions to the study of electromagnetism, and the SI unit of capacitance, the farad, is named after him.",Scientists,Physicists
Who is credited with discovering the electron?,Jagadish Chandra Bose,J. J. Thomson,Galileo Galilei,Alexander Fleming,B) J. J. Thomson,"J. J. Thomson is credited with discovering the electron in 1897, a foundational discovery in atomic physics.",Scientists,Physicists
Choose the correct answer: Who developed the theory of general relativity?,Albert Einstein,Jagadish Chandra Bose,Nicolaus Copernicus,Marie Curie (along with Pierre Curie and Henri Becquerel),A) Albert Einstein,"Albert Einstein developed the theory of general relativity, revolutionizing the understanding of gravity, space, and time.",Scientists,World Scientists
"Which option correctly answers this: Who developed the smallpox vaccine, a major milestone in the history of immunology?",James Watson,Charles Darwin,Edward Jenner,Louis Pasteur,C) Edward Jenner,"Edward Jenner developed the world's first successful smallpox vaccine in the late 18th century, a major milestone in immunology.",Scientists,Medical Scientists
Which option correctly answers this: Who proposed the theory of evolution by natural selection?,Charles Darwin,C. V. Raman,Albert Einstein,Rachel Carson,A) Charles Darwin,Charles Darwin proposed the theory of evolution by natural selection in his book 'On the Origin of Species'.,Scientists,Biologists
"Choose the correct answer: Who is credited as a pioneer of rocketry and space science in India, associated with early sounding rocket launches?",Isaac Newton,C. V. Raman,Alfred Wegener,Vikram Sarabhai,D) Vikram Sarabhai,"Vikram Sarabhai pioneered India's early rocketry and space science efforts, leading to the founding of ISRO.",Scientists,Space Scientists
Choose the correct answer: Who developed the theory of general relativity?,James Watson,Albert Einstein,Nicolaus Copernicus,Michael Faraday,B) Albert Einstein,"Albert Einstein developed the theory of general relativity, revolutionizing the understanding of gravity, space, and time.",Scientists,World Scientists
Which option correctly answers this: Who developed the periodic table of elements?,Dmitri Mendeleev,Jonas Salk,Alan Turing,Aryabhata,A) Dmitri Mendeleev,"Dmitri Mendeleev developed an early version of the periodic table, organizing elements by atomic weight and properties.",Scientists,Chemists
"Quiz question: Who is credited as a pioneer of rocketry and space science in India, associated with early sounding rocket launches?",Vikram Sarabhai,Galileo Galilei,Tim Berners-Lee,Edward Jenner,A) Vikram Sarabhai,"Vikram Sarabhai pioneered India's early rocketry and space science efforts, leading to the founding of ISRO.",Scientists,Space Scientists
Which option correctly answers this: Who invented the World Wide Web?,C. V. Raman,Gregor Mendel,Tim Berners-Lee,Albert Einstein,C) Tim Berners-Lee,Tim Berners-Lee invented the World Wide Web in 1989 while working at CERN.,Scientists,Computer Scientists
Which option correctly answers this: Who developed the heliocentric model placing the Sun at the center of the Solar System?,Dmitri Mendeleev,Homi J. Bhabha,Nicolaus Copernicus,James Watson,C) Nicolaus Copernicus,"Nicolaus Copernicus proposed the heliocentric model, which placed the Sun, rather than the Earth, at the center of the Solar System.",Scientists,Astronomers
Who is famous for his observations supporting the heliocentric model using an early telescope?,Alan Turing,Alexander Fleming,Galileo Galilei,Archimedes,C) Galileo Galilei,"Galileo Galilei made key astronomical observations using an early telescope, providing evidence supporting the heliocentric model.",Scientists,Astronomers
Which option correctly answers this: Who discovered the law of buoyancy while reportedly in a bathtub?,C. V. Raman,Dmitri Mendeleev,Archimedes,Alan Turing,C) Archimedes,"Archimedes is credited with discovering the principle of buoyancy, famously said to have realized it while in his bath.",Scientists,Mathematicians
Quiz question: Who developed the periodic table of elements?,Charles Darwin,Dmitri Mendeleev,Archimedes,C. V. Raman,B) Dmitri Mendeleev,"Dmitri Mendeleev developed an early version of the periodic table, organizing elements by atomic weight and properties.",Scientists,Chemists
Which option correctly answers this: Who developed the heliocentric model placing the Sun at the center of the Solar System?,Dmitri Mendeleev,Nicolaus Copernicus,Aryabhata,Stephen Hawking,B) Nicolaus Copernicus,"Nicolaus Copernicus proposed the heliocentric model, which placed the Sun, rather than the Earth, at the center of the Solar System.",Scientists,Astronomers
Choose the correct answer: Who discovered the law of buoyancy while reportedly in a bathtub?,Aryabhata,Albert Einstein,Charles Darwin,Archimedes,D) Archimedes,"Archimedes is credited with discovering the principle of buoyancy, famously said to have realized it while in his bath.",Scientists,Mathematicians
Which option correctly answers this: Who is famous for his observations supporting the heliocentric model using an early telescope?,Galileo Galilei,Marie Curie,Alfred Wegener,Rachel Carson,A) Galileo Galilei,"Galileo Galilei made key astronomical observations using an early telescope, providing evidence supporting the heliocentric model.",Scientists,Astronomers
"Choose the correct answer: Who is known for pioneering research in electricity and magnetism, with the SI unit of capacitance named after him?",Gregor Mendel,Michael Faraday,Isaac Newton,Homi J. Bhabha,B) Michael Faraday,"Michael Faraday made pioneering contributions to the study of electromagnetism, and the SI unit of capacitance, the farad, is named after him.",Scientists,Physicists
Who developed the theory of general relativity's application in understanding black holes and co-authored influential works on space-time?,Stephen Hawking,Isaac Newton,Galileo Galilei,Archimedes,A) Stephen Hawking,Stephen Hawking made significant contributions to the understanding of black holes and cosmology within the framework of general relativity.,Scientists,Physicists
Who developed the first successful vaccine against rabies?,Alexander Graham Bell,Jonas Salk,Louis Pasteur,Isaac Newton,C) Louis Pasteur,"Louis Pasteur developed the first successful vaccine against rabies, among his many other contributions to microbiology.",Scientists,Medical Scientists
"Choose the correct answer: Who was the first Indian to win a Nobel Prize in Science, for his work on the scattering of light?",Stephen Hawking,Rachel Carson,James Watt,C. V. Raman,D) C. V. Raman,"C. V. Raman won the Nobel Prize in Physics in 1930 for his discovery of the Raman effect, related to the scattering of light.",Scientists,Indian Scientists
Who is credited with discovering the electron?,Nicolaus Copernicus,Gregor Mendel,Alexander Fleming,J. J. Thomson,D) J. J. Thomson,"J. J. Thomson is credited with discovering the electron in 1897, a foundational discovery in atomic physics.",Scientists,Physicists
Which option correctly answers this: Who invented the World Wide Web?,Gregor Mendel,Tim Berners-Lee,Homi J. Bhabha,Galileo Galilei,B) Tim Berners-Lee,Tim Berners-Lee invented the World Wide Web in 1989 while working at CERN.,Scientists,Computer Scientists
Quiz question: Who is known as the father of the Indian space programme?,Albert Einstein,Galileo Galilei,Alexander Fleming,Vikram Sarabhai,D) Vikram Sarabhai,"Vikram Sarabhai is widely regarded as the father of the Indian space programme, founding what became ISRO.",Scientists,Indian Scientists
Which option correctly answers this: Who developed the mathematical concept of zero as a number and made major contributions to Indian mathematics and astronomy?,Louis Pasteur,Alexander Fleming,Aryabhata,Tim Berners-Lee,C) Aryabhata,"Aryabhata, an ancient Indian mathematician and astronomer, made significant contributions to mathematics, including work related to the concept of zero.",Scientists,Mathematicians
"Which option correctly answers this: Who is known for environmental scientific contributions and advocacy that led to a global ban on the pesticide DDT, through her writing?",Galileo Galilei,J. J. Thomson,Gregor Mendel,Rachel Carson,D) Rachel Carson,"Rachel Carson's writing, particularly 'Silent Spring', raised awareness about pesticide dangers and contributed to environmental policy changes, including DDT restrictions.",Scientists,Environmental Scientists
Which option correctly answers this: Who developed the heliocentric model placing the Sun at the center of the Solar System?,Isaac Newton,Nicolaus Copernicus,C. V. Raman,Marie Curie (along with Pierre Curie and Henri Becquerel),B) Nicolaus Copernicus,"Nicolaus Copernicus proposed the heliocentric model, which placed the Sun, rather than the Earth, at the center of the Solar System.",Scientists,Astronomers
"Quiz question: Who is known for environmental scientific contributions and advocacy that led to a global ban on the pesticide DDT, through her writing?",James Watson,Edward Jenner,Rachel Carson,Jagadish Chandra Bose,C) Rachel Carson,"Rachel Carson's writing, particularly 'Silent Spring', raised awareness about pesticide dangers and contributed to environmental policy changes, including DDT restrictions.",Scientists,Environmental Scientists
Which option correctly answers this: Who discovered penicillin?,Alexander Fleming,Nicolaus Copernicus,Rachel Carson,Stephen Hawking,A) Alexander Fleming,"Alexander Fleming discovered penicillin in 1928, leading to the development of antibiotics.",Scientists,Medical Scientists
"Choose the correct answer: Who is known for environmental scientific contributions and advocacy that led to a global ban on the pesticide DDT, through her writing?",Rachel Carson,Aryabhata,Nicolaus Copernicus,Alan Turing,A) Rachel Carson,"Rachel Carson's writing, particularly 'Silent Spring', raised awareness about pesticide dangers and contributed to environmental policy changes, including DDT restrictions.",Scientists,Environmental Scientists
Which option correctly answers this: Who is known for developing the theory of continental drift?,Isaac Newton,Galileo Galilei,Alfred Wegener,Charles Darwin,C) Alfred Wegener,"Alfred Wegener proposed the theory of continental drift, suggesting that continents were once joined and have since drifted apart.",Scientists,World Scientists
"Quiz question: Who is credited as a pioneer of rocketry and space science in India, associated with early sounding rocket launches?",Charles Darwin,Archimedes,James Watt,Vikram Sarabhai,D) Vikram Sarabhai,"Vikram Sarabhai pioneered India's early rocketry and space science efforts, leading to the founding of ISRO.",Scientists,Space Scientists
"Which Indian scientist is known for his experiments demonstrating that plants have life-like responses, using an instrument called the crescograph?",C. V. Raman,Charles Darwin,Rachel Carson,Jagadish Chandra Bose,D) Jagadish Chandra Bose,"Jagadish Chandra Bose conducted pioneering experiments showing life-like responses in plants using his invented instrument, the crescograph.",Scientists,Indian Scientists
"Which Indian scientist is known for his experiments demonstrating that plants have life-like responses, using an instrument called the crescograph?",Edward Jenner,Archimedes,Isaac Newton,Jagadish Chandra Bose,D) Jagadish Chandra Bose,"Jagadish Chandra Bose conducted pioneering experiments showing life-like responses in plants using his invented instrument, the crescograph.",Scientists,Indian Scientists
Which option correctly answers this: Who developed the theory of general relativity?,Aryabhata,Gregor Mendel,C. V. Raman,Albert Einstein,D) Albert Einstein,"Albert Einstein developed the theory of general relativity, revolutionizing the understanding of gravity, space, and time.",Scientists,World Scientists
Quiz question: Who developed the polio vaccine widely used in the 1950s?,Vikram Sarabhai,Galileo Galilei,Jonas Salk,Isaac Newton,C) Jonas Salk,"Jonas Salk developed one of the first successful and widely used polio vaccines, introduced in 1955.",Scientists,Medical Scientists
Quiz question: Who developed the periodic table of elements?,Galileo Galilei,Rachel Carson,Edward Jenner,Dmitri Mendeleev,D) Dmitri Mendeleev,"Dmitri Mendeleev developed an early version of the periodic table, organizing elements by atomic weight and properties.",Scientists,Chemists
"Choose the correct answer: Who was the first woman to win a Nobel Prize, and the only person to win Nobel Prizes in two different sciences?",Jagadish Chandra Bose,Marie Curie,Nicolaus Copernicus,Alexander Fleming,B) Marie Curie,Marie Curie was the first woman to win a Nobel Prize and remains the only person to win Nobel Prizes in two different scientific fields.,Scientists,Nobel Prize Scientists
Which option correctly answers this: Who is regarded as the father of India's nuclear programme?,Homi J. Bhabha,Marie Curie,Vikram Sarabhai,James Watt,A) Homi J. Bhabha,Homi J. Bhabha is regarded as the father of India's nuclear programme and founded the Tata Institute of Fundamental Research.,Scientists,Indian Scientists
"Quiz question: Who is credited with discovering the structure of DNA, along with Francis Crick?",Alfred Wegener,James Watson,Marie Curie,Alexander Graham Bell,B) James Watson,"James Watson, along with Francis Crick, is credited with discovering the double-helix structure of DNA in 1953.",Scientists,Biologists
"Quiz question: Who is regarded as a founding figure of modern computer science, known for his work on computation and code-breaking during WWII?",Albert Einstein,Alexander Graham Bell,Alan Turing,Alfred Wegener,C) Alan Turing,"Alan Turing is regarded as a founding figure of computer science, known for his theoretical work and code-breaking during World War II.",Scientists,Computer Scientists
"Choose the correct answer: Which Indian scientist is known for his experiments demonstrating that plants have life-like responses, using an instrument called the crescograph?",Isaac Newton,Vikram Sarabhai,Alexander Fleming,Jagadish Chandra Bose,D) Jagadish Chandra Bose,"Jagadish Chandra Bose conducted pioneering experiments showing life-like responses in plants using his invented instrument, the crescograph.",Scientists,Indian Scientists
Who is credited with discovering the electron?,Marie Curie,Archimedes,J. J. Thomson,Homi J. Bhabha,C) J. J. Thomson,"J. J. Thomson is credited with discovering the electron in 1897, a foundational discovery in atomic physics.",Scientists,Physicists
Quiz question: Who developed the periodic table of elements?,Alexander Graham Bell,Galileo Galilei,Dmitri Mendeleev,James Watson,C) Dmitri Mendeleev,"Dmitri Mendeleev developed an early version of the periodic table, organizing elements by atomic weight and properties.",Scientists,Chemists
Choose the correct answer: Who developed the theory of general relativity's application in understanding black holes and co-authored influential works on space-time?,Alan Turing,Stephen Hawking,Vikram Sarabhai,Nicolaus Copernicus,B) Stephen Hawking,Stephen Hawking made significant contributions to the understanding of black holes and cosmology within the framework of general relativity.,Scientists,Physicists
Who developed the periodic table of elements?,Nicolaus Copernicus,Edward Jenner,Galileo Galilei,Dmitri Mendeleev,D) Dmitri Mendeleev,"Dmitri Mendeleev developed an early version of the periodic table, organizing elements by atomic weight and properties.",Scientists,Chemists
Which option correctly answers this: Who discovered penicillin?,Charles Darwin,Alexander Fleming,Gregor Mendel,Galileo Galilei,B) Alexander Fleming,"Alexander Fleming discovered penicillin in 1928, leading to the development of antibiotics.",Scientists,Medical Scientists
Choose the correct answer: Who is regarded as the father of India's nuclear programme?,Nicolaus Copernicus,Homi J. Bhabha,Alan Turing,Louis Pasteur,B) Homi J. Bhabha,Homi J. Bhabha is regarded as the father of India's nuclear programme and founded the Tata Institute of Fundamental Research.,Scientists,Indian Scientists
"Choose the correct answer: Who discovered radioactivity, sharing a Nobel Prize for the work?",Albert Einstein,Stephen Hawking,Marie Curie (along with Pierre Curie and Henri Becquerel),Aryabhata,C) Marie Curie (along with Pierre Curie and Henri Becquerel),"Marie Curie, along with Pierre Curie and Henri Becquerel, is credited with pioneering research on radioactivity.",Scientists,Women Scientists
Choose the correct answer: Who is known for developing the theory of continental drift?,Stephen Hawking,Louis Pasteur,Tim Berners-Lee,Alfred Wegener,D) Alfred Wegener,"Alfred Wegener proposed the theory of continental drift, suggesting that continents were once joined and have since drifted apart.",Scientists,World Scientists
Who discovered penicillin?,Isaac Newton,Alexander Fleming,James Watson,Alexander Graham Bell,B) Alexander Fleming,"Alexander Fleming discovered penicillin in 1928, leading to the development of antibiotics.",Scientists,Medical Scientists
Quiz question: Who discovered penicillin?,Nicolaus Copernicus,Alexander Fleming,Louis Pasteur,Albert Einstein,B) Alexander Fleming,"Alexander Fleming discovered penicillin in 1928, leading to the development of antibiotics.",Scientists,Medical Scientists
"Which option correctly answers this: Who is known for environmental scientific contributions and advocacy that led to a global ban on the pesticide DDT, through her writing?",Stephen Hawking,Dmitri Mendeleev,Homi J. Bhabha,Rachel Carson,D) Rachel Carson,"Rachel Carson's writing, particularly 'Silent Spring', raised awareness about pesticide dangers and contributed to environmental policy changes, including DDT restrictions.",Scientists,Environmental Scientists
"Choose the correct answer: Who discovered radioactivity, sharing a Nobel Prize for the work?",Charles Darwin,Aryabhata,Marie Curie (along with Pierre Curie and Henri Becquerel),Nicolaus Copernicus,C) Marie Curie (along with Pierre Curie and Henri Becquerel),"Marie Curie, along with Pierre Curie and Henri Becquerel, is credited with pioneering research on radioactivity.",Scientists,Women Scientists
"Which option correctly answers this: Who is regarded as a founding figure of modern computer science, known for his work on computation and code-breaking during WWII?",Alexander Graham Bell,Jagadish Chandra Bose,Alan Turing,J. J. Thomson,C) Alan Turing,"Alan Turing is regarded as a founding figure of computer science, known for his theoretical work and code-breaking during World War II.",Scientists,Computer Scientists
Who is credited with inventing the telephone?,C. V. Raman,Alexander Graham Bell,James Watson,Vikram Sarabhai,B) Alexander Graham Bell,Alexander Graham Bell is credited with inventing the first practical telephone in 1876.,Scientists,World Scientists
Choose the correct answer: Who is known as the father of the Indian space programme?,Edward Jenner,Jagadish Chandra Bose,Alan Turing,Vikram Sarabhai,D) Vikram Sarabhai,"Vikram Sarabhai is widely regarded as the father of the Indian space programme, founding what became ISRO.",Scientists,Indian Scientists
"Which option correctly answers this: Who is known for pioneering research in electricity and magnetism, with the SI unit of capacitance named after him?",Archimedes,Michael Faraday,Gregor Mendel,Stephen Hawking,B) Michael Faraday,"Michael Faraday made pioneering contributions to the study of electromagnetism, and the SI unit of capacitance, the farad, is named after him.",Scientists,Physicists
"Which option correctly answers this: Who is known for pioneering research in electricity and magnetism, with the SI unit of capacitance named after him?",Michael Faraday,Louis Pasteur,James Watson,Aryabhata,A) Michael Faraday,"Michael Faraday made pioneering contributions to the study of electromagnetism, and the SI unit of capacitance, the farad, is named after him.",Scientists,Physicists
Which option correctly answers this: Who is regarded as the father of India's nuclear programme?,Nicolaus Copernicus,Homi J. Bhabha,Charles Darwin,Jagadish Chandra Bose,B) Homi J. Bhabha,Homi J. Bhabha is regarded as the father of India's nuclear programme and founded the Tata Institute of Fundamental Research.,Scientists,Indian Scientists
Which option correctly answers this: Who invented the World Wide Web?,Tim Berners-Lee,Nicolaus Copernicus,J. J. Thomson,Archimedes,A) Tim Berners-Lee,Tim Berners-Lee invented the World Wide Web in 1989 while working at CERN.,Scientists,Computer Scientists
"Quiz question: Who developed the smallpox vaccine, a major milestone in the history of immunology?",Jagadish Chandra Bose,Edward Jenner,Marie Curie (along with Pierre Curie and Henri Becquerel),Stephen Hawking,B) Edward Jenner,"Edward Jenner developed the world's first successful smallpox vaccine in the late 18th century, a major milestone in immunology.",Scientists,Medical Scientists
Quiz question: Who is credited with discovering the electron?,Alan Turing,Rachel Carson,J. J. Thomson,Tim Berners-Lee,C) J. J. Thomson,"J. J. Thomson is credited with discovering the electron in 1897, a foundational discovery in atomic physics.",Scientists,Physicists
Choose the correct answer: Who discovered penicillin?,Alexander Fleming,Edward Jenner,Galileo Galilei,Tim Berners-Lee,A) Alexander Fleming,"Alexander Fleming discovered penicillin in 1928, leading to the development of antibiotics.",Scientists,Medical Scientists
Who proposed the theory of evolution by natural selection?,Marie Curie,Charles Darwin,C. V. Raman,Gregor Mendel,B) Charles Darwin,Charles Darwin proposed the theory of evolution by natural selection in his book 'On the Origin of Species'.,Scientists,Biologists
Who is known for developing the theory of continental drift?,Jonas Salk,Alfred Wegener,Louis Pasteur,Marie Curie (along with Pierre Curie and Henri Becquerel),B) Alfred Wegener,"Alfred Wegener proposed the theory of continental drift, suggesting that continents were once joined and have since drifted apart.",Scientists,World Scientists
Choose the correct answer: Who developed the theory of general relativity's application in understanding black holes and co-authored influential works on space-time?,Louis Pasteur,Michael Faraday,Marie Curie (along with Pierre Curie and Henri Becquerel),Stephen Hawking,D) Stephen Hawking,Stephen Hawking made significant contributions to the understanding of black holes and cosmology within the framework of general relativity.,Scientists,Physicists
Quiz question: Who is credited with inventing the telephone?,Alexander Graham Bell,Tim Berners-Lee,Louis Pasteur,Stephen Hawking,A) Alexander Graham Bell,Alexander Graham Bell is credited with inventing the first practical telephone in 1876.,Scientists,World Scientists
"Choose the correct answer: Which Indian scientist is known for his experiments demonstrating that plants have life-like responses, using an instrument called the crescograph?",Jagadish Chandra Bose,James Watt,Archimedes,Stephen Hawking,A) Jagadish Chandra Bose,"Jagadish Chandra Bose conducted pioneering experiments showing life-like responses in plants using his invented instrument, the crescograph.",Scientists,Indian Scientists
Who invented the World Wide Web?,Alexander Fleming,Dmitri Mendeleev,Louis Pasteur,Tim Berners-Lee,D) Tim Berners-Lee,Tim Berners-Lee invented the World Wide Web in 1989 while working at CERN.,Scientists,Computer Scientists
"Who is credited with discovering the structure of DNA, along with Francis Crick?",Edward Jenner,James Watson,Isaac Newton,Alexander Graham Bell,B) James Watson,"James Watson, along with Francis Crick, is credited with discovering the double-helix structure of DNA in 1953.",Scientists,Biologists
"Quiz question: Who is credited with discovering the structure of DNA, along with Francis Crick?",James Watt,Isaac Newton,Alexander Fleming,James Watson,D) James Watson,"James Watson, along with Francis Crick, is credited with discovering the double-helix structure of DNA in 1953.",Scientists,Biologists
Which option correctly answers this: Who developed the mathematical concept of zero as a number and made major contributions to Indian mathematics and astronomy?,Aryabhata,James Watson,Dmitri Mendeleev,Nicolaus Copernicus,A) Aryabhata,"Aryabhata, an ancient Indian mathematician and astronomer, made significant contributions to mathematics, including work related to the concept of zero.",Scientists,Mathematicians
Choose the correct answer: Who developed the theory of general relativity's application in understanding black holes and co-authored influential works on space-time?,Stephen Hawking,Michael Faraday,Dmitri Mendeleev,Archimedes,A) Stephen Hawking,Stephen Hawking made significant contributions to the understanding of black holes and cosmology within the framework of general relativity.,Scientists,Physicists
Who is credited with inventing the telephone?,Vikram Sarabhai,Charles Darwin,Alexander Graham Bell,Dmitri Mendeleev,C) Alexander Graham Bell,Alexander Graham Bell is credited with inventing the first practical telephone in 1876.,Scientists,World Scientists
"Who is known for pioneering research in electricity and magnetism, with the SI unit of capacitance named after him?",Edward Jenner,Tim Berners-Lee,Gregor Mendel,Michael Faraday,D) Michael Faraday,"Michael Faraday made pioneering contributions to the study of electromagnetism, and the SI unit of capacitance, the farad, is named after him.",Scientists,Physicists
"Quiz question: Who developed the smallpox vaccine, a major milestone in the history of immunology?",Edward Jenner,Alfred Wegener,Dmitri Mendeleev,Archimedes,A) Edward Jenner,"Edward Jenner developed the world's first successful smallpox vaccine in the late 18th century, a major milestone in immunology.",Scientists,Medical Scientists
Who discovered the law of buoyancy while reportedly in a bathtub?,Tim Berners-Lee,Archimedes,Homi J. Bhabha,Jonas Salk,B) Archimedes,"Archimedes is credited with discovering the principle of buoyancy, famously said to have realized it while in his bath.",Scientists,Mathematicians
Choose the correct answer: Who is credited with discovering the electron?,Aryabhata,J. J. Thomson,Rachel Carson,Gregor Mendel,B) J. J. Thomson,"J. J. Thomson is credited with discovering the electron in 1897, a foundational discovery in atomic physics.",Scientists,Physicists
"Choose the correct answer: Which Indian scientist is known for his experiments demonstrating that plants have life-like responses, using an instrument called the crescograph?",Archimedes,James Watt,James Watson,Jagadish Chandra Bose,D) Jagadish Chandra Bose,"Jagadish Chandra Bose conducted pioneering experiments showing life-like responses in plants using his invented instrument, the crescograph.",Scientists,Indian Scientists
Who developed the theory of general relativity?,Albert Einstein,Charles Darwin,Rachel Carson,Michael Faraday,A) Albert Einstein,"Albert Einstein developed the theory of general relativity, revolutionizing the understanding of gravity, space, and time.",Scientists,World Scientists
"Choose the correct answer: Who is known for pioneering research in electricity and magnetism, with the SI unit of capacitance named after him?",Homi J. Bhabha,Michael Faraday,Jonas Salk,Rachel Carson,B) Michael Faraday,"Michael Faraday made pioneering contributions to the study of electromagnetism, and the SI unit of capacitance, the farad, is named after him.",Scientists,Physicists
"Who is known for environmental scientific contributions and advocacy that led to a global ban on the pesticide DDT, through her writing?",Rachel Carson,James Watt,Albert Einstein,Marie Curie,A) Rachel Carson,"Rachel Carson's writing, particularly 'Silent Spring', raised awareness about pesticide dangers and contributed to environmental policy changes, including DDT restrictions.",Scientists,Environmental Scientists
Who is known for pioneering contributions to genetics through experiments with pea plants?,Archimedes,Gregor Mendel,Marie Curie (along with Pierre Curie and Henri Becquerel),Alfred Wegener,B) Gregor Mendel,Gregor Mendel conducted pioneering experiments with pea plants that laid the foundation for the modern science of genetics.,Scientists,Biologists
"Quiz question: Who was the first Indian to win a Nobel Prize in Science, for his work on the scattering of light?",Vikram Sarabhai,Michael Faraday,C. V. Raman,Edward Jenner,C) C. V. Raman,"C. V. Raman won the Nobel Prize in Physics in 1930 for his discovery of the Raman effect, related to the scattering of light.",Scientists,Indian Scientists
Quiz question: Who is famous for his observations supporting the heliocentric model using an early telescope?,James Watt,Galileo Galilei,Dmitri Mendeleev,Charles Darwin,B) Galileo Galilei,"Galileo Galilei made key astronomical observations using an early telescope, providing evidence supporting the heliocentric model.",Scientists,Astronomers
Choose the correct answer: Who is known for pioneering contributions to genetics through experiments with pea plants?,Rachel Carson,Gregor Mendel,Galileo Galilei,Stephen Hawking,B) Gregor Mendel,Gregor Mendel conducted pioneering experiments with pea plants that laid the foundation for the modern science of genetics.,Scientists,Biologists
Who is known for developing the theory of continental drift?,Edward Jenner,Gregor Mendel,Alfred Wegener,Vikram Sarabhai,C) Alfred Wegener,"Alfred Wegener proposed the theory of continental drift, suggesting that continents were once joined and have since drifted apart.",Scientists,World Scientists
Quiz question: Who is credited with inventing the telephone?,Alexander Graham Bell,J. J. Thomson,Albert Einstein,Isaac Newton,A) Alexander Graham Bell,Alexander Graham Bell is credited with inventing the first practical telephone in 1876.,Scientists,World Scientists
Who is known as the father of the Indian space programme?,Alexander Fleming,James Watt,C. V. Raman,Vikram Sarabhai,D) Vikram Sarabhai,"Vikram Sarabhai is widely regarded as the father of the Indian space programme, founding what became ISRO.",Scientists,Indian Scientists
"Quiz question: Who is regarded as a founding figure of modern computer science, known for his work on computation and code-breaking during WWII?",Homi J. Bhabha,Michael Faraday,Alan Turing,Gregor Mendel,C) Alan Turing,"Alan Turing is regarded as a founding figure of computer science, known for his theoretical work and code-breaking during World War II.",Scientists,Computer Scientists
Who developed the theory of general relativity?,Albert Einstein,J. J. Thomson,Alan Turing,Jonas Salk,A) Albert Einstein,"Albert Einstein developed the theory of general relativity, revolutionizing the understanding of gravity, space, and time.",Scientists,World Scientists
Choose the correct answer: Who proposed the theory of evolution by natural selection?,Alfred Wegener,Charles Darwin,Aryabhata,Jonas Salk,B) Charles Darwin,Charles Darwin proposed the theory of evolution by natural selection in his book 'On the Origin of Species'.,Scientists,Biologists
Who invented the World Wide Web?,Tim Berners-Lee,James Watt,Jonas Salk,Marie Curie (along with Pierre Curie and Henri Becquerel),A) Tim Berners-Lee,Tim Berners-Lee invented the World Wide Web in 1989 while working at CERN.,Scientists,Computer Scientists
"Which option correctly answers this: Which Indian scientist is known for his experiments demonstrating that plants have life-like responses, using an instrument called the crescograph?",Stephen Hawking,Jagadish Chandra Bose,Marie Curie,Alexander Graham Bell,B) Jagadish Chandra Bose,"Jagadish Chandra Bose conducted pioneering experiments showing life-like responses in plants using his invented instrument, the crescograph.",Scientists,Indian Scientists
"Who is credited with discovering the structure of DNA, along with Francis Crick?",Gregor Mendel,Louis Pasteur,James Watson,J. J. Thomson,C) James Watson,"James Watson, along with Francis Crick, is credited with discovering the double-helix structure of DNA in 1953.",Scientists,Biologists
"Quiz question: Who was the first Indian to win a Nobel Prize in Science, for his work on the scattering of light?",Vikram Sarabhai,Albert Einstein,Alfred Wegener,C. V. Raman,D) C. V. Raman,"C. V. Raman won the Nobel Prize in Physics in 1930 for his discovery of the Raman effect, related to the scattering of light.",Scientists,Indian Scientists
"Choose the correct answer: Who is credited as a pioneer of rocketry and space science in India, associated with early sounding rocket launches?",Vikram Sarabhai,Charles Darwin,Albert Einstein,Alexander Fleming,A) Vikram Sarabhai,"Vikram Sarabhai pioneered India's early rocketry and space science efforts, leading to the founding of ISRO.",Scientists,Space Scientists
Quiz question: Who developed the polio vaccine widely used in the 1950s?,Archimedes,Galileo Galilei,Jonas Salk,Nicolaus Copernicus,C) Jonas Salk,"Jonas Salk developed one of the first successful and widely used polio vaccines, introduced in 1955.",Scientists,Medical Scientists
Quiz question: Who is known as the father of the Indian space programme?,Galileo Galilei,Gregor Mendel,Vikram Sarabhai,C. V. Raman,C) Vikram Sarabhai,"Vikram Sarabhai is widely regarded as the father of the Indian space programme, founding what became ISRO.",Scientists,Indian Scientists
Who developed the mathematical concept of zero as a number and made major contributions to Indian mathematics and astronomy?,Charles Darwin,Marie Curie,Dmitri Mendeleev,Aryabhata,D) Aryabhata,"Aryabhata, an ancient Indian mathematician and astronomer, made significant contributions to mathematics, including work related to the concept of zero.",Scientists,Mathematicians
Who is known for developing the theory of continental drift?,James Watt,Alfred Wegener,Marie Curie (along with Pierre Curie and Henri Becquerel),Dmitri Mendeleev,B) Alfred Wegener,"Alfred Wegener proposed the theory of continental drift, suggesting that continents were once joined and have since drifted apart.",Scientists,World Scientists
Who is credited with discovering the electron?,J. J. Thomson,Aryabhata,James Watson,Marie Curie,A) J. J. Thomson,"J. J. Thomson is credited with discovering the electron in 1897, a foundational discovery in atomic physics.",Scientists,Physicists
Who is credited with developing the first practical steam engine widely used in industry?,C. V. Raman,Galileo Galilei,Vikram Sarabhai,James Watt,D) James Watt,"James Watt significantly improved the steam engine, making it far more efficient and practical for widespread industrial use.",Scientists,World Scientists
Who is known for developing the theory of continental drift?,Alfred Wegener,Vikram Sarabhai,Alexander Fleming,Archimedes,A) Alfred Wegener,"Alfred Wegener proposed the theory of continental drift, suggesting that continents were once joined and have since drifted apart.",Scientists,World Scientists
"Which option correctly answers this: Who was the first Indian to win a Nobel Prize in Science, for his work on the scattering of light?",Jonas Salk,Archimedes,C. V. Raman,Tim Berners-Lee,C) C. V. Raman,"C. V. Raman won the Nobel Prize in Physics in 1930 for his discovery of the Raman effect, related to the scattering of light.",Scientists,Indian Scientists
Choose the correct answer: Who developed the heliocentric model placing the Sun at the center of the Solar System?,Louis Pasteur,Alan Turing,Rachel Carson,Nicolaus Copernicus,D) Nicolaus Copernicus,"Nicolaus Copernicus proposed the heliocentric model, which placed the Sun, rather than the Earth, at the center of the Solar System.",Scientists,Astronomers
Who proposed the theory of evolution by natural selection?,Edward Jenner,Charles Darwin,Louis Pasteur,Alexander Graham Bell,B) Charles Darwin,Charles Darwin proposed the theory of evolution by natural selection in his book 'On the Origin of Species'.,Scientists,Biologists
Which option correctly answers this: Who is famous for his observations supporting the heliocentric model using an early telescope?,James Watt,J. J. Thomson,Galileo Galilei,Jonas Salk,C) Galileo Galilei,"Galileo Galilei made key astronomical observations using an early telescope, providing evidence supporting the heliocentric model.",Scientists,Astronomers
Who proposed the theory of evolution by natural selection?,Dmitri Mendeleev,Michael Faraday,Charles Darwin,Gregor Mendel,C) Charles Darwin,Charles Darwin proposed the theory of evolution by natural selection in his book 'On the Origin of Species'.,Scientists,Biologists
Who developed the first successful vaccine against rabies?,Louis Pasteur,Nicolaus Copernicus,Albert Einstein,Archimedes,A) Louis Pasteur,"Louis Pasteur developed the first successful vaccine against rabies, among his many other contributions to microbiology.",Scientists,Medical Scientists
Which option correctly answers this: Who is credited with formulating the laws of motion and universal gravitation?,Alan Turing,Aryabhata,Isaac Newton,Gregor Mendel,C) Isaac Newton,"Sir Isaac Newton formulated the laws of motion and the law of universal gravitation, foundational to classical physics.",Scientists,Physicists
Who is known as the father of the Indian space programme?,Aryabhata,Archimedes,Vikram Sarabhai,Alan Turing,C) Vikram Sarabhai,"Vikram Sarabhai is widely regarded as the father of the Indian space programme, founding what became ISRO.",Scientists,Indian Scientists
Who is credited with developing the first practical steam engine widely used in industry?,Archimedes,James Watson,Rachel Carson,James Watt,D) James Watt,"James Watt significantly improved the steam engine, making it far more efficient and practical for widespread industrial use.",Scientists,World Scientists
Which option correctly answers this: Who proposed the theory of evolution by natural selection?,Charles Darwin,James Watt,Aryabhata,Louis Pasteur,A) Charles Darwin,Charles Darwin proposed the theory of evolution by natural selection in his book 'On the Origin of Species'.,Scientists,Biologists
"Quiz question: Who was the first woman to win a Nobel Prize, and the only person to win Nobel Prizes in two different sciences?",Marie Curie,Marie Curie (along with Pierre Curie and Henri Becquerel),Dmitri Mendeleev,Alexander Fleming,A) Marie Curie,Marie Curie was the first woman to win a Nobel Prize and remains the only person to win Nobel Prizes in two different scientific fields.,Scientists,Nobel Prize Scientists
Choose the correct answer: Who is credited with inventing the telephone?,Gregor Mendel,Homi J. Bhabha,Nicolaus Copernicus,Alexander Graham Bell,D) Alexander Graham Bell,Alexander Graham Bell is credited with inventing the first practical telephone in 1876.,Scientists,World Scientists
"Which option correctly answers this: Who discovered radioactivity, sharing a Nobel Prize for the work?",Alexander Graham Bell,Michael Faraday,Marie Curie (along with Pierre Curie and Henri Becquerel),C. V. Raman,C) Marie Curie (along with Pierre Curie and Henri Becquerel),"Marie Curie, along with Pierre Curie and Henri Becquerel, is credited with pioneering research on radioactivity.",Scientists,Women Scientists
Quiz question: Who developed the theory of general relativity?,James Watson,Albert Einstein,Dmitri Mendeleev,C. V. Raman,B) Albert Einstein,"Albert Einstein developed the theory of general relativity, revolutionizing the understanding of gravity, space, and time.",Scientists,World Scientists
Quiz question: Who developed the theory of general relativity's application in understanding black holes and co-authored influential works on space-time?,James Watt,Marie Curie,Stephen Hawking,C. V. Raman,C) Stephen Hawking,Stephen Hawking made significant contributions to the understanding of black holes and cosmology within the framework of general relativity.,Scientists,Physicists
Which option correctly answers this: Who developed the first successful vaccine against rabies?,Galileo Galilei,Dmitri Mendeleev,Rachel Carson,Louis Pasteur,D) Louis Pasteur,"Louis Pasteur developed the first successful vaccine against rabies, among his many other contributions to microbiology.",Scientists,Medical Scientists
Which option correctly answers this: Who is known for pioneering contributions to genetics through experiments with pea plants?,C. V. Raman,Aryabhata,Gregor Mendel,Jonas Salk,C) Gregor Mendel,Gregor Mendel conducted pioneering experiments with pea plants that laid the foundation for the modern science of genetics.,Scientists,Biologists
"Which option correctly answers this: Which Indian scientist is known for his experiments demonstrating that plants have life-like responses, using an instrument called the crescograph?",Edward Jenner,Isaac Newton,Jagadish Chandra Bose,Gregor Mendel,C) Jagadish Chandra Bose,"Jagadish Chandra Bose conducted pioneering experiments showing life-like responses in plants using his invented instrument, the crescograph.",Scientists,Indian Scientists
Who developed the first successful vaccine against rabies?,Marie Curie (along with Pierre Curie and Henri Becquerel),Louis Pasteur,James Watt,Gregor Mendel,B) Louis Pasteur,"Louis Pasteur developed the first successful vaccine against rabies, among his many other contributions to microbiology.",Scientists,Medical Scientists
Who developed the theory of general relativity's application in understanding black holes and co-authored influential works on space-time?,Louis Pasteur,Vikram Sarabhai,Stephen Hawking,Dmitri Mendeleev,C) Stephen Hawking,Stephen Hawking made significant contributions to the understanding of black holes and cosmology within the framework of general relativity.,Scientists,Physicists
"Who was the first woman to win a Nobel Prize, and the only person to win Nobel Prizes in two different sciences?",Marie Curie,Charles Darwin,Rachel Carson,Marie Curie (along with Pierre Curie and Henri Becquerel),A) Marie Curie,Marie Curie was the first woman to win a Nobel Prize and remains the only person to win Nobel Prizes in two different scientific fields.,Scientists,Nobel Prize Scientists
"Choose the correct answer: Which Indian scientist is known for his experiments demonstrating that plants have life-like responses, using an instrument called the crescograph?",Charles Darwin,Jagadish Chandra Bose,Vikram Sarabhai,Edward Jenner,B) Jagadish Chandra Bose,"Jagadish Chandra Bose conducted pioneering experiments showing life-like responses in plants using his invented instrument, the crescograph.",Scientists,Indian Scientists
Quiz question: Who is known for pioneering contributions to genetics through experiments with pea plants?,Gregor Mendel,Homi J. Bhabha,Alexander Fleming,Tim Berners-Lee,A) Gregor Mendel,Gregor Mendel conducted pioneering experiments with pea plants that laid the foundation for the modern science of genetics.,Scientists,Biologists
"Choose the correct answer: Who discovered radioactivity, sharing a Nobel Prize for the work?",Homi J. Bhabha,Marie Curie (along with Pierre Curie and Henri Becquerel),C. V. Raman,James Watson,B) Marie Curie (along with Pierre Curie and Henri Becquerel),"Marie Curie, along with Pierre Curie and Henri Becquerel, is credited with pioneering research on radioactivity.",Scientists,Women Scientists
Who developed the periodic table of elements?,Galileo Galilei,Jagadish Chandra Bose,J. J. Thomson,Dmitri Mendeleev,D) Dmitri Mendeleev,"Dmitri Mendeleev developed an early version of the periodic table, organizing elements by atomic weight and properties.",Scientists,Chemists
Quiz question: Who is regarded as the father of India's nuclear programme?,C. V. Raman,Marie Curie,Homi J. Bhabha,Jonas Salk,C) Homi J. Bhabha,Homi J. Bhabha is regarded as the father of India's nuclear programme and founded the Tata Institute of Fundamental Research.,Scientists,Indian Scientists
"Who is regarded as a founding figure of modern computer science, known for his work on computation and code-breaking during WWII?",Jonas Salk,Rachel Carson,James Watson,Alan Turing,D) Alan Turing,"Alan Turing is regarded as a founding figure of computer science, known for his theoretical work and code-breaking during World War II.",Scientists,Computer Scientists
"Which option correctly answers this: Who was the first Indian to win a Nobel Prize in Science, for his work on the scattering of light?",C. V. Raman,Galileo Galilei,Alexander Graham Bell,J. J. Thomson,A) C. V. Raman,"C. V. Raman won the Nobel Prize in Physics in 1930 for his discovery of the Raman effect, related to the scattering of light.",Scientists,Indian Scientists
Which option correctly answers this: Who is credited with formulating the laws of motion and universal gravitation?,Louis Pasteur,Isaac Newton,Alfred Wegener,Jonas Salk,B) Isaac Newton,"Sir Isaac Newton formulated the laws of motion and the law of universal gravitation, foundational to classical physics.",Scientists,Physicists
Quiz question: Who developed the theory of general relativity's application in understanding black holes and co-authored influential works on space-time?,J. J. Thomson,Archimedes,Stephen Hawking,James Watt,C) Stephen Hawking,Stephen Hawking made significant contributions to the understanding of black holes and cosmology within the framework of general relativity.,Scientists,Physicists
"Choose the correct answer: Which Indian scientist is known for his experiments demonstrating that plants have life-like responses, using an instrument called the crescograph?",Alexander Fleming,Alan Turing,Jagadish Chandra Bose,James Watt,C) Jagadish Chandra Bose,"Jagadish Chandra Bose conducted pioneering experiments showing life-like responses in plants using his invented instrument, the crescograph.",Scientists,Indian Scientists
Quiz question: Who invented the World Wide Web?,Tim Berners-Lee,Marie Curie (along with Pierre Curie and Henri Becquerel),Jagadish Chandra Bose,Alfred Wegener,A) Tim Berners-Lee,Tim Berners-Lee invented the World Wide Web in 1989 while working at CERN.,Scientists,Computer Scientists
Quiz question: Who is credited with discovering the electron?,J. J. Thomson,Alexander Graham Bell,Nicolaus Copernicus,Aryabhata,A) J. J. Thomson,"J. J. Thomson is credited with discovering the electron in 1897, a foundational discovery in atomic physics.",Scientists,Physicists
Choose the correct answer: Who proposed the theory of evolution by natural selection?,Charles Darwin,Galileo Galilei,Vikram Sarabhai,Alexander Graham Bell,A) Charles Darwin,Charles Darwin proposed the theory of evolution by natural selection in his book 'On the Origin of Species'.,Scientists,Biologists
"Quiz question: Who was the first Indian to win a Nobel Prize in Science, for his work on the scattering of light?",Marie Curie (along with Pierre Curie and Henri Becquerel),C. V. Raman,Alexander Fleming,Dmitri Mendeleev,B) C. V. Raman,"C. V. Raman won the Nobel Prize in Physics in 1930 for his discovery of the Raman effect, related to the scattering of light.",Scientists,Indian Scientists
"Choose the correct answer: Which Indian scientist is known for his experiments demonstrating that plants have life-like responses, using an instrument called the crescograph?",Albert Einstein,Alexander Fleming,J. J. Thomson,Jagadish Chandra Bose,D) Jagadish Chandra Bose,"Jagadish Chandra Bose conducted pioneering experiments showing life-like responses in plants using his invented instrument, the crescograph.",Scientists,Indian Scientists
Quiz question: Who is credited with inventing the telephone?,Charles Darwin,Alexander Graham Bell,Marie Curie (along with Pierre Curie and Henri Becquerel),Dmitri Mendeleev,B) Alexander Graham Bell,Alexander Graham Bell is credited with inventing the first practical telephone in 1876.,Scientists,World Scientists
"Who is credited as a pioneer of rocketry and space science in India, associated with early sounding rocket launches?",Vikram Sarabhai,Jagadish Chandra Bose,Gregor Mendel,Dmitri Mendeleev,A) Vikram Sarabhai,"Vikram Sarabhai pioneered India's early rocketry and space science efforts, leading to the founding of ISRO.",Scientists,Space Scientists
Quiz question: Who is credited with discovering the electron?,Galileo Galilei,James Watt,Aryabhata,J. J. Thomson,D) J. J. Thomson,"J. J. Thomson is credited with discovering the electron in 1897, a foundational discovery in atomic physics.",Scientists,Physicists
Who developed the heliocentric model placing the Sun at the center of the Solar System?,Stephen Hawking,Nicolaus Copernicus,Alexander Graham Bell,Jagadish Chandra Bose,B) Nicolaus Copernicus,"Nicolaus Copernicus proposed the heliocentric model, which placed the Sun, rather than the Earth, at the center of the Solar System.",Scientists,Astronomers
Choose the correct answer: Who is credited with formulating the laws of motion and universal gravitation?,Alfred Wegener,Dmitri Mendeleev,Isaac Newton,Louis Pasteur,C) Isaac Newton,"Sir Isaac Newton formulated the laws of motion and the law of universal gravitation, foundational to classical physics.",Scientists,Physicists
Quiz question: Who is regarded as the father of India's nuclear programme?,Jonas Salk,Stephen Hawking,James Watson,Homi J. Bhabha,D) Homi J. Bhabha,Homi J. Bhabha is regarded as the father of India's nuclear programme and founded the Tata Institute of Fundamental Research.,Scientists,Indian Scientists
Choose the correct answer: Who developed the polio vaccine widely used in the 1950s?,Jonas Salk,Michael Faraday,Galileo Galilei,Alan Turing,A) Jonas Salk,"Jonas Salk developed one of the first successful and widely used polio vaccines, introduced in 1955.",Scientists,Medical Scientists
"Who is known for environmental scientific contributions and advocacy that led to a global ban on the pesticide DDT, through her writing?",Louis Pasteur,Rachel Carson,Alexander Graham Bell,Isaac Newton,B) Rachel Carson,"Rachel Carson's writing, particularly 'Silent Spring', raised awareness about pesticide dangers and contributed to environmental policy changes, including DDT restrictions.",Scientists,Environmental Scientists
Choose the correct answer: Who is credited with formulating the laws of motion and universal gravitation?,Alexander Graham Bell,Isaac Newton,Galileo Galilei,Tim Berners-Lee,B) Isaac Newton,"Sir Isaac Newton formulated the laws of motion and the law of universal gravitation, foundational to classical physics.",Scientists,Physicists
Which option correctly answers this: Who developed the polio vaccine widely used in the 1950s?,Jonas Salk,Charles Darwin,Alfred Wegener,Homi J. Bhabha,A) Jonas Salk,"Jonas Salk developed one of the first successful and widely used polio vaccines, introduced in 1955.",Scientists,Medical Scientists
Which option correctly answers this: Who developed the mathematical concept of zero as a number and made major contributions to Indian mathematics and astronomy?,Aryabhata,Dmitri Mendeleev,Stephen Hawking,Nicolaus Copernicus,A) Aryabhata,"Aryabhata, an ancient Indian mathematician and astronomer, made significant contributions to mathematics, including work related to the concept of zero.",Scientists,Mathematicians
"Who developed the smallpox vaccine, a major milestone in the history of immunology?",Edward Jenner,Marie Curie,Alexander Graham Bell,Tim Berners-Lee,A) Edward Jenner,"Edward Jenner developed the world's first successful smallpox vaccine in the late 18th century, a major milestone in immunology.",Scientists,Medical Scientists
Who is known as the father of the Indian space programme?,Isaac Newton,Alfred Wegener,Tim Berners-Lee,Vikram Sarabhai,D) Vikram Sarabhai,"Vikram Sarabhai is widely regarded as the father of the Indian space programme, founding what became ISRO.",Scientists,Indian Scientists
"Choose the correct answer: Who is known for pioneering research in electricity and magnetism, with the SI unit of capacitance named after him?",Michael Faraday,Alfred Wegener,Louis Pasteur,Vikram Sarabhai,A) Michael Faraday,"Michael Faraday made pioneering contributions to the study of electromagnetism, and the SI unit of capacitance, the farad, is named after him.",Scientists,Physicists
Quiz question: Who is famous for his observations supporting the heliocentric model using an early telescope?,Aryabhata,Tim Berners-Lee,Galileo Galilei,Isaac Newton,C) Galileo Galilei,"Galileo Galilei made key astronomical observations using an early telescope, providing evidence supporting the heliocentric model.",Scientists,Astronomers
Who is credited with inventing the telephone?,Alexander Graham Bell,Alan Turing,Alexander Fleming,Louis Pasteur,A) Alexander Graham Bell,Alexander Graham Bell is credited with inventing the first practical telephone in 1876.,Scientists,World Scientists
Who is known as the father of the Indian space programme?,C. V. Raman,Rachel Carson,Archimedes,Vikram Sarabhai,D) Vikram Sarabhai,"Vikram Sarabhai is widely regarded as the father of the Indian space programme, founding what became ISRO.",Scientists,Indian Scientists
"Choose the correct answer: Who was the first woman to win a Nobel Prize, and the only person to win Nobel Prizes in two different sciences?",James Watson,Alexander Graham Bell,Galileo Galilei,Marie Curie,D) Marie Curie,Marie Curie was the first woman to win a Nobel Prize and remains the only person to win Nobel Prizes in two different scientific fields.,Scientists,Nobel Prize Scientists
Choose the correct answer: Who is regarded as the father of India's nuclear programme?,Gregor Mendel,Homi J. Bhabha,Charles Darwin,Jonas Salk,B) Homi J. Bhabha,Homi J. Bhabha is regarded as the father of India's nuclear programme and founded the Tata Institute of Fundamental Research.,Scientists,Indian Scientists
"Choose the correct answer: Who is known for environmental scientific contributions and advocacy that led to a global ban on the pesticide DDT, through her writing?",Archimedes,J. J. Thomson,Alan Turing,Rachel Carson,D) Rachel Carson,"Rachel Carson's writing, particularly 'Silent Spring', raised awareness about pesticide dangers and contributed to environmental policy changes, including DDT restrictions.",Scientists,Environmental Scientists
Quiz question: Who developed the first successful vaccine against rabies?,Homi J. Bhabha,Charles Darwin,Louis Pasteur,Jagadish Chandra Bose,C) Louis Pasteur,"Louis Pasteur developed the first successful vaccine against rabies, among his many other contributions to microbiology.",Scientists,Medical Scientists
Which option correctly answers this: Who developed the heliocentric model placing the Sun at the center of the Solar System?,Isaac Newton,Marie Curie (along with Pierre Curie and Henri Becquerel),Homi J. Bhabha,Nicolaus Copernicus,D) Nicolaus Copernicus,"Nicolaus Copernicus proposed the heliocentric model, which placed the Sun, rather than the Earth, at the center of the Solar System.",Scientists,Astronomers
Choose the correct answer: Who is known for developing the theory of continental drift?,Alan Turing,Vikram Sarabhai,Archimedes,Alfred Wegener,D) Alfred Wegener,"Alfred Wegener proposed the theory of continental drift, suggesting that continents were once joined and have since drifted apart.",Scientists,World Scientists
Which option correctly answers this: Who invented the World Wide Web?,Michael Faraday,Tim Berners-Lee,Vikram Sarabhai,Edward Jenner,B) Tim Berners-Lee,Tim Berners-Lee invented the World Wide Web in 1989 while working at CERN.,Scientists,Computer Scientists
Quiz question: Who proposed the theory of evolution by natural selection?,Rachel Carson,C. V. Raman,Louis Pasteur,Charles Darwin,D) Charles Darwin,Charles Darwin proposed the theory of evolution by natural selection in his book 'On the Origin of Species'.,Scientists,Biologists
Choose the correct answer: Who proposed the theory of evolution by natural selection?,Archimedes,Marie Curie,Charles Darwin,Michael Faraday,C) Charles Darwin,Charles Darwin proposed the theory of evolution by natural selection in his book 'On the Origin of Species'.,Scientists,Biologists
Who is credited with formulating the laws of motion and universal gravitation?,Louis Pasteur,Isaac Newton,Alexander Fleming,J. J. Thomson,B) Isaac Newton,"Sir Isaac Newton formulated the laws of motion and the law of universal gravitation, foundational to classical physics.",Scientists,Physicists
Choose the correct answer: Who is credited with discovering the electron?,J. J. Thomson,Rachel Carson,Michael Faraday,James Watson,A) J. J. Thomson,"J. J. Thomson is credited with discovering the electron in 1897, a foundational discovery in atomic physics.",Scientists,Physicists
Choose the correct answer: Who is known for developing the theory of continental drift?,Alfred Wegener,J. J. Thomson,Alexander Fleming,Tim Berners-Lee,A) Alfred Wegener,"Alfred Wegener proposed the theory of continental drift, suggesting that continents were once joined and have since drifted apart.",Scientists,World Scientists
Who discovered penicillin?,Alexander Graham Bell,Aryabhata,Stephen Hawking,Alexander Fleming,D) Alexander Fleming,"Alexander Fleming discovered penicillin in 1928, leading to the development of antibiotics.",Scientists,Medical Scientists
Choose the correct answer: Who proposed the theory of evolution by natural selection?,Alan Turing,Charles Darwin,Dmitri Mendeleev,Aryabhata,B) Charles Darwin,Charles Darwin proposed the theory of evolution by natural selection in his book 'On the Origin of Species'.,Scientists,Biologists
"Which option correctly answers this: Who was the first Indian to win a Nobel Prize in Science, for his work on the scattering of light?",Michael Faraday,C. V. Raman,Albert Einstein,Marie Curie,B) C. V. Raman,"C. V. Raman won the Nobel Prize in Physics in 1930 for his discovery of the Raman effect, related to the scattering of light.",Scientists,Indian Scientists
Quiz question: Who developed the theory of general relativity's application in understanding black holes and co-authored influential works on space-time?,Stephen Hawking,Alan Turing,Marie Curie,James Watt,A) Stephen Hawking,Stephen Hawking made significant contributions to the understanding of black holes and cosmology within the framework of general relativity.,Scientists,Physicists
Quiz question: Who proposed the theory of evolution by natural selection?,Charles Darwin,Albert Einstein,Alexander Fleming,Galileo Galilei,A) Charles Darwin,Charles Darwin proposed the theory of evolution by natural selection in his book 'On the Origin of Species'.,Scientists,Biologists
Choose the correct answer: Who developed the theory of general relativity's application in understanding black holes and co-authored influential works on space-time?,Jonas Salk,Vikram Sarabhai,Stephen Hawking,James Watt,C) Stephen Hawking,Stephen Hawking made significant contributions to the understanding of black holes and cosmology within the framework of general relativity.,Scientists,Physicists
"Who is known for pioneering research in electricity and magnetism, with the SI unit of capacitance named after him?",Michael Faraday,Archimedes,James Watt,Vikram Sarabhai,A) Michael Faraday,"Michael Faraday made pioneering contributions to the study of electromagnetism, and the SI unit of capacitance, the farad, is named after him.",Scientists,Physicists
"Quiz question: Who was the first Indian to win a Nobel Prize in Science, for his work on the scattering of light?",Jagadish Chandra Bose,J. J. Thomson,C. V. Raman,Michael Faraday,C) C. V. Raman,"C. V. Raman won the Nobel Prize in Physics in 1930 for his discovery of the Raman effect, related to the scattering of light.",Scientists,Indian Scientists
Choose the correct answer: Who developed the heliocentric model placing the Sun at the center of the Solar System?,Galileo Galilei,Nicolaus Copernicus,Homi J. Bhabha,Charles Darwin,B) Nicolaus Copernicus,"Nicolaus Copernicus proposed the heliocentric model, which placed the Sun, rather than the Earth, at the center of the Solar System.",Scientists,Astronomers
Which option correctly answers this: Who developed the theory of general relativity's application in understanding black holes and co-authored influential works on space-time?,Alan Turing,Edward Jenner,Gregor Mendel,Stephen Hawking,D) Stephen Hawking,Stephen Hawking made significant contributions to the understanding of black holes and cosmology within the framework of general relativity.,Scientists,Physicists
Which option correctly answers this: Who is known for pioneering contributions to genetics through experiments with pea plants?,Alexander Graham Bell,James Watt,Marie Curie (along with Pierre Curie and Henri Becquerel),Gregor Mendel,D) Gregor Mendel,Gregor Mendel conducted pioneering experiments with pea plants that laid the foundation for the modern science of genetics.,Scientists,Biologists
Which option correctly answers this: Who is regarded as the father of India's nuclear programme?,Marie Curie (along with Pierre Curie and Henri Becquerel),Albert Einstein,Homi J. Bhabha,Charles Darwin,C) Homi J. Bhabha,Homi J. Bhabha is regarded as the father of India's nuclear programme and founded the Tata Institute of Fundamental Research.,Scientists,Indian Scientists
"Which option correctly answers this: Which Indian scientist is known for his experiments demonstrating that plants have life-like responses, using an instrument called the crescograph?",Jagadish Chandra Bose,Archimedes,James Watt,Vikram Sarabhai,A) Jagadish Chandra Bose,"Jagadish Chandra Bose conducted pioneering experiments showing life-like responses in plants using his invented instrument, the crescograph.",Scientists,Indian Scientists
"Choose the correct answer: Who developed the smallpox vaccine, a major milestone in the history of immunology?",Edward Jenner,Tim Berners-Lee,Isaac Newton,Aryabhata,A) Edward Jenner,"Edward Jenner developed the world's first successful smallpox vaccine in the late 18th century, a major milestone in immunology.",Scientists,Medical Scientists
"Which Indian scientist is known for his experiments demonstrating that plants have life-like responses, using an instrument called the crescograph?",Marie Curie (along with Pierre Curie and Henri Becquerel),Tim Berners-Lee,Jagadish Chandra Bose,Aryabhata,C) Jagadish Chandra Bose,"Jagadish Chandra Bose conducted pioneering experiments showing life-like responses in plants using his invented instrument, the crescograph.",Scientists,Indian Scientists
Which option correctly answers this: Who developed the mathematical concept of zero as a number and made major contributions to Indian mathematics and astronomy?,Stephen Hawking,J. J. Thomson,Albert Einstein,Aryabhata,D) Aryabhata,"Aryabhata, an ancient Indian mathematician and astronomer, made significant contributions to mathematics, including work related to the concept of zero.",Scientists,Mathematicians
"Who is credited with discovering the structure of DNA, along with Francis Crick?",Charles Darwin,Alexander Graham Bell,James Watson,Tim Berners-Lee,C) James Watson,"James Watson, along with Francis Crick, is credited with discovering the double-helix structure of DNA in 1953.",Scientists,Biologists
"Who is credited as a pioneer of rocketry and space science in India, associated with early sounding rocket launches?",Vikram Sarabhai,Edward Jenner,Charles Darwin,Jagadish Chandra Bose,A) Vikram Sarabhai,"Vikram Sarabhai pioneered India's early rocketry and space science efforts, leading to the founding of ISRO.",Scientists,Space Scientists
Who is regarded as the father of India's nuclear programme?,Homi J. Bhabha,Marie Curie,Alexander Fleming,Galileo Galilei,A) Homi J. Bhabha,Homi J. Bhabha is regarded as the father of India's nuclear programme and founded the Tata Institute of Fundamental Research.,Scientists,Indian Scientists
Who is credited with developing the first practical steam engine widely used in industry?,James Watson,Marie Curie (along with Pierre Curie and Henri Becquerel),James Watt,Isaac Newton,C) James Watt,"James Watt significantly improved the steam engine, making it far more efficient and practical for widespread industrial use.",Scientists,World Scientists
Which option correctly answers this: Who is credited with developing the first practical steam engine widely used in industry?,James Watson,James Watt,Marie Curie,Alan Turing,B) James Watt,"James Watt significantly improved the steam engine, making it far more efficient and practical for widespread industrial use.",Scientists,World Scientists
Choose the correct answer: Who proposed the theory of evolution by natural selection?,James Watt,Jagadish Chandra Bose,Aryabhata,Charles Darwin,D) Charles Darwin,Charles Darwin proposed the theory of evolution by natural selection in his book 'On the Origin of Species'.,Scientists,Biologists
Quiz question: Who discovered penicillin?,J. J. Thomson,Jagadish Chandra Bose,Alexander Fleming,Homi J. Bhabha,C) Alexander Fleming,"Alexander Fleming discovered penicillin in 1928, leading to the development of antibiotics.",Scientists,Medical Scientists
Who is credited with discovering the electron?,J. J. Thomson,Galileo Galilei,Aryabhata,Isaac Newton,A) J. J. Thomson,"J. J. Thomson is credited with discovering the electron in 1897, a foundational discovery in atomic physics.",Scientists,Physicists
Which option correctly answers this: Who is known for developing the theory of continental drift?,James Watt,Alfred Wegener,Homi J. Bhabha,Isaac Newton,B) Alfred Wegener,"Alfred Wegener proposed the theory of continental drift, suggesting that continents were once joined and have since drifted apart.",Scientists,World Scientists
Quiz question: Who is known for pioneering contributions to genetics through experiments with pea plants?,Gregor Mendel,Tim Berners-Lee,Charles Darwin,Dmitri Mendeleev,A) Gregor Mendel,Gregor Mendel conducted pioneering experiments with pea plants that laid the foundation for the modern science of genetics.,Scientists,Biologists
Quiz question: Who developed the periodic table of elements?,Jagadish Chandra Bose,Dmitri Mendeleev,Stephen Hawking,Archimedes,B) Dmitri Mendeleev,"Dmitri Mendeleev developed an early version of the periodic table, organizing elements by atomic weight and properties.",Scientists,Chemists
Quiz question: Who developed the first successful vaccine against rabies?,J. J. Thomson,James Watt,Louis Pasteur,Jonas Salk,C) Louis Pasteur,"Louis Pasteur developed the first successful vaccine against rabies, among his many other contributions to microbiology.",Scientists,Medical Scientists
"Which option correctly answers this: Who developed the smallpox vaccine, a major milestone in the history of immunology?",Tim Berners-Lee,Edward Jenner,Aryabhata,Gregor Mendel,B) Edward Jenner,"Edward Jenner developed the world's first successful smallpox vaccine in the late 18th century, a major milestone in immunology.",Scientists,Medical Scientists
"Quiz question: Who discovered radioactivity, sharing a Nobel Prize for the work?",Gregor Mendel,Marie Curie,Marie Curie (along with Pierre Curie and Henri Becquerel),Edward Jenner,C) Marie Curie (along with Pierre Curie and Henri Becquerel),"Marie Curie, along with Pierre Curie and Henri Becquerel, is credited with pioneering research on radioactivity.",Scientists,Women Scientists
"Choose the correct answer: Who is credited as a pioneer of rocketry and space science in India, associated with early sounding rocket launches?",Gregor Mendel,Dmitri Mendeleev,Michael Faraday,Vikram Sarabhai,D) Vikram Sarabhai,"Vikram Sarabhai pioneered India's early rocketry and space science efforts, leading to the founding of ISRO.",Scientists,Space Scientists
Which option correctly answers this: Who proposed the theory of evolution by natural selection?,Dmitri Mendeleev,Charles Darwin,Louis Pasteur,Aryabhata,B) Charles Darwin,Charles Darwin proposed the theory of evolution by natural selection in his book 'On the Origin of Species'.,Scientists,Biologists
Which option correctly answers this: Who discovered the law of buoyancy while reportedly in a bathtub?,Stephen Hawking,Alexander Graham Bell,Archimedes,Charles Darwin,C) Archimedes,"Archimedes is credited with discovering the principle of buoyancy, famously said to have realized it while in his bath.",Scientists,Mathematicians
"Who is credited as a pioneer of rocketry and space science in India, associated with early sounding rocket launches?",Vikram Sarabhai,Dmitri Mendeleev,Marie Curie,Aryabhata,A) Vikram Sarabhai,"Vikram Sarabhai pioneered India's early rocketry and space science efforts, leading to the founding of ISRO.",Scientists,Space Scientists
Who developed the first successful vaccine against rabies?,Charles Darwin,Stephen Hawking,Alexander Graham Bell,Louis Pasteur,D) Louis Pasteur,"Louis Pasteur developed the first successful vaccine against rabies, among his many other contributions to microbiology.",Scientists,Medical Scientists
"Which option correctly answers this: Who is known for pioneering research in electricity and magnetism, with the SI unit of capacitance named after him?",Stephen Hawking,James Watt,Jagadish Chandra Bose,Michael Faraday,D) Michael Faraday,"Michael Faraday made pioneering contributions to the study of electromagnetism, and the SI unit of capacitance, the farad, is named after him.",Scientists,Physicists
Quiz question: Who developed the theory of general relativity?,Albert Einstein,Gregor Mendel,James Watt,Stephen Hawking,A) Albert Einstein,"Albert Einstein developed the theory of general relativity, revolutionizing the understanding of gravity, space, and time.",Scientists,World Scientists
Who is famous for his observations supporting the heliocentric model using an early telescope?,Archimedes,Galileo Galilei,C. V. Raman,Alfred Wegener,B) Galileo Galilei,"Galileo Galilei made key astronomical observations using an early telescope, providing evidence supporting the heliocentric model.",Scientists,Astronomers
"Choose the correct answer: Who is known for pioneering research in electricity and magnetism, with the SI unit of capacitance named after him?",Michael Faraday,Vikram Sarabhai,Tim Berners-Lee,J. J. Thomson,A) Michael Faraday,"Michael Faraday made pioneering contributions to the study of electromagnetism, and the SI unit of capacitance, the farad, is named after him.",Scientists,Physicists
Who proposed the theory of evolution by natural selection?,Alexander Fleming,Isaac Newton,Michael Faraday,Charles Darwin,D) Charles Darwin,Charles Darwin proposed the theory of evolution by natural selection in his book 'On the Origin of Species'.,Scientists,Biologists
"Which option correctly answers this: Who is known for environmental scientific contributions and advocacy that led to a global ban on the pesticide DDT, through her writing?",Rachel Carson,Galileo Galilei,Archimedes,Louis Pasteur,A) Rachel Carson,"Rachel Carson's writing, particularly 'Silent Spring', raised awareness about pesticide dangers and contributed to environmental policy changes, including DDT restrictions.",Scientists,Environmental Scientists
"Who developed the smallpox vaccine, a major milestone in the history of immunology?",Vikram Sarabhai,Edward Jenner,Charles Darwin,Aryabhata,B) Edward Jenner,"Edward Jenner developed the world's first successful smallpox vaccine in the late 18th century, a major milestone in immunology.",Scientists,Medical Scientists
Choose the correct answer: Who is known for pioneering contributions to genetics through experiments with pea plants?,James Watt,Charles Darwin,Nicolaus Copernicus,Gregor Mendel,D) Gregor Mendel,Gregor Mendel conducted pioneering experiments with pea plants that laid the foundation for the modern science of genetics.,Scientists,Biologists
"Who developed the smallpox vaccine, a major milestone in the history of immunology?",Louis Pasteur,Nicolaus Copernicus,Edward Jenner,C. V. Raman,C) Edward Jenner,"Edward Jenner developed the world's first successful smallpox vaccine in the late 18th century, a major milestone in immunology.",Scientists,Medical Scientists
Choose the correct answer: Who is regarded as the father of India's nuclear programme?,Homi J. Bhabha,Jonas Salk,Marie Curie,Jagadish Chandra Bose,A) Homi J. Bhabha,Homi J. Bhabha is regarded as the father of India's nuclear programme and founded the Tata Institute of Fundamental Research.,Scientists,Indian Scientists
Quiz question: Who is credited with developing the first practical steam engine widely used in industry?,Alan Turing,Tim Berners-Lee,Homi J. Bhabha,James Watt,D) James Watt,"James Watt significantly improved the steam engine, making it far more efficient and practical for widespread industrial use.",Scientists,World Scientists
Quiz question: Who developed the mathematical concept of zero as a number and made major contributions to Indian mathematics and astronomy?,Marie Curie,Gregor Mendel,Aryabhata,Isaac Newton,C) Aryabhata,"Aryabhata, an ancient Indian mathematician and astronomer, made significant contributions to mathematics, including work related to the concept of zero.",Scientists,Mathematicians
Quiz question: Who discovered penicillin?,Alexander Fleming,Alfred Wegener,Archimedes,James Watson,A) Alexander Fleming,"Alexander Fleming discovered penicillin in 1928, leading to the development of antibiotics.",Scientists,Medical Scientists
"Which option correctly answers this: Who is regarded as a founding figure of modern computer science, known for his work on computation and code-breaking during WWII?",Marie Curie (along with Pierre Curie and Henri Becquerel),Alan Turing,Archimedes,J. J. Thomson,B) Alan Turing,"Alan Turing is regarded as a founding figure of computer science, known for his theoretical work and code-breaking during World War II.",Scientists,Computer Scientists
Which option correctly answers this: Who developed the heliocentric model placing the Sun at the center of the Solar System?,James Watt,Charles Darwin,Nicolaus Copernicus,C. V. Raman,C) Nicolaus Copernicus,"Nicolaus Copernicus proposed the heliocentric model, which placed the Sun, rather than the Earth, at the center of the Solar System.",Scientists,Astronomers
Which option correctly answers this: Who proposed the theory of evolution by natural selection?,Edward Jenner,Tim Berners-Lee,C. V. Raman,Charles Darwin,D) Charles Darwin,Charles Darwin proposed the theory of evolution by natural selection in his book 'On the Origin of Species'.,Scientists,Biologists
"Quiz question: Which Indian scientist is known for his experiments demonstrating that plants have life-like responses, using an instrument called the crescograph?",Gregor Mendel,Marie Curie (along with Pierre Curie and Henri Becquerel),Jagadish Chandra Bose,Galileo Galilei,C) Jagadish Chandra Bose,"Jagadish Chandra Bose conducted pioneering experiments showing life-like responses in plants using his invented instrument, the crescograph.",Scientists,Indian Scientists
"Which option correctly answers this: Who discovered radioactivity, sharing a Nobel Prize for the work?",Nicolaus Copernicus,Homi J. Bhabha,Marie Curie (along with Pierre Curie and Henri Becquerel),Michael Faraday,C) Marie Curie (along with Pierre Curie and Henri Becquerel),"Marie Curie, along with Pierre Curie and Henri Becquerel, is credited with pioneering research on radioactivity.",Scientists,Women Scientists
Choose the correct answer: Who is known as the father of the Indian space programme?,Archimedes,Stephen Hawking,Vikram Sarabhai,J. J. Thomson,C) Vikram Sarabhai,"Vikram Sarabhai is widely regarded as the father of the Indian space programme, founding what became ISRO.",Scientists,Indian Scientists
"Who is regarded as a founding figure of modern computer science, known for his work on computation and code-breaking during WWII?",Archimedes,Marie Curie,Alan Turing,J. J. Thomson,C) Alan Turing,"Alan Turing is regarded as a founding figure of computer science, known for his theoretical work and code-breaking during World War II.",Scientists,Computer Scientists
Choose the correct answer: Who proposed the theory of evolution by natural selection?,Alan Turing,Charles Darwin,Homi J. Bhabha,Alexander Graham Bell,B) Charles Darwin,Charles Darwin proposed the theory of evolution by natural selection in his book 'On the Origin of Species'.,Scientists,Biologists
"Choose the correct answer: Who is known for pioneering research in electricity and magnetism, with the SI unit of capacitance named after him?",Alan Turing,Michael Faraday,Jagadish Chandra Bose,Dmitri Mendeleev,B) Michael Faraday,"Michael Faraday made pioneering contributions to the study of electromagnetism, and the SI unit of capacitance, the farad, is named after him.",Scientists,Physicists
Which option correctly answers this: Who is known for developing the theory of continental drift?,Alfred Wegener,Marie Curie (along with Pierre Curie and Henri Becquerel),Marie Curie,Edward Jenner,A) Alfred Wegener,"Alfred Wegener proposed the theory of continental drift, suggesting that continents were once joined and have since drifted apart.",Scientists,World Scientists
Quiz question: Who is credited with inventing the telephone?,Aryabhata,Alexander Graham Bell,Edward Jenner,Jonas Salk,B) Alexander Graham Bell,Alexander Graham Bell is credited with inventing the first practical telephone in 1876.,Scientists,World Scientists
Which option correctly answers this: Who is known for pioneering contributions to genetics through experiments with pea plants?,Louis Pasteur,Homi J. Bhabha,Gregor Mendel,Archimedes,C) Gregor Mendel,Gregor Mendel conducted pioneering experiments with pea plants that laid the foundation for the modern science of genetics.,Scientists,Biologists
"Which option correctly answers this: Who is regarded as a founding figure of modern computer science, known for his work on computation and code-breaking during WWII?",Alfred Wegener,Alan Turing,Charles Darwin,Stephen Hawking,B) Alan Turing,"Alan Turing is regarded as a founding figure of computer science, known for his theoretical work and code-breaking during World War II.",Scientists,Computer Scientists
"Which option correctly answers this: Who discovered radioactivity, sharing a Nobel Prize for the work?",Edward Jenner,Aryabhata,Marie Curie (along with Pierre Curie and Henri Becquerel),Louis Pasteur,C) Marie Curie (along with Pierre Curie and Henri Becquerel),"Marie Curie, along with Pierre Curie and Henri Becquerel, is credited with pioneering research on radioactivity.",Scientists,Women Scientists
"Choose the correct answer: Who is credited as a pioneer of rocketry and space science in India, associated with early sounding rocket launches?",Tim Berners-Lee,Vikram Sarabhai,Jonas Salk,Aryabhata,B) Vikram Sarabhai,"Vikram Sarabhai pioneered India's early rocketry and space science efforts, leading to the founding of ISRO.",Scientists,Space Scientists
Choose the correct answer: Who is known as the father of the Indian space programme?,Alfred Wegener,Vikram Sarabhai,Gregor Mendel,Marie Curie (along with Pierre Curie and Henri Becquerel),B) Vikram Sarabhai,"Vikram Sarabhai is widely regarded as the father of the Indian space programme, founding what became ISRO.",Scientists,Indian Scientists
Choose the correct answer: Who is credited with discovering the electron?,J. J. Thomson,Galileo Galilei,Michael Faraday,James Watson,A) J. J. Thomson,"J. J. Thomson is credited with discovering the electron in 1897, a foundational discovery in atomic physics.",Scientists,Physicists
"Choose the correct answer: Who is credited as a pioneer of rocketry and space science in India, associated with early sounding rocket launches?",Alan Turing,Alexander Graham Bell,Vikram Sarabhai,Nicolaus Copernicus,C) Vikram Sarabhai,"Vikram Sarabhai pioneered India's early rocketry and space science efforts, leading to the founding of ISRO.",Scientists,Space Scientists
Who is credited with developing the first practical steam engine widely used in industry?,James Watt,James Watson,Alexander Graham Bell,Gregor Mendel,A) James Watt,"James Watt significantly improved the steam engine, making it far more efficient and practical for widespread industrial use.",Scientists,World Scientists
Who discovered the law of buoyancy while reportedly in a bathtub?,Archimedes,Marie Curie,Jagadish Chandra Bose,Alexander Graham Bell,A) Archimedes,"Archimedes is credited with discovering the principle of buoyancy, famously said to have realized it while in his bath.",Scientists,Mathematicians
"Who was the first woman to win a Nobel Prize, and the only person to win Nobel Prizes in two different sciences?",Marie Curie,James Watson,Jagadish Chandra Bose,Edward Jenner,A) Marie Curie,Marie Curie was the first woman to win a Nobel Prize and remains the only person to win Nobel Prizes in two different scientific fields.,Scientists,Nobel Prize Scientists
Choose the correct answer: Who discovered penicillin?,Jagadish Chandra Bose,Alexander Fleming,Louis Pasteur,Jonas Salk,B) Alexander Fleming,"Alexander Fleming discovered penicillin in 1928, leading to the development of antibiotics.",Scientists,Medical Scientists
Choose the correct answer: Who is known as the father of the Indian space programme?,Archimedes,Jagadish Chandra Bose,Vikram Sarabhai,Isaac Newton,C) Vikram Sarabhai,"Vikram Sarabhai is widely regarded as the father of the Indian space programme, founding what became ISRO.",Scientists,Indian Scientists
Choose the correct answer: Who invented the World Wide Web?,Louis Pasteur,James Watson,Alan Turing,Tim Berners-Lee,D) Tim Berners-Lee,Tim Berners-Lee invented the World Wide Web in 1989 while working at CERN.,Scientists,Computer Scientists
Choose the correct answer: Who is known as the father of the Indian space programme?,Edward Jenner,Alfred Wegener,Vikram Sarabhai,James Watson,C) Vikram Sarabhai,"Vikram Sarabhai is widely regarded as the father of the Indian space programme, founding what became ISRO.",Scientists,Indian Scientists
"Who was the first woman to win a Nobel Prize, and the only person to win Nobel Prizes in two different sciences?",Dmitri Mendeleev,Homi J. Bhabha,Marie Curie,Jonas Salk,C) Marie Curie,Marie Curie was the first woman to win a Nobel Prize and remains the only person to win Nobel Prizes in two different scientific fields.,Scientists,Nobel Prize Scientists
"Quiz question: Who discovered radioactivity, sharing a Nobel Prize for the work?",Marie Curie (along with Pierre Curie and Henri Becquerel),Stephen Hawking,Alexander Graham Bell,Vikram Sarabhai,A) Marie Curie (along with Pierre Curie and Henri Becquerel),"Marie Curie, along with Pierre Curie and Henri Becquerel, is credited with pioneering research on radioactivity.",Scientists,Women Scientists
"Who developed the smallpox vaccine, a major milestone in the history of immunology?",Edward Jenner,Michael Faraday,Jagadish Chandra Bose,Dmitri Mendeleev,A) Edward Jenner,"Edward Jenner developed the world's first successful smallpox vaccine in the late 18th century, a major milestone in immunology.",Scientists,Medical Scientists
Quiz question: Who developed the polio vaccine widely used in the 1950s?,Jonas Salk,Gregor Mendel,Jagadish Chandra Bose,C. V. Raman,A) Jonas Salk,"Jonas Salk developed one of the first successful and widely used polio vaccines, introduced in 1955.",Scientists,Medical Scientists
"Who was the first woman to win a Nobel Prize, and the only person to win Nobel Prizes in two different sciences?",Edward Jenner,Galileo Galilei,Marie Curie,Vikram Sarabhai,C) Marie Curie,Marie Curie was the first woman to win a Nobel Prize and remains the only person to win Nobel Prizes in two different scientific fields.,Scientists,Nobel Prize Scientists
Which option correctly answers this: Who is known as the father of the Indian space programme?,Rachel Carson,Nicolaus Copernicus,C. V. Raman,Vikram Sarabhai,D) Vikram Sarabhai,"Vikram Sarabhai is widely regarded as the father of the Indian space programme, founding what became ISRO.",Scientists,Indian Scientists
Who is credited with developing the first practical steam engine widely used in industry?,Aryabhata,James Watt,Vikram Sarabhai,Jagadish Chandra Bose,B) James Watt,"James Watt significantly improved the steam engine, making it far more efficient and practical for widespread industrial use.",Scientists,World Scientists
"Quiz question: Who is regarded as a founding figure of modern computer science, known for his work on computation and code-breaking during WWII?",Edward Jenner,Louis Pasteur,Alan Turing,James Watson,C) Alan Turing,"Alan Turing is regarded as a founding figure of computer science, known for his theoretical work and code-breaking during World War II.",Scientists,Computer Scientists
"Who is known for pioneering research in electricity and magnetism, with the SI unit of capacitance named after him?",Alan Turing,Michael Faraday,C. V. Raman,Aryabhata,B) Michael Faraday,"Michael Faraday made pioneering contributions to the study of electromagnetism, and the SI unit of capacitance, the farad, is named after him.",Scientists,Physicists
"Which option correctly answers this: Who is credited as a pioneer of rocketry and space science in India, associated with early sounding rocket launches?",Alexander Fleming,Vikram Sarabhai,Galileo Galilei,Homi J. Bhabha,B) Vikram Sarabhai,"Vikram Sarabhai pioneered India's early rocketry and space science efforts, leading to the founding of ISRO.",Scientists,Space Scientists
"Who was the first Indian to win a Nobel Prize in Science, for his work on the scattering of light?",C. V. Raman,Dmitri Mendeleev,Alfred Wegener,Alexander Graham Bell,A) C. V. Raman,"C. V. Raman won the Nobel Prize in Physics in 1930 for his discovery of the Raman effect, related to the scattering of light.",Scientists,Indian Scientists
Choose the correct answer: Who is known for pioneering contributions to genetics through experiments with pea plants?,Rachel Carson,Galileo Galilei,Charles Darwin,Gregor Mendel,D) Gregor Mendel,Gregor Mendel conducted pioneering experiments with pea plants that laid the foundation for the modern science of genetics.,Scientists,Biologists
Quiz question: Who developed the heliocentric model placing the Sun at the center of the Solar System?,Tim Berners-Lee,Rachel Carson,Nicolaus Copernicus,Isaac Newton,C) Nicolaus Copernicus,"Nicolaus Copernicus proposed the heliocentric model, which placed the Sun, rather than the Earth, at the center of the Solar System.",Scientists,Astronomers
Which option correctly answers this: Who developed the periodic table of elements?,Nicolaus Copernicus,Dmitri Mendeleev,Albert Einstein,Rachel Carson,B) Dmitri Mendeleev,"Dmitri Mendeleev developed an early version of the periodic table, organizing elements by atomic weight and properties.",Scientists,Chemists
"Quiz question: Who was the first Indian to win a Nobel Prize in Science, for his work on the scattering of light?",Isaac Newton,C. V. Raman,James Watson,Stephen Hawking,B) C. V. Raman,"C. V. Raman won the Nobel Prize in Physics in 1930 for his discovery of the Raman effect, related to the scattering of light.",Scientists,Indian Scientists
"Who is credited as a pioneer of rocketry and space science in India, associated with early sounding rocket launches?",Vikram Sarabhai,Galileo Galilei,Edward Jenner,Marie Curie (along with Pierre Curie and Henri Becquerel),A) Vikram Sarabhai,"Vikram Sarabhai pioneered India's early rocketry and space science efforts, leading to the founding of ISRO.",Scientists,Space Scientists
Which option correctly answers this: Who is credited with inventing the telephone?,Archimedes,Albert Einstein,Alexander Graham Bell,Michael Faraday,C) Alexander Graham Bell,Alexander Graham Bell is credited with inventing the first practical telephone in 1876.,Scientists,World Scientists
Choose the correct answer: Who discovered the law of buoyancy while reportedly in a bathtub?,Jonas Salk,Archimedes,Gregor Mendel,Alan Turing,B) Archimedes,"Archimedes is credited with discovering the principle of buoyancy, famously said to have realized it while in his bath.",Scientists,Mathematicians
Who discovered the law of buoyancy while reportedly in a bathtub?,Archimedes,Marie Curie,Marie Curie (along with Pierre Curie and Henri Becquerel),Alan Turing,A) Archimedes,"Archimedes is credited with discovering the principle of buoyancy, famously said to have realized it while in his bath.",Scientists,Mathematicians
Who is credited with inventing the telephone?,J. J. Thomson,Marie Curie,Alexander Graham Bell,Vikram Sarabhai,C) Alexander Graham Bell,Alexander Graham Bell is credited with inventing the first practical telephone in 1876.,Scientists,World Scientists
Quiz question: Who is credited with inventing the telephone?,Alfred Wegener,Archimedes,Charles Darwin,Alexander Graham Bell,D) Alexander Graham Bell,Alexander Graham Bell is credited with inventing the first practical telephone in 1876.,Scientists,World Scientists
"Choose the correct answer: Who is credited with discovering the structure of DNA, along with Francis Crick?",C. V. Raman,James Watson,Rachel Carson,Louis Pasteur,B) James Watson,"James Watson, along with Francis Crick, is credited with discovering the double-helix structure of DNA in 1953.",Scientists,Biologists
Choose the correct answer: Who is credited with formulating the laws of motion and universal gravitation?,Vikram Sarabhai,Aryabhata,Isaac Newton,Gregor Mendel,C) Isaac Newton,"Sir Isaac Newton formulated the laws of motion and the law of universal gravitation, foundational to classical physics.",Scientists,Physicists
"Who developed the smallpox vaccine, a major milestone in the history of immunology?",Marie Curie (along with Pierre Curie and Henri Becquerel),Edward Jenner,Alfred Wegener,C. V. Raman,B) Edward Jenner,"Edward Jenner developed the world's first successful smallpox vaccine in the late 18th century, a major milestone in immunology.",Scientists,Medical Scientists
"Which option correctly answers this: Who is known for pioneering research in electricity and magnetism, with the SI unit of capacitance named after him?",Marie Curie (along with Pierre Curie and Henri Becquerel),Stephen Hawking,Marie Curie,Michael Faraday,D) Michael Faraday,"Michael Faraday made pioneering contributions to the study of electromagnetism, and the SI unit of capacitance, the farad, is named after him.",Scientists,Physicists
"Choose the correct answer: Who was the first Indian to win a Nobel Prize in Science, for his work on the scattering of light?",Vikram Sarabhai,Marie Curie,C. V. Raman,Jagadish Chandra Bose,C) C. V. Raman,"C. V. Raman won the Nobel Prize in Physics in 1930 for his discovery of the Raman effect, related to the scattering of light.",Scientists,Indian Scientists
"Choose the correct answer: Who was the first woman to win a Nobel Prize, and the only person to win Nobel Prizes in two different sciences?",James Watt,Alfred Wegener,Galileo Galilei,Marie Curie,D) Marie Curie,Marie Curie was the first woman to win a Nobel Prize and remains the only person to win Nobel Prizes in two different scientific fields.,Scientists,Nobel Prize Scientists
"Which option correctly answers this: Who is credited with discovering the structure of DNA, along with Francis Crick?",Marie Curie,James Watt,James Watson,Alan Turing,C) James Watson,"James Watson, along with Francis Crick, is credited with discovering the double-helix structure of DNA in 1953.",Scientists,Biologists
"Choose the correct answer: Who is regarded as a founding figure of modern computer science, known for his work on computation and code-breaking during WWII?",Albert Einstein,Tim Berners-Lee,Alan Turing,Isaac Newton,C) Alan Turing,"Alan Turing is regarded as a founding figure of computer science, known for his theoretical work and code-breaking during World War II.",Scientists,Computer Scientists
Quiz question: Who developed the heliocentric model placing the Sun at the center of the Solar System?,Homi J. Bhabha,Rachel Carson,Marie Curie,Nicolaus Copernicus,D) Nicolaus Copernicus,"Nicolaus Copernicus proposed the heliocentric model, which placed the Sun, rather than the Earth, at the center of the Solar System.",Scientists,Astronomers
Quiz question: Who is regarded as the father of India's nuclear programme?,Louis Pasteur,Homi J. Bhabha,James Watt,Michael Faraday,B) Homi J. Bhabha,Homi J. Bhabha is regarded as the father of India's nuclear programme and founded the Tata Institute of Fundamental Research.,Scientists,Indian Scientists
Who discovered penicillin?,Alexander Fleming,Gregor Mendel,Michael Faraday,Nicolaus Copernicus,A) Alexander Fleming,"Alexander Fleming discovered penicillin in 1928, leading to the development of antibiotics.",Scientists,Medical Scientists
Quiz question: Who developed the periodic table of elements?,Alfred Wegener,Dmitri Mendeleev,Marie Curie,Tim Berners-Lee,B) Dmitri Mendeleev,"Dmitri Mendeleev developed an early version of the periodic table, organizing elements by atomic weight and properties.",Scientists,Chemists
Who developed the heliocentric model placing the Sun at the center of the Solar System?,Alan Turing,Marie Curie (along with Pierre Curie and Henri Becquerel),Nicolaus Copernicus,Charles Darwin,C) Nicolaus Copernicus,"Nicolaus Copernicus proposed the heliocentric model, which placed the Sun, rather than the Earth, at the center of the Solar System.",Scientists,Astronomers
Who is known as the father of the Indian space programme?,Vikram Sarabhai,Marie Curie (along with Pierre Curie and Henri Becquerel),Nicolaus Copernicus,Stephen Hawking,A) Vikram Sarabhai,"Vikram Sarabhai is widely regarded as the father of the Indian space programme, founding what became ISRO.",Scientists,Indian Scientists
Quiz question: Who is credited with discovering the electron?,J. J. Thomson,Alexander Fleming,Homi J. Bhabha,Alexander Graham Bell,A) J. J. Thomson,"J. J. Thomson is credited with discovering the electron in 1897, a foundational discovery in atomic physics.",Scientists,Physicists
Who is credited with developing the first practical steam engine widely used in industry?,James Watt,Marie Curie,Archimedes,Homi J. Bhabha,A) James Watt,"James Watt significantly improved the steam engine, making it far more efficient and practical for widespread industrial use.",Scientists,World Scientists
"Which option correctly answers this: Who is credited as a pioneer of rocketry and space science in India, associated with early sounding rocket launches?",Vikram Sarabhai,Galileo Galilei,Alexander Fleming,Nicolaus Copernicus,A) Vikram Sarabhai,"Vikram Sarabhai pioneered India's early rocketry and space science efforts, leading to the founding of ISRO.",Scientists,Space Scientists
Which option correctly answers this: Who is credited with formulating the laws of motion and universal gravitation?,Jonas Salk,Isaac Newton,Gregor Mendel,Aryabhata,B) Isaac Newton,"Sir Isaac Newton formulated the laws of motion and the law of universal gravitation, foundational to classical physics.",Scientists,Physicists
"Quiz question: Who is credited as a pioneer of rocketry and space science in India, associated with early sounding rocket launches?",Vikram Sarabhai,Jagadish Chandra Bose,Jonas Salk,Marie Curie (along with Pierre Curie and Henri Becquerel),A) Vikram Sarabhai,"Vikram Sarabhai pioneered India's early rocketry and space science efforts, leading to the founding of ISRO.",Scientists,Space Scientists
"Choose the correct answer: Who is regarded as a founding figure of modern computer science, known for his work on computation and code-breaking during WWII?",C. V. Raman,Albert Einstein,Aryabhata,Alan Turing,D) Alan Turing,"Alan Turing is regarded as a founding figure of computer science, known for his theoretical work and code-breaking during World War II.",Scientists,Computer Scientists
Which option correctly answers this: Who is known for developing the theory of continental drift?,Homi J. Bhabha,Louis Pasteur,Galileo Galilei,Alfred Wegener,D) Alfred Wegener,"Alfred Wegener proposed the theory of continental drift, suggesting that continents were once joined and have since drifted apart.",Scientists,World Scientists
Quiz question: Who is known as the father of the Indian space programme?,Gregor Mendel,Vikram Sarabhai,Tim Berners-Lee,Jonas Salk,B) Vikram Sarabhai,"Vikram Sarabhai is widely regarded as the father of the Indian space programme, founding what became ISRO.",Scientists,Indian Scientists
Which option correctly answers this: Who developed the theory of general relativity's application in understanding black holes and co-authored influential works on space-time?,Nicolaus Copernicus,Stephen Hawking,Alfred Wegener,Alexander Graham Bell,B) Stephen Hawking,Stephen Hawking made significant contributions to the understanding of black holes and cosmology within the framework of general relativity.,Scientists,Physicists
Quiz question: Who proposed the theory of evolution by natural selection?,Dmitri Mendeleev,Tim Berners-Lee,James Watson,Charles Darwin,D) Charles Darwin,Charles Darwin proposed the theory of evolution by natural selection in his book 'On the Origin of Species'.,Scientists,Biologists
"Which option correctly answers this: Who developed the smallpox vaccine, a major milestone in the history of immunology?",Edward Jenner,Nicolaus Copernicus,Tim Berners-Lee,Marie Curie (along with Pierre Curie and Henri Becquerel),A) Edward Jenner,"Edward Jenner developed the world's first successful smallpox vaccine in the late 18th century, a major milestone in immunology.",Scientists,Medical Scientists
"Choose the correct answer: Who developed the smallpox vaccine, a major milestone in the history of immunology?",Nicolaus Copernicus,Alexander Fleming,Edward Jenner,Galileo Galilei,C) Edward Jenner,"Edward Jenner developed the world's first successful smallpox vaccine in the late 18th century, a major milestone in immunology.",Scientists,Medical Scientists
Choose the correct answer: Who proposed the theory of evolution by natural selection?,Dmitri Mendeleev,Marie Curie,Charles Darwin,Albert Einstein,C) Charles Darwin,Charles Darwin proposed the theory of evolution by natural selection in his book 'On the Origin of Species'.,Scientists,Biologists
Quiz question: Who developed the first successful vaccine against rabies?,Louis Pasteur,Alexander Fleming,Alexander Graham Bell,Vikram Sarabhai,A) Louis Pasteur,"Louis Pasteur developed the first successful vaccine against rabies, among his many other contributions to microbiology.",Scientists,Medical Scientists
"Quiz question: Who discovered radioactivity, sharing a Nobel Prize for the work?",Michael Faraday,Marie Curie (along with Pierre Curie and Henri Becquerel),Alan Turing,Homi J. Bhabha,B) Marie Curie (along with Pierre Curie and Henri Becquerel),"Marie Curie, along with Pierre Curie and Henri Becquerel, is credited with pioneering research on radioactivity.",Scientists,Women Scientists
Choose the correct answer: Who proposed the theory of evolution by natural selection?,James Watson,Marie Curie,Louis Pasteur,Charles Darwin,D) Charles Darwin,Charles Darwin proposed the theory of evolution by natural selection in his book 'On the Origin of Species'.,Scientists,Biologists
Who developed the heliocentric model placing the Sun at the center of the Solar System?,Jonas Salk,Michael Faraday,Charles Darwin,Nicolaus Copernicus,D) Nicolaus Copernicus,"Nicolaus Copernicus proposed the heliocentric model, which placed the Sun, rather than the Earth, at the center of the Solar System.",Scientists,Astronomers
Quiz question: Who proposed the theory of evolution by natural selection?,James Watt,Edward Jenner,Charles Darwin,C. V. Raman,C) Charles Darwin,Charles Darwin proposed the theory of evolution by natural selection in his book 'On the Origin of Species'.,Scientists,Biologists
"Choose the correct answer: Who is known for pioneering research in electricity and magnetism, with the SI unit of capacitance named after him?",Michael Faraday,Jagadish Chandra Bose,Archimedes,Aryabhata,A) Michael Faraday,"Michael Faraday made pioneering contributions to the study of electromagnetism, and the SI unit of capacitance, the farad, is named after him.",Scientists,Physicists
Quiz question: Who is credited with inventing the telephone?,Homi J. Bhabha,Alexander Graham Bell,Albert Einstein,Michael Faraday,B) Alexander Graham Bell,Alexander Graham Bell is credited with inventing the first practical telephone in 1876.,Scientists,World Scientists
"Choose the correct answer: Which Indian scientist is known for his experiments demonstrating that plants have life-like responses, using an instrument called the crescograph?",Jonas Salk,Vikram Sarabhai,Marie Curie (along with Pierre Curie and Henri Becquerel),Jagadish Chandra Bose,D) Jagadish Chandra Bose,"Jagadish Chandra Bose conducted pioneering experiments showing life-like responses in plants using his invented instrument, the crescograph.",Scientists,Indian Scientists
"Who is known for pioneering research in electricity and magnetism, with the SI unit of capacitance named after him?",Isaac Newton,James Watt,Michael Faraday,Alfred Wegener,C) Michael Faraday,"Michael Faraday made pioneering contributions to the study of electromagnetism, and the SI unit of capacitance, the farad, is named after him.",Scientists,Physicists
Who developed the polio vaccine widely used in the 1950s?,Jonas Salk,Aryabhata,Vikram Sarabhai,James Watson,A) Jonas Salk,"Jonas Salk developed one of the first successful and widely used polio vaccines, introduced in 1955.",Scientists,Medical Scientists
"Which option correctly answers this: Who is known for pioneering research in electricity and magnetism, with the SI unit of capacitance named after him?",Edward Jenner,Michael Faraday,Louis Pasteur,Alfred Wegener,B) Michael Faraday,"Michael Faraday made pioneering contributions to the study of electromagnetism, and the SI unit of capacitance, the farad, is named after him.",Scientists,Physicists
Quiz question: Who developed the periodic table of elements?,James Watson,Marie Curie,Jagadish Chandra Bose,Dmitri Mendeleev,D) Dmitri Mendeleev,"Dmitri Mendeleev developed an early version of the periodic table, organizing elements by atomic weight and properties.",Scientists,Chemists
Choose the correct answer: Who developed the first successful vaccine against rabies?,James Watt,Jonas Salk,Isaac Newton,Louis Pasteur,D) Louis Pasteur,"Louis Pasteur developed the first successful vaccine against rabies, among his many other contributions to microbiology.",Scientists,Medical Scientists
Quiz question: Who discovered the law of buoyancy while reportedly in a bathtub?,Rachel Carson,Marie Curie,Charles Darwin,Archimedes,D) Archimedes,"Archimedes is credited with discovering the principle of buoyancy, famously said to have realized it while in his bath.",Scientists,Mathematicians
Choose the correct answer: Who is known as the father of the Indian space programme?,Michael Faraday,Jonas Salk,Charles Darwin,Vikram Sarabhai,D) Vikram Sarabhai,"Vikram Sarabhai is widely regarded as the father of the Indian space programme, founding what became ISRO.",Scientists,Indian Scientists
"Which Indian scientist is known for his experiments demonstrating that plants have life-like responses, using an instrument called the crescograph?",Dmitri Mendeleev,C. V. Raman,Albert Einstein,Jagadish Chandra Bose,D) Jagadish Chandra Bose,"Jagadish Chandra Bose conducted pioneering experiments showing life-like responses in plants using his invented instrument, the crescograph.",Scientists,Indian Scientists
"Who was the first Indian to win a Nobel Prize in Science, for his work on the scattering of light?",Gregor Mendel,Vikram Sarabhai,Galileo Galilei,C. V. Raman,D) C. V. Raman,"C. V. Raman won the Nobel Prize in Physics in 1930 for his discovery of the Raman effect, related to the scattering of light.",Scientists,Indian Scientists
Quiz question: Who is credited with formulating the laws of motion and universal gravitation?,Archimedes,Louis Pasteur,Albert Einstein,Isaac Newton,D) Isaac Newton,"Sir Isaac Newton formulated the laws of motion and the law of universal gravitation, foundational to classical physics.",Scientists,Physicists
Quiz question: Who is known for pioneering contributions to genetics through experiments with pea plants?,Gregor Mendel,Alfred Wegener,Marie Curie (along with Pierre Curie and Henri Becquerel),Louis Pasteur,A) Gregor Mendel,Gregor Mendel conducted pioneering experiments with pea plants that laid the foundation for the modern science of genetics.,Scientists,Biologists
"Choose the correct answer: Who is credited with discovering the structure of DNA, along with Francis Crick?",J. J. Thomson,Alan Turing,James Watson,Archimedes,C) James Watson,"James Watson, along with Francis Crick, is credited with discovering the double-helix structure of DNA in 1953.",Scientists,Biologists
Who developed the first successful vaccine against rabies?,C. V. Raman,Louis Pasteur,Alexander Fleming,James Watt,B) Louis Pasteur,"Louis Pasteur developed the first successful vaccine against rabies, among his many other contributions to microbiology.",Scientists,Medical Scientists
"Which option correctly answers this: Who is credited with discovering the structure of DNA, along with Francis Crick?",C. V. Raman,Tim Berners-Lee,James Watson,Alan Turing,C) James Watson,"James Watson, along with Francis Crick, is credited with discovering the double-helix structure of DNA in 1953.",Scientists,Biologists
Quiz question: Who developed the heliocentric model placing the Sun at the center of the Solar System?,Gregor Mendel,Nicolaus Copernicus,Marie Curie,Charles Darwin,B) Nicolaus Copernicus,"Nicolaus Copernicus proposed the heliocentric model, which placed the Sun, rather than the Earth, at the center of the Solar System.",Scientists,Astronomers
Which option correctly answers this: Who is regarded as the father of India's nuclear programme?,Marie Curie (along with Pierre Curie and Henri Becquerel),Albert Einstein,C. V. Raman,Homi J. Bhabha,D) Homi J. Bhabha,Homi J. Bhabha is regarded as the father of India's nuclear programme and founded the Tata Institute of Fundamental Research.,Scientists,Indian Scientists
"Quiz question: Who is known for environmental scientific contributions and advocacy that led to a global ban on the pesticide DDT, through her writing?",Marie Curie,Vikram Sarabhai,J. J. Thomson,Rachel Carson,D) Rachel Carson,"Rachel Carson's writing, particularly 'Silent Spring', raised awareness about pesticide dangers and contributed to environmental policy changes, including DDT restrictions.",Scientists,Environmental Scientists
Quiz question: Who discovered penicillin?,Alexander Fleming,J. J. Thomson,Stephen Hawking,Charles Darwin,A) Alexander Fleming,"Alexander Fleming discovered penicillin in 1928, leading to the development of antibiotics.",Scientists,Medical Scientists
Quiz question: Who developed the mathematical concept of zero as a number and made major contributions to Indian mathematics and astronomy?,Louis Pasteur,Aryabhata,Alexander Fleming,Homi J. Bhabha,B) Aryabhata,"Aryabhata, an ancient Indian mathematician and astronomer, made significant contributions to mathematics, including work related to the concept of zero.",Scientists,Mathematicians
"Choose the correct answer: Who was the first woman to win a Nobel Prize, and the only person to win Nobel Prizes in two different sciences?",Galileo Galilei,Edward Jenner,Marie Curie,Homi J. Bhabha,C) Marie Curie,Marie Curie was the first woman to win a Nobel Prize and remains the only person to win Nobel Prizes in two different scientific fields.,Scientists,Nobel Prize Scientists
Choose the correct answer: Who is famous for his observations supporting the heliocentric model using an early telescope?,Homi J. Bhabha,Galileo Galilei,Vikram Sarabhai,C. V. Raman,B) Galileo Galilei,"Galileo Galilei made key astronomical observations using an early telescope, providing evidence supporting the heliocentric model.",Scientists,Astronomers
"Quiz question: Who discovered radioactivity, sharing a Nobel Prize for the work?",Marie Curie (along with Pierre Curie and Henri Becquerel),Aryabhata,Gregor Mendel,Albert Einstein,A) Marie Curie (along with Pierre Curie and Henri Becquerel),"Marie Curie, along with Pierre Curie and Henri Becquerel, is credited with pioneering research on radioactivity.",Scientists,Women Scientists
"Quiz question: Who was the first woman to win a Nobel Prize, and the only person to win Nobel Prizes in two different sciences?",C. V. Raman,Alfred Wegener,Gregor Mendel,Marie Curie,D) Marie Curie,Marie Curie was the first woman to win a Nobel Prize and remains the only person to win Nobel Prizes in two different scientific fields.,Scientists,Nobel Prize Scientists
Which option correctly answers this: Who developed the periodic table of elements?,Homi J. Bhabha,Alexander Fleming,Dmitri Mendeleev,James Watson,C) Dmitri Mendeleev,"Dmitri Mendeleev developed an early version of the periodic table, organizing elements by atomic weight and properties.",Scientists,Chemists
Which option correctly answers this: Who developed the heliocentric model placing the Sun at the center of the Solar System?,Alexander Fleming,Nicolaus Copernicus,Charles Darwin,James Watt,B) Nicolaus Copernicus,"Nicolaus Copernicus proposed the heliocentric model, which placed the Sun, rather than the Earth, at the center of the Solar System.",Scientists,Astronomers
Which option correctly answers this: Who developed the periodic table of elements?,Aryabhata,Alexander Fleming,Homi J. Bhabha,Dmitri Mendeleev,D) Dmitri Mendeleev,"Dmitri Mendeleev developed an early version of the periodic table, organizing elements by atomic weight and properties.",Scientists,Chemists
"Quiz question: Who was the first woman to win a Nobel Prize, and the only person to win Nobel Prizes in two different sciences?",Marie Curie,Vikram Sarabhai,J. J. Thomson,Aryabhata,A) Marie Curie,Marie Curie was the first woman to win a Nobel Prize and remains the only person to win Nobel Prizes in two different scientific fields.,Scientists,Nobel Prize Scientists
Quiz question: Who developed the theory of general relativity's application in understanding black holes and co-authored influential works on space-time?,Alan Turing,Edward Jenner,Rachel Carson,Stephen Hawking,D) Stephen Hawking,Stephen Hawking made significant contributions to the understanding of black holes and cosmology within the framework of general relativity.,Scientists,Physicists
Quiz question: Who discovered the law of buoyancy while reportedly in a bathtub?,C. V. Raman,Alexander Fleming,Archimedes,Stephen Hawking,C) Archimedes,"Archimedes is credited with discovering the principle of buoyancy, famously said to have realized it while in his bath.",Scientists,Mathematicians
Who proposed the theory of evolution by natural selection?,Charles Darwin,James Watt,Archimedes,Homi J. Bhabha,A) Charles Darwin,Charles Darwin proposed the theory of evolution by natural selection in his book 'On the Origin of Species'.,Scientists,Biologists
Which option correctly answers this: Who discovered penicillin?,Stephen Hawking,Alexander Fleming,Louis Pasteur,Isaac Newton,B) Alexander Fleming,"Alexander Fleming discovered penicillin in 1928, leading to the development of antibiotics.",Scientists,Medical Scientists
Who is known for pioneering contributions to genetics through experiments with pea plants?,Michael Faraday,James Watt,Gregor Mendel,Marie Curie,C) Gregor Mendel,Gregor Mendel conducted pioneering experiments with pea plants that laid the foundation for the modern science of genetics.,Scientists,Biologists
Quiz question: Who developed the periodic table of elements?,James Watson,Dmitri Mendeleev,Aryabhata,Gregor Mendel,B) Dmitri Mendeleev,"Dmitri Mendeleev developed an early version of the periodic table, organizing elements by atomic weight and properties.",Scientists,Chemists
Who invented the World Wide Web?,Tim Berners-Lee,Jagadish Chandra Bose,Edward Jenner,Galileo Galilei,A) Tim Berners-Lee,Tim Berners-Lee invented the World Wide Web in 1989 while working at CERN.,Scientists,Computer Scientists
Which option correctly answers this: Who developed the mathematical concept of zero as a number and made major contributions to Indian mathematics and astronomy?,Stephen Hawking,Jonas Salk,Homi J. Bhabha,Aryabhata,D) Aryabhata,"Aryabhata, an ancient Indian mathematician and astronomer, made significant contributions to mathematics, including work related to the concept of zero.",Scientists,Mathematicians
"Choose the correct answer: Who was the first woman to win a Nobel Prize, and the only person to win Nobel Prizes in two different sciences?",Michael Faraday,Galileo Galilei,Marie Curie,Stephen Hawking,C) Marie Curie,Marie Curie was the first woman to win a Nobel Prize and remains the only person to win Nobel Prizes in two different scientific fields.,Scientists,Nobel Prize Scientists
Who developed the theory of general relativity's application in understanding black holes and co-authored influential works on space-time?,Archimedes,Stephen Hawking,Tim Berners-Lee,Louis Pasteur,B) Stephen Hawking,Stephen Hawking made significant contributions to the understanding of black holes and cosmology within the framework of general relativity.,Scientists,Physicists
Quiz question: Who developed the theory of general relativity?,Tim Berners-Lee,Albert Einstein,Stephen Hawking,Marie Curie (along with Pierre Curie and Henri Becquerel),B) Albert Einstein,"Albert Einstein developed the theory of general relativity, revolutionizing the understanding of gravity, space, and time.",Scientists,World Scientists
Who developed the heliocentric model placing the Sun at the center of the Solar System?,Stephen Hawking,Nicolaus Copernicus,Louis Pasteur,Alexander Fleming,B) Nicolaus Copernicus,"Nicolaus Copernicus proposed the heliocentric model, which placed the Sun, rather than the Earth, at the center of the Solar System.",Scientists,Astronomers
Who developed the periodic table of elements?,Aryabhata,Stephen Hawking,Alexander Fleming,Dmitri Mendeleev,D) Dmitri Mendeleev,"Dmitri Mendeleev developed an early version of the periodic table, organizing elements by atomic weight and properties.",Scientists,Chemists
Who developed the mathematical concept of zero as a number and made major contributions to Indian mathematics and astronomy?,Alexander Graham Bell,Aryabhata,Tim Berners-Lee,Homi J. Bhabha,B) Aryabhata,"Aryabhata, an ancient Indian mathematician and astronomer, made significant contributions to mathematics, including work related to the concept of zero.",Scientists,Mathematicians
"Who discovered radioactivity, sharing a Nobel Prize for the work?",Louis Pasteur,Tim Berners-Lee,Marie Curie (along with Pierre Curie and Henri Becquerel),Charles Darwin,C) Marie Curie (along with Pierre Curie and Henri Becquerel),"Marie Curie, along with Pierre Curie and Henri Becquerel, is credited with pioneering research on radioactivity.",Scientists,Women Scientists
"Which option correctly answers this: Who discovered radioactivity, sharing a Nobel Prize for the work?",Marie Curie (along with Pierre Curie and Henri Becquerel),Alexander Graham Bell,Edward Jenner,James Watson,A) Marie Curie (along with Pierre Curie and Henri Becquerel),"Marie Curie, along with Pierre Curie and Henri Becquerel, is credited with pioneering research on radioactivity.",Scientists,Women Scientists
Quiz question: Who developed the first successful vaccine against rabies?,Charles Darwin,Alexander Fleming,Louis Pasteur,Galileo Galilei,C) Louis Pasteur,"Louis Pasteur developed the first successful vaccine against rabies, among his many other contributions to microbiology.",Scientists,Medical Scientists
Quiz question: Who is famous for his observations supporting the heliocentric model using an early telescope?,Stephen Hawking,Gregor Mendel,Galileo Galilei,Marie Curie,C) Galileo Galilei,"Galileo Galilei made key astronomical observations using an early telescope, providing evidence supporting the heliocentric model.",Scientists,Astronomers
Quiz question: Who developed the periodic table of elements?,J. J. Thomson,Dmitri Mendeleev,Vikram Sarabhai,Alexander Fleming,B) Dmitri Mendeleev,"Dmitri Mendeleev developed an early version of the periodic table, organizing elements by atomic weight and properties.",Scientists,Chemists
Which option correctly answers this: Who developed the polio vaccine widely used in the 1950s?,Galileo Galilei,J. J. Thomson,Jonas Salk,Alan Turing,C) Jonas Salk,"Jonas Salk developed one of the first successful and widely used polio vaccines, introduced in 1955.",Scientists,Medical Scientists
Choose the correct answer: Who developed the theory of general relativity?,Michael Faraday,Marie Curie (along with Pierre Curie and Henri Becquerel),Albert Einstein,Homi J. Bhabha,C) Albert Einstein,"Albert Einstein developed the theory of general relativity, revolutionizing the understanding of gravity, space, and time.",Scientists,World Scientists
Which option correctly answers this: Who developed the first successful vaccine against rabies?,Marie Curie,Louis Pasteur,Vikram Sarabhai,Alexander Fleming,B) Louis Pasteur,"Louis Pasteur developed the first successful vaccine against rabies, among his many other contributions to microbiology.",Scientists,Medical Scientists
"Quiz question: Who developed the smallpox vaccine, a major milestone in the history of immunology?",Vikram Sarabhai,Jonas Salk,Stephen Hawking,Edward Jenner,D) Edward Jenner,"Edward Jenner developed the world's first successful smallpox vaccine in the late 18th century, a major milestone in immunology.",Scientists,Medical Scientists
"Quiz question: Who is credited with discovering the structure of DNA, along with Francis Crick?",Jagadish Chandra Bose,Charles Darwin,James Watson,Louis Pasteur,C) James Watson,"James Watson, along with Francis Crick, is credited with discovering the double-helix structure of DNA in 1953.",Scientists,Biologists
Which option correctly answers this: Who developed the polio vaccine widely used in the 1950s?,Alan Turing,Jonas Salk,Edward Jenner,Archimedes,B) Jonas Salk,"Jonas Salk developed one of the first successful and widely used polio vaccines, introduced in 1955.",Scientists,Medical Scientists
"Quiz question: Which Indian scientist is known for his experiments demonstrating that plants have life-like responses, using an instrument called the crescograph?",Jagadish Chandra Bose,Galileo Galilei,Isaac Newton,C. V. Raman,A) Jagadish Chandra Bose,"Jagadish Chandra Bose conducted pioneering experiments showing life-like responses in plants using his invented instrument, the crescograph.",Scientists,Indian Scientists
Quiz question: Who is credited with formulating the laws of motion and universal gravitation?,Dmitri Mendeleev,Archimedes,Isaac Newton,Homi J. Bhabha,C) Isaac Newton,"Sir Isaac Newton formulated the laws of motion and the law of universal gravitation, foundational to classical physics.",Scientists,Physicists
Who is famous for his observations supporting the heliocentric model using an early telescope?,Isaac Newton,Marie Curie,Alexander Graham Bell,Galileo Galilei,D) Galileo Galilei,"Galileo Galilei made key astronomical observations using an early telescope, providing evidence supporting the heliocentric model.",Scientists,Astronomers
Which option correctly answers this: Who developed the first successful vaccine against rabies?,Alfred Wegener,Gregor Mendel,Louis Pasteur,Galileo Galilei,C) Louis Pasteur,"Louis Pasteur developed the first successful vaccine against rabies, among his many other contributions to microbiology.",Scientists,Medical Scientists
Which option correctly answers this: Who developed the polio vaccine widely used in the 1950s?,Archimedes,Nicolaus Copernicus,J. J. Thomson,Jonas Salk,D) Jonas Salk,"Jonas Salk developed one of the first successful and widely used polio vaccines, introduced in 1955.",Scientists,Medical Scientists
Which option correctly answers this: Who developed the periodic table of elements?,Gregor Mendel,Jonas Salk,Stephen Hawking,Dmitri Mendeleev,D) Dmitri Mendeleev,"Dmitri Mendeleev developed an early version of the periodic table, organizing elements by atomic weight and properties.",Scientists,Chemists
Quiz question: Who developed the heliocentric model placing the Sun at the center of the Solar System?,Jonas Salk,Nicolaus Copernicus,Galileo Galilei,Alexander Graham Bell,B) Nicolaus Copernicus,"Nicolaus Copernicus proposed the heliocentric model, which placed the Sun, rather than the Earth, at the center of the Solar System.",Scientists,Astronomers
Who is known for developing the theory of continental drift?,Jagadish Chandra Bose,Marie Curie,Alfred Wegener,Louis Pasteur,C) Alfred Wegener,"Alfred Wegener proposed the theory of continental drift, suggesting that continents were once joined and have since drifted apart.",Scientists,World Scientists
"Quiz question: Which Indian scientist is known for his experiments demonstrating that plants have life-like responses, using an instrument called the crescograph?",C. V. Raman,Albert Einstein,James Watson,Jagadish Chandra Bose,D) Jagadish Chandra Bose,"Jagadish Chandra Bose conducted pioneering experiments showing life-like responses in plants using his invented instrument, the crescograph.",Scientists,Indian Scientists
Choose the correct answer: Who developed the polio vaccine widely used in the 1950s?,C. V. Raman,Michael Faraday,Marie Curie (along with Pierre Curie and Henri Becquerel),Jonas Salk,D) Jonas Salk,"Jonas Salk developed one of the first successful and widely used polio vaccines, introduced in 1955.",Scientists,Medical Scientists
Quiz question: Who developed the polio vaccine widely used in the 1950s?,Stephen Hawking,Charles Darwin,Dmitri Mendeleev,Jonas Salk,D) Jonas Salk,"Jonas Salk developed one of the first successful and widely used polio vaccines, introduced in 1955.",Scientists,Medical Scientists
"Choose the correct answer: Who developed the smallpox vaccine, a major milestone in the history of immunology?",Gregor Mendel,Archimedes,James Watt,Edward Jenner,D) Edward Jenner,"Edward Jenner developed the world's first successful smallpox vaccine in the late 18th century, a major milestone in immunology.",Scientists,Medical Scientists
Who developed the first successful vaccine against rabies?,Louis Pasteur,Alexander Graham Bell,James Watson,Marie Curie,A) Louis Pasteur,"Louis Pasteur developed the first successful vaccine against rabies, among his many other contributions to microbiology.",Scientists,Medical Scientists
"Which option correctly answers this: Who was the first Indian to win a Nobel Prize in Science, for his work on the scattering of light?",C. V. Raman,Charles Darwin,Isaac Newton,Galileo Galilei,A) C. V. Raman,"C. V. Raman won the Nobel Prize in Physics in 1930 for his discovery of the Raman effect, related to the scattering of light.",Scientists,Indian Scientists
Which option correctly answers this: Who is credited with discovering the electron?,Louis Pasteur,J. J. Thomson,Vikram Sarabhai,Marie Curie (along with Pierre Curie and Henri Becquerel),B) J. J. Thomson,"J. J. Thomson is credited with discovering the electron in 1897, a foundational discovery in atomic physics.",Scientists,Physicists
Choose the correct answer: Who developed the first successful vaccine against rabies?,Archimedes,Alexander Fleming,Albert Einstein,Louis Pasteur,D) Louis Pasteur,"Louis Pasteur developed the first successful vaccine against rabies, among his many other contributions to microbiology.",Scientists,Medical Scientists
Which option correctly answers this: Who is regarded as the father of India's nuclear programme?,J. J. Thomson,Jonas Salk,Homi J. Bhabha,Albert Einstein,C) Homi J. Bhabha,Homi J. Bhabha is regarded as the father of India's nuclear programme and founded the Tata Institute of Fundamental Research.,Scientists,Indian Scientists
Which option correctly answers this: Who discovered penicillin?,Alexander Fleming,Vikram Sarabhai,Rachel Carson,Tim Berners-Lee,A) Alexander Fleming,"Alexander Fleming discovered penicillin in 1928, leading to the development of antibiotics.",Scientists,Medical Scientists
"Choose the correct answer: Who discovered radioactivity, sharing a Nobel Prize for the work?",Jagadish Chandra Bose,Vikram Sarabhai,Alexander Graham Bell,Marie Curie (along with Pierre Curie and Henri Becquerel),D) Marie Curie (along with Pierre Curie and Henri Becquerel),"Marie Curie, along with Pierre Curie and Henri Becquerel, is credited with pioneering research on radioactivity.",Scientists,Women Scientists
"Choose the correct answer: Who was the first woman to win a Nobel Prize, and the only person to win Nobel Prizes in two different sciences?",Marie Curie,Alexander Fleming,Jonas Salk,Aryabhata,A) Marie Curie,Marie Curie was the first woman to win a Nobel Prize and remains the only person to win Nobel Prizes in two different scientific fields.,Scientists,Nobel Prize Scientists
Who discovered the law of buoyancy while reportedly in a bathtub?,Gregor Mendel,Jagadish Chandra Bose,Jonas Salk,Archimedes,D) Archimedes,"Archimedes is credited with discovering the principle of buoyancy, famously said to have realized it while in his bath.",Scientists,Mathematicians
